solid OpenSCAD_Model
  facet normal -0.751844 -0.659341 0
    outer loop
      vertex -6.01041 -6.01041 0
      vertex -6.7435 -5.17447 3
      vertex -6.7435 -5.17447 0
    endloop
  endfacet
  facet normal -0.751844 -0.659341 0
    outer loop
      vertex -6.7435 -5.17447 3
      vertex -6.01041 -6.01041 0
      vertex -6.01041 -6.01041 3
    endloop
  endfacet
  facet normal 0.11271 -0.993628 0
    outer loop
      vertex 1.10947 -8.42728 0
      vertex 18.1 -6.5 3
      vertex 1.10947 -8.42728 3
    endloop
  endfacet
  facet normal 0.11271 -0.993628 0
    outer loop
      vertex 18.1 -6.5 3
      vertex 1.10947 -8.42728 0
      vertex 18.1 -6.5 0
    endloop
  endfacet
  facet normal -0.751844 0.659341 0
    outer loop
      vertex -6.7435 5.17447 0
      vertex -6.01041 6.01041 3
      vertex -6.01041 6.01041 0
    endloop
  endfacet
  facet normal -0.751844 0.659341 0
    outer loop
      vertex -6.01041 6.01041 3
      vertex -6.7435 5.17447 0
      vertex -6.7435 5.17447 3
    endloop
  endfacet
  facet normal -0.321436 -0.946931 0
    outer loop
      vertex -3.25281 -7.85298 0
      vertex -2.19996 -8.21037 3
      vertex -3.25281 -7.85298 3
    endloop
  endfacet
  facet normal -0.321436 -0.946931 -0
    outer loop
      vertex -2.19996 -8.21037 3
      vertex -3.25281 -7.85298 0
      vertex -2.19996 -8.21037 0
    endloop
  endfacet
  facet normal 0 0 -1
    outer loop
      vertex 18.7 0 0
      vertex 19.5 0 0
      vertex 19.4701 -0.456841 0
    endloop
  endfacet
  facet normal 0 0 -1
    outer loop
      vertex 18.6769 -0.35242 0
      vertex 19.4701 -0.456841 0
      vertex 19.3807 -0.905867 0
    endloop
  endfacet
  facet normal 0 0 -1
    outer loop
      vertex 19.5 0 0
      vertex 18.7 0 0
      vertex 19.4701 0.456841 0
    endloop
  endfacet
  facet normal 0 0 -1
    outer loop
      vertex 18.6769 0.35242 0
      vertex 19.4701 0.456841 0
      vertex 18.7 0 0
    endloop
  endfacet
  facet normal 0 0 -1
    outer loop
      vertex 19.4701 -0.456841 0
      vertex 18.6769 -0.35242 0
      vertex 18.7 0 0
    endloop
  endfacet
  facet normal 0 0 -1
    outer loop
      vertex 19.3807 -0.905867 0
      vertex 18.608 -0.698811 0
      vertex 18.6769 -0.35242 0
    endloop
  endfacet
  facet normal -0 0 -1
    outer loop
      vertex 19.3807 -0.905867 0
      vertex 18.4945 -1.03325 0
      vertex 18.608 -0.698811 0
    endloop
  endfacet
  facet normal 0 0 -1
    outer loop
      vertex 19.3807 -0.905867 0
      vertex 18.3383 -1.35 0
      vertex 18.4945 -1.03325 0
    endloop
  endfacet
  facet normal 0 0 -1
    outer loop
      vertex 19.3807 -0.905867 0
      vertex 18.1421 -1.64366 0
      vertex 18.3383 -1.35 0
    endloop
  endfacet
  facet normal 0 0 -1
    outer loop
      vertex 17.9092 -1.90919 0
      vertex 19.3807 -0.905867 0
      vertex 18.1 -6.5 0
    endloop
  endfacet
  facet normal 0 0 -1
    outer loop
      vertex 19.3807 -0.905867 0
      vertex 17.9092 -1.90919 0
      vertex 18.1421 -1.64366 0
    endloop
  endfacet
  facet normal 0 0 -1
    outer loop
      vertex 18.1 -6.5 0
      vertex 17.6437 -2.14205 0
      vertex 17.9092 -1.90919 0
    endloop
  endfacet
  facet normal 0 0 -1
    outer loop
      vertex 18.1 -6.5 0
      vertex 17.35 -2.33827 0
      vertex 17.6437 -2.14205 0
    endloop
  endfacet
  facet normal 0 0 -1
    outer loop
      vertex 18.1 -6.5 0
      vertex 17.0332 -2.49447 0
      vertex 17.35 -2.33827 0
    endloop
  endfacet
  facet normal 0 0 -1
    outer loop
      vertex 18.1 -6.5 0
      vertex 16.6988 -2.608 0
      vertex 17.0332 -2.49447 0
    endloop
  endfacet
  facet normal 0 0 -1
    outer loop
      vertex 18.1 -6.5 0
      vertex 16.3524 -2.6769 0
      vertex 16.6988 -2.608 0
    endloop
  endfacet
  facet normal 0 0 -1
    outer loop
      vertex 1.10947 -8.42728 0
      vertex 16.3524 -2.6769 0
      vertex 18.1 -6.5 0
    endloop
  endfacet
  facet normal 0 0 -1
    outer loop
      vertex 1.10947 -8.42728 0
      vertex 0.548209 -4.16407 0
      vertex 16.3524 -2.6769 0
    endloop
  endfacet
  facet normal 0 0 -1
    outer loop
      vertex 0 -8.5 0
      vertex 0.548209 -4.16407 0
      vertex 1.10947 -8.42728 0
    endloop
  endfacet
  facet normal 0 0 -1
    outer loop
      vertex 0 -8.5 0
      vertex 0 -4.2 0
      vertex 0.548209 -4.16407 0
    endloop
  endfacet
  facet normal 0 0 -1
    outer loop
      vertex 0 -8.5 0
      vertex -0.548209 -4.16407 0
      vertex 0 -4.2 0
    endloop
  endfacet
  facet normal 0 0 -1
    outer loop
      vertex -1.10947 -8.42728 0
      vertex -0.548209 -4.16407 0
      vertex 0 -8.5 0
    endloop
  endfacet
  facet normal -0 0 -1
    outer loop
      vertex -0.548209 -4.16407 0
      vertex -1.10947 -8.42728 0
      vertex -1.08704 -4.05689 0
    endloop
  endfacet
  facet normal 0 0 -1
    outer loop
      vertex -2.19996 -8.21037 0
      vertex -1.08704 -4.05689 0
      vertex -1.10947 -8.42728 0
    endloop
  endfacet
  facet normal -0 0 -1
    outer loop
      vertex -1.08704 -4.05689 0
      vertex -2.19996 -8.21037 0
      vertex -1.60727 -3.88029 0
    endloop
  endfacet
  facet normal 0 0 -1
    outer loop
      vertex -3.25281 -7.85298 0
      vertex -1.60727 -3.88029 0
      vertex -2.19996 -8.21037 0
    endloop
  endfacet
  facet normal -0 0 -1
    outer loop
      vertex -1.60727 -3.88029 0
      vertex -3.25281 -7.85298 0
      vertex -2.1 -3.63731 0
    endloop
  endfacet
  facet normal 0 0 -1
    outer loop
      vertex -4.25 -7.36122 0
      vertex -2.1 -3.63731 0
      vertex -3.25281 -7.85298 0
    endloop
  endfacet
  facet normal -0 0 -1
    outer loop
      vertex -2.1 -3.63731 0
      vertex -4.25 -7.36122 0
      vertex -2.5568 -3.33208 0
    endloop
  endfacet
  facet normal 0 0 -1
    outer loop
      vertex -5.17447 -6.7435 0
      vertex -2.5568 -3.33208 0
      vertex -4.25 -7.36122 0
    endloop
  endfacet
  facet normal -0 0 -1
    outer loop
      vertex -2.5568 -3.33208 0
      vertex -5.17447 -6.7435 0
      vertex -2.96985 -2.96985 0
    endloop
  endfacet
  facet normal 0 0 -1
    outer loop
      vertex -6.01041 -6.01041 0
      vertex -2.96985 -2.96985 0
      vertex -5.17447 -6.7435 0
    endloop
  endfacet
  facet normal -0 0 -1
    outer loop
      vertex -2.96985 -2.96985 0
      vertex -6.01041 -6.01041 0
      vertex -3.33208 -2.5568 0
    endloop
  endfacet
  facet normal 0 0 -1
    outer loop
      vertex -6.7435 -5.17447 0
      vertex -3.33208 -2.5568 0
      vertex -6.01041 -6.01041 0
    endloop
  endfacet
  facet normal 0 0 -1
    outer loop
      vertex -7.36122 -4.25 0
      vertex -3.63731 -2.1 0
      vertex -6.7435 -5.17447 0
    endloop
  endfacet
  facet normal -0 0 -1
    outer loop
      vertex -3.33208 -2.5568 0
      vertex -6.7435 -5.17447 0
      vertex -3.63731 -2.1 0
    endloop
  endfacet
  facet normal -0 0 -1
    outer loop
      vertex 19.4701 0.456841 0
      vertex 18.6769 0.35242 0
      vertex 19.3807 0.905867 0
    endloop
  endfacet
  facet normal 0 0 -1
    outer loop
      vertex 18.608 0.698811 0
      vertex 19.3807 0.905867 0
      vertex 18.6769 0.35242 0
    endloop
  endfacet
  facet normal 0 0 -1
    outer loop
      vertex 18.4945 1.03325 0
      vertex 19.3807 0.905867 0
      vertex 18.608 0.698811 0
    endloop
  endfacet
  facet normal 0 0 -1
    outer loop
      vertex 18.3383 1.35 0
      vertex 19.3807 0.905867 0
      vertex 18.4945 1.03325 0
    endloop
  endfacet
  facet normal 0 0 -1
    outer loop
      vertex 18.1421 1.64366 0
      vertex 19.3807 0.905867 0
      vertex 18.3383 1.35 0
    endloop
  endfacet
  facet normal 0 0 -1
    outer loop
      vertex 17.9092 1.90919 0
      vertex 19.3807 0.905867 0
      vertex 18.1421 1.64366 0
    endloop
  endfacet
  facet normal 0 0 -1
    outer loop
      vertex 19.3807 0.905867 0
      vertex 17.9092 1.90919 0
      vertex 18.1 6.5 0
    endloop
  endfacet
  facet normal 0 0 -1
    outer loop
      vertex 17.6437 2.14205 0
      vertex 18.1 6.5 0
      vertex 17.9092 1.90919 0
    endloop
  endfacet
  facet normal 0 0 -1
    outer loop
      vertex 17.35 2.33827 0
      vertex 18.1 6.5 0
      vertex 17.6437 2.14205 0
    endloop
  endfacet
  facet normal 0 0 -1
    outer loop
      vertex 17.0332 2.49447 0
      vertex 18.1 6.5 0
      vertex 17.35 2.33827 0
    endloop
  endfacet
  facet normal 0 0 -1
    outer loop
      vertex 16.6988 2.608 0
      vertex 18.1 6.5 0
      vertex 17.0332 2.49447 0
    endloop
  endfacet
  facet normal 0 0 -1
    outer loop
      vertex 16.3524 2.6769 0
      vertex 18.1 6.5 0
      vertex 16.6988 2.608 0
    endloop
  endfacet
  facet normal 0 0 -1
    outer loop
      vertex 16.3524 2.6769 0
      vertex 1.10947 8.42728 0
      vertex 18.1 6.5 0
    endloop
  endfacet
  facet normal 0 0 -1
    outer loop
      vertex 0.548209 4.16407 0
      vertex 1.10947 8.42728 0
      vertex 16.3524 2.6769 0
    endloop
  endfacet
  facet normal 0 0 -1
    outer loop
      vertex 0 4.2 0
      vertex 1.10947 8.42728 0
      vertex 0.548209 4.16407 0
    endloop
  endfacet
  facet normal 0 0 -1
    outer loop
      vertex 0 4.2 0
      vertex 0 8.5 0
      vertex 1.10947 8.42728 0
    endloop
  endfacet
  facet normal 0 0 -1
    outer loop
      vertex -0.548209 4.16407 0
      vertex 0 8.5 0
      vertex 0 4.2 0
    endloop
  endfacet
  facet normal 0 0 -1
    outer loop
      vertex -1.10947 8.42728 0
      vertex -0.548209 4.16407 0
      vertex -1.08704 4.05689 0
    endloop
  endfacet
  facet normal 0 0 -1
    outer loop
      vertex -0.548209 4.16407 0
      vertex -1.10947 8.42728 0
      vertex 0 8.5 0
    endloop
  endfacet
  facet normal 0 0 -1
    outer loop
      vertex -2.19996 8.21037 0
      vertex -1.08704 4.05689 0
      vertex -1.60727 3.88029 0
    endloop
  endfacet
  facet normal 0 0 -1
    outer loop
      vertex -3.25281 7.85298 0
      vertex -1.60727 3.88029 0
      vertex -2.1 3.63731 0
    endloop
  endfacet
  facet normal 0 0 -1
    outer loop
      vertex -1.08704 4.05689 0
      vertex -2.19996 8.21037 0
      vertex -1.10947 8.42728 0
    endloop
  endfacet
  facet normal 0 0 -1
    outer loop
      vertex -4.25 7.36122 0
      vertex -2.1 3.63731 0
      vertex -2.5568 3.33208 0
    endloop
  endfacet
  facet normal 0 0 -1
    outer loop
      vertex -5.17447 6.7435 0
      vertex -2.5568 3.33208 0
      vertex -2.96985 2.96985 0
    endloop
  endfacet
  facet normal 0 0 -1
    outer loop
      vertex -1.60727 3.88029 0
      vertex -3.25281 7.85298 0
      vertex -2.19996 8.21037 0
    endloop
  endfacet
  facet normal 0 0 -1
    outer loop
      vertex -6.01041 6.01041 0
      vertex -2.96985 2.96985 0
      vertex -3.33208 2.5568 0
    endloop
  endfacet
  facet normal 0 0 -1
    outer loop
      vertex -6.7435 5.17447 0
      vertex -3.33208 2.5568 0
      vertex -3.63731 2.1 0
    endloop
  endfacet
  facet normal 0 0 -1
    outer loop
      vertex -7.36122 4.25 0
      vertex -3.63731 2.1 0
      vertex -3.88029 1.60727 0
    endloop
  endfacet
  facet normal 0 0 -1
    outer loop
      vertex -7.85298 3.25281 0
      vertex -3.88029 1.60727 0
      vertex -4.05689 1.08704 0
    endloop
  endfacet
  facet normal 0 0 -1
    outer loop
      vertex -8.21037 2.19996 0
      vertex -4.05689 1.08704 0
      vertex -4.16407 0.548209 0
    endloop
  endfacet
  facet normal 0 0 -1
    outer loop
      vertex -2.1 3.63731 0
      vertex -4.25 7.36122 0
      vertex -3.25281 7.85298 0
    endloop
  endfacet
  facet normal 0 0 -1
    outer loop
      vertex -8.42728 1.10947 0
      vertex -4.16407 0.548209 0
      vertex -4.2 0 0
    endloop
  endfacet
  facet normal -0 0 -1
    outer loop
      vertex -3.63731 -2.1 0
      vertex -7.36122 -4.25 0
      vertex -3.88029 -1.60727 0
    endloop
  endfacet
  facet normal 0 0 -1
    outer loop
      vertex -7.85298 -3.25281 0
      vertex -3.88029 -1.60727 0
      vertex -7.36122 -4.25 0
    endloop
  endfacet
  facet normal 0 0 -1
    outer loop
      vertex -2.5568 3.33208 0
      vertex -5.17447 6.7435 0
      vertex -4.25 7.36122 0
    endloop
  endfacet
  facet normal -0 0 -1
    outer loop
      vertex -3.88029 -1.60727 0
      vertex -7.85298 -3.25281 0
      vertex -4.05689 -1.08704 0
    endloop
  endfacet
  facet normal 0 0 -1
    outer loop
      vertex -2.96985 2.96985 0
      vertex -6.01041 6.01041 0
      vertex -5.17447 6.7435 0
    endloop
  endfacet
  facet normal 0 0 -1
    outer loop
      vertex -8.21037 -2.19996 0
      vertex -4.05689 -1.08704 0
      vertex -7.85298 -3.25281 0
    endloop
  endfacet
  facet normal 0 0 -1
    outer loop
      vertex -3.33208 2.5568 0
      vertex -6.7435 5.17447 0
      vertex -6.01041 6.01041 0
    endloop
  endfacet
  facet normal -0 0 -1
    outer loop
      vertex -4.05689 -1.08704 0
      vertex -8.21037 -2.19996 0
      vertex -4.16407 -0.548209 0
    endloop
  endfacet
  facet normal 0 0 -1
    outer loop
      vertex -3.63731 2.1 0
      vertex -7.36122 4.25 0
      vertex -6.7435 5.17447 0
    endloop
  endfacet
  facet normal 0 0 -1
    outer loop
      vertex -8.42728 -1.10947 0
      vertex -4.16407 -0.548209 0
      vertex -8.21037 -2.19996 0
    endloop
  endfacet
  facet normal 0 0 -1
    outer loop
      vertex -3.88029 1.60727 0
      vertex -7.85298 3.25281 0
      vertex -7.36122 4.25 0
    endloop
  endfacet
  facet normal -0 0 -1
    outer loop
      vertex -4.16407 -0.548209 0
      vertex -8.42728 -1.10947 0
      vertex -4.2 0 0
    endloop
  endfacet
  facet normal 0 0 -1
    outer loop
      vertex -4.05689 1.08704 0
      vertex -8.21037 2.19996 0
      vertex -7.85298 3.25281 0
    endloop
  endfacet
  facet normal 0 0 -1
    outer loop
      vertex -8.5 0 0
      vertex -4.2 0 0
      vertex -8.42728 -1.10947 0
    endloop
  endfacet
  facet normal 0 0 -1
    outer loop
      vertex -4.16407 0.548209 0
      vertex -8.42728 1.10947 0
      vertex -8.21037 2.19996 0
    endloop
  endfacet
  facet normal 0 0 -1
    outer loop
      vertex -4.2 0 0
      vertex -8.5 0 0
      vertex -8.42728 1.10947 0
    endloop
  endfacet
  facet normal -0.0654045 -0.997859 0
    outer loop
      vertex -1.10947 -8.42728 0
      vertex 0 -8.5 3
      vertex -1.10947 -8.42728 3
    endloop
  endfacet
  facet normal -0.0654045 -0.997859 -0
    outer loop
      vertex 0 -8.5 3
      vertex -1.10947 -8.42728 0
      vertex 0 -8.5 0
    endloop
  endfacet
  facet normal 0.997865 0.0653097 0
    outer loop
      vertex 19.5 0 3
      vertex 19.4701 0.456841 0
      vertex 19.4701 0.456841 3
    endloop
  endfacet
  facet normal 0.997865 0.0653097 0
    outer loop
      vertex 19.4701 0.456841 0
      vertex 19.5 0 3
      vertex 19.5 0 0
    endloop
  endfacet
  facet normal -0.659341 0.751844 0
    outer loop
      vertex -5.17447 6.7435 0
      vertex -6.01041 6.01041 3
      vertex -5.17447 6.7435 3
    endloop
  endfacet
  facet normal -0.659341 0.751844 0
    outer loop
      vertex -6.01041 6.01041 3
      vertex -5.17447 6.7435 0
      vertex -6.01041 6.01041 0
    endloop
  endfacet
  facet normal 0.980751 0.195265 0
    outer loop
      vertex 19.4701 0.456841 3
      vertex 19.3807 0.905867 0
      vertex 19.3807 0.905867 3
    endloop
  endfacet
  facet normal 0.980751 0.195265 0
    outer loop
      vertex 19.3807 0.905867 0
      vertex 19.4701 0.456841 3
      vertex 19.4701 0.456841 0
    endloop
  endfacet
  facet normal 0.11271 0.993628 -0
    outer loop
      vertex 18.1 6.5 0
      vertex 1.10947 8.42728 3
      vertex 18.1 6.5 3
    endloop
  endfacet
  facet normal 0.11271 0.993628 0
    outer loop
      vertex 1.10947 8.42728 3
      vertex 18.1 6.5 0
      vertex 1.10947 8.42728 0
    endloop
  endfacet
  facet normal -0.997859 0.0654045 0
    outer loop
      vertex -8.5 0 0
      vertex -8.42728 1.10947 3
      vertex -8.42728 1.10947 0
    endloop
  endfacet
  facet normal -0.997859 0.0654045 0
    outer loop
      vertex -8.42728 1.10947 3
      vertex -8.5 0 0
      vertex -8.5 0 3
    endloop
  endfacet
  facet normal 0.974781 -0.223163 0
    outer loop
      vertex 18.1 -6.5 3
      vertex 19.3807 -0.905867 0
      vertex 19.3807 -0.905867 3
    endloop
  endfacet
  facet normal 0.974781 -0.223163 0
    outer loop
      vertex 19.3807 -0.905867 0
      vertex 18.1 -6.5 3
      vertex 18.1 -6.5 0
    endloop
  endfacet
  facet normal -0.442289 -0.896873 0
    outer loop
      vertex -4.25 -7.36122 0
      vertex -3.25281 -7.85298 3
      vertex -4.25 -7.36122 3
    endloop
  endfacet
  facet normal -0.442289 -0.896873 -0
    outer loop
      vertex -3.25281 -7.85298 3
      vertex -4.25 -7.36122 0
      vertex -3.25281 -7.85298 0
    endloop
  endfacet
  facet normal -0.946931 -0.321436 0
    outer loop
      vertex -7.85298 -3.25281 0
      vertex -8.21037 -2.19996 3
      vertex -8.21037 -2.19996 0
    endloop
  endfacet
  facet normal -0.946931 -0.321436 0
    outer loop
      vertex -8.21037 -2.19996 3
      vertex -7.85298 -3.25281 0
      vertex -7.85298 -3.25281 3
    endloop
  endfacet
  facet normal 0.980751 -0.195265 0
    outer loop
      vertex 19.3807 -0.905867 3
      vertex 19.4701 -0.456841 0
      vertex 19.4701 -0.456841 3
    endloop
  endfacet
  facet normal 0.980751 -0.195265 0
    outer loop
      vertex 19.4701 -0.456841 0
      vertex 19.3807 -0.905867 3
      vertex 19.3807 -0.905867 0
    endloop
  endfacet
  facet normal 0.974781 0.223163 0
    outer loop
      vertex 19.3807 0.905867 3
      vertex 18.1 6.5 0
      vertex 18.1 6.5 3
    endloop
  endfacet
  facet normal 0.974781 0.223163 0
    outer loop
      vertex 18.1 6.5 0
      vertex 19.3807 0.905867 3
      vertex 19.3807 0.905867 0
    endloop
  endfacet
  facet normal -0.555576 0.831466 0
    outer loop
      vertex -4.25 7.36122 0
      vertex -5.17447 6.7435 3
      vertex -4.25 7.36122 3
    endloop
  endfacet
  facet normal -0.555576 0.831466 0
    outer loop
      vertex -5.17447 6.7435 3
      vertex -4.25 7.36122 0
      vertex -5.17447 6.7435 0
    endloop
  endfacet
  facet normal -0.896873 -0.442289 0
    outer loop
      vertex -7.36122 -4.25 0
      vertex -7.85298 -3.25281 3
      vertex -7.85298 -3.25281 0
    endloop
  endfacet
  facet normal -0.896873 -0.442289 0
    outer loop
      vertex -7.85298 -3.25281 3
      vertex -7.36122 -4.25 0
      vertex -7.36122 -4.25 3
    endloop
  endfacet
  facet normal -0.896873 0.442289 0
    outer loop
      vertex -7.85298 3.25281 0
      vertex -7.36122 4.25 3
      vertex -7.36122 4.25 0
    endloop
  endfacet
  facet normal -0.896873 0.442289 0
    outer loop
      vertex -7.36122 4.25 3
      vertex -7.85298 3.25281 0
      vertex -7.85298 3.25281 3
    endloop
  endfacet
  facet normal -0.442289 0.896873 0
    outer loop
      vertex -3.25281 7.85298 0
      vertex -4.25 7.36122 3
      vertex -3.25281 7.85298 3
    endloop
  endfacet
  facet normal -0.442289 0.896873 0
    outer loop
      vertex -4.25 7.36122 3
      vertex -3.25281 7.85298 0
      vertex -4.25 7.36122 0
    endloop
  endfacet
  facet normal -0.321436 0.946931 0
    outer loop
      vertex -2.19996 8.21037 0
      vertex -3.25281 7.85298 3
      vertex -2.19996 8.21037 3
    endloop
  endfacet
  facet normal -0.321436 0.946931 0
    outer loop
      vertex -3.25281 7.85298 3
      vertex -2.19996 8.21037 0
      vertex -3.25281 7.85298 0
    endloop
  endfacet
  facet normal 0.0654045 -0.997859 0
    outer loop
      vertex 0 -8.5 0
      vertex 1.10947 -8.42728 3
      vertex 0 -8.5 3
    endloop
  endfacet
  facet normal 0.0654045 -0.997859 0
    outer loop
      vertex 1.10947 -8.42728 3
      vertex 0 -8.5 0
      vertex 1.10947 -8.42728 0
    endloop
  endfacet
  facet normal -0.195089 -0.980786 0
    outer loop
      vertex -2.19996 -8.21037 0
      vertex -1.10947 -8.42728 3
      vertex -2.19996 -8.21037 3
    endloop
  endfacet
  facet normal -0.195089 -0.980786 -0
    outer loop
      vertex -1.10947 -8.42728 3
      vertex -2.19996 -8.21037 0
      vertex -1.10947 -8.42728 0
    endloop
  endfacet
  facet normal -0.659341 -0.751844 0
    outer loop
      vertex -6.01041 -6.01041 0
      vertex -5.17447 -6.7435 3
      vertex -6.01041 -6.01041 3
    endloop
  endfacet
  facet normal -0.659341 -0.751844 -0
    outer loop
      vertex -5.17447 -6.7435 3
      vertex -6.01041 -6.01041 0
      vertex -5.17447 -6.7435 0
    endloop
  endfacet
  facet normal -0.831466 0.555576 0
    outer loop
      vertex -7.36122 4.25 0
      vertex -6.7435 5.17447 3
      vertex -6.7435 5.17447 0
    endloop
  endfacet
  facet normal -0.831466 0.555576 0
    outer loop
      vertex -6.7435 5.17447 3
      vertex -7.36122 4.25 0
      vertex -7.36122 4.25 3
    endloop
  endfacet
  facet normal -0.980786 -0.195089 0
    outer loop
      vertex -8.21037 -2.19996 0
      vertex -8.42728 -1.10947 3
      vertex -8.42728 -1.10947 0
    endloop
  endfacet
  facet normal -0.980786 -0.195089 0
    outer loop
      vertex -8.42728 -1.10947 3
      vertex -8.21037 -2.19996 0
      vertex -8.21037 -2.19996 3
    endloop
  endfacet
  facet normal -0.997859 -0.0654045 0
    outer loop
      vertex -8.42728 -1.10947 0
      vertex -8.5 0 3
      vertex -8.5 0 0
    endloop
  endfacet
  facet normal -0.997859 -0.0654045 0
    outer loop
      vertex -8.5 0 3
      vertex -8.42728 -1.10947 0
      vertex -8.42728 -1.10947 3
    endloop
  endfacet
  facet normal -0.555576 -0.831466 0
    outer loop
      vertex -5.17447 -6.7435 0
      vertex -4.25 -7.36122 3
      vertex -5.17447 -6.7435 3
    endloop
  endfacet
  facet normal -0.555576 -0.831466 -0
    outer loop
      vertex -4.25 -7.36122 3
      vertex -5.17447 -6.7435 0
      vertex -4.25 -7.36122 0
    endloop
  endfacet
  facet normal 0.0654045 0.997859 -0
    outer loop
      vertex 1.10947 8.42728 0
      vertex 0 8.5 3
      vertex 1.10947 8.42728 3
    endloop
  endfacet
  facet normal 0.0654045 0.997859 0
    outer loop
      vertex 0 8.5 3
      vertex 1.10947 8.42728 0
      vertex 0 8.5 0
    endloop
  endfacet
  facet normal -0.0654045 0.997859 0
    outer loop
      vertex 0 8.5 0
      vertex -1.10947 8.42728 3
      vertex 0 8.5 3
    endloop
  endfacet
  facet normal -0.0654045 0.997859 0
    outer loop
      vertex -1.10947 8.42728 3
      vertex 0 8.5 0
      vertex -1.10947 8.42728 0
    endloop
  endfacet
  facet normal 0 0 1
    outer loop
      vertex 15.1 -1.95457 3
      vertex 15.09 -1.95457 3
      vertex 15.1 -6.5 3
    endloop
  endfacet
  facet normal -0 0 1
    outer loop
      vertex 2.37947 -0.313262 3
      vertex 15.09 -1.95457 3
      vertex 2.4 0 3
    endloop
  endfacet
  facet normal -0 0 1
    outer loop
      vertex 2.31822 -0.621165 3
      vertex 15.09 -1.95457 3
      vertex 2.37947 -0.313262 3
    endloop
  endfacet
  facet normal -0 0 1
    outer loop
      vertex 2.21731 -0.91844 3
      vertex 15.09 -1.95457 3
      vertex 2.31822 -0.621165 3
    endloop
  endfacet
  facet normal -0 0 1
    outer loop
      vertex 2.07846 -1.2 3
      vertex 15.09 -1.95457 3
      vertex 2.21731 -0.91844 3
    endloop
  endfacet
  facet normal 0 0 1
    outer loop
      vertex 15.09 -1.95457 3
      vertex 2.07846 -1.2 3
      vertex 15.1 -6.5 3
    endloop
  endfacet
  facet normal -0 0 1
    outer loop
      vertex 1.90405 -1.46103 3
      vertex 15.1 -6.5 3
      vertex 2.07846 -1.2 3
    endloop
  endfacet
  facet normal 0 0 1
    outer loop
      vertex 1.10947 -8.42728 3
      vertex 1.90405 -1.46103 3
      vertex 1.69706 -1.69706 3
    endloop
  endfacet
  facet normal 0 0 1
    outer loop
      vertex 1.10947 -8.42728 3
      vertex 1.69706 -1.69706 3
      vertex 1.46103 -1.90405 3
    endloop
  endfacet
  facet normal 0 0 1
    outer loop
      vertex 1.10947 -8.42728 3
      vertex 1.46103 -1.90405 3
      vertex 1.2 -2.07846 3
    endloop
  endfacet
  facet normal -0 0 1
    outer loop
      vertex 15.1 -6.5 3
      vertex 1.10947 -8.42728 3
      vertex 18.1 -6.5 3
    endloop
  endfacet
  facet normal 0 0 1
    outer loop
      vertex 1.90405 -1.46103 3
      vertex 1.10947 -8.42728 3
      vertex 15.1 -6.5 3
    endloop
  endfacet
  facet normal -0 0 1
    outer loop
      vertex 0.91844 -2.21731 3
      vertex 1.10947 -8.42728 3
      vertex 1.2 -2.07846 3
    endloop
  endfacet
  facet normal -0 0 1
    outer loop
      vertex 0.621165 -2.31822 3
      vertex 1.10947 -8.42728 3
      vertex 0.91844 -2.21731 3
    endloop
  endfacet
  facet normal -0 0 1
    outer loop
      vertex 0.313262 -2.37947 3
      vertex 1.10947 -8.42728 3
      vertex 0.621165 -2.31822 3
    endloop
  endfacet
  facet normal -0 0 1
    outer loop
      vertex 0 -2.4 3
      vertex 1.10947 -8.42728 3
      vertex 0.313262 -2.37947 3
    endloop
  endfacet
  facet normal 0 0 1
    outer loop
      vertex 0 -2.4 3
      vertex 0 -8.5 3
      vertex 1.10947 -8.42728 3
    endloop
  endfacet
  facet normal 0 0 1
    outer loop
      vertex -0.313262 -2.37947 3
      vertex 0 -8.5 3
      vertex 0 -2.4 3
    endloop
  endfacet
  facet normal 0 0 1
    outer loop
      vertex -1.10947 -8.42728 3
      vertex -0.313262 -2.37947 3
      vertex -0.621165 -2.31822 3
    endloop
  endfacet
  facet normal 0 0 1
    outer loop
      vertex -2.19996 -8.21037 3
      vertex -0.621165 -2.31822 3
      vertex -0.91844 -2.21731 3
    endloop
  endfacet
  facet normal 0 0 1
    outer loop
      vertex -0.313262 -2.37947 3
      vertex -1.10947 -8.42728 3
      vertex 0 -8.5 3
    endloop
  endfacet
  facet normal 0 0 1
    outer loop
      vertex -3.25281 -7.85298 3
      vertex -0.91844 -2.21731 3
      vertex -1.2 -2.07846 3
    endloop
  endfacet
  facet normal 0 0 1
    outer loop
      vertex -4.25 -7.36122 3
      vertex -1.2 -2.07846 3
      vertex -1.46103 -1.90405 3
    endloop
  endfacet
  facet normal 0 0 1
    outer loop
      vertex -5.17447 -6.7435 3
      vertex -1.46103 -1.90405 3
      vertex -1.69706 -1.69706 3
    endloop
  endfacet
  facet normal 0 0 1
    outer loop
      vertex -6.01041 -6.01041 3
      vertex -1.69706 -1.69706 3
      vertex -1.90405 -1.46103 3
    endloop
  endfacet
  facet normal 0 0 1
    outer loop
      vertex -6.7435 -5.17447 3
      vertex -1.90405 -1.46103 3
      vertex -2.07846 -1.2 3
    endloop
  endfacet
  facet normal 0 0 1
    outer loop
      vertex -0.621165 -2.31822 3
      vertex -2.19996 -8.21037 3
      vertex -1.10947 -8.42728 3
    endloop
  endfacet
  facet normal 0 0 1
    outer loop
      vertex -7.36122 -4.25 3
      vertex -2.07846 -1.2 3
      vertex -2.21731 -0.91844 3
    endloop
  endfacet
  facet normal 0 0 1
    outer loop
      vertex -7.85298 -3.25281 3
      vertex -2.21731 -0.91844 3
      vertex -2.31822 -0.621165 3
    endloop
  endfacet
  facet normal 0 0 1
    outer loop
      vertex -8.21037 -2.19996 3
      vertex -2.31822 -0.621165 3
      vertex -2.37947 -0.313262 3
    endloop
  endfacet
  facet normal 0 0 1
    outer loop
      vertex -8.42728 -1.10947 3
      vertex -2.37947 -0.313262 3
      vertex -2.4 0 3
    endloop
  endfacet
  facet normal -0 0 1
    outer loop
      vertex -7.36122 4.25 3
      vertex -2.07846 1.2 3
      vertex -6.7435 5.17447 3
    endloop
  endfacet
  facet normal 0 0 1
    outer loop
      vertex -0.91844 -2.21731 3
      vertex -3.25281 -7.85298 3
      vertex -2.19996 -8.21037 3
    endloop
  endfacet
  facet normal 0 0 1
    outer loop
      vertex -2.07846 1.2 3
      vertex -7.36122 4.25 3
      vertex -2.21731 0.91844 3
    endloop
  endfacet
  facet normal 0 0 1
    outer loop
      vertex -1.2 -2.07846 3
      vertex -4.25 -7.36122 3
      vertex -3.25281 -7.85298 3
    endloop
  endfacet
  facet normal -0 0 1
    outer loop
      vertex -7.85298 3.25281 3
      vertex -2.21731 0.91844 3
      vertex -7.36122 4.25 3
    endloop
  endfacet
  facet normal 0 0 1
    outer loop
      vertex -1.46103 -1.90405 3
      vertex -5.17447 -6.7435 3
      vertex -4.25 -7.36122 3
    endloop
  endfacet
  facet normal 0 0 1
    outer loop
      vertex -2.21731 0.91844 3
      vertex -7.85298 3.25281 3
      vertex -2.31822 0.621165 3
    endloop
  endfacet
  facet normal 0 0 1
    outer loop
      vertex -1.69706 -1.69706 3
      vertex -6.01041 -6.01041 3
      vertex -5.17447 -6.7435 3
    endloop
  endfacet
  facet normal -0 0 1
    outer loop
      vertex -8.21037 2.19996 3
      vertex -2.31822 0.621165 3
      vertex -7.85298 3.25281 3
    endloop
  endfacet
  facet normal 0 0 1
    outer loop
      vertex -1.90405 -1.46103 3
      vertex -6.7435 -5.17447 3
      vertex -6.01041 -6.01041 3
    endloop
  endfacet
  facet normal 0 0 1
    outer loop
      vertex -2.31822 0.621165 3
      vertex -8.21037 2.19996 3
      vertex -2.37947 0.313262 3
    endloop
  endfacet
  facet normal 0 0 1
    outer loop
      vertex -2.07846 -1.2 3
      vertex -7.36122 -4.25 3
      vertex -6.7435 -5.17447 3
    endloop
  endfacet
  facet normal -0 0 1
    outer loop
      vertex -8.42728 1.10947 3
      vertex -2.37947 0.313262 3
      vertex -8.21037 2.19996 3
    endloop
  endfacet
  facet normal 0 0 1
    outer loop
      vertex -2.21731 -0.91844 3
      vertex -7.85298 -3.25281 3
      vertex -7.36122 -4.25 3
    endloop
  endfacet
  facet normal 0 0 1
    outer loop
      vertex -2.37947 0.313262 3
      vertex -8.42728 1.10947 3
      vertex -2.4 0 3
    endloop
  endfacet
  facet normal 0 0 1
    outer loop
      vertex -2.31822 -0.621165 3
      vertex -8.21037 -2.19996 3
      vertex -7.85298 -3.25281 3
    endloop
  endfacet
  facet normal 0 0 1
    outer loop
      vertex -8.5 0 3
      vertex -2.4 0 3
      vertex -8.42728 1.10947 3
    endloop
  endfacet
  facet normal 0 0 1
    outer loop
      vertex -2.37947 -0.313262 3
      vertex -8.42728 -1.10947 3
      vertex -8.21037 -2.19996 3
    endloop
  endfacet
  facet normal 0 0 1
    outer loop
      vertex -2.4 0 3
      vertex -8.5 0 3
      vertex -8.42728 -1.10947 3
    endloop
  endfacet
  facet normal 0 0 1
    outer loop
      vertex 15.1 6.5 3
      vertex 15.09 1.95457 3
      vertex 15.1 1.95457 3
    endloop
  endfacet
  facet normal 0 0 1
    outer loop
      vertex 15.09 1.95457 3
      vertex 2.4 0 3
      vertex 15.09 -1.95457 3
    endloop
  endfacet
  facet normal 0 0 1
    outer loop
      vertex 2.07846 1.2 3
      vertex 15.09 1.95457 3
      vertex 15.1 6.5 3
    endloop
  endfacet
  facet normal 0 0 1
    outer loop
      vertex 15.09 1.95457 3
      vertex 2.37947 0.313262 3
      vertex 2.4 0 3
    endloop
  endfacet
  facet normal 0 0 1
    outer loop
      vertex 15.09 1.95457 3
      vertex 2.31822 0.621165 3
      vertex 2.37947 0.313262 3
    endloop
  endfacet
  facet normal 0 0 1
    outer loop
      vertex 15.09 1.95457 3
      vertex 2.21731 0.91844 3
      vertex 2.31822 0.621165 3
    endloop
  endfacet
  facet normal 0 0 1
    outer loop
      vertex 15.09 1.95457 3
      vertex 2.07846 1.2 3
      vertex 2.21731 0.91844 3
    endloop
  endfacet
  facet normal 0 0 1
    outer loop
      vertex 15.1 6.5 3
      vertex 1.90405 1.46103 3
      vertex 2.07846 1.2 3
    endloop
  endfacet
  facet normal 0 0 1
    outer loop
      vertex 1.10947 8.42728 3
      vertex 1.90405 1.46103 3
      vertex 15.1 6.5 3
    endloop
  endfacet
  facet normal 0 0 1
    outer loop
      vertex 1.90405 1.46103 3
      vertex 1.10947 8.42728 3
      vertex 1.69706 1.69706 3
    endloop
  endfacet
  facet normal 0 0 1
    outer loop
      vertex 1.69706 1.69706 3
      vertex 1.10947 8.42728 3
      vertex 1.46103 1.90405 3
    endloop
  endfacet
  facet normal 0 0 1
    outer loop
      vertex 1.10947 8.42728 3
      vertex 15.1 6.5 3
      vertex 18.1 6.5 3
    endloop
  endfacet
  facet normal 0 0 1
    outer loop
      vertex 1.46103 1.90405 3
      vertex 1.10947 8.42728 3
      vertex 1.2 2.07846 3
    endloop
  endfacet
  facet normal 0 0 1
    outer loop
      vertex 1.10947 8.42728 3
      vertex 0.91844 2.21731 3
      vertex 1.2 2.07846 3
    endloop
  endfacet
  facet normal 0 0 1
    outer loop
      vertex 1.10947 8.42728 3
      vertex 0.621165 2.31822 3
      vertex 0.91844 2.21731 3
    endloop
  endfacet
  facet normal 0 0 1
    outer loop
      vertex 1.10947 8.42728 3
      vertex 0.313262 2.37947 3
      vertex 0.621165 2.31822 3
    endloop
  endfacet
  facet normal 0 0 1
    outer loop
      vertex 0 8.5 3
      vertex 0.313262 2.37947 3
      vertex 1.10947 8.42728 3
    endloop
  endfacet
  facet normal 0 0 1
    outer loop
      vertex 0 8.5 3
      vertex 0 2.4 3
      vertex 0.313262 2.37947 3
    endloop
  endfacet
  facet normal 0 0 1
    outer loop
      vertex 0 8.5 3
      vertex -0.313262 2.37947 3
      vertex 0 2.4 3
    endloop
  endfacet
  facet normal -0 0 1
    outer loop
      vertex -1.10947 8.42728 3
      vertex -0.313262 2.37947 3
      vertex 0 8.5 3
    endloop
  endfacet
  facet normal 0 0 1
    outer loop
      vertex -0.313262 2.37947 3
      vertex -1.10947 8.42728 3
      vertex -0.621165 2.31822 3
    endloop
  endfacet
  facet normal -0 0 1
    outer loop
      vertex -2.19996 8.21037 3
      vertex -0.621165 2.31822 3
      vertex -1.10947 8.42728 3
    endloop
  endfacet
  facet normal 0 0 1
    outer loop
      vertex -0.621165 2.31822 3
      vertex -2.19996 8.21037 3
      vertex -0.91844 2.21731 3
    endloop
  endfacet
  facet normal -0 0 1
    outer loop
      vertex -3.25281 7.85298 3
      vertex -0.91844 2.21731 3
      vertex -2.19996 8.21037 3
    endloop
  endfacet
  facet normal 0 0 1
    outer loop
      vertex -0.91844 2.21731 3
      vertex -3.25281 7.85298 3
      vertex -1.2 2.07846 3
    endloop
  endfacet
  facet normal -0 0 1
    outer loop
      vertex -4.25 7.36122 3
      vertex -1.2 2.07846 3
      vertex -3.25281 7.85298 3
    endloop
  endfacet
  facet normal 0 0 1
    outer loop
      vertex -1.2 2.07846 3
      vertex -4.25 7.36122 3
      vertex -1.46103 1.90405 3
    endloop
  endfacet
  facet normal -0 0 1
    outer loop
      vertex -5.17447 6.7435 3
      vertex -1.46103 1.90405 3
      vertex -4.25 7.36122 3
    endloop
  endfacet
  facet normal 0 0 1
    outer loop
      vertex -1.46103 1.90405 3
      vertex -5.17447 6.7435 3
      vertex -1.69706 1.69706 3
    endloop
  endfacet
  facet normal -0 0 1
    outer loop
      vertex -6.01041 6.01041 3
      vertex -1.69706 1.69706 3
      vertex -5.17447 6.7435 3
    endloop
  endfacet
  facet normal 0 0 1
    outer loop
      vertex -1.69706 1.69706 3
      vertex -6.01041 6.01041 3
      vertex -1.90405 1.46103 3
    endloop
  endfacet
  facet normal -0 0 1
    outer loop
      vertex -6.7435 5.17447 3
      vertex -1.90405 1.46103 3
      vertex -6.01041 6.01041 3
    endloop
  endfacet
  facet normal 0 0 1
    outer loop
      vertex -1.90405 1.46103 3
      vertex -6.7435 5.17447 3
      vertex -2.07846 1.2 3
    endloop
  endfacet
  facet normal 0 0 1
    outer loop
      vertex 19.4701 0.456841 3
      vertex 19.4701 -0.456841 3
      vertex 19.5 0 3
    endloop
  endfacet
  facet normal 0 0 1
    outer loop
      vertex 19.3807 0.905867 3
      vertex 19.4701 -0.456841 3
      vertex 19.4701 0.456841 3
    endloop
  endfacet
  facet normal 0 0 1
    outer loop
      vertex 19.3807 0.905867 3
      vertex 19.3807 -0.905867 3
      vertex 19.4701 -0.456841 3
    endloop
  endfacet
  facet normal 0 0 1
    outer loop
      vertex 18.1 6.5 3
      vertex 19.3807 -0.905867 3
      vertex 19.3807 0.905867 3
    endloop
  endfacet
  facet normal 0 0 1
    outer loop
      vertex 19.3807 -0.905867 3
      vertex 18.1 6.5 3
      vertex 18.1 -6.5 3
    endloop
  endfacet
  facet normal -0.831466 -0.555576 0
    outer loop
      vertex -6.7435 -5.17447 0
      vertex -7.36122 -4.25 3
      vertex -7.36122 -4.25 0
    endloop
  endfacet
  facet normal -0.831466 -0.555576 0
    outer loop
      vertex -7.36122 -4.25 3
      vertex -6.7435 -5.17447 0
      vertex -6.7435 -5.17447 3
    endloop
  endfacet
  facet normal -0.195089 0.980786 0
    outer loop
      vertex -1.10947 8.42728 0
      vertex -2.19996 8.21037 3
      vertex -1.10947 8.42728 3
    endloop
  endfacet
  facet normal -0.195089 0.980786 0
    outer loop
      vertex -2.19996 8.21037 3
      vertex -1.10947 8.42728 0
      vertex -2.19996 8.21037 0
    endloop
  endfacet
  facet normal 0.997865 -0.0653097 0
    outer loop
      vertex 19.4701 -0.456841 3
      vertex 19.5 0 0
      vertex 19.5 0 3
    endloop
  endfacet
  facet normal 0.997865 -0.0653097 0
    outer loop
      vertex 19.5 0 0
      vertex 19.4701 -0.456841 3
      vertex 19.4701 -0.456841 0
    endloop
  endfacet
  facet normal -0.980786 0.195089 0
    outer loop
      vertex -8.42728 1.10947 0
      vertex -8.21037 2.19996 3
      vertex -8.21037 2.19996 0
    endloop
  endfacet
  facet normal -0.980786 0.195089 0
    outer loop
      vertex -8.21037 2.19996 3
      vertex -8.42728 1.10947 0
      vertex -8.42728 1.10947 3
    endloop
  endfacet
  facet normal -0.946931 0.321436 0
    outer loop
      vertex -8.21037 2.19996 0
      vertex -7.85298 3.25281 3
      vertex -7.85298 3.25281 0
    endloop
  endfacet
  facet normal -0.946931 0.321436 0
    outer loop
      vertex -7.85298 3.25281 3
      vertex -8.21037 2.19996 0
      vertex -8.21037 2.19996 3
    endloop
  endfacet
  facet normal 0 -0.946928 0.321445
    outer loop
      vertex 15.1 -6.27852 16.1823
      vertex 18.1 -6.00522 16.9874
      vertex 15.1 -6.00522 16.9874
    endloop
  endfacet
  facet normal 0 -0.946928 0.321445
    outer loop
      vertex 18.1 -6.00522 16.9874
      vertex 15.1 -6.27852 16.1823
      vertex 18.1 -6.27852 16.1823
    endloop
  endfacet
  facet normal 0 -1 0
    outer loop
      vertex 15.1 -6.5 3
      vertex 18.1 -6.5 14.5
      vertex 15.1 -6.5 14.5
    endloop
  endfacet
  facet normal 0 -1 -0
    outer loop
      vertex 18.1 -6.5 14.5
      vertex 15.1 -6.5 3
      vertex 18.1 -6.5 3
    endloop
  endfacet
  facet normal 0 -0.997859 0.0654066
    outer loop
      vertex 15.1 -6.5 14.5
      vertex 18.1 -6.44439 15.3484
      vertex 15.1 -6.44439 15.3484
    endloop
  endfacet
  facet normal 0 -0.997859 0.0654066
    outer loop
      vertex 18.1 -6.44439 15.3484
      vertex 15.1 -6.5 14.5
      vertex 18.1 -6.5 14.5
    endloop
  endfacet
  facet normal 0 -0.0653933 0.99786
    outer loop
      vertex 15.1 0 21
      vertex 18.1 -0.84842 20.9444
      vertex 18.1 0 21
    endloop
  endfacet
  facet normal 0 -0.0653933 0.99786
    outer loop
      vertex 18.1 -0.84842 20.9444
      vertex 15.1 0 21
      vertex 15.1 -0.84842 20.9444
    endloop
  endfacet
  facet normal 0 -0.980786 0.195087
    outer loop
      vertex 15.1 -6.44439 15.3484
      vertex 18.1 -6.27852 16.1823
      vertex 15.1 -6.27852 16.1823
    endloop
  endfacet
  facet normal 0 -0.980786 0.195087
    outer loop
      vertex 18.1 -6.27852 16.1823
      vertex 15.1 -6.44439 15.3484
      vertex 18.1 -6.44439 15.3484
    endloop
  endfacet
  facet normal 0 -0.195121 0.980779
    outer loop
      vertex 15.1 -0.84842 20.9444
      vertex 18.1 -1.68232 20.7785
      vertex 18.1 -0.84842 20.9444
    endloop
  endfacet
  facet normal 0 -0.195121 0.980779
    outer loop
      vertex 18.1 -1.68232 20.7785
      vertex 15.1 -0.84842 20.9444
      vertex 15.1 -1.68232 20.7785
    endloop
  endfacet
  facet normal -0 0.321438 0.946931
    outer loop
      vertex 15.1 2.48744 20.5052
      vertex 18.1 1.68232 20.7785
      vertex 18.1 2.48744 20.5052
    endloop
  endfacet
  facet normal 0 0.321438 0.946931
    outer loop
      vertex 18.1 1.68232 20.7785
      vertex 15.1 2.48744 20.5052
      vertex 15.1 1.68232 20.7785
    endloop
  endfacet
  facet normal -1 0 0
    outer loop
      vertex 15.1 -1.94804 17.0387
      vertex 15.1 -3.95695 19.6568
      vertex 15.1 -3.25 20.1292
    endloop
  endfacet
  facet normal -1 0 0
    outer loop
      vertex 15.1 -6.5 14.5
      vertex 15.1 -3.2 14.5
      vertex 15.1 -3.17262 14.0823
    endloop
  endfacet
  facet normal -1 0 0
    outer loop
      vertex 15.1 -6.5 3
      vertex 15.1 -3.17262 14.0823
      vertex 15.1 -2.18118 3.71284
    endloop
  endfacet
  facet normal -1 0 0
    outer loop
      vertex 15.1 -3.2 14.5
      vertex 15.1 -6.5 14.5
      vertex 15.1 -6.44439 15.3484
    endloop
  endfacet
  facet normal -1 0 0
    outer loop
      vertex 15.1 -3.17262 14.9177
      vertex 15.1 -4.59619 19.0962
      vertex 15.1 -3.95695 19.6568
    endloop
  endfacet
  facet normal -1 0 0
    outer loop
      vertex 15.1 -6.5 3
      vertex 15.1 -2.18118 3.71284
      vertex 15.1 -2.12504 3.4306
    endloop
  endfacet
  facet normal -1 0 0
    outer loop
      vertex 15.1 -3.17262 14.9177
      vertex 15.1 -5.1568 18.4569
      vertex 15.1 -4.59619 19.0962
    endloop
  endfacet
  facet normal -1 0 0
    outer loop
      vertex 15.1 -3.17262 14.9177
      vertex 15.1 -5.62916 17.75
      vertex 15.1 -5.1568 18.4569
    endloop
  endfacet
  facet normal -1 0 0
    outer loop
      vertex 15.1 -3.17262 14.9177
      vertex 15.1 -6.00522 16.9874
      vertex 15.1 -5.62916 17.75
    endloop
  endfacet
  facet normal -1 0 0
    outer loop
      vertex 15.1 -3.17262 14.9177
      vertex 15.1 -6.27852 16.1823
      vertex 15.1 -6.00522 16.9874
    endloop
  endfacet
  facet normal -1 0 0
    outer loop
      vertex 15.1 -6.5 3
      vertex 15.1 -2.12504 3.4306
      vertex 15.1 -2.03253 3.1581
    endloop
  endfacet
  facet normal -1 0 0
    outer loop
      vertex 15.1 -6.5 3
      vertex 15.1 -2.03253 3.1581
      vertex 15.1 -1.95457 3
    endloop
  endfacet
  facet normal -1 -0 0
    outer loop
      vertex 15.1 -3.17262 14.0823
      vertex 15.1 -6.5 3
      vertex 15.1 -6.5 14.5
    endloop
  endfacet
  facet normal -1 0 0
    outer loop
      vertex 15.1 -3.17262 14.9177
      vertex 15.1 -6.44439 15.3484
      vertex 15.1 -6.27852 16.1823
    endloop
  endfacet
  facet normal -1 0 0
    outer loop
      vertex 15.1 3.17262 14.0823
      vertex 15.1 6.5 14.5
      vertex 15.1 6.5 3
    endloop
  endfacet
  facet normal -1 0 -0
    outer loop
      vertex 15.1 3.2 14.5
      vertex 15.1 6.5 14.5
      vertex 15.1 3.17262 14.0823
    endloop
  endfacet
  facet normal -1 0 0
    outer loop
      vertex 15.1 6.5 14.5
      vertex 15.1 3.2 14.5
      vertex 15.1 6.44439 15.3484
    endloop
  endfacet
  facet normal -1 0 0
    outer loop
      vertex 15.1 3.17262 14.9177
      vertex 15.1 6.44439 15.3484
      vertex 15.1 3.2 14.5
    endloop
  endfacet
  facet normal -1 -0 0
    outer loop
      vertex 15.1 6.44439 15.3484
      vertex 15.1 3.17262 14.9177
      vertex 15.1 6.27852 16.1823
    endloop
  endfacet
  facet normal -1 0 0
    outer loop
      vertex 15.1 3.09096 15.3282
      vertex 15.1 6.27852 16.1823
      vertex 15.1 3.17262 14.9177
    endloop
  endfacet
  facet normal -1 -0 0
    outer loop
      vertex 15.1 6.27852 16.1823
      vertex 15.1 3.09096 15.3282
      vertex 15.1 6.00522 16.9874
    endloop
  endfacet
  facet normal -1 -0 0
    outer loop
      vertex 15.1 6.00522 16.9874
      vertex 15.1 2.95641 15.7246
      vertex 15.1 5.62916 17.75
    endloop
  endfacet
  facet normal -1 0 0
    outer loop
      vertex 15.1 2.77128 16.1
      vertex 15.1 5.62916 17.75
      vertex 15.1 2.95641 15.7246
    endloop
  endfacet
  facet normal -1 0 0
    outer loop
      vertex 15.1 2.95641 15.7246
      vertex 15.1 6.00522 16.9874
      vertex 15.1 3.09096 15.3282
    endloop
  endfacet
  facet normal -1 0 0
    outer loop
      vertex 15.1 6.5 3
      vertex 15.1 2.18118 3.71284
      vertex 15.1 3.17262 14.0823
    endloop
  endfacet
  facet normal -1 0 0
    outer loop
      vertex 15.1 6.5 3
      vertex 15.1 2.12504 3.4306
      vertex 15.1 2.18118 3.71284
    endloop
  endfacet
  facet normal -1 0 0
    outer loop
      vertex 15.1 6.5 3
      vertex 15.1 2.03253 3.1581
      vertex 15.1 2.12504 3.4306
    endloop
  endfacet
  facet normal -1 0 -0
    outer loop
      vertex 15.1 2.03253 3.1581
      vertex 15.1 6.5 3
      vertex 15.1 1.95457 3
    endloop
  endfacet
  facet normal -1 -0 0
    outer loop
      vertex 15.1 5.62916 17.75
      vertex 15.1 2.77128 16.1
      vertex 15.1 5.1568 18.4569
    endloop
  endfacet
  facet normal -1 0 0
    outer loop
      vertex 15.1 2.53873 16.448
      vertex 15.1 5.1568 18.4569
      vertex 15.1 2.77128 16.1
    endloop
  endfacet
  facet normal -1 -0 0
    outer loop
      vertex 15.1 5.1568 18.4569
      vertex 15.1 2.53873 16.448
      vertex 15.1 4.59619 19.0962
    endloop
  endfacet
  facet normal -1 0 0
    outer loop
      vertex 15.1 2.26274 16.7627
      vertex 15.1 4.59619 19.0962
      vertex 15.1 2.53873 16.448
    endloop
  endfacet
  facet normal -1 -0 0
    outer loop
      vertex 15.1 4.59619 19.0962
      vertex 15.1 2.26274 16.7627
      vertex 15.1 3.95695 19.6568
    endloop
  endfacet
  facet normal -1 0 0
    outer loop
      vertex 15.1 1.94804 17.0387
      vertex 15.1 3.95695 19.6568
      vertex 15.1 2.26274 16.7627
    endloop
  endfacet
  facet normal -1 -0 0
    outer loop
      vertex 15.1 3.95695 19.6568
      vertex 15.1 1.94804 17.0387
      vertex 15.1 3.25 20.1292
    endloop
  endfacet
  facet normal -1 0 0
    outer loop
      vertex 15.1 1.6 17.2713
      vertex 15.1 3.25 20.1292
      vertex 15.1 1.94804 17.0387
    endloop
  endfacet
  facet normal -1 -0 0
    outer loop
      vertex 15.1 3.25 20.1292
      vertex 15.1 1.6 17.2713
      vertex 15.1 2.48744 20.5052
    endloop
  endfacet
  facet normal -1 0 0
    outer loop
      vertex 15.1 1.22459 17.4564
      vertex 15.1 2.48744 20.5052
      vertex 15.1 1.6 17.2713
    endloop
  endfacet
  facet normal -1 -0 0
    outer loop
      vertex 15.1 2.48744 20.5052
      vertex 15.1 1.22459 17.4564
      vertex 15.1 1.68232 20.7785
    endloop
  endfacet
  facet normal -1 0 0
    outer loop
      vertex 15.1 0.82822 17.591
      vertex 15.1 1.68232 20.7785
      vertex 15.1 1.22459 17.4564
    endloop
  endfacet
  facet normal -1 -0 0
    outer loop
      vertex 15.1 1.68232 20.7785
      vertex 15.1 0.82822 17.591
      vertex 15.1 0.84842 20.9444
    endloop
  endfacet
  facet normal -1 0 0
    outer loop
      vertex 15.1 0.417684 17.6726
      vertex 15.1 0.84842 20.9444
      vertex 15.1 0.82822 17.591
    endloop
  endfacet
  facet normal -1 0 0
    outer loop
      vertex 15.1 0 17.7
      vertex 15.1 0.84842 20.9444
      vertex 15.1 0.417684 17.6726
    endloop
  endfacet
  facet normal -1 0 0
    outer loop
      vertex 15.1 0 17.7
      vertex 15.1 0 21
      vertex 15.1 0.84842 20.9444
    endloop
  endfacet
  facet normal -1 0 0
    outer loop
      vertex 15.1 -0.417684 17.6726
      vertex 15.1 0 21
      vertex 15.1 0 17.7
    endloop
  endfacet
  facet normal -1 0 0
    outer loop
      vertex 15.1 -0.84842 20.9444
      vertex 15.1 -0.417684 17.6726
      vertex 15.1 -0.82822 17.591
    endloop
  endfacet
  facet normal -1 0 0
    outer loop
      vertex 15.1 -0.417684 17.6726
      vertex 15.1 -0.84842 20.9444
      vertex 15.1 0 21
    endloop
  endfacet
  facet normal -1 0 0
    outer loop
      vertex 15.1 -1.68232 20.7785
      vertex 15.1 -0.82822 17.591
      vertex 15.1 -1.22459 17.4564
    endloop
  endfacet
  facet normal -1 0 0
    outer loop
      vertex 15.1 -2.48744 20.5052
      vertex 15.1 -1.22459 17.4564
      vertex 15.1 -1.6 17.2713
    endloop
  endfacet
  facet normal -1 0 0
    outer loop
      vertex 15.1 -0.82822 17.591
      vertex 15.1 -1.68232 20.7785
      vertex 15.1 -0.84842 20.9444
    endloop
  endfacet
  facet normal -1 0 0
    outer loop
      vertex 15.1 -3.25 20.1292
      vertex 15.1 -1.6 17.2713
      vertex 15.1 -1.94804 17.0387
    endloop
  endfacet
  facet normal -1 0 0
    outer loop
      vertex 15.1 -3.95695 19.6568
      vertex 15.1 -1.94804 17.0387
      vertex 15.1 -2.26274 16.7627
    endloop
  endfacet
  facet normal -1 0 0
    outer loop
      vertex 15.1 -1.22459 17.4564
      vertex 15.1 -2.48744 20.5052
      vertex 15.1 -1.68232 20.7785
    endloop
  endfacet
  facet normal -1 0 0
    outer loop
      vertex 15.1 -3.95695 19.6568
      vertex 15.1 -2.26274 16.7627
      vertex 15.1 -2.53873 16.448
    endloop
  endfacet
  facet normal -1 0 0
    outer loop
      vertex 15.1 -3.95695 19.6568
      vertex 15.1 -2.53873 16.448
      vertex 15.1 -2.77128 16.1
    endloop
  endfacet
  facet normal -1 0 0
    outer loop
      vertex 15.1 -3.95695 19.6568
      vertex 15.1 -2.77128 16.1
      vertex 15.1 -2.95641 15.7246
    endloop
  endfacet
  facet normal -1 0 0
    outer loop
      vertex 15.1 -3.95695 19.6568
      vertex 15.1 -2.95641 15.7246
      vertex 15.1 -3.09096 15.3282
    endloop
  endfacet
  facet normal -1 0 0
    outer loop
      vertex 15.1 -3.95695 19.6568
      vertex 15.1 -3.09096 15.3282
      vertex 15.1 -3.17262 14.9177
    endloop
  endfacet
  facet normal -1 0 0
    outer loop
      vertex 15.1 -1.6 17.2713
      vertex 15.1 -3.25 20.1292
      vertex 15.1 -2.48744 20.5052
    endloop
  endfacet
  facet normal -1 0 0
    outer loop
      vertex 15.1 -6.44439 15.3484
      vertex 15.1 -3.17262 14.9177
      vertex 15.1 -3.2 14.5
    endloop
  endfacet
  facet normal 0 0.997859 0.0654066
    outer loop
      vertex 18.1 6.5 14.5
      vertex 15.1 6.44439 15.3484
      vertex 18.1 6.44439 15.3484
    endloop
  endfacet
  facet normal 0 0.997859 0.0654066
    outer loop
      vertex 15.1 6.44439 15.3484
      vertex 18.1 6.5 14.5
      vertex 15.1 6.5 14.5
    endloop
  endfacet
  facet normal 0 1 -0
    outer loop
      vertex 18.1 6.5 3
      vertex 15.1 6.5 14.5
      vertex 18.1 6.5 14.5
    endloop
  endfacet
  facet normal 0 1 0
    outer loop
      vertex 15.1 6.5 14.5
      vertex 18.1 6.5 3
      vertex 15.1 6.5 3
    endloop
  endfacet
  facet normal 0 0.831456 0.55559
    outer loop
      vertex 18.1 5.62916 17.75
      vertex 15.1 5.1568 18.4569
      vertex 18.1 5.1568 18.4569
    endloop
  endfacet
  facet normal 0 0.831456 0.55559
    outer loop
      vertex 15.1 5.1568 18.4569
      vertex 18.1 5.62916 17.75
      vertex 15.1 5.62916 17.75
    endloop
  endfacet
  facet normal 0 -0.442239 0.896897
    outer loop
      vertex 15.1 -2.48744 20.5052
      vertex 18.1 -3.25 20.1292
      vertex 18.1 -2.48744 20.5052
    endloop
  endfacet
  facet normal 0 -0.442239 0.896897
    outer loop
      vertex 18.1 -3.25 20.1292
      vertex 15.1 -2.48744 20.5052
      vertex 15.1 -3.25 20.1292
    endloop
  endfacet
  facet normal -0 0.195121 0.980779
    outer loop
      vertex 15.1 1.68232 20.7785
      vertex 18.1 0.84842 20.9444
      vertex 18.1 1.68232 20.7785
    endloop
  endfacet
  facet normal 0 0.195121 0.980779
    outer loop
      vertex 18.1 0.84842 20.9444
      vertex 15.1 1.68232 20.7785
      vertex 15.1 0.84842 20.9444
    endloop
  endfacet
  facet normal 0 0.946928 0.321445
    outer loop
      vertex 18.1 6.27852 16.1823
      vertex 15.1 6.00522 16.9874
      vertex 18.1 6.00522 16.9874
    endloop
  endfacet
  facet normal 0 0.946928 0.321445
    outer loop
      vertex 15.1 6.00522 16.9874
      vertex 18.1 6.27852 16.1823
      vertex 15.1 6.27852 16.1823
    endloop
  endfacet
  facet normal 0 0.751864 0.659319
    outer loop
      vertex 18.1 5.1568 18.4569
      vertex 15.1 4.59619 19.0962
      vertex 18.1 4.59619 19.0962
    endloop
  endfacet
  facet normal 0 0.751864 0.659319
    outer loop
      vertex 15.1 4.59619 19.0962
      vertex 18.1 5.1568 18.4569
      vertex 15.1 5.1568 18.4569
    endloop
  endfacet
  facet normal 0 0.896879 0.442277
    outer loop
      vertex 18.1 6.00522 16.9874
      vertex 15.1 5.62916 17.75
      vertex 18.1 5.62916 17.75
    endloop
  endfacet
  facet normal 0 0.896879 0.442277
    outer loop
      vertex 15.1 5.62916 17.75
      vertex 18.1 6.00522 16.9874
      vertex 15.1 6.00522 16.9874
    endloop
  endfacet
  facet normal 0 -0.555596 0.831453
    outer loop
      vertex 15.1 -3.25 20.1292
      vertex 18.1 -3.95695 19.6568
      vertex 18.1 -3.25 20.1292
    endloop
  endfacet
  facet normal 0 -0.555596 0.831453
    outer loop
      vertex 18.1 -3.95695 19.6568
      vertex 15.1 -3.25 20.1292
      vertex 15.1 -3.95695 19.6568
    endloop
  endfacet
  facet normal 1 0 0
    outer loop
      vertex 18.1 6.44439 15.3484
      vertex 18.1 1.7846 14.7349
      vertex 18.1 1.8 14.5
    endloop
  endfacet
  facet normal 1 0 0
    outer loop
      vertex 18.1 3.25 20.1292
      vertex 18.1 1.73867 14.9659
      vertex 18.1 1.7846 14.7349
    endloop
  endfacet
  facet normal 1 0 0
    outer loop
      vertex 18.1 0.688829 16.163
      vertex 18.1 2.48744 20.5052
      vertex 18.1 1.68232 20.7785
    endloop
  endfacet
  facet normal 1 0 0
    outer loop
      vertex 18.1 3.25 20.1292
      vertex 18.1 1.66298 15.1888
      vertex 18.1 1.73867 14.9659
    endloop
  endfacet
  facet normal 1 0 0
    outer loop
      vertex 18.1 3.25 20.1292
      vertex 18.1 1.55885 15.4
      vertex 18.1 1.66298 15.1888
    endloop
  endfacet
  facet normal 1 0 0
    outer loop
      vertex 18.1 3.25 20.1292
      vertex 18.1 1.42804 15.5958
      vertex 18.1 1.55885 15.4
    endloop
  endfacet
  facet normal 1 0 0
    outer loop
      vertex 18.1 3.25 20.1292
      vertex 18.1 1.27279 15.7728
      vertex 18.1 1.42804 15.5958
    endloop
  endfacet
  facet normal 1 0 0
    outer loop
      vertex 18.1 3.25 20.1292
      vertex 18.1 1.09577 15.928
      vertex 18.1 1.27279 15.7728
    endloop
  endfacet
  facet normal 1 0 0
    outer loop
      vertex 18.1 3.25 20.1292
      vertex 18.1 0.9 16.0588
      vertex 18.1 1.09577 15.928
    endloop
  endfacet
  facet normal 1 0 0
    outer loop
      vertex 18.1 0.465874 16.2387
      vertex 18.1 1.68232 20.7785
      vertex 18.1 0.84842 20.9444
    endloop
  endfacet
  facet normal 1 0 0
    outer loop
      vertex 18.1 2.48744 20.5052
      vertex 18.1 0.688829 16.163
      vertex 18.1 0.9 16.0588
    endloop
  endfacet
  facet normal 1 0 0
    outer loop
      vertex 18.1 1.68232 20.7785
      vertex 18.1 0.465874 16.2387
      vertex 18.1 0.688829 16.163
    endloop
  endfacet
  facet normal 1 0 0
    outer loop
      vertex 18.1 0.84842 20.9444
      vertex 18.1 0.234946 16.2846
      vertex 18.1 0.465874 16.2387
    endloop
  endfacet
  facet normal 1 0 0
    outer loop
      vertex 18.1 0 21
      vertex 18.1 0.234946 16.2846
      vertex 18.1 0.84842 20.9444
    endloop
  endfacet
  facet normal 1 0 0
    outer loop
      vertex 18.1 0 21
      vertex 18.1 0 16.3
      vertex 18.1 0.234946 16.2846
    endloop
  endfacet
  facet normal 1 0 0
    outer loop
      vertex 18.1 0 21
      vertex 18.1 -0.234946 16.2846
      vertex 18.1 0 16.3
    endloop
  endfacet
  facet normal 1 -0 0
    outer loop
      vertex 18.1 -0.84842 20.9444
      vertex 18.1 -0.234946 16.2846
      vertex 18.1 0 21
    endloop
  endfacet
  facet normal 1 0 0
    outer loop
      vertex 18.1 -0.234946 16.2846
      vertex 18.1 -0.84842 20.9444
      vertex 18.1 -0.465874 16.2387
    endloop
  endfacet
  facet normal 1 -0 0
    outer loop
      vertex 18.1 -1.68232 20.7785
      vertex 18.1 -0.465874 16.2387
      vertex 18.1 -0.84842 20.9444
    endloop
  endfacet
  facet normal 1 0 0
    outer loop
      vertex 18.1 -0.465874 16.2387
      vertex 18.1 -1.68232 20.7785
      vertex 18.1 -0.688829 16.163
    endloop
  endfacet
  facet normal 1 -0 0
    outer loop
      vertex 18.1 -2.48744 20.5052
      vertex 18.1 -0.688829 16.163
      vertex 18.1 -1.68232 20.7785
    endloop
  endfacet
  facet normal 1 0 0
    outer loop
      vertex 18.1 -0.688829 16.163
      vertex 18.1 -2.48744 20.5052
      vertex 18.1 -0.9 16.0588
    endloop
  endfacet
  facet normal 1 -0 0
    outer loop
      vertex 18.1 -3.25 20.1292
      vertex 18.1 -0.9 16.0588
      vertex 18.1 -2.48744 20.5052
    endloop
  endfacet
  facet normal 1 0 0
    outer loop
      vertex 18.1 -0.9 16.0588
      vertex 18.1 -3.25 20.1292
      vertex 18.1 -1.09577 15.928
    endloop
  endfacet
  facet normal 1 -0 0
    outer loop
      vertex 18.1 -3.95695 19.6568
      vertex 18.1 -1.09577 15.928
      vertex 18.1 -3.25 20.1292
    endloop
  endfacet
  facet normal 1 0 0
    outer loop
      vertex 18.1 -1.09577 15.928
      vertex 18.1 -3.95695 19.6568
      vertex 18.1 -1.27279 15.7728
    endloop
  endfacet
  facet normal 1 -0 0
    outer loop
      vertex 18.1 -4.59619 19.0962
      vertex 18.1 -1.27279 15.7728
      vertex 18.1 -3.95695 19.6568
    endloop
  endfacet
  facet normal 1 0 0
    outer loop
      vertex 18.1 -1.27279 15.7728
      vertex 18.1 -4.59619 19.0962
      vertex 18.1 -1.42804 15.5958
    endloop
  endfacet
  facet normal 1 -0 0
    outer loop
      vertex 18.1 -5.1568 18.4569
      vertex 18.1 -1.42804 15.5958
      vertex 18.1 -4.59619 19.0962
    endloop
  endfacet
  facet normal 1 0 0
    outer loop
      vertex 18.1 -1.42804 15.5958
      vertex 18.1 -5.1568 18.4569
      vertex 18.1 -1.55885 15.4
    endloop
  endfacet
  facet normal 1 0 0
    outer loop
      vertex 18.1 1.8 14.5
      vertex 18.1 6.5 14.5
      vertex 18.1 6.44439 15.3484
    endloop
  endfacet
  facet normal 1 0 0
    outer loop
      vertex 18.1 1.7846 14.7349
      vertex 18.1 6.44439 15.3484
      vertex 18.1 6.27852 16.1823
    endloop
  endfacet
  facet normal 1 0 0
    outer loop
      vertex 18.1 1.7846 14.7349
      vertex 18.1 6.27852 16.1823
      vertex 18.1 6.00522 16.9874
    endloop
  endfacet
  facet normal 1 0 0
    outer loop
      vertex 18.1 1.7846 14.7349
      vertex 18.1 6.00522 16.9874
      vertex 18.1 5.62916 17.75
    endloop
  endfacet
  facet normal 1 0 0
    outer loop
      vertex 18.1 1.7846 14.7349
      vertex 18.1 5.62916 17.75
      vertex 18.1 5.1568 18.4569
    endloop
  endfacet
  facet normal 1 0 0
    outer loop
      vertex 18.1 1.7846 14.7349
      vertex 18.1 5.1568 18.4569
      vertex 18.1 4.59619 19.0962
    endloop
  endfacet
  facet normal 1 0 0
    outer loop
      vertex 18.1 1.7846 14.7349
      vertex 18.1 4.59619 19.0962
      vertex 18.1 3.95695 19.6568
    endloop
  endfacet
  facet normal 1 0 0
    outer loop
      vertex 18.1 1.7846 14.7349
      vertex 18.1 3.95695 19.6568
      vertex 18.1 3.25 20.1292
    endloop
  endfacet
  facet normal 1 0 0
    outer loop
      vertex 18.1 0.9 16.0588
      vertex 18.1 3.25 20.1292
      vertex 18.1 2.48744 20.5052
    endloop
  endfacet
  facet normal 1 0 0
    outer loop
      vertex 18.1 6.5 14.5
      vertex 18.1 1.8 14.5
      vertex 18.1 1.7846 14.2651
    endloop
  endfacet
  facet normal 1 0 0
    outer loop
      vertex 18.1 6.5 14.5
      vertex 18.1 1.7846 14.2651
      vertex 18.1 1.73867 14.0341
    endloop
  endfacet
  facet normal 1 0 0
    outer loop
      vertex 18.1 6.5 14.5
      vertex 18.1 1.73867 14.0341
      vertex 18.1 1.66298 13.8112
    endloop
  endfacet
  facet normal 1 0 0
    outer loop
      vertex 18.1 6.5 14.5
      vertex 18.1 1.66298 13.8112
      vertex 18.1 1.55885 13.6
    endloop
  endfacet
  facet normal 1 0 0
    outer loop
      vertex 18.1 6.5 14.5
      vertex 18.1 1.55885 13.6
      vertex 18.1 1.42804 13.4042
    endloop
  endfacet
  facet normal 1 0 0
    outer loop
      vertex 18.1 6.5 14.5
      vertex 18.1 1.42804 13.4042
      vertex 18.1 1.27279 13.2272
    endloop
  endfacet
  facet normal 1 0 0
    outer loop
      vertex 18.1 6.5 14.5
      vertex 18.1 1.27279 13.2272
      vertex 18.1 6.5 3
    endloop
  endfacet
  facet normal 1 -0 0
    outer loop
      vertex 18.1 1.09577 13.072
      vertex 18.1 6.5 3
      vertex 18.1 1.27279 13.2272
    endloop
  endfacet
  facet normal 1 -0 0
    outer loop
      vertex 18.1 0.9 12.9412
      vertex 18.1 6.5 3
      vertex 18.1 1.09577 13.072
    endloop
  endfacet
  facet normal 1 -0 0
    outer loop
      vertex 18.1 0.688829 12.837
      vertex 18.1 6.5 3
      vertex 18.1 0.9 12.9412
    endloop
  endfacet
  facet normal 1 -0 0
    outer loop
      vertex 18.1 0.465874 12.7613
      vertex 18.1 6.5 3
      vertex 18.1 0.688829 12.837
    endloop
  endfacet
  facet normal 1 -0 0
    outer loop
      vertex 18.1 0.234946 12.7154
      vertex 18.1 6.5 3
      vertex 18.1 0.465874 12.7613
    endloop
  endfacet
  facet normal 1 -0 0
    outer loop
      vertex 18.1 0 12.7
      vertex 18.1 6.5 3
      vertex 18.1 0.234946 12.7154
    endloop
  endfacet
  facet normal 1 0 0
    outer loop
      vertex 18.1 -6.5 3
      vertex 18.1 0 12.7
      vertex 18.1 -0.234946 12.7154
    endloop
  endfacet
  facet normal 1 0 0
    outer loop
      vertex 18.1 -6.5 3
      vertex 18.1 -0.234946 12.7154
      vertex 18.1 -0.465874 12.7613
    endloop
  endfacet
  facet normal 1 0 0
    outer loop
      vertex 18.1 -6.5 3
      vertex 18.1 -0.465874 12.7613
      vertex 18.1 -0.688829 12.837
    endloop
  endfacet
  facet normal 1 0 0
    outer loop
      vertex 18.1 -6.5 3
      vertex 18.1 -0.688829 12.837
      vertex 18.1 -0.9 12.9412
    endloop
  endfacet
  facet normal 1 0 0
    outer loop
      vertex 18.1 -6.5 3
      vertex 18.1 -0.9 12.9412
      vertex 18.1 -1.09577 13.072
    endloop
  endfacet
  facet normal 1 0 0
    outer loop
      vertex 18.1 -6.5 3
      vertex 18.1 -1.09577 13.072
      vertex 18.1 -1.27279 13.2272
    endloop
  endfacet
  facet normal 1 0 0
    outer loop
      vertex 18.1 -6.5 14.5
      vertex 18.1 -1.27279 13.2272
      vertex 18.1 -1.42804 13.4042
    endloop
  endfacet
  facet normal 1 -0 0
    outer loop
      vertex 18.1 -5.62916 17.75
      vertex 18.1 -1.55885 15.4
      vertex 18.1 -5.1568 18.4569
    endloop
  endfacet
  facet normal 1 0 0
    outer loop
      vertex 18.1 -1.55885 15.4
      vertex 18.1 -5.62916 17.75
      vertex 18.1 -1.66298 15.1888
    endloop
  endfacet
  facet normal 1 -0 0
    outer loop
      vertex 18.1 -6.00522 16.9874
      vertex 18.1 -1.66298 15.1888
      vertex 18.1 -5.62916 17.75
    endloop
  endfacet
  facet normal 1 0 0
    outer loop
      vertex 18.1 -1.66298 15.1888
      vertex 18.1 -6.00522 16.9874
      vertex 18.1 -1.73867 14.9659
    endloop
  endfacet
  facet normal 1 -0 0
    outer loop
      vertex 18.1 -6.27852 16.1823
      vertex 18.1 -1.73867 14.9659
      vertex 18.1 -6.00522 16.9874
    endloop
  endfacet
  facet normal 1 0 0
    outer loop
      vertex 18.1 -1.73867 14.9659
      vertex 18.1 -6.27852 16.1823
      vertex 18.1 -1.7846 14.7349
    endloop
  endfacet
  facet normal 1 -0 0
    outer loop
      vertex 18.1 -6.44439 15.3484
      vertex 18.1 -1.7846 14.7349
      vertex 18.1 -6.27852 16.1823
    endloop
  endfacet
  facet normal 1 0 0
    outer loop
      vertex 18.1 -1.7846 14.7349
      vertex 18.1 -6.44439 15.3484
      vertex 18.1 -1.8 14.5
    endloop
  endfacet
  facet normal 1 0 0
    outer loop
      vertex 18.1 -6.5 14.5
      vertex 18.1 -1.8 14.5
      vertex 18.1 -6.44439 15.3484
    endloop
  endfacet
  facet normal 1 0 0
    outer loop
      vertex 18.1 -1.8 14.5
      vertex 18.1 -6.5 14.5
      vertex 18.1 -1.7846 14.2651
    endloop
  endfacet
  facet normal 1 0 0
    outer loop
      vertex 18.1 -1.7846 14.2651
      vertex 18.1 -6.5 14.5
      vertex 18.1 -1.73867 14.0341
    endloop
  endfacet
  facet normal 1 0 0
    outer loop
      vertex 18.1 -1.73867 14.0341
      vertex 18.1 -6.5 14.5
      vertex 18.1 -1.66298 13.8112
    endloop
  endfacet
  facet normal 1 0 0
    outer loop
      vertex 18.1 -1.66298 13.8112
      vertex 18.1 -6.5 14.5
      vertex 18.1 -1.55885 13.6
    endloop
  endfacet
  facet normal 1 0 0
    outer loop
      vertex 18.1 -1.55885 13.6
      vertex 18.1 -6.5 14.5
      vertex 18.1 -1.42804 13.4042
    endloop
  endfacet
  facet normal 1 0 0
    outer loop
      vertex 18.1 -1.27279 13.2272
      vertex 18.1 -6.5 14.5
      vertex 18.1 -6.5 3
    endloop
  endfacet
  facet normal 1 0 0
    outer loop
      vertex 18.1 0 12.7
      vertex 18.1 -6.5 3
      vertex 18.1 6.5 3
    endloop
  endfacet
  facet normal 0 0.980786 0.195087
    outer loop
      vertex 18.1 6.44439 15.3484
      vertex 15.1 6.27852 16.1823
      vertex 18.1 6.27852 16.1823
    endloop
  endfacet
  facet normal 0 0.980786 0.195087
    outer loop
      vertex 15.1 6.27852 16.1823
      vertex 18.1 6.44439 15.3484
      vertex 15.1 6.44439 15.3484
    endloop
  endfacet
  facet normal 0 -0.896879 0.442277
    outer loop
      vertex 15.1 -6.00522 16.9874
      vertex 18.1 -5.62916 17.75
      vertex 15.1 -5.62916 17.75
    endloop
  endfacet
  facet normal 0 -0.896879 0.442277
    outer loop
      vertex 18.1 -5.62916 17.75
      vertex 15.1 -6.00522 16.9874
      vertex 18.1 -6.00522 16.9874
    endloop
  endfacet
  facet normal 0 -0.831456 0.55559
    outer loop
      vertex 15.1 -5.62916 17.75
      vertex 18.1 -5.1568 18.4569
      vertex 15.1 -5.1568 18.4569
    endloop
  endfacet
  facet normal 0 -0.831456 0.55559
    outer loop
      vertex 18.1 -5.1568 18.4569
      vertex 15.1 -5.62916 17.75
      vertex 18.1 -5.62916 17.75
    endloop
  endfacet
  facet normal 0 -0.659347 0.751839
    outer loop
      vertex 15.1 -3.95695 19.6568
      vertex 18.1 -4.59619 19.0962
      vertex 18.1 -3.95695 19.6568
    endloop
  endfacet
  facet normal 0 -0.659347 0.751839
    outer loop
      vertex 18.1 -4.59619 19.0962
      vertex 15.1 -3.95695 19.6568
      vertex 15.1 -4.59619 19.0962
    endloop
  endfacet
  facet normal 0 -0.751864 0.659319
    outer loop
      vertex 15.1 -5.1568 18.4569
      vertex 18.1 -4.59619 19.0962
      vertex 15.1 -4.59619 19.0962
    endloop
  endfacet
  facet normal 0 -0.751864 0.659319
    outer loop
      vertex 18.1 -4.59619 19.0962
      vertex 15.1 -5.1568 18.4569
      vertex 18.1 -5.1568 18.4569
    endloop
  endfacet
  facet normal -0 0.442239 0.896897
    outer loop
      vertex 15.1 3.25 20.1292
      vertex 18.1 2.48744 20.5052
      vertex 18.1 3.25 20.1292
    endloop
  endfacet
  facet normal 0 0.442239 0.896897
    outer loop
      vertex 18.1 2.48744 20.5052
      vertex 15.1 3.25 20.1292
      vertex 15.1 2.48744 20.5052
    endloop
  endfacet
  facet normal -0 0.555596 0.831453
    outer loop
      vertex 15.1 3.95695 19.6568
      vertex 18.1 3.25 20.1292
      vertex 18.1 3.95695 19.6568
    endloop
  endfacet
  facet normal 0 0.555596 0.831453
    outer loop
      vertex 18.1 3.25 20.1292
      vertex 15.1 3.95695 19.6568
      vertex 15.1 3.25 20.1292
    endloop
  endfacet
  facet normal -0 0.0653933 0.99786
    outer loop
      vertex 15.1 0.84842 20.9444
      vertex 18.1 0 21
      vertex 18.1 0.84842 20.9444
    endloop
  endfacet
  facet normal 0 0.0653933 0.99786
    outer loop
      vertex 18.1 0 21
      vertex 15.1 0.84842 20.9444
      vertex 15.1 0 21
    endloop
  endfacet
  facet normal -0 0.659347 0.751839
    outer loop
      vertex 15.1 4.59619 19.0962
      vertex 18.1 3.95695 19.6568
      vertex 18.1 4.59619 19.0962
    endloop
  endfacet
  facet normal 0 0.659347 0.751839
    outer loop
      vertex 18.1 3.95695 19.6568
      vertex 15.1 4.59619 19.0962
      vertex 15.1 3.95695 19.6568
    endloop
  endfacet
  facet normal 0 -0.321438 0.946931
    outer loop
      vertex 15.1 -1.68232 20.7785
      vertex 18.1 -2.48744 20.5052
      vertex 18.1 -1.68232 20.7785
    endloop
  endfacet
  facet normal 0 -0.321438 0.946931
    outer loop
      vertex 18.1 -2.48744 20.5052
      vertex 15.1 -1.68232 20.7785
      vertex 15.1 -2.48744 20.5052
    endloop
  endfacet
  facet normal 0.997859 -0.0654041 0
    outer loop
      vertex -3.8 0 1.8
      vertex -3.76749 0.495999 0.41
      vertex -3.76749 0.495999 1.8
    endloop
  endfacet
  facet normal 0.997859 -0.0654041 0
    outer loop
      vertex -3.76749 0.495999 0.41
      vertex -3.8 0 1.8
      vertex -3.8 0 0.41
    endloop
  endfacet
  facet normal -0.896958 0.442116 0
    outer loop
      vertex 17.9919 -1.15 0.41
      vertex 18.1249 -0.880172 1.8
      vertex 18.1249 -0.880172 0.41
    endloop
  endfacet
  facet normal -0.896958 0.442116 0
    outer loop
      vertex 18.1249 -0.880172 1.8
      vertex 17.9919 -1.15 0.41
      vertex 17.9919 -1.15 1.8
    endloop
  endfacet
  facet normal 0.896876 0.442282 0
    outer loop
      vertex -3.2909 -1.9 1.8
      vertex -3.51074 -1.4542 0.41
      vertex -3.51074 -1.4542 1.8
    endloop
  endfacet
  facet normal 0.896876 0.442282 0
    outer loop
      vertex -3.51074 -1.4542 0.41
      vertex -3.2909 -1.9 1.8
      vertex -3.2909 -1.9 0.41
    endloop
  endfacet
  facet normal 0.195086 0.980786 -0
    outer loop
      vertex -0.495999 -3.76749 0.41
      vertex -0.983512 -3.67052 1.8
      vertex -0.495999 -3.76749 1.8
    endloop
  endfacet
  facet normal 0.195086 0.980786 0
    outer loop
      vertex -0.983512 -3.67052 1.8
      vertex -0.495999 -3.76749 0.41
      vertex -0.983512 -3.67052 0.41
    endloop
  endfacet
  facet normal -0.321438 -0.946931 0
    outer loop
      vertex 16.5953 2.22163 0.41
      vertex 16.8802 2.12492 1.8
      vertex 16.5953 2.22163 1.8
    endloop
  endfacet
  facet normal -0.321438 -0.946931 -0
    outer loop
      vertex 16.8802 2.12492 1.8
      vertex 16.5953 2.22163 0.41
      vertex 16.8802 2.12492 0.41
    endloop
  endfacet
  facet normal -0.442314 0.89686 0
    outer loop
      vertex 17.15 -1.99186 0.41
      vertex 16.8802 -2.12492 1.8
      vertex 17.15 -1.99186 1.8
    endloop
  endfacet
  facet normal -0.442314 0.89686 0
    outer loop
      vertex 16.8802 -2.12492 1.8
      vertex 17.15 -1.99186 0.41
      vertex 16.8802 -2.12492 0.41
    endloop
  endfacet
  facet normal 0.831462 0.555582 0
    outer loop
      vertex -3.01474 -2.31329 1.8
      vertex -3.2909 -1.9 0.41
      vertex -3.2909 -1.9 1.8
    endloop
  endfacet
  facet normal 0.831462 0.555582 0
    outer loop
      vertex -3.2909 -1.9 0.41
      vertex -3.01474 -2.31329 1.8
      vertex -3.01474 -2.31329 0.41
    endloop
  endfacet
  facet normal 0.751853 -0.65933 0
    outer loop
      vertex -3.01474 2.31329 1.8
      vertex -2.68701 2.68701 0.41
      vertex -2.68701 2.68701 1.8
    endloop
  endfacet
  facet normal 0.751853 -0.65933 0
    outer loop
      vertex -2.68701 2.68701 0.41
      vertex -3.01474 2.31329 1.8
      vertex -3.01474 2.31329 0.41
    endloop
  endfacet
  facet normal -0.195061 0.980791 0
    outer loop
      vertex 16.5953 -2.22163 0.41
      vertex 16.3002 -2.28032 1.8
      vertex 16.5953 -2.22163 1.8
    endloop
  endfacet
  facet normal -0.195061 0.980791 0
    outer loop
      vertex 16.3002 -2.28032 1.8
      vertex 16.5953 -2.22163 0.41
      vertex 16.3002 -2.28032 0.41
    endloop
  endfacet
  facet normal 0.321445 -0.946928 0
    outer loop
      vertex -1.4542 3.51074 0.41
      vertex -0.983512 3.67052 1.8
      vertex -1.4542 3.51074 1.8
    endloop
  endfacet
  facet normal 0.321445 -0.946928 0
    outer loop
      vertex -0.983512 3.67052 1.8
      vertex -1.4542 3.51074 0.41
      vertex -0.983512 3.67052 0.41
    endloop
  endfacet
  facet normal 0.0654041 -0.997859 0
    outer loop
      vertex -0.495999 3.76749 0.41
      vertex 0 3.8 1.8
      vertex -0.495999 3.76749 1.8
    endloop
  endfacet
  facet normal 0.0654041 -0.997859 0
    outer loop
      vertex 0 3.8 1.8
      vertex -0.495999 3.76749 0.41
      vertex 0 3.8 0.41
    endloop
  endfacet
  facet normal 0.831462 -0.555582 0
    outer loop
      vertex -3.2909 1.9 1.8
      vertex -3.01474 2.31329 0.41
      vertex -3.01474 2.31329 1.8
    endloop
  endfacet
  facet normal 0.831462 -0.555582 0
    outer loop
      vertex -3.01474 2.31329 0.41
      vertex -3.2909 1.9 1.8
      vertex -3.2909 1.9 0.41
    endloop
  endfacet
  facet normal 0.751853 0.65933 0
    outer loop
      vertex -2.68701 -2.68701 1.8
      vertex -3.01474 -2.31329 0.41
      vertex -3.01474 -2.31329 1.8
    endloop
  endfacet
  facet normal 0.751853 0.65933 0
    outer loop
      vertex -3.01474 -2.31329 0.41
      vertex -2.68701 -2.68701 1.8
      vertex -2.68701 -2.68701 0.41
    endloop
  endfacet
  facet normal -0.946937 -0.32142 0
    outer loop
      vertex 18.2216 0.595284 0.41
      vertex 18.1249 0.880172 1.8
      vertex 18.1249 0.880172 0.41
    endloop
  endfacet
  facet normal -0.946937 -0.32142 0
    outer loop
      vertex 18.1249 0.880172 1.8
      vertex 18.2216 0.595284 0.41
      vertex 18.2216 0.595284 1.8
    endloop
  endfacet
  facet normal -0.997854 -0.0654799 0
    outer loop
      vertex 18.3 0 0.41
      vertex 18.2803 0.30021 1.8
      vertex 18.2803 0.30021 0.41
    endloop
  endfacet
  facet normal -0.997854 -0.0654799 0
    outer loop
      vertex 18.2803 0.30021 1.8
      vertex 18.3 0 0.41
      vertex 18.3 0 1.8
    endloop
  endfacet
  facet normal 0.442282 0.896876 -0
    outer loop
      vertex -1.4542 -3.51074 0.41
      vertex -1.9 -3.2909 1.8
      vertex -1.4542 -3.51074 1.8
    endloop
  endfacet
  facet normal 0.442282 0.896876 0
    outer loop
      vertex -1.9 -3.2909 1.8
      vertex -1.4542 -3.51074 0.41
      vertex -1.9 -3.2909 0.41
    endloop
  endfacet
  facet normal -0.555505 -0.831513 0
    outer loop
      vertex 17.15 1.99186 0.41
      vertex 17.4002 1.82471 1.8
      vertex 17.15 1.99186 1.8
    endloop
  endfacet
  facet normal -0.555505 -0.831513 -0
    outer loop
      vertex 17.4002 1.82471 1.8
      vertex 17.15 1.99186 0.41
      vertex 17.4002 1.82471 0.41
    endloop
  endfacet
  facet normal -0.751779 0.659415 0
    outer loop
      vertex 17.6263 -1.62634 0.41
      vertex 17.8247 -1.40015 1.8
      vertex 17.8247 -1.40015 0.41
    endloop
  endfacet
  facet normal -0.751779 0.659415 0
    outer loop
      vertex 17.8247 -1.40015 1.8
      vertex 17.6263 -1.62634 0.41
      vertex 17.6263 -1.62634 1.8
    endloop
  endfacet
  facet normal 0.980786 -0.195086 0
    outer loop
      vertex -3.76749 0.495999 1.8
      vertex -3.67052 0.983512 0.41
      vertex -3.67052 0.983512 1.8
    endloop
  endfacet
  facet normal 0.980786 -0.195086 0
    outer loop
      vertex -3.67052 0.983512 0.41
      vertex -3.76749 0.495999 1.8
      vertex -3.76749 0.495999 0.41
    endloop
  endfacet
  facet normal 0.896876 -0.442282 0
    outer loop
      vertex -3.51074 1.4542 1.8
      vertex -3.2909 1.9 0.41
      vertex -3.2909 1.9 1.8
    endloop
  endfacet
  facet normal 0.896876 -0.442282 0
    outer loop
      vertex -3.2909 1.9 0.41
      vertex -3.51074 1.4542 1.8
      vertex -3.51074 1.4542 0.41
    endloop
  endfacet
  facet normal 0.65933 -0.751853 0
    outer loop
      vertex -2.68701 2.68701 0.41
      vertex -2.31329 3.01474 1.8
      vertex -2.68701 2.68701 1.8
    endloop
  endfacet
  facet normal 0.65933 -0.751853 0
    outer loop
      vertex -2.31329 3.01474 1.8
      vertex -2.68701 2.68701 0.41
      vertex -2.31329 3.01474 0.41
    endloop
  endfacet
  facet normal -0.195061 -0.980791 0
    outer loop
      vertex 16.3002 2.28032 0.41
      vertex 16.5953 2.22163 1.8
      vertex 16.3002 2.28032 1.8
    endloop
  endfacet
  facet normal -0.195061 -0.980791 -0
    outer loop
      vertex 16.5953 2.22163 1.8
      vertex 16.3002 2.28032 0.41
      vertex 16.5953 2.22163 0.41
    endloop
  endfacet
  facet normal -0.0936858 0.995602 0
    outer loop
      vertex 16.3002 -2.28032 0.41
      vertex 0.495999 -3.76749 1.8
      vertex 16.3002 -2.28032 1.8
    endloop
  endfacet
  facet normal -0.0936858 0.995602 0
    outer loop
      vertex 0.495999 -3.76749 1.8
      vertex 16.3002 -2.28032 0.41
      vertex 0.495999 -3.76749 0.41
    endloop
  endfacet
  facet normal 0.946928 -0.321445 0
    outer loop
      vertex -3.67052 0.983512 1.8
      vertex -3.51074 1.4542 0.41
      vertex -3.51074 1.4542 1.8
    endloop
  endfacet
  facet normal 0.946928 -0.321445 0
    outer loop
      vertex -3.51074 1.4542 0.41
      vertex -3.67052 0.983512 1.8
      vertex -3.67052 0.983512 0.41
    endloop
  endfacet
  facet normal -0.555505 0.831513 0
    outer loop
      vertex 17.4002 -1.82471 0.41
      vertex 17.15 -1.99186 1.8
      vertex 17.4002 -1.82471 1.8
    endloop
  endfacet
  facet normal -0.555505 0.831513 0
    outer loop
      vertex 17.15 -1.99186 1.8
      vertex 17.4002 -1.82471 0.41
      vertex 17.15 -1.99186 0.41
    endloop
  endfacet
  facet normal 0.555582 0.831462 -0
    outer loop
      vertex -1.9 -3.2909 0.41
      vertex -2.31329 -3.01474 1.8
      vertex -1.9 -3.2909 1.8
    endloop
  endfacet
  facet normal 0.555582 0.831462 0
    outer loop
      vertex -2.31329 -3.01474 1.8
      vertex -1.9 -3.2909 0.41
      vertex -2.31329 -3.01474 0.41
    endloop
  endfacet
  facet normal 0.946928 0.321445 0
    outer loop
      vertex -3.51074 -1.4542 1.8
      vertex -3.67052 -0.983512 0.41
      vertex -3.67052 -0.983512 1.8
    endloop
  endfacet
  facet normal 0.946928 0.321445 0
    outer loop
      vertex -3.67052 -0.983512 0.41
      vertex -3.51074 -1.4542 1.8
      vertex -3.51074 -1.4542 0.41
    endloop
  endfacet
  facet normal 0.555582 -0.831462 0
    outer loop
      vertex -2.31329 3.01474 0.41
      vertex -1.9 3.2909 1.8
      vertex -2.31329 3.01474 1.8
    endloop
  endfacet
  facet normal 0.555582 -0.831462 0
    outer loop
      vertex -1.9 3.2909 1.8
      vertex -2.31329 3.01474 0.41
      vertex -1.9 3.2909 0.41
    endloop
  endfacet
  facet normal -0.831385 0.555697 0
    outer loop
      vertex 17.8247 -1.40015 0.41
      vertex 17.9919 -1.15 1.8
      vertex 17.9919 -1.15 0.41
    endloop
  endfacet
  facet normal -0.831385 0.555697 0
    outer loop
      vertex 17.9919 -1.15 1.8
      vertex 17.8247 -1.40015 0.41
      vertex 17.8247 -1.40015 1.8
    endloop
  endfacet
  facet normal 0.442282 -0.896876 0
    outer loop
      vertex -1.9 3.2909 0.41
      vertex -1.4542 3.51074 1.8
      vertex -1.9 3.2909 1.8
    endloop
  endfacet
  facet normal 0.442282 -0.896876 0
    outer loop
      vertex -1.4542 3.51074 1.8
      vertex -1.9 3.2909 0.41
      vertex -1.4542 3.51074 0.41
    endloop
  endfacet
  facet normal -0.997854 0.0654799 0
    outer loop
      vertex 18.2803 -0.30021 0.41
      vertex 18.3 0 1.8
      vertex 18.3 0 0.41
    endloop
  endfacet
  facet normal -0.997854 0.0654799 0
    outer loop
      vertex 18.3 0 1.8
      vertex 18.2803 -0.30021 0.41
      vertex 18.2803 -0.30021 1.8
    endloop
  endfacet
  facet normal -0.0654041 0.997859 0
    outer loop
      vertex 0.495999 -3.76749 0.41
      vertex 0 -3.8 1.8
      vertex 0.495999 -3.76749 1.8
    endloop
  endfacet
  facet normal -0.0654041 0.997859 0
    outer loop
      vertex 0 -3.8 1.8
      vertex 0.495999 -3.76749 0.41
      vertex 0 -3.8 0.41
    endloop
  endfacet
  facet normal 0.997859 0.0654041 0
    outer loop
      vertex -3.76749 -0.495999 1.8
      vertex -3.8 0 0.41
      vertex -3.8 0 1.8
    endloop
  endfacet
  facet normal 0.997859 0.0654041 0
    outer loop
      vertex -3.8 0 0.41
      vertex -3.76749 -0.495999 1.8
      vertex -3.76749 -0.495999 0.41
    endloop
  endfacet
  facet normal -0.659507 -0.751699 0
    outer loop
      vertex 17.4002 1.82471 0.41
      vertex 17.6263 1.62634 1.8
      vertex 17.4002 1.82471 1.8
    endloop
  endfacet
  facet normal -0.659507 -0.751699 -0
    outer loop
      vertex 17.6263 1.62634 1.8
      vertex 17.4002 1.82471 0.41
      vertex 17.6263 1.62634 0.41
    endloop
  endfacet
  facet normal 0.321445 0.946928 -0
    outer loop
      vertex -0.983512 -3.67052 0.41
      vertex -1.4542 -3.51074 1.8
      vertex -0.983512 -3.67052 1.8
    endloop
  endfacet
  facet normal 0.321445 0.946928 0
    outer loop
      vertex -1.4542 -3.51074 1.8
      vertex -0.983512 -3.67052 0.41
      vertex -1.4542 -3.51074 0.41
    endloop
  endfacet
  facet normal -0.0936858 -0.995602 0
    outer loop
      vertex 0.495999 3.76749 0.41
      vertex 16.3002 2.28032 1.8
      vertex 0.495999 3.76749 1.8
    endloop
  endfacet
  facet normal -0.0936858 -0.995602 -0
    outer loop
      vertex 16.3002 2.28032 1.8
      vertex 0.495999 3.76749 0.41
      vertex 16.3002 2.28032 0.41
    endloop
  endfacet
  facet normal 0.195086 -0.980786 0
    outer loop
      vertex -0.983512 3.67052 0.41
      vertex -0.495999 3.76749 1.8
      vertex -0.983512 3.67052 1.8
    endloop
  endfacet
  facet normal 0.195086 -0.980786 0
    outer loop
      vertex -0.495999 3.76749 1.8
      vertex -0.983512 3.67052 0.41
      vertex -0.495999 3.76749 0.41
    endloop
  endfacet
  facet normal -0.321438 0.946931 0
    outer loop
      vertex 16.8802 -2.12492 0.41
      vertex 16.5953 -2.22163 1.8
      vertex 16.8802 -2.12492 1.8
    endloop
  endfacet
  facet normal -0.321438 0.946931 0
    outer loop
      vertex 16.5953 -2.22163 1.8
      vertex 16.8802 -2.12492 0.41
      vertex 16.5953 -2.22163 0.41
    endloop
  endfacet
  facet normal -0.0654041 -0.997859 0
    outer loop
      vertex 0 3.8 0.41
      vertex 0.495999 3.76749 1.8
      vertex 0 3.8 1.8
    endloop
  endfacet
  facet normal -0.0654041 -0.997859 -0
    outer loop
      vertex 0.495999 3.76749 1.8
      vertex 0 3.8 0.41
      vertex 0.495999 3.76749 0.41
    endloop
  endfacet
  facet normal -0.751779 -0.659415 0
    outer loop
      vertex 17.8247 1.40015 0.41
      vertex 17.6263 1.62634 1.8
      vertex 17.6263 1.62634 0.41
    endloop
  endfacet
  facet normal -0.751779 -0.659415 0
    outer loop
      vertex 17.6263 1.62634 1.8
      vertex 17.8247 1.40015 0.41
      vertex 17.8247 1.40015 1.8
    endloop
  endfacet
  facet normal -0.442314 -0.89686 0
    outer loop
      vertex 16.8802 2.12492 0.41
      vertex 17.15 1.99186 1.8
      vertex 16.8802 2.12492 1.8
    endloop
  endfacet
  facet normal -0.442314 -0.89686 -0
    outer loop
      vertex 17.15 1.99186 1.8
      vertex 16.8802 2.12492 0.41
      vertex 17.15 1.99186 0.41
    endloop
  endfacet
  facet normal -0.946937 0.32142 0
    outer loop
      vertex 18.1249 -0.880172 0.41
      vertex 18.2216 -0.595284 1.8
      vertex 18.2216 -0.595284 0.41
    endloop
  endfacet
  facet normal -0.946937 0.32142 0
    outer loop
      vertex 18.2216 -0.595284 1.8
      vertex 18.1249 -0.880172 0.41
      vertex 18.1249 -0.880172 1.8
    endloop
  endfacet
  facet normal -0.831385 -0.555697 0
    outer loop
      vertex 17.9919 1.15 0.41
      vertex 17.8247 1.40015 1.8
      vertex 17.8247 1.40015 0.41
    endloop
  endfacet
  facet normal -0.831385 -0.555697 0
    outer loop
      vertex 17.8247 1.40015 1.8
      vertex 17.9919 1.15 0.41
      vertex 17.9919 1.15 1.8
    endloop
  endfacet
  facet normal -0.980781 0.19511 0
    outer loop
      vertex 18.2216 -0.595284 0.41
      vertex 18.2803 -0.30021 1.8
      vertex 18.2803 -0.30021 0.41
    endloop
  endfacet
  facet normal -0.980781 0.19511 0
    outer loop
      vertex 18.2803 -0.30021 1.8
      vertex 18.2216 -0.595284 0.41
      vertex 18.2216 -0.595284 1.8
    endloop
  endfacet
  facet normal -0.659507 0.751699 0
    outer loop
      vertex 17.6263 -1.62634 0.41
      vertex 17.4002 -1.82471 1.8
      vertex 17.6263 -1.62634 1.8
    endloop
  endfacet
  facet normal -0.659507 0.751699 0
    outer loop
      vertex 17.4002 -1.82471 1.8
      vertex 17.6263 -1.62634 0.41
      vertex 17.4002 -1.82471 0.41
    endloop
  endfacet
  facet normal -0.980781 -0.19511 0
    outer loop
      vertex 18.2803 0.30021 0.41
      vertex 18.2216 0.595284 1.8
      vertex 18.2216 0.595284 0.41
    endloop
  endfacet
  facet normal -0.980781 -0.19511 0
    outer loop
      vertex 18.2216 0.595284 1.8
      vertex 18.2803 0.30021 0.41
      vertex 18.2803 0.30021 1.8
    endloop
  endfacet
  facet normal 0.0654041 0.997859 -0
    outer loop
      vertex 0 -3.8 0.41
      vertex -0.495999 -3.76749 1.8
      vertex 0 -3.8 1.8
    endloop
  endfacet
  facet normal 0.0654041 0.997859 0
    outer loop
      vertex -0.495999 -3.76749 1.8
      vertex 0 -3.8 0.41
      vertex -0.495999 -3.76749 0.41
    endloop
  endfacet
  facet normal 0.980786 0.195086 0
    outer loop
      vertex -3.67052 -0.983512 1.8
      vertex -3.76749 -0.495999 0.41
      vertex -3.76749 -0.495999 1.8
    endloop
  endfacet
  facet normal 0.980786 0.195086 0
    outer loop
      vertex -3.76749 -0.495999 0.41
      vertex -3.67052 -0.983512 1.8
      vertex -3.67052 -0.983512 0.41
    endloop
  endfacet
  facet normal -0.896958 -0.442116 0
    outer loop
      vertex 18.1249 0.880172 0.41
      vertex 17.9919 1.15 1.8
      vertex 17.9919 1.15 0.41
    endloop
  endfacet
  facet normal -0.896958 -0.442116 0
    outer loop
      vertex 17.9919 1.15 1.8
      vertex 18.1249 0.880172 0.41
      vertex 18.1249 0.880172 1.8
    endloop
  endfacet
  facet normal 0.65933 0.751853 -0
    outer loop
      vertex -2.31329 -3.01474 0.41
      vertex -2.68701 -2.68701 1.8
      vertex -2.31329 -3.01474 1.8
    endloop
  endfacet
  facet normal 0.65933 0.751853 0
    outer loop
      vertex -2.68701 -2.68701 1.8
      vertex -2.31329 -3.01474 0.41
      vertex -2.68701 -2.68701 0.41
    endloop
  endfacet
  facet normal 0 0 -1
    outer loop
      vertex 18.2803 -0.30021 1.8
      vertex 18.2803 0.30021 1.8
      vertex 18.3 0 1.8
    endloop
  endfacet
  facet normal 0 0 -1
    outer loop
      vertex 18.2216 -0.595284 1.8
      vertex 18.2803 0.30021 1.8
      vertex 18.2803 -0.30021 1.8
    endloop
  endfacet
  facet normal 0 0 -1
    outer loop
      vertex 18.2216 -0.595284 1.8
      vertex 18.2216 0.595284 1.8
      vertex 18.2803 0.30021 1.8
    endloop
  endfacet
  facet normal 0 0 -1
    outer loop
      vertex 18.1249 -0.880172 1.8
      vertex 18.2216 0.595284 1.8
      vertex 18.2216 -0.595284 1.8
    endloop
  endfacet
  facet normal 0 0 -1
    outer loop
      vertex 18.1249 -0.880172 1.8
      vertex 18.1249 0.880172 1.8
      vertex 18.2216 0.595284 1.8
    endloop
  endfacet
  facet normal 0 0 -1
    outer loop
      vertex 17.9919 -1.15 1.8
      vertex 18.1249 0.880172 1.8
      vertex 18.1249 -0.880172 1.8
    endloop
  endfacet
  facet normal 0 0 -1
    outer loop
      vertex 17.9919 -1.15 1.8
      vertex 17.9919 1.15 1.8
      vertex 18.1249 0.880172 1.8
    endloop
  endfacet
  facet normal 0 0 -1
    outer loop
      vertex 17.8247 -1.40015 1.8
      vertex 17.9919 1.15 1.8
      vertex 17.9919 -1.15 1.8
    endloop
  endfacet
  facet normal 0 0 -1
    outer loop
      vertex 17.8247 -1.40015 1.8
      vertex 17.8247 1.40015 1.8
      vertex 17.9919 1.15 1.8
    endloop
  endfacet
  facet normal 0 0 -1
    outer loop
      vertex 17.6263 -1.62634 1.8
      vertex 17.8247 1.40015 1.8
      vertex 17.8247 -1.40015 1.8
    endloop
  endfacet
  facet normal 0 0 -1
    outer loop
      vertex 17.6263 -1.62634 1.8
      vertex 17.6263 1.62634 1.8
      vertex 17.8247 1.40015 1.8
    endloop
  endfacet
  facet normal 0 0 -1
    outer loop
      vertex 17.4002 -1.82471 1.8
      vertex 17.6263 1.62634 1.8
      vertex 17.6263 -1.62634 1.8
    endloop
  endfacet
  facet normal 0 0 -1
    outer loop
      vertex 17.4002 -1.82471 1.8
      vertex 17.4002 1.82471 1.8
      vertex 17.6263 1.62634 1.8
    endloop
  endfacet
  facet normal 0 0 -1
    outer loop
      vertex 17.15 -1.99186 1.8
      vertex 17.4002 1.82471 1.8
      vertex 17.4002 -1.82471 1.8
    endloop
  endfacet
  facet normal 0 0 -1
    outer loop
      vertex 17.15 -1.99186 1.8
      vertex 17.15 1.99186 1.8
      vertex 17.4002 1.82471 1.8
    endloop
  endfacet
  facet normal 0 0 -1
    outer loop
      vertex 16.8802 -2.12492 1.8
      vertex 17.15 1.99186 1.8
      vertex 17.15 -1.99186 1.8
    endloop
  endfacet
  facet normal 0 0 -1
    outer loop
      vertex 16.8802 -2.12492 1.8
      vertex 16.8802 2.12492 1.8
      vertex 17.15 1.99186 1.8
    endloop
  endfacet
  facet normal 0 0 -1
    outer loop
      vertex 16.5953 -2.22163 1.8
      vertex 16.8802 2.12492 1.8
      vertex 16.8802 -2.12492 1.8
    endloop
  endfacet
  facet normal 0 0 -1
    outer loop
      vertex 16.5953 -2.22163 1.8
      vertex 16.5953 2.22163 1.8
      vertex 16.8802 2.12492 1.8
    endloop
  endfacet
  facet normal 0 0 -1
    outer loop
      vertex 16.3002 -2.28032 1.8
      vertex 16.5953 2.22163 1.8
      vertex 16.5953 -2.22163 1.8
    endloop
  endfacet
  facet normal 0 0 -1
    outer loop
      vertex 16.3002 -2.28032 1.8
      vertex 16.3002 2.28032 1.8
      vertex 16.5953 2.22163 1.8
    endloop
  endfacet
  facet normal 0 0 -1
    outer loop
      vertex 16.3002 -2.28032 1.8
      vertex 1.25 0 1.8
      vertex 16.3002 2.28032 1.8
    endloop
  endfacet
  facet normal 0 0 -1
    outer loop
      vertex 16.3002 -2.28032 1.8
      vertex 1.23931 -0.163157 1.8
      vertex 1.25 0 1.8
    endloop
  endfacet
  facet normal 0 0 -1
    outer loop
      vertex 16.3002 -2.28032 1.8
      vertex 1.20741 -0.323524 1.8
      vertex 1.23931 -0.163157 1.8
    endloop
  endfacet
  facet normal 0 0 -1
    outer loop
      vertex 16.3002 -2.28032 1.8
      vertex 1.15485 -0.478354 1.8
      vertex 1.20741 -0.323524 1.8
    endloop
  endfacet
  facet normal 0 0 -1
    outer loop
      vertex 0.495999 -3.76749 1.8
      vertex 1.15485 -0.478354 1.8
      vertex 16.3002 -2.28032 1.8
    endloop
  endfacet
  facet normal 0 0 -1
    outer loop
      vertex 1.15485 -0.478354 1.8
      vertex 0.495999 -3.76749 1.8
      vertex 1.08253 -0.625 1.8
    endloop
  endfacet
  facet normal 0 0 -1
    outer loop
      vertex 1.08253 -0.625 1.8
      vertex 0.495999 -3.76749 1.8
      vertex 0.991692 -0.760951 1.8
    endloop
  endfacet
  facet normal 0 0 -1
    outer loop
      vertex 0.991692 -0.760951 1.8
      vertex 0.495999 -3.76749 1.8
      vertex 0.883883 -0.883883 1.8
    endloop
  endfacet
  facet normal 0 0 -1
    outer loop
      vertex 0.883883 -0.883883 1.8
      vertex 0.495999 -3.76749 1.8
      vertex 0.760951 -0.991692 1.8
    endloop
  endfacet
  facet normal 0 0 -1
    outer loop
      vertex 0.760951 -0.991692 1.8
      vertex 0.495999 -3.76749 1.8
      vertex 0.625 -1.08253 1.8
    endloop
  endfacet
  facet normal 0 0 -1
    outer loop
      vertex 0.495999 -3.76749 1.8
      vertex 0.478354 -1.15485 1.8
      vertex 0.625 -1.08253 1.8
    endloop
  endfacet
  facet normal 0 0 -1
    outer loop
      vertex 0.495999 -3.76749 1.8
      vertex 0.323524 -1.20741 1.8
      vertex 0.478354 -1.15485 1.8
    endloop
  endfacet
  facet normal 0 0 -1
    outer loop
      vertex 0.495999 -3.76749 1.8
      vertex 0.163157 -1.23931 1.8
      vertex 0.323524 -1.20741 1.8
    endloop
  endfacet
  facet normal 0 0 -1
    outer loop
      vertex 0 -3.8 1.8
      vertex 0.163157 -1.23931 1.8
      vertex 0.495999 -3.76749 1.8
    endloop
  endfacet
  facet normal 0 0 -1
    outer loop
      vertex 0 -3.8 1.8
      vertex 0 -1.25 1.8
      vertex 0.163157 -1.23931 1.8
    endloop
  endfacet
  facet normal 0 0 -1
    outer loop
      vertex 0 -3.8 1.8
      vertex -0.163157 -1.23931 1.8
      vertex 0 -1.25 1.8
    endloop
  endfacet
  facet normal 0 0 -1
    outer loop
      vertex -0.495999 -3.76749 1.8
      vertex -0.163157 -1.23931 1.8
      vertex 0 -3.8 1.8
    endloop
  endfacet
  facet normal -0 0 -1
    outer loop
      vertex -0.163157 -1.23931 1.8
      vertex -0.495999 -3.76749 1.8
      vertex -0.323524 -1.20741 1.8
    endloop
  endfacet
  facet normal 0 0 -1
    outer loop
      vertex -0.983512 -3.67052 1.8
      vertex -0.323524 -1.20741 1.8
      vertex -0.495999 -3.76749 1.8
    endloop
  endfacet
  facet normal -0 0 -1
    outer loop
      vertex -0.323524 -1.20741 1.8
      vertex -0.983512 -3.67052 1.8
      vertex -0.478354 -1.15485 1.8
    endloop
  endfacet
  facet normal 0 0 -1
    outer loop
      vertex -1.4542 -3.51074 1.8
      vertex -0.478354 -1.15485 1.8
      vertex -0.983512 -3.67052 1.8
    endloop
  endfacet
  facet normal -0 0 -1
    outer loop
      vertex -0.478354 -1.15485 1.8
      vertex -1.4542 -3.51074 1.8
      vertex -0.625 -1.08253 1.8
    endloop
  endfacet
  facet normal 0 0 -1
    outer loop
      vertex -1.9 -3.2909 1.8
      vertex -0.625 -1.08253 1.8
      vertex -1.4542 -3.51074 1.8
    endloop
  endfacet
  facet normal -0 0 -1
    outer loop
      vertex -0.625 -1.08253 1.8
      vertex -1.9 -3.2909 1.8
      vertex -0.760951 -0.991692 1.8
    endloop
  endfacet
  facet normal 0 0 -1
    outer loop
      vertex -2.31329 -3.01474 1.8
      vertex -0.760951 -0.991692 1.8
      vertex -1.9 -3.2909 1.8
    endloop
  endfacet
  facet normal -0 0 -1
    outer loop
      vertex -0.760951 -0.991692 1.8
      vertex -2.31329 -3.01474 1.8
      vertex -0.883883 -0.883883 1.8
    endloop
  endfacet
  facet normal 0 0 -1
    outer loop
      vertex -2.68701 -2.68701 1.8
      vertex -0.883883 -0.883883 1.8
      vertex -2.31329 -3.01474 1.8
    endloop
  endfacet
  facet normal -0 0 -1
    outer loop
      vertex -0.883883 -0.883883 1.8
      vertex -2.68701 -2.68701 1.8
      vertex -0.991692 -0.760951 1.8
    endloop
  endfacet
  facet normal -0 0 -1
    outer loop
      vertex -0.991692 -0.760951 1.8
      vertex -3.01474 -2.31329 1.8
      vertex -1.08253 -0.625 1.8
    endloop
  endfacet
  facet normal 0 0 -1
    outer loop
      vertex -3.01474 -2.31329 1.8
      vertex -0.991692 -0.760951 1.8
      vertex -2.68701 -2.68701 1.8
    endloop
  endfacet
  facet normal 0 0 -1
    outer loop
      vertex 1.23931 0.163157 1.8
      vertex 16.3002 2.28032 1.8
      vertex 1.25 0 1.8
    endloop
  endfacet
  facet normal 0 0 -1
    outer loop
      vertex 1.20741 0.323524 1.8
      vertex 16.3002 2.28032 1.8
      vertex 1.23931 0.163157 1.8
    endloop
  endfacet
  facet normal 0 0 -1
    outer loop
      vertex 1.15485 0.478354 1.8
      vertex 16.3002 2.28032 1.8
      vertex 1.20741 0.323524 1.8
    endloop
  endfacet
  facet normal 0 0 -1
    outer loop
      vertex 0.495999 3.76749 1.8
      vertex 1.15485 0.478354 1.8
      vertex 1.08253 0.625 1.8
    endloop
  endfacet
  facet normal 0 0 -1
    outer loop
      vertex 0.495999 3.76749 1.8
      vertex 1.08253 0.625 1.8
      vertex 0.991692 0.760951 1.8
    endloop
  endfacet
  facet normal 0 0 -1
    outer loop
      vertex 0.495999 3.76749 1.8
      vertex 0.991692 0.760951 1.8
      vertex 0.883883 0.883883 1.8
    endloop
  endfacet
  facet normal 0 0 -1
    outer loop
      vertex 0.495999 3.76749 1.8
      vertex 0.883883 0.883883 1.8
      vertex 0.760951 0.991692 1.8
    endloop
  endfacet
  facet normal 0 0 -1
    outer loop
      vertex 0.495999 3.76749 1.8
      vertex 0.760951 0.991692 1.8
      vertex 0.625 1.08253 1.8
    endloop
  endfacet
  facet normal 0 0 -1
    outer loop
      vertex 1.15485 0.478354 1.8
      vertex 0.495999 3.76749 1.8
      vertex 16.3002 2.28032 1.8
    endloop
  endfacet
  facet normal 0 0 -1
    outer loop
      vertex 0.478354 1.15485 1.8
      vertex 0.495999 3.76749 1.8
      vertex 0.625 1.08253 1.8
    endloop
  endfacet
  facet normal 0 0 -1
    outer loop
      vertex 0.323524 1.20741 1.8
      vertex 0.495999 3.76749 1.8
      vertex 0.478354 1.15485 1.8
    endloop
  endfacet
  facet normal 0 0 -1
    outer loop
      vertex 0.163157 1.23931 1.8
      vertex 0.495999 3.76749 1.8
      vertex 0.323524 1.20741 1.8
    endloop
  endfacet
  facet normal 0 0 -1
    outer loop
      vertex 0 1.25 1.8
      vertex 0.495999 3.76749 1.8
      vertex 0.163157 1.23931 1.8
    endloop
  endfacet
  facet normal 0 0 -1
    outer loop
      vertex 0 1.25 1.8
      vertex 0 3.8 1.8
      vertex 0.495999 3.76749 1.8
    endloop
  endfacet
  facet normal 0 0 -1
    outer loop
      vertex -0.163157 1.23931 1.8
      vertex 0 3.8 1.8
      vertex 0 1.25 1.8
    endloop
  endfacet
  facet normal 0 0 -1
    outer loop
      vertex -0.495999 3.76749 1.8
      vertex -0.163157 1.23931 1.8
      vertex -0.323524 1.20741 1.8
    endloop
  endfacet
  facet normal 0 0 -1
    outer loop
      vertex -0.983512 3.67052 1.8
      vertex -0.323524 1.20741 1.8
      vertex -0.478354 1.15485 1.8
    endloop
  endfacet
  facet normal 0 0 -1
    outer loop
      vertex -0.163157 1.23931 1.8
      vertex -0.495999 3.76749 1.8
      vertex 0 3.8 1.8
    endloop
  endfacet
  facet normal 0 0 -1
    outer loop
      vertex -1.4542 3.51074 1.8
      vertex -0.478354 1.15485 1.8
      vertex -0.625 1.08253 1.8
    endloop
  endfacet
  facet normal 0 0 -1
    outer loop
      vertex -1.9 3.2909 1.8
      vertex -0.625 1.08253 1.8
      vertex -0.760951 0.991692 1.8
    endloop
  endfacet
  facet normal 0 0 -1
    outer loop
      vertex -2.31329 3.01474 1.8
      vertex -0.760951 0.991692 1.8
      vertex -0.883883 0.883883 1.8
    endloop
  endfacet
  facet normal 0 0 -1
    outer loop
      vertex -0.323524 1.20741 1.8
      vertex -0.983512 3.67052 1.8
      vertex -0.495999 3.76749 1.8
    endloop
  endfacet
  facet normal 0 0 -1
    outer loop
      vertex -2.68701 2.68701 1.8
      vertex -0.883883 0.883883 1.8
      vertex -0.991692 0.760951 1.8
    endloop
  endfacet
  facet normal 0 0 -1
    outer loop
      vertex -3.01474 2.31329 1.8
      vertex -0.991692 0.760951 1.8
      vertex -1.08253 0.625 1.8
    endloop
  endfacet
  facet normal 0 0 -1
    outer loop
      vertex -3.2909 1.9 1.8
      vertex -1.08253 0.625 1.8
      vertex -1.15485 0.478354 1.8
    endloop
  endfacet
  facet normal 0 0 -1
    outer loop
      vertex -3.51074 1.4542 1.8
      vertex -1.15485 0.478354 1.8
      vertex -1.20741 0.323524 1.8
    endloop
  endfacet
  facet normal 0 0 -1
    outer loop
      vertex -3.67052 0.983512 1.8
      vertex -1.20741 0.323524 1.8
      vertex -1.23931 0.163157 1.8
    endloop
  endfacet
  facet normal 0 0 -1
    outer loop
      vertex -0.478354 1.15485 1.8
      vertex -1.4542 3.51074 1.8
      vertex -0.983512 3.67052 1.8
    endloop
  endfacet
  facet normal 0 0 -1
    outer loop
      vertex -3.76749 0.495999 1.8
      vertex -1.23931 0.163157 1.8
      vertex -1.25 0 1.8
    endloop
  endfacet
  facet normal 0 0 -1
    outer loop
      vertex -3.2909 -1.9 1.8
      vertex -1.08253 -0.625 1.8
      vertex -3.01474 -2.31329 1.8
    endloop
  endfacet
  facet normal -0 0 -1
    outer loop
      vertex -1.08253 -0.625 1.8
      vertex -3.2909 -1.9 1.8
      vertex -1.15485 -0.478354 1.8
    endloop
  endfacet
  facet normal 0 0 -1
    outer loop
      vertex -0.625 1.08253 1.8
      vertex -1.9 3.2909 1.8
      vertex -1.4542 3.51074 1.8
    endloop
  endfacet
  facet normal 0 0 -1
    outer loop
      vertex -3.51074 -1.4542 1.8
      vertex -1.15485 -0.478354 1.8
      vertex -3.2909 -1.9 1.8
    endloop
  endfacet
  facet normal 0 0 -1
    outer loop
      vertex -0.760951 0.991692 1.8
      vertex -2.31329 3.01474 1.8
      vertex -1.9 3.2909 1.8
    endloop
  endfacet
  facet normal -0 0 -1
    outer loop
      vertex -1.15485 -0.478354 1.8
      vertex -3.51074 -1.4542 1.8
      vertex -1.20741 -0.323524 1.8
    endloop
  endfacet
  facet normal 0 0 -1
    outer loop
      vertex -0.883883 0.883883 1.8
      vertex -2.68701 2.68701 1.8
      vertex -2.31329 3.01474 1.8
    endloop
  endfacet
  facet normal 0 0 -1
    outer loop
      vertex -3.67052 -0.983512 1.8
      vertex -1.20741 -0.323524 1.8
      vertex -3.51074 -1.4542 1.8
    endloop
  endfacet
  facet normal 0 0 -1
    outer loop
      vertex -0.991692 0.760951 1.8
      vertex -3.01474 2.31329 1.8
      vertex -2.68701 2.68701 1.8
    endloop
  endfacet
  facet normal -0 0 -1
    outer loop
      vertex -1.20741 -0.323524 1.8
      vertex -3.67052 -0.983512 1.8
      vertex -1.23931 -0.163157 1.8
    endloop
  endfacet
  facet normal 0 0 -1
    outer loop
      vertex -1.08253 0.625 1.8
      vertex -3.2909 1.9 1.8
      vertex -3.01474 2.31329 1.8
    endloop
  endfacet
  facet normal 0 0 -1
    outer loop
      vertex -3.76749 -0.495999 1.8
      vertex -1.23931 -0.163157 1.8
      vertex -3.67052 -0.983512 1.8
    endloop
  endfacet
  facet normal 0 0 -1
    outer loop
      vertex -1.15485 0.478354 1.8
      vertex -3.51074 1.4542 1.8
      vertex -3.2909 1.9 1.8
    endloop
  endfacet
  facet normal -0 0 -1
    outer loop
      vertex -1.23931 -0.163157 1.8
      vertex -3.76749 -0.495999 1.8
      vertex -1.25 0 1.8
    endloop
  endfacet
  facet normal 0 0 -1
    outer loop
      vertex -1.20741 0.323524 1.8
      vertex -3.67052 0.983512 1.8
      vertex -3.51074 1.4542 1.8
    endloop
  endfacet
  facet normal 0 0 -1
    outer loop
      vertex -3.8 0 1.8
      vertex -1.25 0 1.8
      vertex -3.76749 -0.495999 1.8
    endloop
  endfacet
  facet normal 0 0 -1
    outer loop
      vertex -1.23931 0.163157 1.8
      vertex -3.76749 0.495999 1.8
      vertex -3.67052 0.983512 1.8
    endloop
  endfacet
  facet normal 0 0 -1
    outer loop
      vertex -1.25 0 1.8
      vertex -3.8 0 1.8
      vertex -3.76749 0.495999 1.8
    endloop
  endfacet
  facet normal 0.714994 0.0468612 -0.697558
    outer loop
      vertex -3.76749 -0.495999 0.41
      vertex -4.16407 -0.548209 0
      vertex -4.2 0 0
    endloop
  endfacet
  facet normal 0.702762 0.139788 -0.697556
    outer loop
      vertex -3.67052 -0.983512 0.41
      vertex -4.05689 -1.08704 0
      vertex -4.16407 -0.548209 0
    endloop
  endfacet
  facet normal 0.714996 0.046864 -0.697557
    outer loop
      vertex -3.8 0 0.41
      vertex -3.76749 -0.495999 0.41
      vertex -4.2 0 0
    endloop
  endfacet
  facet normal 0.64264 0.316905 -0.697556
    outer loop
      vertex -3.2909 -1.9 0.41
      vertex -3.63731 -2.1 0
      vertex -3.88029 -1.60727 0
    endloop
  endfacet
  facet normal -0.702741 0.139798 -0.697575
    outer loop
      vertex 18.2803 -0.30021 0.41
      vertex 18.6769 -0.35242 0
      vertex 18.2216 -0.595284 0.41
    endloop
  endfacet
  facet normal 0.316905 0.64264 -0.697556
    outer loop
      vertex -1.9 -3.2909 0.41
      vertex -1.60727 -3.88029 0
      vertex -2.1 -3.63731 0
    endloop
  endfacet
  facet normal 0.642641 0.316909 -0.697554
    outer loop
      vertex -3.51074 -1.4542 0.41
      vertex -3.2909 -1.9 0.41
      vertex -3.88029 -1.60727 0
    endloop
  endfacet
  facet normal 0.046864 0.714996 -0.697557
    outer loop
      vertex 0 -3.8 0.41
      vertex 0 -4.2 0
      vertex -0.495999 -3.76749 0.41
    endloop
  endfacet
  facet normal -0.139783 0.702768 -0.697551
    outer loop
      vertex 16.5953 -2.22163 0.41
      vertex 16.6988 -2.608 0
      vertex 16.3524 -2.6769 0
    endloop
  endfacet
  facet normal 0.714994 -0.0468612 -0.697558
    outer loop
      vertex -4.16407 0.548209 0
      vertex -3.76749 0.495999 0.41
      vertex -4.2 0 0
    endloop
  endfacet
  facet normal 0.595765 0.39809 -0.697559
    outer loop
      vertex -3.2909 -1.9 0.41
      vertex -3.01474 -2.31329 0.41
      vertex -3.33208 -2.5568 0
    endloop
  endfacet
  facet normal 0.398088 -0.595769 -0.697556
    outer loop
      vertex -2.1 3.63731 0
      vertex -1.9 3.2909 0.41
      vertex -2.5568 3.33208 0
    endloop
  endfacet
  facet normal -0.538639 0.472461 -0.697602
    outer loop
      vertex 17.8247 -1.40015 0.41
      vertex 17.9092 -1.90919 0
      vertex 17.6263 -1.62634 0.41
    endloop
  endfacet
  facet normal -0.595721 0.398179 -0.697545
    outer loop
      vertex 17.9919 -1.15 0.41
      vertex 18.3383 -1.35 0
      vertex 17.8247 -1.40015 0.41
    endloop
  endfacet
  facet normal 0.230325 -0.678504 -0.697554
    outer loop
      vertex -0.983512 3.67052 0.41
      vertex -1.4542 3.51074 0.41
      vertex -1.60727 3.88029 0
    endloop
  endfacet
  facet normal -0.538649 -0.472456 -0.697598
    outer loop
      vertex 17.9092 1.90919 0
      vertex 18.1421 1.64366 0
      vertex 17.8247 1.40015 0.41
    endloop
  endfacet
  facet normal -0.67847 -0.230294 -0.697598
    outer loop
      vertex 18.4945 1.03325 0
      vertex 18.2216 0.595284 0.41
      vertex 18.1249 0.880172 0.41
    endloop
  endfacet
  facet normal -0.139767 0.702765 -0.697557
    outer loop
      vertex 16.5953 -2.22163 0.41
      vertex 16.3524 -2.6769 0
      vertex 16.3002 -2.28032 0.41
    endloop
  endfacet
  facet normal -0.0468612 0.714994 -0.697558
    outer loop
      vertex 0.495999 -3.76749 0.41
      vertex 0.548209 -4.16407 0
      vertex 0 -4.2 0
    endloop
  endfacet
  facet normal 0.538723 0.472428 -0.697559
    outer loop
      vertex -3.01474 -2.31329 0.41
      vertex -2.68701 -2.68701 0.41
      vertex -3.33208 -2.5568 0
    endloop
  endfacet
  facet normal -0.139767 -0.702765 -0.697557
    outer loop
      vertex 16.3524 2.6769 0
      vertex 16.5953 2.22163 0.41
      vertex 16.3002 2.28032 0.41
    endloop
  endfacet
  facet normal -0.046864 0.714996 -0.697557
    outer loop
      vertex 0 -3.8 0.41
      vertex 0.495999 -3.76749 0.41
      vertex 0 -4.2 0
    endloop
  endfacet
  facet normal -0.67847 0.230294 -0.697598
    outer loop
      vertex 18.2216 -0.595284 0.41
      vertex 18.4945 -1.03325 0
      vertex 18.1249 -0.880172 0.41
    endloop
  endfacet
  facet normal 0.595765 -0.39809 -0.697559
    outer loop
      vertex -3.01474 2.31329 0.41
      vertex -3.2909 1.9 0.41
      vertex -3.33208 2.5568 0
    endloop
  endfacet
  facet normal -0.472528 0.538582 -0.6976
    outer loop
      vertex 17.6263 -1.62634 0.41
      vertex 17.9092 -1.90919 0
      vertex 17.4002 -1.82471 0.41
    endloop
  endfacet
  facet normal 0.046864 -0.714996 -0.697557
    outer loop
      vertex 0 4.2 0
      vertex 0 3.8 0.41
      vertex -0.495999 3.76749 0.41
    endloop
  endfacet
  facet normal 0.472428 0.538723 -0.697559
    outer loop
      vertex -2.31329 -3.01474 0.41
      vertex -2.5568 -3.33208 0
      vertex -2.68701 -2.68701 0.41
    endloop
  endfacet
  facet normal 0.316905 -0.64264 -0.697556
    outer loop
      vertex -1.60727 3.88029 0
      vertex -1.9 3.2909 0.41
      vertex -2.1 3.63731 0
    endloop
  endfacet
  facet normal -0.678495 0.230264 -0.697583
    outer loop
      vertex 18.608 -0.698811 0
      vertex 18.4945 -1.03325 0
      vertex 18.2216 -0.595284 0.41
    endloop
  endfacet
  facet normal -0.538649 0.472456 -0.697598
    outer loop
      vertex 18.1421 -1.64366 0
      vertex 17.9092 -1.90919 0
      vertex 17.8247 -1.40015 0.41
    endloop
  endfacet
  facet normal 0.0468612 0.714994 -0.697558
    outer loop
      vertex -0.495999 -3.76749 0.41
      vertex 0 -4.2 0
      vertex -0.548209 -4.16407 0
    endloop
  endfacet
  facet normal -0.067081 0.712872 -0.698079
    outer loop
      vertex 0.548209 -4.16407 0
      vertex 16.3002 -2.28032 0.41
      vertex 16.3524 -2.6769 0
    endloop
  endfacet
  facet normal -0.0670809 0.712871 -0.69808
    outer loop
      vertex 16.3002 -2.28032 0.41
      vertex 0.548209 -4.16407 0
      vertex 0.495999 -3.76749 0.41
    endloop
  endfacet
  facet normal 0.39809 -0.595765 -0.697559
    outer loop
      vertex -1.9 3.2909 0.41
      vertex -2.31329 3.01474 0.41
      vertex -2.5568 3.33208 0
    endloop
  endfacet
  facet normal -0.046864 -0.714996 -0.697557
    outer loop
      vertex 0.495999 3.76749 0.41
      vertex 0 3.8 0.41
      vertex 0 4.2 0
    endloop
  endfacet
  facet normal -0.0670809 -0.712871 -0.69808
    outer loop
      vertex 0.548209 4.16407 0
      vertex 16.3002 2.28032 0.41
      vertex 0.495999 3.76749 0.41
    endloop
  endfacet
  facet normal -0.067081 -0.712872 -0.698079
    outer loop
      vertex 16.3002 2.28032 0.41
      vertex 0.548209 4.16407 0
      vertex 16.3524 2.6769 0
    endloop
  endfacet
  facet normal 0.702761 -0.139784 -0.697558
    outer loop
      vertex -3.67052 0.983512 0.41
      vertex -3.76749 0.495999 0.41
      vertex -4.16407 0.548209 0
    endloop
  endfacet
  facet normal -0.230327 -0.678525 -0.697534
    outer loop
      vertex 17.0332 2.49447 0
      vertex 16.8802 2.12492 0.41
      vertex 16.5953 2.22163 0.41
    endloop
  endfacet
  facet normal -0.702741 -0.139798 -0.697575
    outer loop
      vertex 18.6769 0.35242 0
      vertex 18.2803 0.30021 0.41
      vertex 18.2216 0.595284 0.41
    endloop
  endfacet
  facet normal -0.702738 -0.13978 -0.697583
    outer loop
      vertex 18.608 0.698811 0
      vertex 18.6769 0.35242 0
      vertex 18.2216 0.595284 0.41
    endloop
  endfacet
  facet normal -0.398035 -0.595802 -0.697558
    outer loop
      vertex 17.35 2.33827 0
      vertex 17.4002 1.82471 0.41
      vertex 17.15 1.99186 0.41
    endloop
  endfacet
  facet normal 0.678504 0.230325 -0.697554
    outer loop
      vertex -3.67052 -0.983512 0.41
      vertex -3.51074 -1.4542 0.41
      vertex -3.88029 -1.60727 0
    endloop
  endfacet
  facet normal -0.316931 -0.642627 -0.697557
    outer loop
      vertex 17.35 2.33827 0
      vertex 17.15 1.99186 0.41
      vertex 16.8802 2.12492 0.41
    endloop
  endfacet
  facet normal -0.714994 0.0469184 -0.697555
    outer loop
      vertex 18.3 0 0.41
      vertex 18.7 0 0
      vertex 18.2803 -0.30021 0.41
    endloop
  endfacet
  facet normal -0.714976 -0.0468644 -0.697576
    outer loop
      vertex 18.6769 0.35242 0
      vertex 18.7 0 0
      vertex 18.2803 0.30021 0.41
    endloop
  endfacet
  facet normal -0.642708 0.316795 -0.697544
    outer loop
      vertex 18.1249 -0.880172 0.41
      vertex 18.3383 -1.35 0
      vertex 17.9919 -1.15 0.41
    endloop
  endfacet
  facet normal -0.0468612 -0.714994 -0.697558
    outer loop
      vertex 0.548209 4.16407 0
      vertex 0.495999 3.76749 0.41
      vertex 0 4.2 0
    endloop
  endfacet
  facet normal 0.642641 -0.316909 -0.697554
    outer loop
      vertex -3.2909 1.9 0.41
      vertex -3.51074 1.4542 0.41
      vertex -3.88029 1.60727 0
    endloop
  endfacet
  facet normal 0.714996 -0.046864 -0.697557
    outer loop
      vertex -3.76749 0.495999 0.41
      vertex -3.8 0 0.41
      vertex -4.2 0 0
    endloop
  endfacet
  facet normal -0.702738 0.13978 -0.697583
    outer loop
      vertex 18.6769 -0.35242 0
      vertex 18.608 -0.698811 0
      vertex 18.2216 -0.595284 0.41
    endloop
  endfacet
  facet normal -0.398051 -0.595799 -0.697552
    outer loop
      vertex 17.6437 2.14205 0
      vertex 17.4002 1.82471 0.41
      vertex 17.35 2.33827 0
    endloop
  endfacet
  facet normal 0.595769 0.398088 -0.697556
    outer loop
      vertex -3.2909 -1.9 0.41
      vertex -3.33208 -2.5568 0
      vertex -3.63731 -2.1 0
    endloop
  endfacet
  facet normal 0.139788 0.702762 -0.697556
    outer loop
      vertex -0.983512 -3.67052 0.41
      vertex -0.548209 -4.16407 0
      vertex -1.08704 -4.05689 0
    endloop
  endfacet
  facet normal 0.538721 -0.472439 -0.697553
    outer loop
      vertex -2.96985 2.96985 0
      vertex -2.68701 2.68701 0.41
      vertex -3.33208 2.5568 0
    endloop
  endfacet
  facet normal -0.316879 0.642684 -0.697528
    outer loop
      vertex 17.35 -2.33827 0
      vertex 17.0332 -2.49447 0
      vertex 16.8802 -2.12492 0.41
    endloop
  endfacet
  facet normal 0.472439 0.538721 -0.697553
    outer loop
      vertex -2.68701 -2.68701 0.41
      vertex -2.5568 -3.33208 0
      vertex -2.96985 -2.96985 0
    endloop
  endfacet
  facet normal -0.642603 -0.316889 -0.697597
    outer loop
      vertex 18.3383 1.35 0
      vertex 18.4945 1.03325 0
      vertex 18.1249 0.880172 0.41
    endloop
  endfacet
  facet normal 0.316909 -0.642641 -0.697554
    outer loop
      vertex -1.60727 3.88029 0
      vertex -1.4542 3.51074 0.41
      vertex -1.9 3.2909 0.41
    endloop
  endfacet
  facet normal 0.538723 -0.472428 -0.697559
    outer loop
      vertex -2.68701 2.68701 0.41
      vertex -3.01474 2.31329 0.41
      vertex -3.33208 2.5568 0
    endloop
  endfacet
  facet normal 0.702762 -0.139788 -0.697556
    outer loop
      vertex -4.05689 1.08704 0
      vertex -3.67052 0.983512 0.41
      vertex -4.16407 0.548209 0
    endloop
  endfacet
  facet normal -0.472528 -0.538582 -0.6976
    outer loop
      vertex 17.9092 1.90919 0
      vertex 17.6263 1.62634 0.41
      vertex 17.4002 1.82471 0.41
    endloop
  endfacet
  facet normal 0.39809 0.595765 -0.697559
    outer loop
      vertex -2.31329 -3.01474 0.41
      vertex -1.9 -3.2909 0.41
      vertex -2.5568 -3.33208 0
    endloop
  endfacet
  facet normal -0.316931 0.642627 -0.697557
    outer loop
      vertex 17.15 -1.99186 0.41
      vertex 17.35 -2.33827 0
      vertex 16.8802 -2.12492 0.41
    endloop
  endfacet
  facet normal 0.472428 -0.538723 -0.697559
    outer loop
      vertex -2.5568 3.33208 0
      vertex -2.31329 3.01474 0.41
      vertex -2.68701 2.68701 0.41
    endloop
  endfacet
  facet normal -0.398035 0.595802 -0.697558
    outer loop
      vertex 17.4002 -1.82471 0.41
      vertex 17.35 -2.33827 0
      vertex 17.15 -1.99186 0.41
    endloop
  endfacet
  facet normal -0.538639 -0.472461 -0.697602
    outer loop
      vertex 17.9092 1.90919 0
      vertex 17.8247 1.40015 0.41
      vertex 17.6263 1.62634 0.41
    endloop
  endfacet
  facet normal -0.714994 -0.0469184 -0.697555
    outer loop
      vertex 18.7 0 0
      vertex 18.3 0 0.41
      vertex 18.2803 0.30021 0.41
    endloop
  endfacet
  facet normal 0.472439 -0.538721 -0.697553
    outer loop
      vertex -2.5568 3.33208 0
      vertex -2.68701 2.68701 0.41
      vertex -2.96985 2.96985 0
    endloop
  endfacet
  facet normal 0.230328 -0.678502 -0.697556
    outer loop
      vertex -1.08704 4.05689 0
      vertex -0.983512 3.67052 0.41
      vertex -1.60727 3.88029 0
    endloop
  endfacet
  facet normal 0.398088 0.595769 -0.697556
    outer loop
      vertex -1.9 -3.2909 0.41
      vertex -2.1 -3.63731 0
      vertex -2.5568 -3.33208 0
    endloop
  endfacet
  facet normal 0.64264 -0.316905 -0.697556
    outer loop
      vertex -3.63731 2.1 0
      vertex -3.2909 1.9 0.41
      vertex -3.88029 1.60727 0
    endloop
  endfacet
  facet normal -0.714976 0.0468644 -0.697576
    outer loop
      vertex 18.7 0 0
      vertex 18.6769 -0.35242 0
      vertex 18.2803 -0.30021 0.41
    endloop
  endfacet
  facet normal -0.642603 0.316889 -0.697597
    outer loop
      vertex 18.4945 -1.03325 0
      vertex 18.3383 -1.35 0
      vertex 18.1249 -0.880172 0.41
    endloop
  endfacet
  facet normal 0.316909 0.642641 -0.697554
    outer loop
      vertex -1.4542 -3.51074 0.41
      vertex -1.60727 -3.88029 0
      vertex -1.9 -3.2909 0.41
    endloop
  endfacet
  facet normal 0.538721 0.472439 -0.697553
    outer loop
      vertex -2.68701 -2.68701 0.41
      vertex -2.96985 -2.96985 0
      vertex -3.33208 -2.5568 0
    endloop
  endfacet
  facet normal -0.316879 -0.642684 -0.697528
    outer loop
      vertex 17.0332 2.49447 0
      vertex 17.35 2.33827 0
      vertex 16.8802 2.12492 0.41
    endloop
  endfacet
  facet normal -0.230327 0.678525 -0.697534
    outer loop
      vertex 16.8802 -2.12492 0.41
      vertex 17.0332 -2.49447 0
      vertex 16.5953 -2.22163 0.41
    endloop
  endfacet
  facet normal -0.230354 0.678502 -0.697547
    outer loop
      vertex 17.0332 -2.49447 0
      vertex 16.6988 -2.608 0
      vertex 16.5953 -2.22163 0.41
    endloop
  endfacet
  facet normal -0.595721 -0.398179 -0.697545
    outer loop
      vertex 18.3383 1.35 0
      vertex 17.9919 1.15 0.41
      vertex 17.8247 1.40015 0.41
    endloop
  endfacet
  facet normal -0.47247 -0.538696 -0.697552
    outer loop
      vertex 17.6437 2.14205 0
      vertex 17.9092 1.90919 0
      vertex 17.4002 1.82471 0.41
    endloop
  endfacet
  facet normal -0.47247 0.538696 -0.697552
    outer loop
      vertex 17.9092 -1.90919 0
      vertex 17.6437 -2.14205 0
      vertex 17.4002 -1.82471 0.41
    endloop
  endfacet
  facet normal -0.398051 0.595799 -0.697552
    outer loop
      vertex 17.4002 -1.82471 0.41
      vertex 17.6437 -2.14205 0
      vertex 17.35 -2.33827 0
    endloop
  endfacet
  facet normal -0.139783 -0.702768 -0.697551
    outer loop
      vertex 16.6988 2.608 0
      vertex 16.5953 2.22163 0.41
      vertex 16.3524 2.6769 0
    endloop
  endfacet
  facet normal -0.230354 -0.678502 -0.697547
    outer loop
      vertex 16.6988 2.608 0
      vertex 17.0332 2.49447 0
      vertex 16.5953 2.22163 0.41
    endloop
  endfacet
  facet normal 0.678504 -0.230325 -0.697554
    outer loop
      vertex -3.51074 1.4542 0.41
      vertex -3.67052 0.983512 0.41
      vertex -3.88029 1.60727 0
    endloop
  endfacet
  facet normal 0.678502 -0.230328 -0.697556
    outer loop
      vertex -3.88029 1.60727 0
      vertex -3.67052 0.983512 0.41
      vertex -4.05689 1.08704 0
    endloop
  endfacet
  facet normal -0.595752 -0.398034 -0.697602
    outer loop
      vertex 18.1421 1.64366 0
      vertex 18.3383 1.35 0
      vertex 17.8247 1.40015 0.41
    endloop
  endfacet
  facet normal -0.678495 -0.230264 -0.697583
    outer loop
      vertex 18.4945 1.03325 0
      vertex 18.608 0.698811 0
      vertex 18.2216 0.595284 0.41
    endloop
  endfacet
  facet normal 0.595769 -0.398088 -0.697556
    outer loop
      vertex -3.33208 2.5568 0
      vertex -3.2909 1.9 0.41
      vertex -3.63731 2.1 0
    endloop
  endfacet
  facet normal -0.595752 0.398034 -0.697602
    outer loop
      vertex 18.3383 -1.35 0
      vertex 18.1421 -1.64366 0
      vertex 17.8247 -1.40015 0.41
    endloop
  endfacet
  facet normal 0.139784 0.702761 -0.697558
    outer loop
      vertex -0.495999 -3.76749 0.41
      vertex -0.548209 -4.16407 0
      vertex -0.983512 -3.67052 0.41
    endloop
  endfacet
  facet normal 0.702761 0.139784 -0.697558
    outer loop
      vertex -3.76749 -0.495999 0.41
      vertex -3.67052 -0.983512 0.41
      vertex -4.16407 -0.548209 0
    endloop
  endfacet
  facet normal 0.678502 0.230328 -0.697556
    outer loop
      vertex -3.67052 -0.983512 0.41
      vertex -3.88029 -1.60727 0
      vertex -4.05689 -1.08704 0
    endloop
  endfacet
  facet normal 0.230328 0.678502 -0.697556
    outer loop
      vertex -0.983512 -3.67052 0.41
      vertex -1.08704 -4.05689 0
      vertex -1.60727 -3.88029 0
    endloop
  endfacet
  facet normal 0.230325 0.678504 -0.697554
    outer loop
      vertex -1.4542 -3.51074 0.41
      vertex -0.983512 -3.67052 0.41
      vertex -1.60727 -3.88029 0
    endloop
  endfacet
  facet normal -0.642708 -0.316795 -0.697544
    outer loop
      vertex 18.3383 1.35 0
      vertex 18.1249 0.880172 0.41
      vertex 17.9919 1.15 0.41
    endloop
  endfacet
  facet normal 0.139784 -0.702761 -0.697558
    outer loop
      vertex -0.548209 4.16407 0
      vertex -0.495999 3.76749 0.41
      vertex -0.983512 3.67052 0.41
    endloop
  endfacet
  facet normal 0.139788 -0.702762 -0.697556
    outer loop
      vertex -0.548209 4.16407 0
      vertex -0.983512 3.67052 0.41
      vertex -1.08704 4.05689 0
    endloop
  endfacet
  facet normal 0.0468612 -0.714994 -0.697558
    outer loop
      vertex 0 4.2 0
      vertex -0.495999 3.76749 0.41
      vertex -0.548209 4.16407 0
    endloop
  endfacet
  facet normal -0.980784 0.195096 0
    outer loop
      vertex 1.20741 -0.323524 1.8
      vertex 1.23931 -0.163157 2.8
      vertex 1.23931 -0.163157 1.8
    endloop
  endfacet
  facet normal -0.980784 0.195096 0
    outer loop
      vertex 1.23931 -0.163157 2.8
      vertex 1.20741 -0.323524 1.8
      vertex 1.20741 -0.323524 2.8
    endloop
  endfacet
  facet normal -0.980784 -0.195096 0
    outer loop
      vertex 1.23931 0.163157 1.8
      vertex 1.20741 0.323524 2.8
      vertex 1.20741 0.323524 1.8
    endloop
  endfacet
  facet normal -0.980784 -0.195096 0
    outer loop
      vertex 1.20741 0.323524 2.8
      vertex 1.23931 0.163157 1.8
      vertex 1.23931 0.163157 2.8
    endloop
  endfacet
  facet normal -0.99786 -0.0653795 0
    outer loop
      vertex 1.25 0 1.8
      vertex 1.23931 0.163157 2.8
      vertex 1.23931 0.163157 1.8
    endloop
  endfacet
  facet normal -0.99786 -0.0653795 0
    outer loop
      vertex 1.23931 0.163157 2.8
      vertex 1.25 0 1.8
      vertex 1.25 0 2.8
    endloop
  endfacet
  facet normal -0.946926 -0.321452 0
    outer loop
      vertex 1.20741 0.323524 1.8
      vertex 1.15485 0.478354 2.8
      vertex 1.15485 0.478354 1.8
    endloop
  endfacet
  facet normal -0.946926 -0.321452 0
    outer loop
      vertex 1.15485 0.478354 2.8
      vertex 1.20741 0.323524 1.8
      vertex 1.20741 0.323524 2.8
    endloop
  endfacet
  facet normal -0.442299 0.896867 0
    outer loop
      vertex 0.625 -1.08253 1.8
      vertex 0.478354 -1.15485 2.8
      vertex 0.625 -1.08253 2.8
    endloop
  endfacet
  facet normal -0.442299 0.896867 0
    outer loop
      vertex 0.478354 -1.15485 2.8
      vertex 0.625 -1.08253 1.8
      vertex 0.478354 -1.15485 1.8
    endloop
  endfacet
  facet normal -0.195096 -0.980784 0
    outer loop
      vertex 0.163157 1.23931 1.8
      vertex 0.323524 1.20741 2.8
      vertex 0.163157 1.23931 2.8
    endloop
  endfacet
  facet normal -0.195096 -0.980784 -0
    outer loop
      vertex 0.323524 1.20741 2.8
      vertex 0.163157 1.23931 1.8
      vertex 0.323524 1.20741 1.8
    endloop
  endfacet
  facet normal -0.195096 0.980784 0
    outer loop
      vertex 0.323524 -1.20741 1.8
      vertex 0.163157 -1.23931 2.8
      vertex 0.323524 -1.20741 2.8
    endloop
  endfacet
  facet normal -0.195096 0.980784 0
    outer loop
      vertex 0.163157 -1.23931 2.8
      vertex 0.323524 -1.20741 1.8
      vertex 0.163157 -1.23931 1.8
    endloop
  endfacet
  facet normal -0.0653795 0.99786 0
    outer loop
      vertex 0.163157 -1.23931 1.8
      vertex 0 -1.25 2.8
      vertex 0.163157 -1.23931 2.8
    endloop
  endfacet
  facet normal -0.0653795 0.99786 0
    outer loop
      vertex 0 -1.25 2.8
      vertex 0.163157 -1.23931 1.8
      vertex 0 -1.25 1.8
    endloop
  endfacet
  facet normal 0.659348 -0.751838 0
    outer loop
      vertex -0.883883 0.883883 1.8
      vertex -0.760951 0.991692 2.8
      vertex -0.883883 0.883883 2.8
    endloop
  endfacet
  facet normal 0.659348 -0.751838 0
    outer loop
      vertex -0.760951 0.991692 2.8
      vertex -0.883883 0.883883 1.8
      vertex -0.760951 0.991692 1.8
    endloop
  endfacet
  facet normal 0.831474 -0.555564 0
    outer loop
      vertex -1.08253 0.625 2.8
      vertex -0.991692 0.760951 1.8
      vertex -0.991692 0.760951 2.8
    endloop
  endfacet
  facet normal 0.831474 -0.555564 0
    outer loop
      vertex -0.991692 0.760951 1.8
      vertex -1.08253 0.625 2.8
      vertex -1.08253 0.625 1.8
    endloop
  endfacet
  facet normal -0.321452 -0.946926 0
    outer loop
      vertex 0.323524 1.20741 1.8
      vertex 0.478354 1.15485 2.8
      vertex 0.323524 1.20741 2.8
    endloop
  endfacet
  facet normal -0.321452 -0.946926 -0
    outer loop
      vertex 0.478354 1.15485 2.8
      vertex 0.323524 1.20741 1.8
      vertex 0.478354 1.15485 1.8
    endloop
  endfacet
  facet normal -0.659348 0.751838 0
    outer loop
      vertex 0.883883 -0.883883 1.8
      vertex 0.760951 -0.991692 2.8
      vertex 0.883883 -0.883883 2.8
    endloop
  endfacet
  facet normal -0.659348 0.751838 0
    outer loop
      vertex 0.760951 -0.991692 2.8
      vertex 0.883883 -0.883883 1.8
      vertex 0.760951 -0.991692 1.8
    endloop
  endfacet
  facet normal 0.442299 -0.896867 0
    outer loop
      vertex -0.625 1.08253 1.8
      vertex -0.478354 1.15485 2.8
      vertex -0.625 1.08253 2.8
    endloop
  endfacet
  facet normal 0.442299 -0.896867 0
    outer loop
      vertex -0.478354 1.15485 2.8
      vertex -0.625 1.08253 1.8
      vertex -0.478354 1.15485 1.8
    endloop
  endfacet
  facet normal 0.0653795 0.99786 -0
    outer loop
      vertex 0 -1.25 1.8
      vertex -0.163157 -1.23931 2.8
      vertex 0 -1.25 2.8
    endloop
  endfacet
  facet normal 0.0653795 0.99786 0
    outer loop
      vertex -0.163157 -1.23931 2.8
      vertex 0 -1.25 1.8
      vertex -0.163157 -1.23931 1.8
    endloop
  endfacet
  facet normal -0.751838 0.659348 0
    outer loop
      vertex 0.883883 -0.883883 1.8
      vertex 0.991692 -0.760951 2.8
      vertex 0.991692 -0.760951 1.8
    endloop
  endfacet
  facet normal -0.751838 0.659348 0
    outer loop
      vertex 0.991692 -0.760951 2.8
      vertex 0.883883 -0.883883 1.8
      vertex 0.883883 -0.883883 2.8
    endloop
  endfacet
  facet normal 0.946926 0.321452 0
    outer loop
      vertex -1.15485 -0.478354 2.8
      vertex -1.20741 -0.323524 1.8
      vertex -1.20741 -0.323524 2.8
    endloop
  endfacet
  facet normal 0.946926 0.321452 0
    outer loop
      vertex -1.20741 -0.323524 1.8
      vertex -1.15485 -0.478354 2.8
      vertex -1.15485 -0.478354 1.8
    endloop
  endfacet
  facet normal -0.321452 0.946926 0
    outer loop
      vertex 0.478354 -1.15485 1.8
      vertex 0.323524 -1.20741 2.8
      vertex 0.478354 -1.15485 2.8
    endloop
  endfacet
  facet normal -0.321452 0.946926 0
    outer loop
      vertex 0.323524 -1.20741 2.8
      vertex 0.478354 -1.15485 1.8
      vertex 0.323524 -1.20741 1.8
    endloop
  endfacet
  facet normal 0.321452 -0.946926 0
    outer loop
      vertex -0.478354 1.15485 1.8
      vertex -0.323524 1.20741 2.8
      vertex -0.478354 1.15485 2.8
    endloop
  endfacet
  facet normal 0.321452 -0.946926 0
    outer loop
      vertex -0.323524 1.20741 2.8
      vertex -0.478354 1.15485 1.8
      vertex -0.323524 1.20741 1.8
    endloop
  endfacet
  facet normal -0.751838 -0.659348 0
    outer loop
      vertex 0.991692 0.760951 1.8
      vertex 0.883883 0.883883 2.8
      vertex 0.883883 0.883883 1.8
    endloop
  endfacet
  facet normal -0.751838 -0.659348 0
    outer loop
      vertex 0.883883 0.883883 2.8
      vertex 0.991692 0.760951 1.8
      vertex 0.991692 0.760951 2.8
    endloop
  endfacet
  facet normal 0.555564 -0.831474 0
    outer loop
      vertex -0.760951 0.991692 1.8
      vertex -0.625 1.08253 2.8
      vertex -0.760951 0.991692 2.8
    endloop
  endfacet
  facet normal 0.555564 -0.831474 0
    outer loop
      vertex -0.625 1.08253 2.8
      vertex -0.760951 0.991692 1.8
      vertex -0.625 1.08253 1.8
    endloop
  endfacet
  facet normal 0.946926 -0.321452 0
    outer loop
      vertex -1.20741 0.323524 2.8
      vertex -1.15485 0.478354 1.8
      vertex -1.15485 0.478354 2.8
    endloop
  endfacet
  facet normal 0.946926 -0.321452 0
    outer loop
      vertex -1.15485 0.478354 1.8
      vertex -1.20741 0.323524 2.8
      vertex -1.20741 0.323524 1.8
    endloop
  endfacet
  facet normal -0.896867 -0.442299 0
    outer loop
      vertex 1.15485 0.478354 1.8
      vertex 1.08253 0.625 2.8
      vertex 1.08253 0.625 1.8
    endloop
  endfacet
  facet normal -0.896867 -0.442299 0
    outer loop
      vertex 1.08253 0.625 2.8
      vertex 1.15485 0.478354 1.8
      vertex 1.15485 0.478354 2.8
    endloop
  endfacet
  facet normal 0.195096 -0.980784 0
    outer loop
      vertex -0.323524 1.20741 1.8
      vertex -0.163157 1.23931 2.8
      vertex -0.323524 1.20741 2.8
    endloop
  endfacet
  facet normal 0.195096 -0.980784 0
    outer loop
      vertex -0.163157 1.23931 2.8
      vertex -0.323524 1.20741 1.8
      vertex -0.163157 1.23931 1.8
    endloop
  endfacet
  facet normal -0.659348 -0.751838 0
    outer loop
      vertex 0.760951 0.991692 1.8
      vertex 0.883883 0.883883 2.8
      vertex 0.760951 0.991692 2.8
    endloop
  endfacet
  facet normal -0.659348 -0.751838 -0
    outer loop
      vertex 0.883883 0.883883 2.8
      vertex 0.760951 0.991692 1.8
      vertex 0.883883 0.883883 1.8
    endloop
  endfacet
  facet normal -0.99786 0.0653795 0
    outer loop
      vertex 1.23931 -0.163157 1.8
      vertex 1.25 0 2.8
      vertex 1.25 0 1.8
    endloop
  endfacet
  facet normal -0.99786 0.0653795 0
    outer loop
      vertex 1.25 0 2.8
      vertex 1.23931 -0.163157 1.8
      vertex 1.23931 -0.163157 2.8
    endloop
  endfacet
  facet normal -0.442299 -0.896867 0
    outer loop
      vertex 0.478354 1.15485 1.8
      vertex 0.625 1.08253 2.8
      vertex 0.478354 1.15485 2.8
    endloop
  endfacet
  facet normal -0.442299 -0.896867 -0
    outer loop
      vertex 0.625 1.08253 2.8
      vertex 0.478354 1.15485 1.8
      vertex 0.625 1.08253 1.8
    endloop
  endfacet
  facet normal 0.321452 0.946926 -0
    outer loop
      vertex -0.323524 -1.20741 1.8
      vertex -0.478354 -1.15485 2.8
      vertex -0.323524 -1.20741 2.8
    endloop
  endfacet
  facet normal 0.321452 0.946926 0
    outer loop
      vertex -0.478354 -1.15485 2.8
      vertex -0.323524 -1.20741 1.8
      vertex -0.478354 -1.15485 1.8
    endloop
  endfacet
  facet normal 0.980784 -0.195096 0
    outer loop
      vertex -1.23931 0.163157 2.8
      vertex -1.20741 0.323524 1.8
      vertex -1.20741 0.323524 2.8
    endloop
  endfacet
  facet normal 0.980784 -0.195096 0
    outer loop
      vertex -1.20741 0.323524 1.8
      vertex -1.23931 0.163157 2.8
      vertex -1.23931 0.163157 1.8
    endloop
  endfacet
  facet normal 0.0653795 -0.99786 0
    outer loop
      vertex -0.163157 1.23931 1.8
      vertex 0 1.25 2.8
      vertex -0.163157 1.23931 2.8
    endloop
  endfacet
  facet normal 0.0653795 -0.99786 0
    outer loop
      vertex 0 1.25 2.8
      vertex -0.163157 1.23931 1.8
      vertex 0 1.25 1.8
    endloop
  endfacet
  facet normal 0.195096 0.980784 -0
    outer loop
      vertex -0.163157 -1.23931 1.8
      vertex -0.323524 -1.20741 2.8
      vertex -0.163157 -1.23931 2.8
    endloop
  endfacet
  facet normal 0.195096 0.980784 0
    outer loop
      vertex -0.323524 -1.20741 2.8
      vertex -0.163157 -1.23931 1.8
      vertex -0.323524 -1.20741 1.8
    endloop
  endfacet
  facet normal -0.946926 0.321452 0
    outer loop
      vertex 1.15485 -0.478354 1.8
      vertex 1.20741 -0.323524 2.8
      vertex 1.20741 -0.323524 1.8
    endloop
  endfacet
  facet normal -0.946926 0.321452 0
    outer loop
      vertex 1.20741 -0.323524 2.8
      vertex 1.15485 -0.478354 1.8
      vertex 1.15485 -0.478354 2.8
    endloop
  endfacet
  facet normal -0.831474 -0.555564 0
    outer loop
      vertex 1.08253 0.625 1.8
      vertex 0.991692 0.760951 2.8
      vertex 0.991692 0.760951 1.8
    endloop
  endfacet
  facet normal -0.831474 -0.555564 0
    outer loop
      vertex 0.991692 0.760951 2.8
      vertex 1.08253 0.625 1.8
      vertex 1.08253 0.625 2.8
    endloop
  endfacet
  facet normal 0.896867 0.442299 0
    outer loop
      vertex -1.08253 -0.625 2.8
      vertex -1.15485 -0.478354 1.8
      vertex -1.15485 -0.478354 2.8
    endloop
  endfacet
  facet normal 0.896867 0.442299 0
    outer loop
      vertex -1.15485 -0.478354 1.8
      vertex -1.08253 -0.625 2.8
      vertex -1.08253 -0.625 1.8
    endloop
  endfacet
  facet normal -0.896867 0.442299 0
    outer loop
      vertex 1.08253 -0.625 1.8
      vertex 1.15485 -0.478354 2.8
      vertex 1.15485 -0.478354 1.8
    endloop
  endfacet
  facet normal -0.896867 0.442299 0
    outer loop
      vertex 1.15485 -0.478354 2.8
      vertex 1.08253 -0.625 1.8
      vertex 1.08253 -0.625 2.8
    endloop
  endfacet
  facet normal 0.751838 0.659348 0
    outer loop
      vertex -0.883883 -0.883883 2.8
      vertex -0.991692 -0.760951 1.8
      vertex -0.991692 -0.760951 2.8
    endloop
  endfacet
  facet normal 0.751838 0.659348 0
    outer loop
      vertex -0.991692 -0.760951 1.8
      vertex -0.883883 -0.883883 2.8
      vertex -0.883883 -0.883883 1.8
    endloop
  endfacet
  facet normal -0.831474 0.555564 0
    outer loop
      vertex 0.991692 -0.760951 1.8
      vertex 1.08253 -0.625 2.8
      vertex 1.08253 -0.625 1.8
    endloop
  endfacet
  facet normal -0.831474 0.555564 0
    outer loop
      vertex 1.08253 -0.625 2.8
      vertex 0.991692 -0.760951 1.8
      vertex 0.991692 -0.760951 2.8
    endloop
  endfacet
  facet normal 0.751838 -0.659348 0
    outer loop
      vertex -0.991692 0.760951 2.8
      vertex -0.883883 0.883883 1.8
      vertex -0.883883 0.883883 2.8
    endloop
  endfacet
  facet normal 0.751838 -0.659348 0
    outer loop
      vertex -0.883883 0.883883 1.8
      vertex -0.991692 0.760951 2.8
      vertex -0.991692 0.760951 1.8
    endloop
  endfacet
  facet normal -0.0653795 -0.99786 0
    outer loop
      vertex 0 1.25 1.8
      vertex 0.163157 1.23931 2.8
      vertex 0 1.25 2.8
    endloop
  endfacet
  facet normal -0.0653795 -0.99786 -0
    outer loop
      vertex 0.163157 1.23931 2.8
      vertex 0 1.25 1.8
      vertex 0.163157 1.23931 1.8
    endloop
  endfacet
  facet normal -0.555564 -0.831474 0
    outer loop
      vertex 0.625 1.08253 1.8
      vertex 0.760951 0.991692 2.8
      vertex 0.625 1.08253 2.8
    endloop
  endfacet
  facet normal -0.555564 -0.831474 -0
    outer loop
      vertex 0.760951 0.991692 2.8
      vertex 0.625 1.08253 1.8
      vertex 0.760951 0.991692 1.8
    endloop
  endfacet
  facet normal 0.442299 0.896867 -0
    outer loop
      vertex -0.478354 -1.15485 1.8
      vertex -0.625 -1.08253 2.8
      vertex -0.478354 -1.15485 2.8
    endloop
  endfacet
  facet normal 0.442299 0.896867 0
    outer loop
      vertex -0.625 -1.08253 2.8
      vertex -0.478354 -1.15485 1.8
      vertex -0.625 -1.08253 1.8
    endloop
  endfacet
  facet normal 0.831474 0.555564 0
    outer loop
      vertex -0.991692 -0.760951 2.8
      vertex -1.08253 -0.625 1.8
      vertex -1.08253 -0.625 2.8
    endloop
  endfacet
  facet normal 0.831474 0.555564 0
    outer loop
      vertex -1.08253 -0.625 1.8
      vertex -0.991692 -0.760951 2.8
      vertex -0.991692 -0.760951 1.8
    endloop
  endfacet
  facet normal 0.980784 0.195096 0
    outer loop
      vertex -1.20741 -0.323524 2.8
      vertex -1.23931 -0.163157 1.8
      vertex -1.23931 -0.163157 2.8
    endloop
  endfacet
  facet normal 0.980784 0.195096 0
    outer loop
      vertex -1.23931 -0.163157 1.8
      vertex -1.20741 -0.323524 2.8
      vertex -1.20741 -0.323524 1.8
    endloop
  endfacet
  facet normal 0.659348 0.751838 -0
    outer loop
      vertex -0.760951 -0.991692 1.8
      vertex -0.883883 -0.883883 2.8
      vertex -0.760951 -0.991692 2.8
    endloop
  endfacet
  facet normal 0.659348 0.751838 0
    outer loop
      vertex -0.883883 -0.883883 2.8
      vertex -0.760951 -0.991692 1.8
      vertex -0.883883 -0.883883 1.8
    endloop
  endfacet
  facet normal 0.896867 -0.442299 0
    outer loop
      vertex -1.15485 0.478354 2.8
      vertex -1.08253 0.625 1.8
      vertex -1.08253 0.625 2.8
    endloop
  endfacet
  facet normal 0.896867 -0.442299 0
    outer loop
      vertex -1.08253 0.625 1.8
      vertex -1.15485 0.478354 2.8
      vertex -1.15485 0.478354 1.8
    endloop
  endfacet
  facet normal 0.99786 0.0653795 0
    outer loop
      vertex -1.23931 -0.163157 2.8
      vertex -1.25 0 1.8
      vertex -1.25 0 2.8
    endloop
  endfacet
  facet normal 0.99786 0.0653795 0
    outer loop
      vertex -1.25 0 1.8
      vertex -1.23931 -0.163157 2.8
      vertex -1.23931 -0.163157 1.8
    endloop
  endfacet
  facet normal -0.555564 0.831474 0
    outer loop
      vertex 0.760951 -0.991692 1.8
      vertex 0.625 -1.08253 2.8
      vertex 0.760951 -0.991692 2.8
    endloop
  endfacet
  facet normal -0.555564 0.831474 0
    outer loop
      vertex 0.625 -1.08253 2.8
      vertex 0.760951 -0.991692 1.8
      vertex 0.625 -1.08253 1.8
    endloop
  endfacet
  facet normal 0.99786 -0.0653795 0
    outer loop
      vertex -1.25 0 2.8
      vertex -1.23931 0.163157 1.8
      vertex -1.23931 0.163157 2.8
    endloop
  endfacet
  facet normal 0.99786 -0.0653795 0
    outer loop
      vertex -1.23931 0.163157 1.8
      vertex -1.25 0 2.8
      vertex -1.25 0 1.8
    endloop
  endfacet
  facet normal 0.555564 0.831474 -0
    outer loop
      vertex -0.625 -1.08253 1.8
      vertex -0.760951 -0.991692 2.8
      vertex -0.625 -1.08253 2.8
    endloop
  endfacet
  facet normal 0.555564 0.831474 0
    outer loop
      vertex -0.760951 -0.991692 2.8
      vertex -0.625 -1.08253 1.8
      vertex -0.760951 -0.991692 1.8
    endloop
  endfacet
  facet normal -0.980783 -0.195103 0
    outer loop
      vertex 2.37947 0.313262 2.8
      vertex 2.31822 0.621165 3
      vertex 2.31822 0.621165 2.8
    endloop
  endfacet
  facet normal -0.980783 -0.195103 0
    outer loop
      vertex 2.31822 0.621165 3
      vertex 2.37947 0.313262 2.8
      vertex 2.37947 0.313262 3
    endloop
  endfacet
  facet normal -0.997859 -0.0653959 0
    outer loop
      vertex 2.4 0 2.8
      vertex 2.37947 0.313262 3
      vertex 2.37947 0.313262 2.8
    endloop
  endfacet
  facet normal -0.997859 -0.0653959 0
    outer loop
      vertex 2.37947 0.313262 3
      vertex 2.4 0 2.8
      vertex 2.4 0 3
    endloop
  endfacet
  facet normal -0.321436 -0.946931 0
    outer loop
      vertex 0.621165 2.31822 2.8
      vertex 0.91844 2.21731 3
      vertex 0.621165 2.31822 3
    endloop
  endfacet
  facet normal -0.321436 -0.946931 -0
    outer loop
      vertex 0.91844 2.21731 3
      vertex 0.621165 2.31822 2.8
      vertex 0.91844 2.21731 2.8
    endloop
  endfacet
  facet normal -0.55556 0.831476 0
    outer loop
      vertex 1.46103 -1.90405 2.8
      vertex 1.2 -2.07846 3
      vertex 1.46103 -1.90405 3
    endloop
  endfacet
  facet normal -0.55556 0.831476 0
    outer loop
      vertex 1.2 -2.07846 3
      vertex 1.46103 -1.90405 2.8
      vertex 1.2 -2.07846 2.8
    endloop
  endfacet
  facet normal -0.659341 -0.751844 0
    outer loop
      vertex 1.46103 1.90405 2.8
      vertex 1.69706 1.69706 3
      vertex 1.46103 1.90405 3
    endloop
  endfacet
  facet normal -0.659341 -0.751844 -0
    outer loop
      vertex 1.69706 1.69706 3
      vertex 1.46103 1.90405 2.8
      vertex 1.69706 1.69706 2.8
    endloop
  endfacet
  facet normal 0.195103 0.980783 -0
    outer loop
      vertex -0.313262 -2.37947 2.8
      vertex -0.621165 -2.31822 3
      vertex -0.313262 -2.37947 3
    endloop
  endfacet
  facet normal 0.195103 0.980783 0
    outer loop
      vertex -0.621165 -2.31822 3
      vertex -0.313262 -2.37947 2.8
      vertex -0.621165 -2.31822 2.8
    endloop
  endfacet
  facet normal -0.751844 0.659341 0
    outer loop
      vertex 1.69706 -1.69706 2.8
      vertex 1.90405 -1.46103 3
      vertex 1.90405 -1.46103 2.8
    endloop
  endfacet
  facet normal -0.751844 0.659341 0
    outer loop
      vertex 1.90405 -1.46103 3
      vertex 1.69706 -1.69706 2.8
      vertex 1.69706 -1.69706 3
    endloop
  endfacet
  facet normal 0.946931 -0.321436 0
    outer loop
      vertex -2.31822 0.621165 3
      vertex -2.21731 0.91844 2.8
      vertex -2.21731 0.91844 3
    endloop
  endfacet
  facet normal 0.946931 -0.321436 0
    outer loop
      vertex -2.21731 0.91844 2.8
      vertex -2.31822 0.621165 3
      vertex -2.31822 0.621165 2.8
    endloop
  endfacet
  facet normal -0.0653959 -0.997859 0
    outer loop
      vertex 0 2.4 2.8
      vertex 0.313262 2.37947 3
      vertex 0 2.4 3
    endloop
  endfacet
  facet normal -0.0653959 -0.997859 -0
    outer loop
      vertex 0.313262 2.37947 3
      vertex 0 2.4 2.8
      vertex 0.313262 2.37947 2.8
    endloop
  endfacet
  facet normal 0.321436 -0.946931 0
    outer loop
      vertex -0.91844 2.21731 2.8
      vertex -0.621165 2.31822 3
      vertex -0.91844 2.21731 3
    endloop
  endfacet
  facet normal 0.321436 -0.946931 0
    outer loop
      vertex -0.621165 2.31822 3
      vertex -0.91844 2.21731 2.8
      vertex -0.621165 2.31822 2.8
    endloop
  endfacet
  facet normal 0.997859 0.0653959 0
    outer loop
      vertex -2.37947 -0.313262 3
      vertex -2.4 0 2.8
      vertex -2.4 0 3
    endloop
  endfacet
  facet normal 0.997859 0.0653959 0
    outer loop
      vertex -2.4 0 2.8
      vertex -2.37947 -0.313262 3
      vertex -2.37947 -0.313262 2.8
    endloop
  endfacet
  facet normal 0.0653959 0.997859 -0
    outer loop
      vertex 0 -2.4 2.8
      vertex -0.313262 -2.37947 3
      vertex 0 -2.4 3
    endloop
  endfacet
  facet normal 0.0653959 0.997859 0
    outer loop
      vertex -0.313262 -2.37947 3
      vertex 0 -2.4 2.8
      vertex -0.313262 -2.37947 2.8
    endloop
  endfacet
  facet normal -0.997859 0.0653959 0
    outer loop
      vertex 2.37947 -0.313262 2.8
      vertex 2.4 0 3
      vertex 2.4 0 2.8
    endloop
  endfacet
  facet normal -0.997859 0.0653959 0
    outer loop
      vertex 2.4 0 3
      vertex 2.37947 -0.313262 2.8
      vertex 2.37947 -0.313262 3
    endloop
  endfacet
  facet normal -0.751844 -0.659341 0
    outer loop
      vertex 1.90405 1.46103 2.8
      vertex 1.69706 1.69706 3
      vertex 1.69706 1.69706 2.8
    endloop
  endfacet
  facet normal -0.751844 -0.659341 0
    outer loop
      vertex 1.69706 1.69706 3
      vertex 1.90405 1.46103 2.8
      vertex 1.90405 1.46103 3
    endloop
  endfacet
  facet normal 0.946931 0.321436 0
    outer loop
      vertex -2.21731 -0.91844 3
      vertex -2.31822 -0.621165 2.8
      vertex -2.31822 -0.621165 3
    endloop
  endfacet
  facet normal 0.946931 0.321436 0
    outer loop
      vertex -2.31822 -0.621165 2.8
      vertex -2.21731 -0.91844 3
      vertex -2.21731 -0.91844 2.8
    endloop
  endfacet
  facet normal 0.980783 0.195103 0
    outer loop
      vertex -2.31822 -0.621165 3
      vertex -2.37947 -0.313262 2.8
      vertex -2.37947 -0.313262 3
    endloop
  endfacet
  facet normal 0.980783 0.195103 0
    outer loop
      vertex -2.37947 -0.313262 2.8
      vertex -2.31822 -0.621165 3
      vertex -2.31822 -0.621165 2.8
    endloop
  endfacet
  facet normal -0.195103 -0.980783 0
    outer loop
      vertex 0.313262 2.37947 2.8
      vertex 0.621165 2.31822 3
      vertex 0.313262 2.37947 3
    endloop
  endfacet
  facet normal -0.195103 -0.980783 -0
    outer loop
      vertex 0.621165 2.31822 3
      vertex 0.313262 2.37947 2.8
      vertex 0.621165 2.31822 2.8
    endloop
  endfacet
  facet normal 0.751844 0.659341 0
    outer loop
      vertex -1.69706 -1.69706 3
      vertex -1.90405 -1.46103 2.8
      vertex -1.90405 -1.46103 3
    endloop
  endfacet
  facet normal 0.751844 0.659341 0
    outer loop
      vertex -1.90405 -1.46103 2.8
      vertex -1.69706 -1.69706 3
      vertex -1.69706 -1.69706 2.8
    endloop
  endfacet
  facet normal 0.659341 -0.751844 0
    outer loop
      vertex -1.69706 1.69706 2.8
      vertex -1.46103 1.90405 3
      vertex -1.69706 1.69706 3
    endloop
  endfacet
  facet normal 0.659341 -0.751844 0
    outer loop
      vertex -1.46103 1.90405 3
      vertex -1.69706 1.69706 2.8
      vertex -1.46103 1.90405 2.8
    endloop
  endfacet
  facet normal 0.896873 -0.442289 0
    outer loop
      vertex -2.21731 0.91844 3
      vertex -2.07846 1.2 2.8
      vertex -2.07846 1.2 3
    endloop
  endfacet
  facet normal 0.896873 -0.442289 0
    outer loop
      vertex -2.07846 1.2 2.8
      vertex -2.21731 0.91844 3
      vertex -2.21731 0.91844 2.8
    endloop
  endfacet
  facet normal -0.831476 0.55556 0
    outer loop
      vertex 1.90405 -1.46103 2.8
      vertex 2.07846 -1.2 3
      vertex 2.07846 -1.2 2.8
    endloop
  endfacet
  facet normal -0.831476 0.55556 0
    outer loop
      vertex 2.07846 -1.2 3
      vertex 1.90405 -1.46103 2.8
      vertex 1.90405 -1.46103 3
    endloop
  endfacet
  facet normal -0.831476 -0.55556 0
    outer loop
      vertex 2.07846 1.2 2.8
      vertex 1.90405 1.46103 3
      vertex 1.90405 1.46103 2.8
    endloop
  endfacet
  facet normal -0.831476 -0.55556 0
    outer loop
      vertex 1.90405 1.46103 3
      vertex 2.07846 1.2 2.8
      vertex 2.07846 1.2 3
    endloop
  endfacet
  facet normal 0.751844 -0.659341 0
    outer loop
      vertex -1.90405 1.46103 3
      vertex -1.69706 1.69706 2.8
      vertex -1.69706 1.69706 3
    endloop
  endfacet
  facet normal 0.751844 -0.659341 0
    outer loop
      vertex -1.69706 1.69706 2.8
      vertex -1.90405 1.46103 3
      vertex -1.90405 1.46103 2.8
    endloop
  endfacet
  facet normal -0.659341 0.751844 0
    outer loop
      vertex 1.69706 -1.69706 2.8
      vertex 1.46103 -1.90405 3
      vertex 1.69706 -1.69706 3
    endloop
  endfacet
  facet normal -0.659341 0.751844 0
    outer loop
      vertex 1.46103 -1.90405 3
      vertex 1.69706 -1.69706 2.8
      vertex 1.46103 -1.90405 2.8
    endloop
  endfacet
  facet normal 0.831476 0.55556 0
    outer loop
      vertex -1.90405 -1.46103 3
      vertex -2.07846 -1.2 2.8
      vertex -2.07846 -1.2 3
    endloop
  endfacet
  facet normal 0.831476 0.55556 0
    outer loop
      vertex -2.07846 -1.2 2.8
      vertex -1.90405 -1.46103 3
      vertex -1.90405 -1.46103 2.8
    endloop
  endfacet
  facet normal 0.195103 -0.980783 0
    outer loop
      vertex -0.621165 2.31822 2.8
      vertex -0.313262 2.37947 3
      vertex -0.621165 2.31822 3
    endloop
  endfacet
  facet normal 0.195103 -0.980783 0
    outer loop
      vertex -0.313262 2.37947 3
      vertex -0.621165 2.31822 2.8
      vertex -0.313262 2.37947 2.8
    endloop
  endfacet
  facet normal -0.946931 0.321436 0
    outer loop
      vertex 2.21731 -0.91844 2.8
      vertex 2.31822 -0.621165 3
      vertex 2.31822 -0.621165 2.8
    endloop
  endfacet
  facet normal -0.946931 0.321436 0
    outer loop
      vertex 2.31822 -0.621165 3
      vertex 2.21731 -0.91844 2.8
      vertex 2.21731 -0.91844 3
    endloop
  endfacet
  facet normal -0.442289 -0.896873 0
    outer loop
      vertex 0.91844 2.21731 2.8
      vertex 1.2 2.07846 3
      vertex 0.91844 2.21731 3
    endloop
  endfacet
  facet normal -0.442289 -0.896873 -0
    outer loop
      vertex 1.2 2.07846 3
      vertex 0.91844 2.21731 2.8
      vertex 1.2 2.07846 2.8
    endloop
  endfacet
  facet normal 0.0653959 -0.997859 0
    outer loop
      vertex -0.313262 2.37947 2.8
      vertex 0 2.4 3
      vertex -0.313262 2.37947 3
    endloop
  endfacet
  facet normal 0.0653959 -0.997859 0
    outer loop
      vertex 0 2.4 3
      vertex -0.313262 2.37947 2.8
      vertex 0 2.4 2.8
    endloop
  endfacet
  facet normal -0.0653959 0.997859 0
    outer loop
      vertex 0.313262 -2.37947 2.8
      vertex 0 -2.4 3
      vertex 0.313262 -2.37947 3
    endloop
  endfacet
  facet normal -0.0653959 0.997859 0
    outer loop
      vertex 0 -2.4 3
      vertex 0.313262 -2.37947 2.8
      vertex 0 -2.4 2.8
    endloop
  endfacet
  facet normal -0.55556 -0.831476 0
    outer loop
      vertex 1.2 2.07846 2.8
      vertex 1.46103 1.90405 3
      vertex 1.2 2.07846 3
    endloop
  endfacet
  facet normal -0.55556 -0.831476 -0
    outer loop
      vertex 1.46103 1.90405 3
      vertex 1.2 2.07846 2.8
      vertex 1.46103 1.90405 2.8
    endloop
  endfacet
  facet normal 0.896873 0.442289 0
    outer loop
      vertex -2.07846 -1.2 3
      vertex -2.21731 -0.91844 2.8
      vertex -2.21731 -0.91844 3
    endloop
  endfacet
  facet normal 0.896873 0.442289 0
    outer loop
      vertex -2.21731 -0.91844 2.8
      vertex -2.07846 -1.2 3
      vertex -2.07846 -1.2 2.8
    endloop
  endfacet
  facet normal 0.659341 0.751844 -0
    outer loop
      vertex -1.46103 -1.90405 2.8
      vertex -1.69706 -1.69706 3
      vertex -1.46103 -1.90405 3
    endloop
  endfacet
  facet normal 0.659341 0.751844 0
    outer loop
      vertex -1.69706 -1.69706 3
      vertex -1.46103 -1.90405 2.8
      vertex -1.69706 -1.69706 2.8
    endloop
  endfacet
  facet normal 0.980783 -0.195103 0
    outer loop
      vertex -2.37947 0.313262 3
      vertex -2.31822 0.621165 2.8
      vertex -2.31822 0.621165 3
    endloop
  endfacet
  facet normal 0.980783 -0.195103 0
    outer loop
      vertex -2.31822 0.621165 2.8
      vertex -2.37947 0.313262 3
      vertex -2.37947 0.313262 2.8
    endloop
  endfacet
  facet normal -0.896873 -0.442289 0
    outer loop
      vertex 2.21731 0.91844 2.8
      vertex 2.07846 1.2 3
      vertex 2.07846 1.2 2.8
    endloop
  endfacet
  facet normal -0.896873 -0.442289 0
    outer loop
      vertex 2.07846 1.2 3
      vertex 2.21731 0.91844 2.8
      vertex 2.21731 0.91844 3
    endloop
  endfacet
  facet normal -0.195103 0.980783 0
    outer loop
      vertex 0.621165 -2.31822 2.8
      vertex 0.313262 -2.37947 3
      vertex 0.621165 -2.31822 3
    endloop
  endfacet
  facet normal -0.195103 0.980783 0
    outer loop
      vertex 0.313262 -2.37947 3
      vertex 0.621165 -2.31822 2.8
      vertex 0.313262 -2.37947 2.8
    endloop
  endfacet
  facet normal -0.896873 0.442289 0
    outer loop
      vertex 2.07846 -1.2 2.8
      vertex 2.21731 -0.91844 3
      vertex 2.21731 -0.91844 2.8
    endloop
  endfacet
  facet normal -0.896873 0.442289 0
    outer loop
      vertex 2.21731 -0.91844 3
      vertex 2.07846 -1.2 2.8
      vertex 2.07846 -1.2 3
    endloop
  endfacet
  facet normal -0.980783 0.195103 0
    outer loop
      vertex 2.31822 -0.621165 2.8
      vertex 2.37947 -0.313262 3
      vertex 2.37947 -0.313262 2.8
    endloop
  endfacet
  facet normal -0.980783 0.195103 0
    outer loop
      vertex 2.37947 -0.313262 3
      vertex 2.31822 -0.621165 2.8
      vertex 2.31822 -0.621165 3
    endloop
  endfacet
  facet normal 0.55556 -0.831476 0
    outer loop
      vertex -1.46103 1.90405 2.8
      vertex -1.2 2.07846 3
      vertex -1.46103 1.90405 3
    endloop
  endfacet
  facet normal 0.55556 -0.831476 0
    outer loop
      vertex -1.2 2.07846 3
      vertex -1.46103 1.90405 2.8
      vertex -1.2 2.07846 2.8
    endloop
  endfacet
  facet normal -0.946931 -0.321436 0
    outer loop
      vertex 2.31822 0.621165 2.8
      vertex 2.21731 0.91844 3
      vertex 2.21731 0.91844 2.8
    endloop
  endfacet
  facet normal -0.946931 -0.321436 0
    outer loop
      vertex 2.21731 0.91844 3
      vertex 2.31822 0.621165 2.8
      vertex 2.31822 0.621165 3
    endloop
  endfacet
  facet normal -0.321436 0.946931 0
    outer loop
      vertex 0.91844 -2.21731 2.8
      vertex 0.621165 -2.31822 3
      vertex 0.91844 -2.21731 3
    endloop
  endfacet
  facet normal -0.321436 0.946931 0
    outer loop
      vertex 0.621165 -2.31822 3
      vertex 0.91844 -2.21731 2.8
      vertex 0.621165 -2.31822 2.8
    endloop
  endfacet
  facet normal -0.442289 0.896873 0
    outer loop
      vertex 1.2 -2.07846 2.8
      vertex 0.91844 -2.21731 3
      vertex 1.2 -2.07846 3
    endloop
  endfacet
  facet normal -0.442289 0.896873 0
    outer loop
      vertex 0.91844 -2.21731 3
      vertex 1.2 -2.07846 2.8
      vertex 0.91844 -2.21731 2.8
    endloop
  endfacet
  facet normal 0.997859 -0.0653959 0
    outer loop
      vertex -2.4 0 3
      vertex -2.37947 0.313262 2.8
      vertex -2.37947 0.313262 3
    endloop
  endfacet
  facet normal 0.997859 -0.0653959 0
    outer loop
      vertex -2.37947 0.313262 2.8
      vertex -2.4 0 3
      vertex -2.4 0 2.8
    endloop
  endfacet
  facet normal 0.321436 0.946931 -0
    outer loop
      vertex -0.621165 -2.31822 2.8
      vertex -0.91844 -2.21731 3
      vertex -0.621165 -2.31822 3
    endloop
  endfacet
  facet normal 0.321436 0.946931 0
    outer loop
      vertex -0.91844 -2.21731 3
      vertex -0.621165 -2.31822 2.8
      vertex -0.91844 -2.21731 2.8
    endloop
  endfacet
  facet normal 0.442289 -0.896873 0
    outer loop
      vertex -1.2 2.07846 2.8
      vertex -0.91844 2.21731 3
      vertex -1.2 2.07846 3
    endloop
  endfacet
  facet normal 0.442289 -0.896873 0
    outer loop
      vertex -0.91844 2.21731 3
      vertex -1.2 2.07846 2.8
      vertex -0.91844 2.21731 2.8
    endloop
  endfacet
  facet normal 0.831476 -0.55556 0
    outer loop
      vertex -2.07846 1.2 3
      vertex -1.90405 1.46103 2.8
      vertex -1.90405 1.46103 3
    endloop
  endfacet
  facet normal 0.831476 -0.55556 0
    outer loop
      vertex -1.90405 1.46103 2.8
      vertex -2.07846 1.2 3
      vertex -2.07846 1.2 2.8
    endloop
  endfacet
  facet normal 0.442289 0.896873 -0
    outer loop
      vertex -0.91844 -2.21731 2.8
      vertex -1.2 -2.07846 3
      vertex -0.91844 -2.21731 3
    endloop
  endfacet
  facet normal 0.442289 0.896873 0
    outer loop
      vertex -1.2 -2.07846 3
      vertex -0.91844 -2.21731 2.8
      vertex -1.2 -2.07846 2.8
    endloop
  endfacet
  facet normal 0 0 1
    outer loop
      vertex 1.25 0 2.8
      vertex 2.4 0 2.8
      vertex 2.37947 0.313262 2.8
    endloop
  endfacet
  facet normal 0 0 1
    outer loop
      vertex 1.23931 0.163157 2.8
      vertex 2.37947 0.313262 2.8
      vertex 2.31822 0.621165 2.8
    endloop
  endfacet
  facet normal 0 0 1
    outer loop
      vertex 2.4 0 2.8
      vertex 1.25 0 2.8
      vertex 2.37947 -0.313262 2.8
    endloop
  endfacet
  facet normal 0 0 1
    outer loop
      vertex 1.20741 0.323524 2.8
      vertex 2.31822 0.621165 2.8
      vertex 2.21731 0.91844 2.8
    endloop
  endfacet
  facet normal -0 0 1
    outer loop
      vertex 1.23931 -0.163157 2.8
      vertex 2.37947 -0.313262 2.8
      vertex 1.25 0 2.8
    endloop
  endfacet
  facet normal 0 0 1
    outer loop
      vertex 1.15485 0.478354 2.8
      vertex 2.21731 0.91844 2.8
      vertex 2.07846 1.2 2.8
    endloop
  endfacet
  facet normal 0 0 1
    outer loop
      vertex 2.37947 -0.313262 2.8
      vertex 1.23931 -0.163157 2.8
      vertex 2.31822 -0.621165 2.8
    endloop
  endfacet
  facet normal 0 0 1
    outer loop
      vertex 1.08253 0.625 2.8
      vertex 2.07846 1.2 2.8
      vertex 1.90405 1.46103 2.8
    endloop
  endfacet
  facet normal -0 0 1
    outer loop
      vertex 1.20741 -0.323524 2.8
      vertex 2.31822 -0.621165 2.8
      vertex 1.23931 -0.163157 2.8
    endloop
  endfacet
  facet normal 0 0 1
    outer loop
      vertex 0.991692 0.760951 2.8
      vertex 1.90405 1.46103 2.8
      vertex 1.69706 1.69706 2.8
    endloop
  endfacet
  facet normal 0 0 1
    outer loop
      vertex 2.31822 -0.621165 2.8
      vertex 1.20741 -0.323524 2.8
      vertex 2.21731 -0.91844 2.8
    endloop
  endfacet
  facet normal 0 0 1
    outer loop
      vertex 0.883883 0.883883 2.8
      vertex 1.69706 1.69706 2.8
      vertex 1.46103 1.90405 2.8
    endloop
  endfacet
  facet normal -0 0 1
    outer loop
      vertex 1.15485 -0.478354 2.8
      vertex 2.21731 -0.91844 2.8
      vertex 1.20741 -0.323524 2.8
    endloop
  endfacet
  facet normal 0 0 1
    outer loop
      vertex 2.21731 -0.91844 2.8
      vertex 1.15485 -0.478354 2.8
      vertex 2.07846 -1.2 2.8
    endloop
  endfacet
  facet normal 0 0 1
    outer loop
      vertex 2.37947 0.313262 2.8
      vertex 1.23931 0.163157 2.8
      vertex 1.25 0 2.8
    endloop
  endfacet
  facet normal 0 0 1
    outer loop
      vertex 2.31822 0.621165 2.8
      vertex 1.20741 0.323524 2.8
      vertex 1.23931 0.163157 2.8
    endloop
  endfacet
  facet normal 0 0 1
    outer loop
      vertex 0.760951 0.991692 2.8
      vertex 1.46103 1.90405 2.8
      vertex 1.2 2.07846 2.8
    endloop
  endfacet
  facet normal 0 0 1
    outer loop
      vertex 2.21731 0.91844 2.8
      vertex 1.15485 0.478354 2.8
      vertex 1.20741 0.323524 2.8
    endloop
  endfacet
  facet normal 0 0 1
    outer loop
      vertex 2.07846 1.2 2.8
      vertex 1.08253 0.625 2.8
      vertex 1.15485 0.478354 2.8
    endloop
  endfacet
  facet normal 0 0 1
    outer loop
      vertex 1.90405 1.46103 2.8
      vertex 0.991692 0.760951 2.8
      vertex 1.08253 0.625 2.8
    endloop
  endfacet
  facet normal 0 0 1
    outer loop
      vertex 0.625 1.08253 2.8
      vertex 1.2 2.07846 2.8
      vertex 0.91844 2.21731 2.8
    endloop
  endfacet
  facet normal 0 0 1
    outer loop
      vertex 1.69706 1.69706 2.8
      vertex 0.883883 0.883883 2.8
      vertex 0.991692 0.760951 2.8
    endloop
  endfacet
  facet normal 0 0 1
    outer loop
      vertex 1.46103 1.90405 2.8
      vertex 0.760951 0.991692 2.8
      vertex 0.883883 0.883883 2.8
    endloop
  endfacet
  facet normal 0 0 1
    outer loop
      vertex 1.2 2.07846 2.8
      vertex 0.625 1.08253 2.8
      vertex 0.760951 0.991692 2.8
    endloop
  endfacet
  facet normal 0 0 1
    outer loop
      vertex 0.478354 1.15485 2.8
      vertex 0.91844 2.21731 2.8
      vertex 0.621165 2.31822 2.8
    endloop
  endfacet
  facet normal 0 0 1
    outer loop
      vertex 0.91844 2.21731 2.8
      vertex 0.478354 1.15485 2.8
      vertex 0.625 1.08253 2.8
    endloop
  endfacet
  facet normal 0 0 1
    outer loop
      vertex 0.621165 2.31822 2.8
      vertex 0.323524 1.20741 2.8
      vertex 0.478354 1.15485 2.8
    endloop
  endfacet
  facet normal 0 0 1
    outer loop
      vertex 0.313262 2.37947 2.8
      vertex 0.323524 1.20741 2.8
      vertex 0.621165 2.31822 2.8
    endloop
  endfacet
  facet normal 0 0 1
    outer loop
      vertex 0.313262 2.37947 2.8
      vertex 0.163157 1.23931 2.8
      vertex 0.323524 1.20741 2.8
    endloop
  endfacet
  facet normal 0 0 1
    outer loop
      vertex 0 2.4 2.8
      vertex 0.163157 1.23931 2.8
      vertex 0.313262 2.37947 2.8
    endloop
  endfacet
  facet normal 0 0 1
    outer loop
      vertex 0 2.4 2.8
      vertex 0 1.25 2.8
      vertex 0.163157 1.23931 2.8
    endloop
  endfacet
  facet normal 0 0 1
    outer loop
      vertex 0 2.4 2.8
      vertex -0.163157 1.23931 2.8
      vertex 0 1.25 2.8
    endloop
  endfacet
  facet normal -0 0 1
    outer loop
      vertex -0.313262 2.37947 2.8
      vertex -0.163157 1.23931 2.8
      vertex 0 2.4 2.8
    endloop
  endfacet
  facet normal 0 0 1
    outer loop
      vertex -0.313262 2.37947 2.8
      vertex -0.323524 1.20741 2.8
      vertex -0.163157 1.23931 2.8
    endloop
  endfacet
  facet normal -0 0 1
    outer loop
      vertex -0.621165 2.31822 2.8
      vertex -0.323524 1.20741 2.8
      vertex -0.313262 2.37947 2.8
    endloop
  endfacet
  facet normal 0 0 1
    outer loop
      vertex -0.323524 1.20741 2.8
      vertex -0.621165 2.31822 2.8
      vertex -0.478354 1.15485 2.8
    endloop
  endfacet
  facet normal -0 0 1
    outer loop
      vertex -0.91844 2.21731 2.8
      vertex -0.478354 1.15485 2.8
      vertex -0.621165 2.31822 2.8
    endloop
  endfacet
  facet normal 0 0 1
    outer loop
      vertex -0.478354 1.15485 2.8
      vertex -0.91844 2.21731 2.8
      vertex -0.625 1.08253 2.8
    endloop
  endfacet
  facet normal -0 0 1
    outer loop
      vertex -1.2 2.07846 2.8
      vertex -0.625 1.08253 2.8
      vertex -0.91844 2.21731 2.8
    endloop
  endfacet
  facet normal 0 0 1
    outer loop
      vertex -0.625 1.08253 2.8
      vertex -1.2 2.07846 2.8
      vertex -0.760951 0.991692 2.8
    endloop
  endfacet
  facet normal -0 0 1
    outer loop
      vertex -1.46103 1.90405 2.8
      vertex -0.760951 0.991692 2.8
      vertex -1.2 2.07846 2.8
    endloop
  endfacet
  facet normal 0 0 1
    outer loop
      vertex -0.760951 0.991692 2.8
      vertex -1.46103 1.90405 2.8
      vertex -0.883883 0.883883 2.8
    endloop
  endfacet
  facet normal -0 0 1
    outer loop
      vertex -1.69706 1.69706 2.8
      vertex -0.883883 0.883883 2.8
      vertex -1.46103 1.90405 2.8
    endloop
  endfacet
  facet normal 0 0 1
    outer loop
      vertex -0.883883 0.883883 2.8
      vertex -1.69706 1.69706 2.8
      vertex -0.991692 0.760951 2.8
    endloop
  endfacet
  facet normal -0 0 1
    outer loop
      vertex -1.90405 1.46103 2.8
      vertex -0.991692 0.760951 2.8
      vertex -1.69706 1.69706 2.8
    endloop
  endfacet
  facet normal 0 0 1
    outer loop
      vertex -0.991692 0.760951 2.8
      vertex -1.90405 1.46103 2.8
      vertex -1.08253 0.625 2.8
    endloop
  endfacet
  facet normal -0 0 1
    outer loop
      vertex -2.07846 1.2 2.8
      vertex -1.08253 0.625 2.8
      vertex -1.90405 1.46103 2.8
    endloop
  endfacet
  facet normal 0 0 1
    outer loop
      vertex -1.08253 0.625 2.8
      vertex -2.07846 1.2 2.8
      vertex -1.15485 0.478354 2.8
    endloop
  endfacet
  facet normal -0 0 1
    outer loop
      vertex 1.08253 -0.625 2.8
      vertex 2.07846 -1.2 2.8
      vertex 1.15485 -0.478354 2.8
    endloop
  endfacet
  facet normal 0 0 1
    outer loop
      vertex 2.07846 -1.2 2.8
      vertex 1.08253 -0.625 2.8
      vertex 1.90405 -1.46103 2.8
    endloop
  endfacet
  facet normal -0 0 1
    outer loop
      vertex 0.991692 -0.760951 2.8
      vertex 1.90405 -1.46103 2.8
      vertex 1.08253 -0.625 2.8
    endloop
  endfacet
  facet normal 0 0 1
    outer loop
      vertex 1.90405 -1.46103 2.8
      vertex 0.991692 -0.760951 2.8
      vertex 1.69706 -1.69706 2.8
    endloop
  endfacet
  facet normal -0 0 1
    outer loop
      vertex 0.883883 -0.883883 2.8
      vertex 1.69706 -1.69706 2.8
      vertex 0.991692 -0.760951 2.8
    endloop
  endfacet
  facet normal 0 0 1
    outer loop
      vertex 1.69706 -1.69706 2.8
      vertex 0.883883 -0.883883 2.8
      vertex 1.46103 -1.90405 2.8
    endloop
  endfacet
  facet normal -0 0 1
    outer loop
      vertex 0.760951 -0.991692 2.8
      vertex 1.46103 -1.90405 2.8
      vertex 0.883883 -0.883883 2.8
    endloop
  endfacet
  facet normal 0 0 1
    outer loop
      vertex 1.46103 -1.90405 2.8
      vertex 0.760951 -0.991692 2.8
      vertex 1.2 -2.07846 2.8
    endloop
  endfacet
  facet normal -0 0 1
    outer loop
      vertex 0.625 -1.08253 2.8
      vertex 1.2 -2.07846 2.8
      vertex 0.760951 -0.991692 2.8
    endloop
  endfacet
  facet normal 0 0 1
    outer loop
      vertex 1.2 -2.07846 2.8
      vertex 0.625 -1.08253 2.8
      vertex 0.91844 -2.21731 2.8
    endloop
  endfacet
  facet normal -0 0 1
    outer loop
      vertex 0.478354 -1.15485 2.8
      vertex 0.91844 -2.21731 2.8
      vertex 0.625 -1.08253 2.8
    endloop
  endfacet
  facet normal 0 0 1
    outer loop
      vertex 0.91844 -2.21731 2.8
      vertex 0.478354 -1.15485 2.8
      vertex 0.621165 -2.31822 2.8
    endloop
  endfacet
  facet normal -0 0 1
    outer loop
      vertex 0.323524 -1.20741 2.8
      vertex 0.621165 -2.31822 2.8
      vertex 0.478354 -1.15485 2.8
    endloop
  endfacet
  facet normal 0 0 1
    outer loop
      vertex 0.323524 -1.20741 2.8
      vertex 0.313262 -2.37947 2.8
      vertex 0.621165 -2.31822 2.8
    endloop
  endfacet
  facet normal -0 0 1
    outer loop
      vertex 0.163157 -1.23931 2.8
      vertex 0.313262 -2.37947 2.8
      vertex 0.323524 -1.20741 2.8
    endloop
  endfacet
  facet normal -0 0 1
    outer loop
      vertex 0 -1.25 2.8
      vertex 0.313262 -2.37947 2.8
      vertex 0.163157 -1.23931 2.8
    endloop
  endfacet
  facet normal 0 0 1
    outer loop
      vertex 0 -1.25 2.8
      vertex 0 -2.4 2.8
      vertex 0.313262 -2.37947 2.8
    endloop
  endfacet
  facet normal 0 0 1
    outer loop
      vertex -0.163157 -1.23931 2.8
      vertex 0 -2.4 2.8
      vertex 0 -1.25 2.8
    endloop
  endfacet
  facet normal 0 0 1
    outer loop
      vertex -0.163157 -1.23931 2.8
      vertex -0.313262 -2.37947 2.8
      vertex 0 -2.4 2.8
    endloop
  endfacet
  facet normal 0 0 1
    outer loop
      vertex -0.323524 -1.20741 2.8
      vertex -0.313262 -2.37947 2.8
      vertex -0.163157 -1.23931 2.8
    endloop
  endfacet
  facet normal 0 0 1
    outer loop
      vertex -0.621165 -2.31822 2.8
      vertex -0.323524 -1.20741 2.8
      vertex -0.478354 -1.15485 2.8
    endloop
  endfacet
  facet normal 0 0 1
    outer loop
      vertex -0.323524 -1.20741 2.8
      vertex -0.621165 -2.31822 2.8
      vertex -0.313262 -2.37947 2.8
    endloop
  endfacet
  facet normal 0 0 1
    outer loop
      vertex -0.91844 -2.21731 2.8
      vertex -0.478354 -1.15485 2.8
      vertex -0.625 -1.08253 2.8
    endloop
  endfacet
  facet normal 0 0 1
    outer loop
      vertex -1.2 -2.07846 2.8
      vertex -0.625 -1.08253 2.8
      vertex -0.760951 -0.991692 2.8
    endloop
  endfacet
  facet normal 0 0 1
    outer loop
      vertex -1.46103 -1.90405 2.8
      vertex -0.760951 -0.991692 2.8
      vertex -0.883883 -0.883883 2.8
    endloop
  endfacet
  facet normal 0 0 1
    outer loop
      vertex -0.478354 -1.15485 2.8
      vertex -0.91844 -2.21731 2.8
      vertex -0.621165 -2.31822 2.8
    endloop
  endfacet
  facet normal 0 0 1
    outer loop
      vertex -1.69706 -1.69706 2.8
      vertex -0.883883 -0.883883 2.8
      vertex -0.991692 -0.760951 2.8
    endloop
  endfacet
  facet normal 0 0 1
    outer loop
      vertex -1.90405 -1.46103 2.8
      vertex -0.991692 -0.760951 2.8
      vertex -1.08253 -0.625 2.8
    endloop
  endfacet
  facet normal 0 0 1
    outer loop
      vertex -2.07846 -1.2 2.8
      vertex -1.08253 -0.625 2.8
      vertex -1.15485 -0.478354 2.8
    endloop
  endfacet
  facet normal 0 0 1
    outer loop
      vertex -0.625 -1.08253 2.8
      vertex -1.2 -2.07846 2.8
      vertex -0.91844 -2.21731 2.8
    endloop
  endfacet
  facet normal 0 0 1
    outer loop
      vertex -2.21731 -0.91844 2.8
      vertex -1.15485 -0.478354 2.8
      vertex -1.20741 -0.323524 2.8
    endloop
  endfacet
  facet normal 0 0 1
    outer loop
      vertex -2.31822 -0.621165 2.8
      vertex -1.20741 -0.323524 2.8
      vertex -1.23931 -0.163157 2.8
    endloop
  endfacet
  facet normal 0 0 1
    outer loop
      vertex -2.37947 -0.313262 2.8
      vertex -1.23931 -0.163157 2.8
      vertex -1.25 0 2.8
    endloop
  endfacet
  facet normal -0 0 1
    outer loop
      vertex -2.21731 0.91844 2.8
      vertex -1.15485 0.478354 2.8
      vertex -2.07846 1.2 2.8
    endloop
  endfacet
  facet normal 0 0 1
    outer loop
      vertex -0.760951 -0.991692 2.8
      vertex -1.46103 -1.90405 2.8
      vertex -1.2 -2.07846 2.8
    endloop
  endfacet
  facet normal 0 0 1
    outer loop
      vertex -1.15485 0.478354 2.8
      vertex -2.21731 0.91844 2.8
      vertex -1.20741 0.323524 2.8
    endloop
  endfacet
  facet normal 0 0 1
    outer loop
      vertex -0.883883 -0.883883 2.8
      vertex -1.69706 -1.69706 2.8
      vertex -1.46103 -1.90405 2.8
    endloop
  endfacet
  facet normal -0 0 1
    outer loop
      vertex -2.31822 0.621165 2.8
      vertex -1.20741 0.323524 2.8
      vertex -2.21731 0.91844 2.8
    endloop
  endfacet
  facet normal 0 0 1
    outer loop
      vertex -0.991692 -0.760951 2.8
      vertex -1.90405 -1.46103 2.8
      vertex -1.69706 -1.69706 2.8
    endloop
  endfacet
  facet normal 0 0 1
    outer loop
      vertex -1.20741 0.323524 2.8
      vertex -2.31822 0.621165 2.8
      vertex -1.23931 0.163157 2.8
    endloop
  endfacet
  facet normal 0 0 1
    outer loop
      vertex -1.08253 -0.625 2.8
      vertex -2.07846 -1.2 2.8
      vertex -1.90405 -1.46103 2.8
    endloop
  endfacet
  facet normal -0 0 1
    outer loop
      vertex -2.37947 0.313262 2.8
      vertex -1.23931 0.163157 2.8
      vertex -2.31822 0.621165 2.8
    endloop
  endfacet
  facet normal 0 0 1
    outer loop
      vertex -1.15485 -0.478354 2.8
      vertex -2.21731 -0.91844 2.8
      vertex -2.07846 -1.2 2.8
    endloop
  endfacet
  facet normal 0 0 1
    outer loop
      vertex -1.23931 0.163157 2.8
      vertex -2.37947 0.313262 2.8
      vertex -1.25 0 2.8
    endloop
  endfacet
  facet normal 0 0 1
    outer loop
      vertex -1.20741 -0.323524 2.8
      vertex -2.31822 -0.621165 2.8
      vertex -2.21731 -0.91844 2.8
    endloop
  endfacet
  facet normal 0 0 1
    outer loop
      vertex -2.4 0 2.8
      vertex -1.25 0 2.8
      vertex -2.37947 0.313262 2.8
    endloop
  endfacet
  facet normal 0 0 1
    outer loop
      vertex -1.23931 -0.163157 2.8
      vertex -2.37947 -0.313262 2.8
      vertex -2.31822 -0.621165 2.8
    endloop
  endfacet
  facet normal 0 0 1
    outer loop
      vertex -1.25 0 2.8
      vertex -2.4 0 2.8
      vertex -2.37947 -0.313262 2.8
    endloop
  endfacet
  facet normal 0.55556 0.831476 -0
    outer loop
      vertex -1.2 -2.07846 2.8
      vertex -1.46103 -1.90405 3
      vertex -1.2 -2.07846 3
    endloop
  endfacet
  facet normal 0.55556 0.831476 0
    outer loop
      vertex -1.46103 -1.90405 3
      vertex -1.2 -2.07846 2.8
      vertex -1.46103 -1.90405 2.8
    endloop
  endfacet
  facet normal 0 -0.0655272 -0.997851
    outer loop
      vertex 15.51 0 17.3
      vertex 16.5 0.365473 17.276
      vertex 16.5 0 17.3
    endloop
  endfacet
  facet normal -0 -0.0655272 -0.997851
    outer loop
      vertex 16.5 0.365473 17.276
      vertex 15.51 0 17.3
      vertex 15.51 0.365473 17.276
    endloop
  endfacet
  facet normal -0 0.442261 0.896886
    outer loop
      vertex 15.51 -0.688829 2.33702
      vertex 16.5 -0.9 2.44115
      vertex 16.5 -0.688829 2.33702
    endloop
  endfacet
  facet normal 0 0.442261 0.896886
    outer loop
      vertex 16.5 -0.9 2.44115
      vertex 15.51 -0.688829 2.33702
      vertex 15.51 -0.9 2.44115
    endloop
  endfacet
  facet normal 0 -0.997858 0.0654136
    outer loop
      vertex 15.51 2.77604 14.1345
      vertex 16.5 2.8 14.5
      vertex 15.51 2.8 14.5
    endloop
  endfacet
  facet normal 0 -0.997858 0.0654136
    outer loop
      vertex 16.5 2.8 14.5
      vertex 15.51 2.77604 14.1345
      vertex 16.5 2.77604 14.1345
    endloop
  endfacet
  facet normal 0 -0.896885 0.442263
    outer loop
      vertex 15.51 1.55885 3.1
      vertex 16.5 1.66298 3.31117
      vertex 15.51 1.66298 3.31117
    endloop
  endfacet
  facet normal 0 -0.896885 0.442263
    outer loop
      vertex 16.5 1.66298 3.31117
      vertex 15.51 1.55885 3.1
      vertex 16.5 1.55885 3.1
    endloop
  endfacet
  facet normal 0 -0.195072 0.980789
    outer loop
      vertex 15.51 0.465874 2.26133
      vertex 16.5 0.234946 2.2154
      vertex 16.5 0.465874 2.26133
    endloop
  endfacet
  facet normal 0 -0.195072 0.980789
    outer loop
      vertex 16.5 0.234946 2.2154
      vertex 15.51 0.465874 2.26133
      vertex 15.51 0.234946 2.2154
    endloop
  endfacet
  facet normal 0 -0.831445 -0.555607
    outer loop
      vertex 15.51 2.42487 15.9
      vertex 16.5 2.22139 16.2045
      vertex 15.51 2.22139 16.2045
    endloop
  endfacet
  facet normal 0 -0.831445 -0.555607
    outer loop
      vertex 16.5 2.22139 16.2045
      vertex 15.51 2.42487 15.9
      vertex 16.5 2.42487 15.9
    endloop
  endfacet
  facet normal 0 0.555607 -0.831445
    outer loop
      vertex 15.51 -1.70453 16.7214
      vertex 16.5 -1.4 16.9249
      vertex 16.5 -1.70453 16.7214
    endloop
  endfacet
  facet normal 0 0.555607 -0.831445
    outer loop
      vertex 16.5 -1.4 16.9249
      vertex 15.51 -1.70453 16.7214
      vertex 15.51 -1.4 16.9249
    endloop
  endfacet
  facet normal 0 -0.555607 -0.831445
    outer loop
      vertex 15.51 1.4 16.9249
      vertex 16.5 1.70453 16.7214
      vertex 16.5 1.4 16.9249
    endloop
  endfacet
  facet normal -0 -0.555607 -0.831445
    outer loop
      vertex 16.5 1.70453 16.7214
      vertex 15.51 1.4 16.9249
      vertex 15.51 1.70453 16.7214
    endloop
  endfacet
  facet normal -0 0.659364 0.751824
    outer loop
      vertex 15.51 -1.09577 2.57196
      vertex 16.5 -1.27279 2.72721
      vertex 16.5 -1.09577 2.57196
    endloop
  endfacet
  facet normal 0 0.659364 0.751824
    outer loop
      vertex 16.5 -1.27279 2.72721
      vertex 15.51 -1.09577 2.57196
      vertex 15.51 -1.27279 2.72721
    endloop
  endfacet
  facet normal 0 0.442303 -0.896866
    outer loop
      vertex 15.51 -1.4 16.9249
      vertex 16.5 -1.07151 17.0869
      vertex 16.5 -1.4 16.9249
    endloop
  endfacet
  facet normal 0 0.442303 -0.896866
    outer loop
      vertex 16.5 -1.07151 17.0869
      vertex 15.51 -1.4 16.9249
      vertex 15.51 -1.07151 17.0869
    endloop
  endfacet
  facet normal 0 -0.980788 0.195079
    outer loop
      vertex 15.51 1.73867 3.53413
      vertex 16.5 1.7846 3.76505
      vertex 15.51 1.7846 3.76505
    endloop
  endfacet
  facet normal 0 -0.980788 0.195079
    outer loop
      vertex 16.5 1.7846 3.76505
      vertex 15.51 1.73867 3.53413
      vertex 16.5 1.73867 3.53413
    endloop
  endfacet
  facet normal -0 0.0654066 0.997859
    outer loop
      vertex 15.51 0 2.2
      vertex 16.5 -0.234946 2.2154
      vertex 16.5 0 2.2
    endloop
  endfacet
  facet normal 0 0.0654066 0.997859
    outer loop
      vertex 16.5 -0.234946 2.2154
      vertex 15.51 0 2.2
      vertex 15.51 -0.234946 2.2154
    endloop
  endfacet
  facet normal 0 -0.659357 -0.75183
    outer loop
      vertex 15.51 1.70453 16.7214
      vertex 16.5 1.9799 16.4799
      vertex 16.5 1.70453 16.7214
    endloop
  endfacet
  facet normal -0 -0.659357 -0.75183
    outer loop
      vertex 16.5 1.9799 16.4799
      vertex 15.51 1.70453 16.7214
      vertex 15.51 1.9799 16.4799
    endloop
  endfacet
  facet normal 0 -0.980785 -0.195092
    outer loop
      vertex 15.51 2.77604 14.8655
      vertex 16.5 2.70459 15.2247
      vertex 15.51 2.70459 15.2247
    endloop
  endfacet
  facet normal 0 -0.980785 -0.195092
    outer loop
      vertex 16.5 2.70459 15.2247
      vertex 15.51 2.77604 14.8655
      vertex 16.5 2.77604 14.8655
    endloop
  endfacet
  facet normal 0 -0.946924 -0.321457
    outer loop
      vertex 15.51 2.70459 15.2247
      vertex 16.5 2.58686 15.5715
      vertex 15.51 2.58686 15.5715
    endloop
  endfacet
  facet normal 0 -0.946924 -0.321457
    outer loop
      vertex 16.5 2.58686 15.5715
      vertex 15.51 2.70459 15.2247
      vertex 16.5 2.70459 15.2247
    endloop
  endfacet
  facet normal 0 -0.997858 -0.0654136
    outer loop
      vertex 15.51 2.8 14.5
      vertex 16.5 2.77604 14.8655
      vertex 15.51 2.77604 14.8655
    endloop
  endfacet
  facet normal 0 -0.997858 -0.0654136
    outer loop
      vertex 16.5 2.77604 14.8655
      vertex 15.51 2.8 14.5
      vertex 16.5 2.8 14.5
    endloop
  endfacet
  facet normal 0 -0.751879 -0.659301
    outer loop
      vertex 15.51 2.22139 16.2045
      vertex 16.5 1.9799 16.4799
      vertex 15.51 1.9799 16.4799
    endloop
  endfacet
  facet normal 0 -0.751879 -0.659301
    outer loop
      vertex 16.5 1.9799 16.4799
      vertex 15.51 2.22139 16.2045
      vertex 16.5 2.22139 16.2045
    endloop
  endfacet
  facet normal 0 -0.659364 0.751824
    outer loop
      vertex 15.51 1.27279 2.72721
      vertex 16.5 1.09577 2.57196
      vertex 16.5 1.27279 2.72721
    endloop
  endfacet
  facet normal 0 -0.659364 0.751824
    outer loop
      vertex 16.5 1.09577 2.57196
      vertex 15.51 1.27279 2.72721
      vertex 15.51 1.09577 2.57196
    endloop
  endfacet
  facet normal 0 0.896882 -0.442271
    outer loop
      vertex 16.5 -2.58686 15.5715
      vertex 15.51 -2.42487 15.9
      vertex 16.5 -2.42487 15.9
    endloop
  endfacet
  facet normal 0 0.896882 -0.442271
    outer loop
      vertex 15.51 -2.42487 15.9
      vertex 16.5 -2.58686 15.5715
      vertex 15.51 -2.58686 15.5715
    endloop
  endfacet
  facet normal 0 0.99546 0.0951776
    outer loop
      vertex 16.5 -1.7846 3.76505
      vertex 15.51 -2.77604 14.1345
      vertex 16.5 -2.77604 14.1345
    endloop
  endfacet
  facet normal 0 0.99546 0.0951776
    outer loop
      vertex 15.51 -2.77604 14.1345
      vertex 16.5 -1.7846 3.76505
      vertex 15.51 -1.7846 3.76505
    endloop
  endfacet
  facet normal 0 -0.896882 -0.442271
    outer loop
      vertex 15.51 2.58686 15.5715
      vertex 16.5 2.42487 15.9
      vertex 15.51 2.42487 15.9
    endloop
  endfacet
  facet normal 0 -0.896882 -0.442271
    outer loop
      vertex 16.5 2.42487 15.9
      vertex 15.51 2.58686 15.5715
      vertex 16.5 2.58686 15.5715
    endloop
  endfacet
  facet normal 0 -0.442261 0.896886
    outer loop
      vertex 15.51 0.9 2.44115
      vertex 16.5 0.688829 2.33702
      vertex 16.5 0.9 2.44115
    endloop
  endfacet
  facet normal 0 -0.442261 0.896886
    outer loop
      vertex 16.5 0.688829 2.33702
      vertex 15.51 0.9 2.44115
      vertex 15.51 0.688829 2.33702
    endloop
  endfacet
  facet normal 0 -0.946923 0.32146
    outer loop
      vertex 15.51 1.66298 3.31117
      vertex 16.5 1.73867 3.53413
      vertex 15.51 1.73867 3.53413
    endloop
  endfacet
  facet normal 0 -0.946923 0.32146
    outer loop
      vertex 16.5 1.73867 3.53413
      vertex 15.51 1.66298 3.31117
      vertex 16.5 1.66298 3.31117
    endloop
  endfacet
  facet normal 0 0.32137 -0.946954
    outer loop
      vertex 15.51 -1.07151 17.0869
      vertex 16.5 -0.724693 17.2046
      vertex 16.5 -1.07151 17.0869
    endloop
  endfacet
  facet normal 0 0.32137 -0.946954
    outer loop
      vertex 16.5 -0.724693 17.2046
      vertex 15.51 -1.07151 17.0869
      vertex 15.51 -0.724693 17.2046
    endloop
  endfacet
  facet normal 0 -0.0654066 0.997859
    outer loop
      vertex 15.51 0.234946 2.2154
      vertex 16.5 0 2.2
      vertex 16.5 0.234946 2.2154
    endloop
  endfacet
  facet normal 0 -0.0654066 0.997859
    outer loop
      vertex 16.5 0 2.2
      vertex 15.51 0.234946 2.2154
      vertex 15.51 0 2.2
    endloop
  endfacet
  facet normal 0 -0.19495 -0.980813
    outer loop
      vertex 15.51 0.365473 17.276
      vertex 16.5 0.724693 17.2046
      vertex 16.5 0.365473 17.276
    endloop
  endfacet
  facet normal -0 -0.19495 -0.980813
    outer loop
      vertex 16.5 0.724693 17.2046
      vertex 15.51 0.365473 17.276
      vertex 15.51 0.724693 17.2046
    endloop
  endfacet
  facet normal -0 0.555572 0.831468
    outer loop
      vertex 15.51 -0.9 2.44115
      vertex 16.5 -1.09577 2.57196
      vertex 16.5 -0.9 2.44115
    endloop
  endfacet
  facet normal 0 0.555572 0.831468
    outer loop
      vertex 16.5 -1.09577 2.57196
      vertex 15.51 -0.9 2.44115
      vertex 15.51 -1.09577 2.57196
    endloop
  endfacet
  facet normal 0 0.946923 0.32146
    outer loop
      vertex 16.5 -1.66298 3.31117
      vertex 15.51 -1.73867 3.53413
      vertex 16.5 -1.73867 3.53413
    endloop
  endfacet
  facet normal 0 0.946923 0.32146
    outer loop
      vertex 15.51 -1.73867 3.53413
      vertex 16.5 -1.66298 3.31117
      vertex 15.51 -1.66298 3.31117
    endloop
  endfacet
  facet normal 0 -0.831468 0.555572
    outer loop
      vertex 15.51 1.42804 2.90423
      vertex 16.5 1.55885 3.1
      vertex 15.51 1.55885 3.1
    endloop
  endfacet
  facet normal 0 -0.831468 0.555572
    outer loop
      vertex 16.5 1.55885 3.1
      vertex 15.51 1.42804 2.90423
      vertex 16.5 1.42804 2.90423
    endloop
  endfacet
  facet normal 0 0.997858 0.0654136
    outer loop
      vertex 16.5 -2.77604 14.1345
      vertex 15.51 -2.8 14.5
      vertex 16.5 -2.8 14.5
    endloop
  endfacet
  facet normal 0 0.997858 0.0654136
    outer loop
      vertex 15.51 -2.8 14.5
      vertex 16.5 -2.77604 14.1345
      vertex 15.51 -2.77604 14.1345
    endloop
  endfacet
  facet normal 1 0 0
    outer loop
      vertex 15.09 1.95457 3
      vertex 15.09 1.74538 2.66073
      vertex 15.09 1.90526 2.9
    endloop
  endfacet
  facet normal 1 0 0
    outer loop
      vertex 15.09 1.95457 3
      vertex 15.09 1.55563 2.44437
      vertex 15.09 1.74538 2.66073
    endloop
  endfacet
  facet normal 1 0 0
    outer loop
      vertex 15.09 1.95457 3
      vertex 15.09 1.33927 2.25462
      vertex 15.09 1.55563 2.44437
    endloop
  endfacet
  facet normal 1 0 0
    outer loop
      vertex 15.09 1.95457 3
      vertex 15.09 1.1 2.09474
      vertex 15.09 1.33927 2.25462
    endloop
  endfacet
  facet normal 1 0 0
    outer loop
      vertex 15.09 1.95457 3
      vertex 15.09 0.841903 1.96747
      vertex 15.09 1.1 2.09474
    endloop
  endfacet
  facet normal 1 0 0
    outer loop
      vertex 15.09 1.95457 3
      vertex 15.09 0.569402 1.87496
      vertex 15.09 0.841903 1.96747
    endloop
  endfacet
  facet normal 1 0 0
    outer loop
      vertex 15.09 1.95457 3
      vertex 15.09 0.287157 1.81882
      vertex 15.09 0.569402 1.87496
    endloop
  endfacet
  facet normal 1 0 0
    outer loop
      vertex 15.09 1.95457 3
      vertex 15.09 0 1.8
      vertex 15.09 0.287157 1.81882
    endloop
  endfacet
  facet normal 1 0 0
    outer loop
      vertex 15.09 1.95457 3
      vertex 15.09 -0.287157 1.81882
      vertex 15.09 0 1.8
    endloop
  endfacet
  facet normal 1 0 0
    outer loop
      vertex 15.09 1.95457 3
      vertex 15.09 -0.569402 1.87496
      vertex 15.09 -0.287157 1.81882
    endloop
  endfacet
  facet normal 1 0 0
    outer loop
      vertex 15.09 1.95457 3
      vertex 15.09 -0.841903 1.96747
      vertex 15.09 -0.569402 1.87496
    endloop
  endfacet
  facet normal 1 0 0
    outer loop
      vertex 15.09 1.95457 3
      vertex 15.09 -1.1 2.09474
      vertex 15.09 -0.841903 1.96747
    endloop
  endfacet
  facet normal 1 0 0
    outer loop
      vertex 15.09 1.95457 3
      vertex 15.09 -1.33927 2.25462
      vertex 15.09 -1.1 2.09474
    endloop
  endfacet
  facet normal 1 0 0
    outer loop
      vertex 15.09 1.95457 3
      vertex 15.09 -1.55563 2.44437
      vertex 15.09 -1.33927 2.25462
    endloop
  endfacet
  facet normal 1 -0 0
    outer loop
      vertex 15.09 -1.95457 3
      vertex 15.09 -1.55563 2.44437
      vertex 15.09 1.95457 3
    endloop
  endfacet
  facet normal 1 0 0
    outer loop
      vertex 15.09 -1.55563 2.44437
      vertex 15.09 -1.95457 3
      vertex 15.09 -1.74538 2.66073
    endloop
  endfacet
  facet normal 1 0 0
    outer loop
      vertex 15.09 -1.74538 2.66073
      vertex 15.09 -1.95457 3
      vertex 15.09 -1.90526 2.9
    endloop
  endfacet
  facet normal 0 0.831445 -0.555607
    outer loop
      vertex 16.5 -2.42487 15.9
      vertex 15.51 -2.22139 16.2045
      vertex 16.5 -2.22139 16.2045
    endloop
  endfacet
  facet normal 0 0.831445 -0.555607
    outer loop
      vertex 15.51 -2.22139 16.2045
      vertex 16.5 -2.42487 15.9
      vertex 15.51 -2.42487 15.9
    endloop
  endfacet
  facet normal 0 0.751824 0.659364
    outer loop
      vertex 16.5 -1.27279 2.72721
      vertex 15.51 -1.42804 2.90423
      vertex 16.5 -1.42804 2.90423
    endloop
  endfacet
  facet normal 0 0.751824 0.659364
    outer loop
      vertex 15.51 -1.42804 2.90423
      vertex 16.5 -1.27279 2.72721
      vertex 15.51 -1.27279 2.72721
    endloop
  endfacet
  facet normal 0 -0.99546 0.0951776
    outer loop
      vertex 15.51 1.7846 3.76505
      vertex 16.5 2.77604 14.1345
      vertex 15.51 2.77604 14.1345
    endloop
  endfacet
  facet normal 0 -0.99546 0.0951776
    outer loop
      vertex 16.5 2.77604 14.1345
      vertex 15.51 1.7846 3.76505
      vertex 16.5 1.7846 3.76505
    endloop
  endfacet
  facet normal 0 -0.442303 -0.896866
    outer loop
      vertex 15.51 1.07151 17.0869
      vertex 16.5 1.4 16.9249
      vertex 16.5 1.07151 17.0869
    endloop
  endfacet
  facet normal -0 -0.442303 -0.896866
    outer loop
      vertex 16.5 1.4 16.9249
      vertex 15.51 1.07151 17.0869
      vertex 15.51 1.4 16.9249
    endloop
  endfacet
  facet normal 0 -0.555572 0.831468
    outer loop
      vertex 15.51 1.09577 2.57196
      vertex 16.5 0.9 2.44115
      vertex 16.5 1.09577 2.57196
    endloop
  endfacet
  facet normal 0 -0.555572 0.831468
    outer loop
      vertex 16.5 0.9 2.44115
      vertex 15.51 1.09577 2.57196
      vertex 15.51 0.9 2.44115
    endloop
  endfacet
  facet normal 0 0.980788 0.195079
    outer loop
      vertex 16.5 -1.73867 3.53413
      vertex 15.51 -1.7846 3.76505
      vertex 16.5 -1.7846 3.76505
    endloop
  endfacet
  facet normal 0 0.980788 0.195079
    outer loop
      vertex 15.51 -1.7846 3.76505
      vertex 16.5 -1.73867 3.53413
      vertex 15.51 -1.73867 3.53413
    endloop
  endfacet
  facet normal 0 0.831468 0.555572
    outer loop
      vertex 16.5 -1.42804 2.90423
      vertex 15.51 -1.55885 3.1
      vertex 16.5 -1.55885 3.1
    endloop
  endfacet
  facet normal 0 0.831468 0.555572
    outer loop
      vertex 15.51 -1.55885 3.1
      vertex 16.5 -1.42804 2.90423
      vertex 15.51 -1.42804 2.90423
    endloop
  endfacet
  facet normal 0 -0.32137 -0.946954
    outer loop
      vertex 15.51 0.724693 17.2046
      vertex 16.5 1.07151 17.0869
      vertex 16.5 0.724693 17.2046
    endloop
  endfacet
  facet normal -0 -0.32137 -0.946954
    outer loop
      vertex 16.5 1.07151 17.0869
      vertex 15.51 0.724693 17.2046
      vertex 15.51 1.07151 17.0869
    endloop
  endfacet
  facet normal -0 0.321466 0.946921
    outer loop
      vertex 15.51 -0.465874 2.26133
      vertex 16.5 -0.688829 2.33702
      vertex 16.5 -0.465874 2.26133
    endloop
  endfacet
  facet normal 0 0.321466 0.946921
    outer loop
      vertex 16.5 -0.688829 2.33702
      vertex 15.51 -0.465874 2.26133
      vertex 15.51 -0.688829 2.33702
    endloop
  endfacet
  facet normal 0 0.896885 0.442263
    outer loop
      vertex 16.5 -1.55885 3.1
      vertex 15.51 -1.66298 3.31117
      vertex 16.5 -1.66298 3.31117
    endloop
  endfacet
  facet normal 0 0.896885 0.442263
    outer loop
      vertex 15.51 -1.66298 3.31117
      vertex 16.5 -1.55885 3.1
      vertex 15.51 -1.55885 3.1
    endloop
  endfacet
  facet normal -0 0.195072 0.980789
    outer loop
      vertex 15.51 -0.234946 2.2154
      vertex 16.5 -0.465874 2.26133
      vertex 16.5 -0.234946 2.2154
    endloop
  endfacet
  facet normal 0 0.195072 0.980789
    outer loop
      vertex 16.5 -0.465874 2.26133
      vertex 15.51 -0.234946 2.2154
      vertex 15.51 -0.465874 2.26133
    endloop
  endfacet
  facet normal 0 0.980785 -0.195092
    outer loop
      vertex 16.5 -2.77604 14.8655
      vertex 15.51 -2.70459 15.2247
      vertex 16.5 -2.70459 15.2247
    endloop
  endfacet
  facet normal 0 0.980785 -0.195092
    outer loop
      vertex 15.51 -2.70459 15.2247
      vertex 16.5 -2.77604 14.8655
      vertex 15.51 -2.77604 14.8655
    endloop
  endfacet
  facet normal 0 -0.321466 0.946921
    outer loop
      vertex 15.51 0.688829 2.33702
      vertex 16.5 0.465874 2.26133
      vertex 16.5 0.688829 2.33702
    endloop
  endfacet
  facet normal 0 -0.321466 0.946921
    outer loop
      vertex 16.5 0.465874 2.26133
      vertex 15.51 0.688829 2.33702
      vertex 15.51 0.465874 2.26133
    endloop
  endfacet
  facet normal -1 0 0
    outer loop
      vertex 16.5 1 14.5
      vertex 16.5 2.8 14.5
      vertex 16.5 2.77604 14.1345
    endloop
  endfacet
  facet normal -1 0 0
    outer loop
      vertex 16.5 2.8 14.5
      vertex 16.5 1 14.5
      vertex 16.5 2.77604 14.8655
    endloop
  endfacet
  facet normal -1 -0 0
    outer loop
      vertex 16.5 2.77604 14.8655
      vertex 16.5 0.991445 14.6305
      vertex 16.5 2.70459 15.2247
    endloop
  endfacet
  facet normal -1 0 0
    outer loop
      vertex 16.5 0.965925 14.7588
      vertex 16.5 2.70459 15.2247
      vertex 16.5 0.991445 14.6305
    endloop
  endfacet
  facet normal -1 0 0
    outer loop
      vertex 16.5 0.923879 14.8827
      vertex 16.5 2.58686 15.5715
      vertex 16.5 0.965925 14.7588
    endloop
  endfacet
  facet normal -1 -0 0
    outer loop
      vertex 16.5 2.58686 15.5715
      vertex 16.5 0.923879 14.8827
      vertex 16.5 2.42487 15.9
    endloop
  endfacet
  facet normal -1 0 0
    outer loop
      vertex 16.5 0.5 13.634
      vertex 16.5 2.77604 14.1345
      vertex 16.5 1.7846 3.76505
    endloop
  endfacet
  facet normal -1 0 0
    outer loop
      vertex 16.5 -1.7846 3.76505
      vertex 16.5 1.7846 3.76505
      vertex 16.5 1.73867 3.53413
    endloop
  endfacet
  facet normal -1 0 -0
    outer loop
      vertex 16.5 0.991445 14.3695
      vertex 16.5 2.77604 14.1345
      vertex 16.5 0.965925 14.2412
    endloop
  endfacet
  facet normal -1 0 0
    outer loop
      vertex 16.5 -1.7846 3.76505
      vertex 16.5 1.73867 3.53413
      vertex 16.5 1.66298 3.31117
    endloop
  endfacet
  facet normal -1 0 0
    outer loop
      vertex 16.5 -1.7846 3.76505
      vertex 16.5 1.66298 3.31117
      vertex 16.5 1.55885 3.1
    endloop
  endfacet
  facet normal -1 0 0
    outer loop
      vertex 16.5 -1.7846 3.76505
      vertex 16.5 1.55885 3.1
      vertex 16.5 1.42804 2.90423
    endloop
  endfacet
  facet normal -1 0 -0
    outer loop
      vertex 16.5 1 14.5
      vertex 16.5 2.77604 14.1345
      vertex 16.5 0.991445 14.3695
    endloop
  endfacet
  facet normal -1 0 0
    outer loop
      vertex 16.5 -1.7846 3.76505
      vertex 16.5 1.42804 2.90423
      vertex 16.5 1.27279 2.72721
    endloop
  endfacet
  facet normal -1 0 0
    outer loop
      vertex 16.5 -1.7846 3.76505
      vertex 16.5 1.27279 2.72721
      vertex 16.5 1.09577 2.57196
    endloop
  endfacet
  facet normal -1 -0 0
    outer loop
      vertex 16.5 2.70459 15.2247
      vertex 16.5 0.965925 14.7588
      vertex 16.5 2.58686 15.5715
    endloop
  endfacet
  facet normal -1 -0 0
    outer loop
      vertex 16.5 2.42487 15.9
      vertex 16.5 0.866025 15
      vertex 16.5 2.22139 16.2045
    endloop
  endfacet
  facet normal -1 0 0
    outer loop
      vertex 16.5 0.866025 15
      vertex 16.5 2.42487 15.9
      vertex 16.5 0.923879 14.8827
    endloop
  endfacet
  facet normal -1 0 0
    outer loop
      vertex 16.5 2.77604 14.8655
      vertex 16.5 1 14.5
      vertex 16.5 0.991445 14.6305
    endloop
  endfacet
  facet normal -1 -0 0
    outer loop
      vertex 16.5 2.77604 14.1345
      vertex 16.5 0.923879 14.1173
      vertex 16.5 0.965925 14.2412
    endloop
  endfacet
  facet normal -1 0 0
    outer loop
      vertex 16.5 -1.7846 3.76505
      vertex 16.5 1.09577 2.57196
      vertex 16.5 0.9 2.44115
    endloop
  endfacet
  facet normal -1 0 0
    outer loop
      vertex 16.5 2.77604 14.1345
      vertex 16.5 0.866025 14
      vertex 16.5 0.923879 14.1173
    endloop
  endfacet
  facet normal -1 0 0
    outer loop
      vertex 16.5 2.77604 14.1345
      vertex 16.5 0.793353 13.8912
      vertex 16.5 0.866025 14
    endloop
  endfacet
  facet normal -1 0 0
    outer loop
      vertex 16.5 2.77604 14.1345
      vertex 16.5 0.707107 13.7929
      vertex 16.5 0.793353 13.8912
    endloop
  endfacet
  facet normal -1 0 0
    outer loop
      vertex 16.5 -1.7846 3.76505
      vertex 16.5 0.9 2.44115
      vertex 16.5 0.688829 2.33702
    endloop
  endfacet
  facet normal -1 0 0
    outer loop
      vertex 16.5 2.77604 14.1345
      vertex 16.5 0.608761 13.7066
      vertex 16.5 0.707107 13.7929
    endloop
  endfacet
  facet normal -1 0 0
    outer loop
      vertex 16.5 2.77604 14.1345
      vertex 16.5 0.5 13.634
      vertex 16.5 0.608761 13.7066
    endloop
  endfacet
  facet normal -1 0 0
    outer loop
      vertex 16.5 -1.7846 3.76505
      vertex 16.5 0.688829 2.33702
      vertex 16.5 0.465874 2.26133
    endloop
  endfacet
  facet normal -1 0 0
    outer loop
      vertex 16.5 1.7846 3.76505
      vertex 16.5 0.382683 13.5761
      vertex 16.5 0.5 13.634
    endloop
  endfacet
  facet normal -1 0 0
    outer loop
      vertex 16.5 1.7846 3.76505
      vertex 16.5 -1.7846 3.76505
      vertex 16.5 0 13.5
    endloop
  endfacet
  facet normal -1 0 0
    outer loop
      vertex 16.5 -1.7846 3.76505
      vertex 16.5 0.465874 2.26133
      vertex 16.5 0.234946 2.2154
    endloop
  endfacet
  facet normal -1 0 0
    outer loop
      vertex 16.5 1.7846 3.76505
      vertex 16.5 0.258819 13.5341
      vertex 16.5 0.382683 13.5761
    endloop
  endfacet
  facet normal -1 0 0
    outer loop
      vertex 16.5 -1.7846 3.76505
      vertex 16.5 0.234946 2.2154
      vertex 16.5 0 2.2
    endloop
  endfacet
  facet normal -1 0 0
    outer loop
      vertex 16.5 1.7846 3.76505
      vertex 16.5 0.130526 13.5086
      vertex 16.5 0.258819 13.5341
    endloop
  endfacet
  facet normal -1 0 0
    outer loop
      vertex 16.5 1.7846 3.76505
      vertex 16.5 0 13.5
      vertex 16.5 0.130526 13.5086
    endloop
  endfacet
  facet normal -1 0 0
    outer loop
      vertex 16.5 -1.7846 3.76505
      vertex 16.5 0 2.2
      vertex 16.5 -0.234946 2.2154
    endloop
  endfacet
  facet normal -1 -0 0
    outer loop
      vertex 16.5 0 13.5
      vertex 16.5 -1.7846 3.76505
      vertex 16.5 -0.130526 13.5086
    endloop
  endfacet
  facet normal -1 -0 0
    outer loop
      vertex 16.5 -0.130526 13.5086
      vertex 16.5 -1.7846 3.76505
      vertex 16.5 -0.258819 13.5341
    endloop
  endfacet
  facet normal -1 0 0
    outer loop
      vertex 16.5 -1.7846 3.76505
      vertex 16.5 -0.234946 2.2154
      vertex 16.5 -0.465874 2.26133
    endloop
  endfacet
  facet normal -1 -0 0
    outer loop
      vertex 16.5 -0.258819 13.5341
      vertex 16.5 -1.7846 3.76505
      vertex 16.5 -0.382683 13.5761
    endloop
  endfacet
  facet normal -1 -0 0
    outer loop
      vertex 16.5 -0.382683 13.5761
      vertex 16.5 -1.7846 3.76505
      vertex 16.5 -0.5 13.634
    endloop
  endfacet
  facet normal -1 0 0
    outer loop
      vertex 16.5 -1.7846 3.76505
      vertex 16.5 -0.465874 2.26133
      vertex 16.5 -0.688829 2.33702
    endloop
  endfacet
  facet normal -1 0 0
    outer loop
      vertex 16.5 -2.77604 14.1345
      vertex 16.5 -0.5 13.634
      vertex 16.5 -1.7846 3.76505
    endloop
  endfacet
  facet normal -1 0 0
    outer loop
      vertex 16.5 -0.5 13.634
      vertex 16.5 -2.77604 14.1345
      vertex 16.5 -0.608761 13.7066
    endloop
  endfacet
  facet normal -1 0 0
    outer loop
      vertex 16.5 -0.608761 13.7066
      vertex 16.5 -2.77604 14.1345
      vertex 16.5 -0.707107 13.7929
    endloop
  endfacet
  facet normal -1 0 0
    outer loop
      vertex 16.5 -1.7846 3.76505
      vertex 16.5 -0.688829 2.33702
      vertex 16.5 -0.9 2.44115
    endloop
  endfacet
  facet normal -1 0 0
    outer loop
      vertex 16.5 -0.707107 13.7929
      vertex 16.5 -2.77604 14.1345
      vertex 16.5 -0.793353 13.8912
    endloop
  endfacet
  facet normal -1 0 0
    outer loop
      vertex 16.5 -0.793353 13.8912
      vertex 16.5 -2.77604 14.1345
      vertex 16.5 -0.866025 14
    endloop
  endfacet
  facet normal -1 0 0
    outer loop
      vertex 16.5 -0.866025 14
      vertex 16.5 -2.77604 14.1345
      vertex 16.5 -0.923879 14.1173
    endloop
  endfacet
  facet normal -1 0 0
    outer loop
      vertex 16.5 -0.923879 14.1173
      vertex 16.5 -2.77604 14.1345
      vertex 16.5 -0.965925 14.2412
    endloop
  endfacet
  facet normal -1 -0 0
    outer loop
      vertex 16.5 -0.965925 14.2412
      vertex 16.5 -2.77604 14.1345
      vertex 16.5 -0.991445 14.3695
    endloop
  endfacet
  facet normal -1 0 0
    outer loop
      vertex 16.5 -1.7846 3.76505
      vertex 16.5 -0.9 2.44115
      vertex 16.5 -1.09577 2.57196
    endloop
  endfacet
  facet normal -1 0 0
    outer loop
      vertex 16.5 -1.7846 3.76505
      vertex 16.5 -1.09577 2.57196
      vertex 16.5 -1.27279 2.72721
    endloop
  endfacet
  facet normal -1 -0 0
    outer loop
      vertex 16.5 -0.991445 14.3695
      vertex 16.5 -2.77604 14.1345
      vertex 16.5 -1 14.5
    endloop
  endfacet
  facet normal -1 0 0
    outer loop
      vertex 16.5 -1.7846 3.76505
      vertex 16.5 -1.27279 2.72721
      vertex 16.5 -1.42804 2.90423
    endloop
  endfacet
  facet normal -1 0 0
    outer loop
      vertex 16.5 -1.7846 3.76505
      vertex 16.5 -1.42804 2.90423
      vertex 16.5 -1.55885 3.1
    endloop
  endfacet
  facet normal -1 0 0
    outer loop
      vertex 16.5 -1.7846 3.76505
      vertex 16.5 -1.55885 3.1
      vertex 16.5 -1.66298 3.31117
    endloop
  endfacet
  facet normal -1 0 0
    outer loop
      vertex 16.5 -2.8 14.5
      vertex 16.5 -1 14.5
      vertex 16.5 -2.77604 14.1345
    endloop
  endfacet
  facet normal -1 0 0
    outer loop
      vertex 16.5 -1.7846 3.76505
      vertex 16.5 -1.66298 3.31117
      vertex 16.5 -1.73867 3.53413
    endloop
  endfacet
  facet normal -1 0 0
    outer loop
      vertex 16.5 -1 14.5
      vertex 16.5 -1.4 16.9249
      vertex 16.5 -1.07151 17.0869
    endloop
  endfacet
  facet normal -1 0 0
    outer loop
      vertex 16.5 -1 14.5
      vertex 16.5 -1.70453 16.7214
      vertex 16.5 -1.4 16.9249
    endloop
  endfacet
  facet normal -1 0 0
    outer loop
      vertex 16.5 -1 14.5
      vertex 16.5 -1.9799 16.4799
      vertex 16.5 -1.70453 16.7214
    endloop
  endfacet
  facet normal -1 0 0
    outer loop
      vertex 16.5 -1 14.5
      vertex 16.5 -2.22139 16.2045
      vertex 16.5 -1.9799 16.4799
    endloop
  endfacet
  facet normal -1 0 0
    outer loop
      vertex 16.5 -1 14.5
      vertex 16.5 -2.42487 15.9
      vertex 16.5 -2.22139 16.2045
    endloop
  endfacet
  facet normal -1 0 0
    outer loop
      vertex 16.5 -1 14.5
      vertex 16.5 -2.58686 15.5715
      vertex 16.5 -2.42487 15.9
    endloop
  endfacet
  facet normal -1 0 0
    outer loop
      vertex 16.5 -1 14.5
      vertex 16.5 -2.70459 15.2247
      vertex 16.5 -2.58686 15.5715
    endloop
  endfacet
  facet normal -1 0 0
    outer loop
      vertex 16.5 -1 14.5
      vertex 16.5 -2.77604 14.8655
      vertex 16.5 -2.70459 15.2247
    endloop
  endfacet
  facet normal -1 0 0
    outer loop
      vertex 16.5 -1 14.5
      vertex 16.5 -2.8 14.5
      vertex 16.5 -2.77604 14.8655
    endloop
  endfacet
  facet normal -1 0 0
    outer loop
      vertex 16.5 0.793353 15.1088
      vertex 16.5 2.22139 16.2045
      vertex 16.5 0.866025 15
    endloop
  endfacet
  facet normal -1 -0 0
    outer loop
      vertex 16.5 2.22139 16.2045
      vertex 16.5 0.793353 15.1088
      vertex 16.5 1.9799 16.4799
    endloop
  endfacet
  facet normal -1 0 0
    outer loop
      vertex 16.5 0.707107 15.2071
      vertex 16.5 1.9799 16.4799
      vertex 16.5 0.793353 15.1088
    endloop
  endfacet
  facet normal -1 -0 0
    outer loop
      vertex 16.5 1.9799 16.4799
      vertex 16.5 0.707107 15.2071
      vertex 16.5 1.70453 16.7214
    endloop
  endfacet
  facet normal -1 0 0
    outer loop
      vertex 16.5 0.608761 15.2934
      vertex 16.5 1.70453 16.7214
      vertex 16.5 0.707107 15.2071
    endloop
  endfacet
  facet normal -1 -0 0
    outer loop
      vertex 16.5 1.70453 16.7214
      vertex 16.5 0.608761 15.2934
      vertex 16.5 1.4 16.9249
    endloop
  endfacet
  facet normal -1 0 0
    outer loop
      vertex 16.5 0.5 15.366
      vertex 16.5 1.4 16.9249
      vertex 16.5 0.608761 15.2934
    endloop
  endfacet
  facet normal -1 -0 0
    outer loop
      vertex 16.5 1.4 16.9249
      vertex 16.5 0.5 15.366
      vertex 16.5 1.07151 17.0869
    endloop
  endfacet
  facet normal -1 0 0
    outer loop
      vertex 16.5 0.382683 15.4239
      vertex 16.5 1.07151 17.0869
      vertex 16.5 0.5 15.366
    endloop
  endfacet
  facet normal -1 -0 0
    outer loop
      vertex 16.5 1.07151 17.0869
      vertex 16.5 0.382683 15.4239
      vertex 16.5 0.724693 17.2046
    endloop
  endfacet
  facet normal -1 0 0
    outer loop
      vertex 16.5 0.258819 15.4659
      vertex 16.5 0.724693 17.2046
      vertex 16.5 0.382683 15.4239
    endloop
  endfacet
  facet normal -1 -0 0
    outer loop
      vertex 16.5 0.724693 17.2046
      vertex 16.5 0.258819 15.4659
      vertex 16.5 0.365473 17.276
    endloop
  endfacet
  facet normal -1 0 0
    outer loop
      vertex 16.5 0.130526 15.4914
      vertex 16.5 0.365473 17.276
      vertex 16.5 0.258819 15.4659
    endloop
  endfacet
  facet normal -1 0 0
    outer loop
      vertex 16.5 0 15.5
      vertex 16.5 0.365473 17.276
      vertex 16.5 0.130526 15.4914
    endloop
  endfacet
  facet normal -1 0 0
    outer loop
      vertex 16.5 0 15.5
      vertex 16.5 0 17.3
      vertex 16.5 0.365473 17.276
    endloop
  endfacet
  facet normal -1 0 0
    outer loop
      vertex 16.5 -0.130526 15.4914
      vertex 16.5 0 17.3
      vertex 16.5 0 15.5
    endloop
  endfacet
  facet normal -1 0 0
    outer loop
      vertex 16.5 -0.365473 17.276
      vertex 16.5 -0.130526 15.4914
      vertex 16.5 -0.258819 15.4659
    endloop
  endfacet
  facet normal -1 0 0
    outer loop
      vertex 16.5 -0.130526 15.4914
      vertex 16.5 -0.365473 17.276
      vertex 16.5 0 17.3
    endloop
  endfacet
  facet normal -1 0 0
    outer loop
      vertex 16.5 -0.724693 17.2046
      vertex 16.5 -0.258819 15.4659
      vertex 16.5 -0.382683 15.4239
    endloop
  endfacet
  facet normal -1 0 0
    outer loop
      vertex 16.5 -1.07151 17.0869
      vertex 16.5 -0.382683 15.4239
      vertex 16.5 -0.5 15.366
    endloop
  endfacet
  facet normal -1 0 0
    outer loop
      vertex 16.5 -1.07151 17.0869
      vertex 16.5 -0.5 15.366
      vertex 16.5 -0.608761 15.2934
    endloop
  endfacet
  facet normal -1 0 0
    outer loop
      vertex 16.5 -1.07151 17.0869
      vertex 16.5 -0.608761 15.2934
      vertex 16.5 -0.707107 15.2071
    endloop
  endfacet
  facet normal -1 0 0
    outer loop
      vertex 16.5 -0.258819 15.4659
      vertex 16.5 -0.724693 17.2046
      vertex 16.5 -0.365473 17.276
    endloop
  endfacet
  facet normal -1 0 0
    outer loop
      vertex 16.5 -1.07151 17.0869
      vertex 16.5 -0.707107 15.2071
      vertex 16.5 -0.793353 15.1088
    endloop
  endfacet
  facet normal -1 0 0
    outer loop
      vertex 16.5 -1.07151 17.0869
      vertex 16.5 -0.793353 15.1088
      vertex 16.5 -0.866025 15
    endloop
  endfacet
  facet normal -1 0 0
    outer loop
      vertex 16.5 -1.07151 17.0869
      vertex 16.5 -0.866025 15
      vertex 16.5 -0.923879 14.8827
    endloop
  endfacet
  facet normal -1 0 0
    outer loop
      vertex 16.5 -1.07151 17.0869
      vertex 16.5 -0.923879 14.8827
      vertex 16.5 -0.965925 14.7588
    endloop
  endfacet
  facet normal -1 0 0
    outer loop
      vertex 16.5 -1.07151 17.0869
      vertex 16.5 -0.965925 14.7588
      vertex 16.5 -0.991445 14.6305
    endloop
  endfacet
  facet normal -1 0 0
    outer loop
      vertex 16.5 -0.382683 15.4239
      vertex 16.5 -1.07151 17.0869
      vertex 16.5 -0.724693 17.2046
    endloop
  endfacet
  facet normal -1 0 0
    outer loop
      vertex 16.5 -1.07151 17.0869
      vertex 16.5 -0.991445 14.6305
      vertex 16.5 -1 14.5
    endloop
  endfacet
  facet normal 0 0.0655272 -0.997851
    outer loop
      vertex 15.51 -0.365473 17.276
      vertex 16.5 0 17.3
      vertex 16.5 -0.365473 17.276
    endloop
  endfacet
  facet normal 0 0.0655272 -0.997851
    outer loop
      vertex 16.5 0 17.3
      vertex 15.51 -0.365473 17.276
      vertex 15.51 0 17.3
    endloop
  endfacet
  facet normal 0 -0.751824 0.659364
    outer loop
      vertex 15.51 1.27279 2.72721
      vertex 16.5 1.42804 2.90423
      vertex 15.51 1.42804 2.90423
    endloop
  endfacet
  facet normal 0 -0.751824 0.659364
    outer loop
      vertex 16.5 1.42804 2.90423
      vertex 15.51 1.27279 2.72721
      vertex 16.5 1.27279 2.72721
    endloop
  endfacet
  facet normal 0 0.946924 -0.321457
    outer loop
      vertex 16.5 -2.70459 15.2247
      vertex 15.51 -2.58686 15.5715
      vertex 16.5 -2.58686 15.5715
    endloop
  endfacet
  facet normal 0 0.946924 -0.321457
    outer loop
      vertex 15.51 -2.58686 15.5715
      vertex 16.5 -2.70459 15.2247
      vertex 15.51 -2.70459 15.2247
    endloop
  endfacet
  facet normal 0 0.659357 -0.75183
    outer loop
      vertex 15.51 -1.9799 16.4799
      vertex 16.5 -1.70453 16.7214
      vertex 16.5 -1.9799 16.4799
    endloop
  endfacet
  facet normal 0 0.659357 -0.75183
    outer loop
      vertex 16.5 -1.70453 16.7214
      vertex 15.51 -1.9799 16.4799
      vertex 15.51 -1.70453 16.7214
    endloop
  endfacet
  facet normal 0 0.997858 -0.0654136
    outer loop
      vertex 16.5 -2.8 14.5
      vertex 15.51 -2.77604 14.8655
      vertex 16.5 -2.77604 14.8655
    endloop
  endfacet
  facet normal 0 0.997858 -0.0654136
    outer loop
      vertex 15.51 -2.77604 14.8655
      vertex 16.5 -2.8 14.5
      vertex 15.51 -2.8 14.5
    endloop
  endfacet
  facet normal 0 0.19495 -0.980813
    outer loop
      vertex 15.51 -0.724693 17.2046
      vertex 16.5 -0.365473 17.276
      vertex 16.5 -0.724693 17.2046
    endloop
  endfacet
  facet normal 0 0.19495 -0.980813
    outer loop
      vertex 16.5 -0.365473 17.276
      vertex 15.51 -0.724693 17.2046
      vertex 15.51 -0.365473 17.276
    endloop
  endfacet
  facet normal 0 0.751879 -0.659301
    outer loop
      vertex 16.5 -2.22139 16.2045
      vertex 15.51 -1.9799 16.4799
      vertex 16.5 -1.9799 16.4799
    endloop
  endfacet
  facet normal 0 0.751879 -0.659301
    outer loop
      vertex 15.51 -1.9799 16.4799
      vertex 16.5 -2.22139 16.2045
      vertex 15.51 -2.22139 16.2045
    endloop
  endfacet
  facet normal -0.697555 0.678499 0.230341
    outer loop
      vertex 15.1 -2.12504 3.4306
      vertex 15.51 -1.66298 3.31117
      vertex 15.1 -2.03253 3.1581
    endloop
  endfacet
  facet normal -0.697556 0.23034 0.678498
    outer loop
      vertex 15.1 -0.841903 1.96747
      vertex 15.51 -0.688829 2.33702
      vertex 15.1 -0.569402 1.87496
    endloop
  endfacet
  facet normal -0.697556 -0.398091 0.595767
    outer loop
      vertex 15.51 0.9 2.44115
      vertex 15.1 1.33927 2.25462
      vertex 15.1 1.1 2.09474
    endloop
  endfacet
  facet normal -0.697558 -0.714994 0.0468674
    outer loop
      vertex 15.51 2.77604 14.1345
      vertex 15.1 3.2 14.5
      vertex 15.1 3.17262 14.0823
    endloop
  endfacet
  facet normal -0.697557 0.0468658 0.714995
    outer loop
      vertex 15.51 -0.234946 2.2154
      vertex 15.51 0 2.2
      vertex 15.1 0 1.8
    endloop
  endfacet
  facet normal -0.697557 -0.678499 0.230335
    outer loop
      vertex 15.51 1.66298 3.31117
      vertex 15.51 1.73867 3.53413
      vertex 15.1 2.12504 3.4306
    endloop
  endfacet
  facet normal 1 0 0
    outer loop
      vertex 15.1 -1.90526 2.9
      vertex 15.1 -1.95457 3
      vertex 15.1 -2.03253 3.1581
    endloop
  endfacet
  facet normal 0 0.896889 0.442256
    outer loop
      vertex 15.1 -1.90526 2.9
      vertex 15.09 -1.95457 3
      vertex 15.1 -1.95457 3
    endloop
  endfacet
  facet normal 0 0.896889 0.442256
    outer loop
      vertex 15.09 -1.95457 3
      vertex 15.1 -1.90526 2.9
      vertex 15.09 -1.90526 2.9
    endloop
  endfacet
  facet normal -0.697553 0.538709 0.472454
    outer loop
      vertex 15.1 -1.74538 2.66073
      vertex 15.51 -1.42804 2.90423
      vertex 15.1 -1.55563 2.44437
    endloop
  endfacet
  facet normal -0.697558 0.714994 0.0468674
    outer loop
      vertex 15.1 -3.2 14.5
      vertex 15.51 -2.77604 14.1345
      vertex 15.1 -3.17262 14.0823
    endloop
  endfacet
  facet normal -0.697558 -0.04686 0.714994
    outer loop
      vertex 15.51 0.234946 2.2154
      vertex 15.1 0.287157 1.81882
      vertex 15.1 0 1.8
    endloop
  endfacet
  facet normal -0.697556 0.70276 -0.139799
    outer loop
      vertex 15.1 -3.09096 15.3282
      vertex 15.51 -2.77604 14.8655
      vertex 15.1 -3.17262 14.9177
    endloop
  endfacet
  facet normal 0 -0.442263 0.896886
    outer loop
      vertex 15.09 1.1 2.09474
      vertex 15.1 0.841903 1.96747
      vertex 15.1 1.1 2.09474
    endloop
  endfacet
  facet normal 0 -0.442263 0.896886
    outer loop
      vertex 15.1 0.841903 1.96747
      vertex 15.09 1.1 2.09474
      vertex 15.09 0.841903 1.96747
    endloop
  endfacet
  facet normal -0.697556 0.702764 0.13978
    outer loop
      vertex 15.51 -1.7846 3.76505
      vertex 15.51 -1.73867 3.53413
      vertex 15.1 -2.12504 3.4306
    endloop
  endfacet
  facet normal -0.697548 0.678507 -0.230336
    outer loop
      vertex 15.51 -2.58686 15.5715
      vertex 15.51 -2.70459 15.2247
      vertex 15.1 -3.09096 15.3282
    endloop
  endfacet
  facet normal -0.697548 -0.678507 -0.230336
    outer loop
      vertex 15.51 2.70459 15.2247
      vertex 15.51 2.58686 15.5715
      vertex 15.1 3.09096 15.3282
    endloop
  endfacet
  facet normal 0 0.751827 0.65936
    outer loop
      vertex 15.1 -1.55563 2.44437
      vertex 15.09 -1.74538 2.66073
      vertex 15.1 -1.74538 2.66073
    endloop
  endfacet
  facet normal 0 0.751827 0.65936
    outer loop
      vertex 15.09 -1.74538 2.66073
      vertex 15.1 -1.55563 2.44437
      vertex 15.09 -1.55563 2.44437
    endloop
  endfacet
  facet normal -0.697558 -0.702761 0.139785
    outer loop
      vertex 15.51 1.7846 3.76505
      vertex 15.1 2.18118 3.71284
      vertex 15.1 2.12504 3.4306
    endloop
  endfacet
  facet normal 0 0.831462 0.555582
    outer loop
      vertex 15.1 -1.74538 2.66073
      vertex 15.09 -1.90526 2.9
      vertex 15.1 -1.90526 2.9
    endloop
  endfacet
  facet normal 0 0.831462 0.555582
    outer loop
      vertex 15.09 -1.90526 2.9
      vertex 15.1 -1.74538 2.66073
      vertex 15.09 -1.74538 2.66073
    endloop
  endfacet
  facet normal -0.697556 -0.316895 0.642646
    outer loop
      vertex 15.51 0.9 2.44115
      vertex 15.1 1.1 2.09474
      vertex 15.1 0.841903 1.96747
    endloop
  endfacet
  facet normal -0.697557 0.678499 0.230335
    outer loop
      vertex 15.51 -1.73867 3.53413
      vertex 15.51 -1.66298 3.31117
      vertex 15.1 -2.12504 3.4306
    endloop
  endfacet
  facet normal -0.697556 0.642647 0.316892
    outer loop
      vertex 15.1 -2.03253 3.1581
      vertex 15.51 -1.55885 3.1
      vertex 15.1 -1.90526 2.9
    endloop
  endfacet
  facet normal -0.697558 0.702761 0.139785
    outer loop
      vertex 15.1 -2.18118 3.71284
      vertex 15.51 -1.7846 3.76505
      vertex 15.1 -2.12504 3.4306
    endloop
  endfacet
  facet normal -0.697553 0.398086 0.595774
    outer loop
      vertex 15.51 -1.09577 2.57196
      vertex 15.51 -0.9 2.44115
      vertex 15.1 -1.33927 2.25462
    endloop
  endfacet
  facet normal -0.697556 0.595767 0.398091
    outer loop
      vertex 15.1 -1.90526 2.9
      vertex 15.51 -1.55885 3.1
      vertex 15.1 -1.74538 2.66073
    endloop
  endfacet
  facet normal 0 -0.195084 0.980787
    outer loop
      vertex 15.09 0.569402 1.87496
      vertex 15.1 0.287157 1.81882
      vertex 15.1 0.569402 1.87496
    endloop
  endfacet
  facet normal 0 -0.195084 0.980787
    outer loop
      vertex 15.1 0.287157 1.81882
      vertex 15.09 0.569402 1.87496
      vertex 15.09 0.287157 1.81882
    endloop
  endfacet
  facet normal -0.697553 -0.472454 0.538709
    outer loop
      vertex 15.51 1.09577 2.57196
      vertex 15.1 1.55563 2.44437
      vertex 15.1 1.33927 2.25462
    endloop
  endfacet
  facet normal -0.697554 0.642647 0.316895
    outer loop
      vertex 15.51 -1.66298 3.31117
      vertex 15.51 -1.55885 3.1
      vertex 15.1 -2.03253 3.1581
    endloop
  endfacet
  facet normal -0.697562 0.678503 -0.230304
    outer loop
      vertex 15.1 -2.95641 15.7246
      vertex 15.51 -2.58686 15.5715
      vertex 15.1 -3.09096 15.3282
    endloop
  endfacet
  facet normal 0 -0.751827 0.65936
    outer loop
      vertex 15.09 1.55563 2.44437
      vertex 15.1 1.74538 2.66073
      vertex 15.09 1.74538 2.66073
    endloop
  endfacet
  facet normal 0 -0.751827 0.65936
    outer loop
      vertex 15.1 1.74538 2.66073
      vertex 15.09 1.55563 2.44437
      vertex 15.1 1.55563 2.44437
    endloop
  endfacet
  facet normal -0.697556 -0.714995 0.0468708
    outer loop
      vertex 15.51 2.77604 14.1345
      vertex 15.51 2.8 14.5
      vertex 15.1 3.2 14.5
    endloop
  endfacet
  facet normal -0.697556 -0.702764 0.13978
    outer loop
      vertex 15.51 1.73867 3.53413
      vertex 15.51 1.7846 3.76505
      vertex 15.1 2.12504 3.4306
    endloop
  endfacet
  facet normal 0 -0.65936 0.751827
    outer loop
      vertex 15.09 1.55563 2.44437
      vertex 15.1 1.33927 2.25462
      vertex 15.1 1.55563 2.44437
    endloop
  endfacet
  facet normal 0 -0.65936 0.751827
    outer loop
      vertex 15.1 1.33927 2.25462
      vertex 15.09 1.55563 2.44437
      vertex 15.09 1.33927 2.25462
    endloop
  endfacet
  facet normal -0.697556 -0.23034 0.678498
    outer loop
      vertex 15.51 0.465874 2.26133
      vertex 15.51 0.688829 2.33702
      vertex 15.1 0.569402 1.87496
    endloop
  endfacet
  facet normal -0.698098 -0.712752 0.0681473
    outer loop
      vertex 15.1 3.17262 14.0823
      vertex 15.51 1.7846 3.76505
      vertex 15.51 2.77604 14.1345
    endloop
  endfacet
  facet normal -0.698099 -0.712751 0.0681472
    outer loop
      vertex 15.51 1.7846 3.76505
      vertex 15.1 3.17262 14.0823
      vertex 15.1 2.18118 3.71284
    endloop
  endfacet
  facet normal -0.697552 0.702766 -0.13979
    outer loop
      vertex 15.51 -2.70459 15.2247
      vertex 15.51 -2.77604 14.8655
      vertex 15.1 -3.09096 15.3282
    endloop
  endfacet
  facet normal -0.697556 -0.23034 0.678498
    outer loop
      vertex 15.51 0.688829 2.33702
      vertex 15.1 0.841903 1.96747
      vertex 15.1 0.569402 1.87496
    endloop
  endfacet
  facet normal -0.697556 -0.642643 -0.3169
    outer loop
      vertex 15.51 2.58686 15.5715
      vertex 15.51 2.42487 15.9
      vertex 15.1 2.77128 16.1
    endloop
  endfacet
  facet normal -0.697554 -0.595756 -0.398112
    outer loop
      vertex 15.51 2.22139 16.2045
      vertex 15.1 2.53873 16.448
      vertex 15.1 2.77128 16.1
    endloop
  endfacet
  facet normal -0.697579 0.139683 -0.70276
    outer loop
      vertex 15.51 -0.365473 17.276
      vertex 15.51 -0.724693 17.2046
      vertex 15.1 -0.82822 17.591
    endloop
  endfacet
  facet normal -0 0.442263 0.896886
    outer loop
      vertex 15.09 -0.841903 1.96747
      vertex 15.1 -1.1 2.09474
      vertex 15.1 -0.841903 1.96747
    endloop
  endfacet
  facet normal 0 0.442263 0.896886
    outer loop
      vertex 15.1 -1.1 2.09474
      vertex 15.09 -0.841903 1.96747
      vertex 15.09 -1.1 2.09474
    endloop
  endfacet
  facet normal -0.697527 0.472475 -0.538724
    outer loop
      vertex 15.1 -1.94804 17.0387
      vertex 15.51 -1.9799 16.4799
      vertex 15.1 -2.26274 16.7627
    endloop
  endfacet
  facet normal -0.697556 0.316894 0.642646
    outer loop
      vertex 15.51 -0.9 2.44115
      vertex 15.51 -0.688829 2.33702
      vertex 15.1 -0.841903 1.96747
    endloop
  endfacet
  facet normal -0.697559 0.139783 0.702761
    outer loop
      vertex 15.1 -0.569402 1.87496
      vertex 15.51 -0.234946 2.2154
      vertex 15.1 -0.287157 1.81882
    endloop
  endfacet
  facet normal -0.698098 0.712752 0.0681473
    outer loop
      vertex 15.51 -1.7846 3.76505
      vertex 15.1 -3.17262 14.0823
      vertex 15.51 -2.77604 14.1345
    endloop
  endfacet
  facet normal -0.698099 0.712751 0.0681472
    outer loop
      vertex 15.1 -3.17262 14.0823
      vertex 15.51 -1.7846 3.76505
      vertex 15.1 -2.18118 3.71284
    endloop
  endfacet
  facet normal -0.697556 -0.714995 -0.0468708
    outer loop
      vertex 15.51 2.8 14.5
      vertex 15.51 2.77604 14.8655
      vertex 15.1 3.2 14.5
    endloop
  endfacet
  facet normal -0.697558 0.714994 -0.0468674
    outer loop
      vertex 15.1 -3.17262 14.9177
      vertex 15.51 -2.77604 14.8655
      vertex 15.1 -3.2 14.5
    endloop
  endfacet
  facet normal -0 0.321466 0.946921
    outer loop
      vertex 15.09 -0.569402 1.87496
      vertex 15.1 -0.841903 1.96747
      vertex 15.1 -0.569402 1.87496
    endloop
  endfacet
  facet normal 0 0.321466 0.946921
    outer loop
      vertex 15.1 -0.841903 1.96747
      vertex 15.09 -0.569402 1.87496
      vertex 15.09 -0.841903 1.96747
    endloop
  endfacet
  facet normal -0.697554 0.538746 -0.47241
    outer loop
      vertex 15.51 -1.9799 16.4799
      vertex 15.51 -2.22139 16.2045
      vertex 15.1 -2.53873 16.448
    endloop
  endfacet
  facet normal -0.697556 -0.642647 0.316892
    outer loop
      vertex 15.51 1.55885 3.1
      vertex 15.1 2.03253 3.1581
      vertex 15.1 1.90526 2.9
    endloop
  endfacet
  facet normal -0.697556 0.23034 0.678498
    outer loop
      vertex 15.51 -0.688829 2.33702
      vertex 15.51 -0.465874 2.26133
      vertex 15.1 -0.569402 1.87496
    endloop
  endfacet
  facet normal -0.697527 -0.472475 -0.538724
    outer loop
      vertex 15.51 1.9799 16.4799
      vertex 15.1 1.94804 17.0387
      vertex 15.1 2.26274 16.7627
    endloop
  endfacet
  facet normal -0.697555 -0.678499 0.230341
    outer loop
      vertex 15.51 1.66298 3.31117
      vertex 15.1 2.12504 3.4306
      vertex 15.1 2.03253 3.1581
    endloop
  endfacet
  facet normal -0.697553 0.595774 0.398086
    outer loop
      vertex 15.51 -1.55885 3.1
      vertex 15.51 -1.42804 2.90423
      vertex 15.1 -1.74538 2.66073
    endloop
  endfacet
  facet normal -0.697556 0.714995 -0.0468708
    outer loop
      vertex 15.51 -2.77604 14.8655
      vertex 15.51 -2.8 14.5
      vertex 15.1 -3.2 14.5
    endloop
  endfacet
  facet normal -0.697553 -0.595774 0.398086
    outer loop
      vertex 15.51 1.42804 2.90423
      vertex 15.51 1.55885 3.1
      vertex 15.1 1.74538 2.66073
    endloop
  endfacet
  facet normal -0.697566 0.642626 -0.316914
    outer loop
      vertex 15.1 -2.77128 16.1
      vertex 15.51 -2.58686 15.5715
      vertex 15.1 -2.95641 15.7246
    endloop
  endfacet
  facet normal -0.697556 -0.70276 -0.139799
    outer loop
      vertex 15.51 2.77604 14.8655
      vertex 15.1 3.09096 15.3282
      vertex 15.1 3.17262 14.9177
    endloop
  endfacet
  facet normal -0.697558 -0.714994 -0.0468674
    outer loop
      vertex 15.51 2.77604 14.8655
      vertex 15.1 3.17262 14.9177
      vertex 15.1 3.2 14.5
    endloop
  endfacet
  facet normal -0.697556 -0.316894 0.642646
    outer loop
      vertex 15.51 0.688829 2.33702
      vertex 15.51 0.9 2.44115
      vertex 15.1 0.841903 1.96747
    endloop
  endfacet
  facet normal 0 -0.831462 0.555582
    outer loop
      vertex 15.09 1.74538 2.66073
      vertex 15.1 1.90526 2.9
      vertex 15.09 1.90526 2.9
    endloop
  endfacet
  facet normal 0 -0.831462 0.555582
    outer loop
      vertex 15.1 1.90526 2.9
      vertex 15.09 1.74538 2.66073
      vertex 15.1 1.74538 2.66073
    endloop
  endfacet
  facet normal -0.697556 -0.139775 0.702765
    outer loop
      vertex 15.51 0.234946 2.2154
      vertex 15.51 0.465874 2.26133
      vertex 15.1 0.569402 1.87496
    endloop
  endfacet
  facet normal -0.697554 -0.642647 0.316895
    outer loop
      vertex 15.51 1.55885 3.1
      vertex 15.51 1.66298 3.31117
      vertex 15.1 2.03253 3.1581
    endloop
  endfacet
  facet normal -0 0.195084 0.980787
    outer loop
      vertex 15.09 -0.287157 1.81882
      vertex 15.1 -0.569402 1.87496
      vertex 15.1 -0.287157 1.81882
    endloop
  endfacet
  facet normal 0 0.195084 0.980787
    outer loop
      vertex 15.1 -0.569402 1.87496
      vertex 15.09 -0.287157 1.81882
      vertex 15.09 -0.569402 1.87496
    endloop
  endfacet
  facet normal -0.697556 0.714995 0.0468708
    outer loop
      vertex 15.51 -2.8 14.5
      vertex 15.51 -2.77604 14.1345
      vertex 15.1 -3.2 14.5
    endloop
  endfacet
  facet normal -0.697558 0.04686 0.714994
    outer loop
      vertex 15.1 -0.287157 1.81882
      vertex 15.51 -0.234946 2.2154
      vertex 15.1 0 1.8
    endloop
  endfacet
  facet normal -0.697556 0.139775 0.702765
    outer loop
      vertex 15.51 -0.465874 2.26133
      vertex 15.51 -0.234946 2.2154
      vertex 15.1 -0.569402 1.87496
    endloop
  endfacet
  facet normal -0.697556 0.398091 0.595767
    outer loop
      vertex 15.1 -1.33927 2.25462
      vertex 15.51 -0.9 2.44115
      vertex 15.1 -1.1 2.09474
    endloop
  endfacet
  facet normal -0.697554 0.538706 0.472456
    outer loop
      vertex 15.51 -1.42804 2.90423
      vertex 15.51 -1.27279 2.72721
      vertex 15.1 -1.55563 2.44437
    endloop
  endfacet
  facet normal -0.697532 0.472465 -0.538727
    outer loop
      vertex 15.51 -1.70453 16.7214
      vertex 15.51 -1.9799 16.4799
      vertex 15.1 -1.94804 17.0387
    endloop
  endfacet
  facet normal -0.697556 -0.595767 0.398091
    outer loop
      vertex 15.51 1.55885 3.1
      vertex 15.1 1.90526 2.9
      vertex 15.1 1.74538 2.66073
    endloop
  endfacet
  facet normal -0.697553 -0.398086 0.595774
    outer loop
      vertex 15.51 0.9 2.44115
      vertex 15.51 1.09577 2.57196
      vertex 15.1 1.33927 2.25462
    endloop
  endfacet
  facet normal -0 0.555582 0.831462
    outer loop
      vertex 15.09 -1.1 2.09474
      vertex 15.1 -1.33927 2.25462
      vertex 15.1 -1.1 2.09474
    endloop
  endfacet
  facet normal 0 0.555582 0.831462
    outer loop
      vertex 15.1 -1.33927 2.25462
      vertex 15.09 -1.1 2.09474
      vertex 15.09 -1.33927 2.25462
    endloop
  endfacet
  facet normal 0 -0.321466 0.946921
    outer loop
      vertex 15.09 0.841903 1.96747
      vertex 15.1 0.569402 1.87496
      vertex 15.1 0.841903 1.96747
    endloop
  endfacet
  facet normal 0 -0.321466 0.946921
    outer loop
      vertex 15.1 0.569402 1.87496
      vertex 15.09 0.841903 1.96747
      vertex 15.09 0.569402 1.87496
    endloop
  endfacet
  facet normal -0.697552 -0.702766 -0.13979
    outer loop
      vertex 15.51 2.77604 14.8655
      vertex 15.51 2.70459 15.2247
      vertex 15.1 3.09096 15.3282
    endloop
  endfacet
  facet normal -0.697554 -0.538746 -0.47241
    outer loop
      vertex 15.51 2.22139 16.2045
      vertex 15.51 1.9799 16.4799
      vertex 15.1 2.53873 16.448
    endloop
  endfacet
  facet normal -0.697562 -0.678503 -0.230304
    outer loop
      vertex 15.51 2.58686 15.5715
      vertex 15.1 2.95641 15.7246
      vertex 15.1 3.09096 15.3282
    endloop
  endfacet
  facet normal 0 -0.896889 0.442256
    outer loop
      vertex 15.09 1.95457 3
      vertex 15.09 1.90526 2.9
      vertex 15.1 1.95457 3
    endloop
  endfacet
  facet normal 1 -0 0
    outer loop
      vertex 15.1 1.95457 3
      vertex 15.1 1.90526 2.9
      vertex 15.1 2.03253 3.1581
    endloop
  endfacet
  facet normal 0 -0.896889 0.442256
    outer loop
      vertex 15.1 1.90526 2.9
      vertex 15.1 1.95457 3
      vertex 15.09 1.90526 2.9
    endloop
  endfacet
  facet normal -0.697549 0.316927 -0.642638
    outer loop
      vertex 15.51 -1.07151 17.0869
      vertex 15.51 -1.4 16.9249
      vertex 15.1 -1.6 17.2713
    endloop
  endfacet
  facet normal -0.697555 -0.595756 -0.39811
    outer loop
      vertex 15.51 2.42487 15.9
      vertex 15.51 2.22139 16.2045
      vertex 15.1 2.77128 16.1
    endloop
  endfacet
  facet normal -0.697566 -0.642626 -0.316914
    outer loop
      vertex 15.51 2.58686 15.5715
      vertex 15.1 2.77128 16.1
      vertex 15.1 2.95641 15.7246
    endloop
  endfacet
  facet normal -0.697554 0.595756 -0.398112
    outer loop
      vertex 15.1 -2.53873 16.448
      vertex 15.51 -2.22139 16.2045
      vertex 15.1 -2.77128 16.1
    endloop
  endfacet
  facet normal -0.697531 -0.398152 -0.595756
    outer loop
      vertex 15.51 1.70453 16.7214
      vertex 15.1 1.6 17.2713
      vertex 15.1 1.94804 17.0387
    endloop
  endfacet
  facet normal -0.697556 0.642643 -0.3169
    outer loop
      vertex 15.51 -2.42487 15.9
      vertex 15.51 -2.58686 15.5715
      vertex 15.1 -2.77128 16.1
    endloop
  endfacet
  facet normal -0 0.0653988 0.997859
    outer loop
      vertex 15.09 0 1.8
      vertex 15.1 -0.287157 1.81882
      vertex 15.1 0 1.8
    endloop
  endfacet
  facet normal 0 0.0653988 0.997859
    outer loop
      vertex 15.1 -0.287157 1.81882
      vertex 15.09 0 1.8
      vertex 15.09 -0.287157 1.81882
    endloop
  endfacet
  facet normal -0.697548 -0.398114 -0.595762
    outer loop
      vertex 15.51 1.70453 16.7214
      vertex 15.51 1.4 16.9249
      vertex 15.1 1.6 17.2713
    endloop
  endfacet
  facet normal -0.697553 0.472454 0.538709
    outer loop
      vertex 15.1 -1.55563 2.44437
      vertex 15.51 -1.09577 2.57196
      vertex 15.1 -1.33927 2.25462
    endloop
  endfacet
  facet normal -0.697556 0.316895 0.642646
    outer loop
      vertex 15.1 -1.1 2.09474
      vertex 15.51 -0.9 2.44115
      vertex 15.1 -0.841903 1.96747
    endloop
  endfacet
  facet normal -0.697549 -0.316927 -0.642638
    outer loop
      vertex 15.51 1.4 16.9249
      vertex 15.51 1.07151 17.0869
      vertex 15.1 1.6 17.2713
    endloop
  endfacet
  facet normal -0.697554 -0.472456 0.538706
    outer loop
      vertex 15.51 1.09577 2.57196
      vertex 15.51 1.27279 2.72721
      vertex 15.1 1.55563 2.44437
    endloop
  endfacet
  facet normal -0.697554 0.472456 0.538706
    outer loop
      vertex 15.51 -1.27279 2.72721
      vertex 15.51 -1.09577 2.57196
      vertex 15.1 -1.55563 2.44437
    endloop
  endfacet
  facet normal -0.697519 0.316885 -0.64269
    outer loop
      vertex 15.1 -1.22459 17.4564
      vertex 15.51 -1.07151 17.0869
      vertex 15.1 -1.6 17.2713
    endloop
  endfacet
  facet normal 0 -0.555582 0.831462
    outer loop
      vertex 15.09 1.33927 2.25462
      vertex 15.1 1.1 2.09474
      vertex 15.1 1.33927 2.25462
    endloop
  endfacet
  facet normal 0 -0.555582 0.831462
    outer loop
      vertex 15.1 1.1 2.09474
      vertex 15.09 1.33927 2.25462
      vertex 15.09 1.1 2.09474
    endloop
  endfacet
  facet normal -0 0.65936 0.751827
    outer loop
      vertex 15.09 -1.33927 2.25462
      vertex 15.1 -1.55563 2.44437
      vertex 15.1 -1.33927 2.25462
    endloop
  endfacet
  facet normal 0 0.65936 0.751827
    outer loop
      vertex 15.1 -1.55563 2.44437
      vertex 15.09 -1.33927 2.25462
      vertex 15.09 -1.55563 2.44437
    endloop
  endfacet
  facet normal -0.697583 0.230263 -0.678496
    outer loop
      vertex 15.51 -0.724693 17.2046
      vertex 15.51 -1.07151 17.0869
      vertex 15.1 -0.82822 17.591
    endloop
  endfacet
  facet normal -0.697554 0.0469524 -0.714993
    outer loop
      vertex 15.51 0 17.3
      vertex 15.51 -0.365473 17.276
      vertex 15.1 0 17.7
    endloop
  endfacet
  facet normal -0.697554 -0.0469524 -0.714993
    outer loop
      vertex 15.51 0.365473 17.276
      vertex 15.51 0 17.3
      vertex 15.1 0 17.7
    endloop
  endfacet
  facet normal -0.697583 -0.230263 -0.678496
    outer loop
      vertex 15.51 1.07151 17.0869
      vertex 15.51 0.724693 17.2046
      vertex 15.1 0.82822 17.591
    endloop
  endfacet
  facet normal -0.697557 -0.0468658 0.714995
    outer loop
      vertex 15.51 0 2.2
      vertex 15.51 0.234946 2.2154
      vertex 15.1 0 1.8
    endloop
  endfacet
  facet normal -0.697517 -0.230411 -0.678514
    outer loop
      vertex 15.51 1.07151 17.0869
      vertex 15.1 0.82822 17.591
      vertex 15.1 1.22459 17.4564
    endloop
  endfacet
  facet normal -0.697519 -0.316885 -0.64269
    outer loop
      vertex 15.51 1.07151 17.0869
      vertex 15.1 1.22459 17.4564
      vertex 15.1 1.6 17.2713
    endloop
  endfacet
  facet normal -0.697579 -0.139683 -0.70276
    outer loop
      vertex 15.51 0.724693 17.2046
      vertex 15.51 0.365473 17.276
      vertex 15.1 0.82822 17.591
    endloop
  endfacet
  facet normal -0.697559 -0.139783 0.702761
    outer loop
      vertex 15.51 0.234946 2.2154
      vertex 15.1 0.569402 1.87496
      vertex 15.1 0.287157 1.81882
    endloop
  endfacet
  facet normal -0.697554 -0.538706 0.472456
    outer loop
      vertex 15.51 1.27279 2.72721
      vertex 15.51 1.42804 2.90423
      vertex 15.1 1.55563 2.44437
    endloop
  endfacet
  facet normal -0.697553 -0.538709 0.472454
    outer loop
      vertex 15.51 1.42804 2.90423
      vertex 15.1 1.74538 2.66073
      vertex 15.1 1.55563 2.44437
    endloop
  endfacet
  facet normal -0.69753 -0.538731 -0.472463
    outer loop
      vertex 15.51 1.9799 16.4799
      vertex 15.1 2.26274 16.7627
      vertex 15.1 2.53873 16.448
    endloop
  endfacet
  facet normal -0.697532 -0.472465 -0.538727
    outer loop
      vertex 15.51 1.9799 16.4799
      vertex 15.51 1.70453 16.7214
      vertex 15.1 1.94804 17.0387
    endloop
  endfacet
  facet normal 0 -0.0653988 0.997859
    outer loop
      vertex 15.09 0.287157 1.81882
      vertex 15.1 0 1.8
      vertex 15.1 0.287157 1.81882
    endloop
  endfacet
  facet normal 0 -0.0653988 0.997859
    outer loop
      vertex 15.1 0 1.8
      vertex 15.09 0.287157 1.81882
      vertex 15.09 0 1.8
    endloop
  endfacet
  facet normal -0.697579 -0.139684 -0.70276
    outer loop
      vertex 15.51 0.365473 17.276
      vertex 15.1 0.417684 17.6726
      vertex 15.1 0.82822 17.591
    endloop
  endfacet
  facet normal -0.697578 -0.0469021 -0.714972
    outer loop
      vertex 15.51 0.365473 17.276
      vertex 15.1 0 17.7
      vertex 15.1 0.417684 17.6726
    endloop
  endfacet
  facet normal -0.697578 0.0469021 -0.714972
    outer loop
      vertex 15.1 0 17.7
      vertex 15.51 -0.365473 17.276
      vertex 15.1 -0.417684 17.6726
    endloop
  endfacet
  facet normal -0.697531 0.398152 -0.595756
    outer loop
      vertex 15.1 -1.6 17.2713
      vertex 15.51 -1.70453 16.7214
      vertex 15.1 -1.94804 17.0387
    endloop
  endfacet
  facet normal -0.69753 0.538731 -0.472463
    outer loop
      vertex 15.1 -2.26274 16.7627
      vertex 15.51 -1.9799 16.4799
      vertex 15.1 -2.53873 16.448
    endloop
  endfacet
  facet normal -0.697555 0.595756 -0.39811
    outer loop
      vertex 15.51 -2.22139 16.2045
      vertex 15.51 -2.42487 15.9
      vertex 15.1 -2.77128 16.1
    endloop
  endfacet
  facet normal -0.697548 0.398114 -0.595762
    outer loop
      vertex 15.51 -1.4 16.9249
      vertex 15.51 -1.70453 16.7214
      vertex 15.1 -1.6 17.2713
    endloop
  endfacet
  facet normal -0.697517 0.230411 -0.678514
    outer loop
      vertex 15.1 -0.82822 17.591
      vertex 15.51 -1.07151 17.0869
      vertex 15.1 -1.22459 17.4564
    endloop
  endfacet
  facet normal -0.697579 0.139684 -0.70276
    outer loop
      vertex 15.1 -0.417684 17.6726
      vertex 15.51 -0.365473 17.276
      vertex 15.1 -0.82822 17.591
    endloop
  endfacet
  facet normal 0 -0.19495 0.980813
    outer loop
      vertex 16.5 0.258819 13.5341
      vertex 17.3 0.130526 13.5086
      vertex 17.3 0.258819 13.5341
    endloop
  endfacet
  facet normal 0 -0.19495 0.980813
    outer loop
      vertex 17.3 0.130526 13.5086
      vertex 16.5 0.258819 13.5341
      vertex 16.5 0.130526 13.5086
    endloop
  endfacet
  facet normal 0 -0.0657447 0.997836
    outer loop
      vertex 16.5 0.130526 13.5086
      vertex 17.3 0 13.5
      vertex 17.3 0.130526 13.5086
    endloop
  endfacet
  facet normal 0 -0.0657447 0.997836
    outer loop
      vertex 17.3 0 13.5
      vertex 16.5 0.130526 13.5086
      vertex 16.5 0 13.5
    endloop
  endfacet
  facet normal 0 0.946959 0.321355
    outer loop
      vertex 17.3 -0.923879 14.1173
      vertex 16.5 -0.965925 14.2412
      vertex 17.3 -0.965925 14.2412
    endloop
  endfacet
  facet normal 0 0.946959 0.321355
    outer loop
      vertex 16.5 -0.965925 14.2412
      vertex 17.3 -0.923879 14.1173
      vertex 16.5 -0.923879 14.1173
    endloop
  endfacet
  facet normal 0 -0.555191 0.831723
    outer loop
      vertex 16.5 0.608761 13.7066
      vertex 17.3 0.5 13.634
      vertex 17.3 0.608761 13.7066
    endloop
  endfacet
  facet normal 0 -0.555191 0.831723
    outer loop
      vertex 17.3 0.5 13.634
      vertex 16.5 0.608761 13.7066
      vertex 16.5 0.5 13.634
    endloop
  endfacet
  facet normal 0 -0.442569 -0.896734
    outer loop
      vertex 16.5 0.382683 15.4239
      vertex 17.3 0.5 15.366
      vertex 17.3 0.382683 15.4239
    endloop
  endfacet
  facet normal -0 -0.442569 -0.896734
    outer loop
      vertex 17.3 0.5 15.366
      vertex 16.5 0.382683 15.4239
      vertex 16.5 0.5 15.366
    endloop
  endfacet
  facet normal 0 -0.831561 -0.555434
    outer loop
      vertex 16.5 0.866025 15
      vertex 17.3 0.793353 15.1088
      vertex 16.5 0.793353 15.1088
    endloop
  endfacet
  facet normal 0 -0.831561 -0.555434
    outer loop
      vertex 17.3 0.793353 15.1088
      vertex 16.5 0.866025 15
      vertex 17.3 0.866025 15
    endloop
  endfacet
  facet normal 0 -0.751691 -0.659515
    outer loop
      vertex 16.5 0.793353 15.1088
      vertex 17.3 0.707107 15.2071
      vertex 16.5 0.707107 15.2071
    endloop
  endfacet
  facet normal 0 -0.751691 -0.659515
    outer loop
      vertex 17.3 0.707107 15.2071
      vertex 16.5 0.793353 15.1088
      vertex 17.3 0.793353 15.1088
    endloop
  endfacet
  facet normal 0 -0.659574 -0.751639
    outer loop
      vertex 16.5 0.608761 15.2934
      vertex 17.3 0.707107 15.2071
      vertex 17.3 0.608761 15.2934
    endloop
  endfacet
  facet normal -0 -0.659574 -0.751639
    outer loop
      vertex 17.3 0.707107 15.2071
      vertex 16.5 0.608761 15.2934
      vertex 16.5 0.707107 15.2071
    endloop
  endfacet
  facet normal -0 0.321123 0.947038
    outer loop
      vertex 16.5 -0.258819 13.5341
      vertex 17.3 -0.382683 13.5761
      vertex 17.3 -0.258819 13.5341
    endloop
  endfacet
  facet normal 0 0.321123 0.947038
    outer loop
      vertex 17.3 -0.382683 13.5761
      vertex 16.5 -0.258819 13.5341
      vertex 16.5 -0.382683 13.5761
    endloop
  endfacet
  facet normal 0 -0.0657447 -0.997836
    outer loop
      vertex 16.5 0 15.5
      vertex 17.3 0.130526 15.4914
      vertex 17.3 0 15.5
    endloop
  endfacet
  facet normal -0 -0.0657447 -0.997836
    outer loop
      vertex 17.3 0.130526 15.4914
      vertex 16.5 0 15.5
      vertex 16.5 0.130526 15.4914
    endloop
  endfacet
  facet normal 0 -0.831561 0.555434
    outer loop
      vertex 16.5 0.793353 13.8912
      vertex 17.3 0.866025 14
      vertex 16.5 0.866025 14
    endloop
  endfacet
  facet normal 0 -0.831561 0.555434
    outer loop
      vertex 17.3 0.866025 14
      vertex 16.5 0.793353 13.8912
      vertex 17.3 0.793353 13.8912
    endloop
  endfacet
  facet normal 0 0.946959 -0.321355
    outer loop
      vertex 17.3 -0.965925 14.7588
      vertex 16.5 -0.923879 14.8827
      vertex 17.3 -0.923879 14.8827
    endloop
  endfacet
  facet normal 0 0.946959 -0.321355
    outer loop
      vertex 16.5 -0.923879 14.8827
      vertex 17.3 -0.965925 14.7588
      vertex 16.5 -0.965925 14.7588
    endloop
  endfacet
  facet normal 0 0.659574 -0.751639
    outer loop
      vertex 16.5 -0.707107 15.2071
      vertex 17.3 -0.608761 15.2934
      vertex 17.3 -0.707107 15.2071
    endloop
  endfacet
  facet normal 0 0.659574 -0.751639
    outer loop
      vertex 17.3 -0.608761 15.2934
      vertex 16.5 -0.707107 15.2071
      vertex 16.5 -0.608761 15.2934
    endloop
  endfacet
  facet normal 0 0.980786 0.195087
    outer loop
      vertex 17.3 -0.965925 14.2412
      vertex 16.5 -0.991445 14.3695
      vertex 17.3 -0.991445 14.3695
    endloop
  endfacet
  facet normal 0 0.980786 0.195087
    outer loop
      vertex 16.5 -0.991445 14.3695
      vertex 17.3 -0.965925 14.2412
      vertex 16.5 -0.965925 14.2412
    endloop
  endfacet
  facet normal 0 -0.946959 -0.321355
    outer loop
      vertex 16.5 0.965925 14.7588
      vertex 17.3 0.923879 14.8827
      vertex 16.5 0.923879 14.8827
    endloop
  endfacet
  facet normal 0 -0.946959 -0.321355
    outer loop
      vertex 17.3 0.923879 14.8827
      vertex 16.5 0.965925 14.7588
      vertex 17.3 0.965925 14.7588
    endloop
  endfacet
  facet normal 0 0.555191 -0.831723
    outer loop
      vertex 16.5 -0.608761 15.2934
      vertex 17.3 -0.5 15.366
      vertex 17.3 -0.608761 15.2934
    endloop
  endfacet
  facet normal 0 0.555191 -0.831723
    outer loop
      vertex 17.3 -0.5 15.366
      vertex 16.5 -0.608761 15.2934
      vertex 16.5 -0.5 15.366
    endloop
  endfacet
  facet normal 0 0.831561 0.555434
    outer loop
      vertex 17.3 -0.793353 13.8912
      vertex 16.5 -0.866025 14
      vertex 17.3 -0.866025 14
    endloop
  endfacet
  facet normal 0 0.831561 0.555434
    outer loop
      vertex 16.5 -0.866025 14
      vertex 17.3 -0.793353 13.8912
      vertex 16.5 -0.793353 13.8912
    endloop
  endfacet
  facet normal 0 -0.321123 -0.947038
    outer loop
      vertex 16.5 0.258819 15.4659
      vertex 17.3 0.382683 15.4239
      vertex 17.3 0.258819 15.4659
    endloop
  endfacet
  facet normal -0 -0.321123 -0.947038
    outer loop
      vertex 17.3 0.382683 15.4239
      vertex 16.5 0.258819 15.4659
      vertex 16.5 0.382683 15.4239
    endloop
  endfacet
  facet normal 0 -0.946959 0.321355
    outer loop
      vertex 16.5 0.923879 14.1173
      vertex 17.3 0.965925 14.2412
      vertex 16.5 0.965925 14.2412
    endloop
  endfacet
  facet normal 0 -0.946959 0.321355
    outer loop
      vertex 17.3 0.965925 14.2412
      vertex 16.5 0.923879 14.1173
      vertex 17.3 0.923879 14.1173
    endloop
  endfacet
  facet normal 0 -0.997858 0.0654151
    outer loop
      vertex 16.5 0.991445 14.3695
      vertex 17.3 1 14.5
      vertex 16.5 1 14.5
    endloop
  endfacet
  facet normal 0 -0.997858 0.0654151
    outer loop
      vertex 17.3 1 14.5
      vertex 16.5 0.991445 14.3695
      vertex 17.3 0.991445 14.3695
    endloop
  endfacet
  facet normal 0 -0.896848 -0.442338
    outer loop
      vertex 16.5 0.923879 14.8827
      vertex 17.3 0.866025 15
      vertex 16.5 0.866025 15
    endloop
  endfacet
  facet normal 0 -0.896848 -0.442338
    outer loop
      vertex 17.3 0.866025 15
      vertex 16.5 0.923879 14.8827
      vertex 17.3 0.923879 14.8827
    endloop
  endfacet
  facet normal -0 0.555191 0.831723
    outer loop
      vertex 16.5 -0.5 13.634
      vertex 17.3 -0.608761 13.7066
      vertex 17.3 -0.5 13.634
    endloop
  endfacet
  facet normal 0 0.555191 0.831723
    outer loop
      vertex 17.3 -0.608761 13.7066
      vertex 16.5 -0.5 13.634
      vertex 16.5 -0.608761 13.7066
    endloop
  endfacet
  facet normal 0 0.0657447 -0.997836
    outer loop
      vertex 16.5 -0.130526 15.4914
      vertex 17.3 0 15.5
      vertex 17.3 -0.130526 15.4914
    endloop
  endfacet
  facet normal 0 0.0657447 -0.997836
    outer loop
      vertex 17.3 0 15.5
      vertex 16.5 -0.130526 15.4914
      vertex 16.5 0 15.5
    endloop
  endfacet
  facet normal -0 0.19495 0.980813
    outer loop
      vertex 16.5 -0.130526 13.5086
      vertex 17.3 -0.258819 13.5341
      vertex 17.3 -0.130526 13.5086
    endloop
  endfacet
  facet normal 0 0.19495 0.980813
    outer loop
      vertex 17.3 -0.258819 13.5341
      vertex 16.5 -0.130526 13.5086
      vertex 16.5 -0.258819 13.5341
    endloop
  endfacet
  facet normal 0 0.321123 -0.947038
    outer loop
      vertex 16.5 -0.382683 15.4239
      vertex 17.3 -0.258819 15.4659
      vertex 17.3 -0.382683 15.4239
    endloop
  endfacet
  facet normal 0 0.321123 -0.947038
    outer loop
      vertex 17.3 -0.258819 15.4659
      vertex 16.5 -0.382683 15.4239
      vertex 16.5 -0.258819 15.4659
    endloop
  endfacet
  facet normal 0 0.751691 -0.659515
    outer loop
      vertex 17.3 -0.793353 15.1088
      vertex 16.5 -0.707107 15.2071
      vertex 17.3 -0.707107 15.2071
    endloop
  endfacet
  facet normal 0 0.751691 -0.659515
    outer loop
      vertex 16.5 -0.707107 15.2071
      vertex 17.3 -0.793353 15.1088
      vertex 16.5 -0.793353 15.1088
    endloop
  endfacet
  facet normal 0 -0.896848 0.442338
    outer loop
      vertex 16.5 0.866025 14
      vertex 17.3 0.923879 14.1173
      vertex 16.5 0.923879 14.1173
    endloop
  endfacet
  facet normal 0 -0.896848 0.442338
    outer loop
      vertex 17.3 0.923879 14.1173
      vertex 16.5 0.866025 14
      vertex 17.3 0.866025 14
    endloop
  endfacet
  facet normal 0 -0.980786 -0.195087
    outer loop
      vertex 16.5 0.991445 14.6305
      vertex 17.3 0.965925 14.7588
      vertex 16.5 0.965925 14.7588
    endloop
  endfacet
  facet normal 0 -0.980786 -0.195087
    outer loop
      vertex 17.3 0.965925 14.7588
      vertex 16.5 0.991445 14.6305
      vertex 17.3 0.991445 14.6305
    endloop
  endfacet
  facet normal 0 -0.659574 0.751639
    outer loop
      vertex 16.5 0.707107 13.7929
      vertex 17.3 0.608761 13.7066
      vertex 17.3 0.707107 13.7929
    endloop
  endfacet
  facet normal 0 -0.659574 0.751639
    outer loop
      vertex 17.3 0.608761 13.7066
      vertex 16.5 0.707107 13.7929
      vertex 16.5 0.608761 13.7066
    endloop
  endfacet
  facet normal 0 -0.980786 0.195087
    outer loop
      vertex 16.5 0.965925 14.2412
      vertex 17.3 0.991445 14.3695
      vertex 16.5 0.991445 14.3695
    endloop
  endfacet
  facet normal 0 -0.980786 0.195087
    outer loop
      vertex 17.3 0.991445 14.3695
      vertex 16.5 0.965925 14.2412
      vertex 17.3 0.965925 14.2412
    endloop
  endfacet
  facet normal -0 0.659574 0.751639
    outer loop
      vertex 16.5 -0.608761 13.7066
      vertex 17.3 -0.707107 13.7929
      vertex 17.3 -0.608761 13.7066
    endloop
  endfacet
  facet normal 0 0.659574 0.751639
    outer loop
      vertex 17.3 -0.707107 13.7929
      vertex 16.5 -0.608761 13.7066
      vertex 16.5 -0.707107 13.7929
    endloop
  endfacet
  facet normal 0 0.896848 -0.442338
    outer loop
      vertex 17.3 -0.923879 14.8827
      vertex 16.5 -0.866025 15
      vertex 17.3 -0.866025 15
    endloop
  endfacet
  facet normal 0 0.896848 -0.442338
    outer loop
      vertex 16.5 -0.866025 15
      vertex 17.3 -0.923879 14.8827
      vertex 16.5 -0.923879 14.8827
    endloop
  endfacet
  facet normal 0 -0.997858 -0.0654151
    outer loop
      vertex 16.5 1 14.5
      vertex 17.3 0.991445 14.6305
      vertex 16.5 0.991445 14.6305
    endloop
  endfacet
  facet normal 0 -0.997858 -0.0654151
    outer loop
      vertex 17.3 0.991445 14.6305
      vertex 16.5 1 14.5
      vertex 17.3 1 14.5
    endloop
  endfacet
  facet normal 0 -0.19495 -0.980813
    outer loop
      vertex 16.5 0.130526 15.4914
      vertex 17.3 0.258819 15.4659
      vertex 17.3 0.130526 15.4914
    endloop
  endfacet
  facet normal -0 -0.19495 -0.980813
    outer loop
      vertex 17.3 0.258819 15.4659
      vertex 16.5 0.130526 15.4914
      vertex 16.5 0.258819 15.4659
    endloop
  endfacet
  facet normal 0 0.997858 0.0654151
    outer loop
      vertex 17.3 -0.991445 14.3695
      vertex 16.5 -1 14.5
      vertex 17.3 -1 14.5
    endloop
  endfacet
  facet normal 0 0.997858 0.0654151
    outer loop
      vertex 16.5 -1 14.5
      vertex 17.3 -0.991445 14.3695
      vertex 16.5 -0.991445 14.3695
    endloop
  endfacet
  facet normal 0 0.896848 0.442338
    outer loop
      vertex 17.3 -0.866025 14
      vertex 16.5 -0.923879 14.1173
      vertex 17.3 -0.923879 14.1173
    endloop
  endfacet
  facet normal 0 0.896848 0.442338
    outer loop
      vertex 16.5 -0.923879 14.1173
      vertex 17.3 -0.866025 14
      vertex 16.5 -0.866025 14
    endloop
  endfacet
  facet normal 0 0.751691 0.659515
    outer loop
      vertex 17.3 -0.707107 13.7929
      vertex 16.5 -0.793353 13.8912
      vertex 17.3 -0.793353 13.8912
    endloop
  endfacet
  facet normal 0 0.751691 0.659515
    outer loop
      vertex 16.5 -0.793353 13.8912
      vertex 17.3 -0.707107 13.7929
      vertex 16.5 -0.707107 13.7929
    endloop
  endfacet
  facet normal 0 0.442569 -0.896734
    outer loop
      vertex 16.5 -0.5 15.366
      vertex 17.3 -0.382683 15.4239
      vertex 17.3 -0.5 15.366
    endloop
  endfacet
  facet normal 0 0.442569 -0.896734
    outer loop
      vertex 17.3 -0.382683 15.4239
      vertex 16.5 -0.5 15.366
      vertex 16.5 -0.382683 15.4239
    endloop
  endfacet
  facet normal -0 0.442569 0.896734
    outer loop
      vertex 16.5 -0.382683 13.5761
      vertex 17.3 -0.5 13.634
      vertex 17.3 -0.382683 13.5761
    endloop
  endfacet
  facet normal 0 0.442569 0.896734
    outer loop
      vertex 17.3 -0.5 13.634
      vertex 16.5 -0.382683 13.5761
      vertex 16.5 -0.5 13.634
    endloop
  endfacet
  facet normal 0 -0.751691 0.659515
    outer loop
      vertex 16.5 0.707107 13.7929
      vertex 17.3 0.793353 13.8912
      vertex 16.5 0.793353 13.8912
    endloop
  endfacet
  facet normal 0 -0.751691 0.659515
    outer loop
      vertex 17.3 0.793353 13.8912
      vertex 16.5 0.707107 13.7929
      vertex 17.3 0.707107 13.7929
    endloop
  endfacet
  facet normal -0 0.0657447 0.997836
    outer loop
      vertex 16.5 0 13.5
      vertex 17.3 -0.130526 13.5086
      vertex 17.3 0 13.5
    endloop
  endfacet
  facet normal 0 0.0657447 0.997836
    outer loop
      vertex 17.3 -0.130526 13.5086
      vertex 16.5 0 13.5
      vertex 16.5 -0.130526 13.5086
    endloop
  endfacet
  facet normal 0 0.831561 -0.555434
    outer loop
      vertex 17.3 -0.866025 15
      vertex 16.5 -0.793353 15.1088
      vertex 17.3 -0.793353 15.1088
    endloop
  endfacet
  facet normal 0 0.831561 -0.555434
    outer loop
      vertex 16.5 -0.793353 15.1088
      vertex 17.3 -0.866025 15
      vertex 16.5 -0.866025 15
    endloop
  endfacet
  facet normal 0 -0.442569 0.896734
    outer loop
      vertex 16.5 0.5 13.634
      vertex 17.3 0.382683 13.5761
      vertex 17.3 0.5 13.634
    endloop
  endfacet
  facet normal 0 -0.442569 0.896734
    outer loop
      vertex 17.3 0.382683 13.5761
      vertex 16.5 0.5 13.634
      vertex 16.5 0.382683 13.5761
    endloop
  endfacet
  facet normal 0 -0.321123 0.947038
    outer loop
      vertex 16.5 0.382683 13.5761
      vertex 17.3 0.258819 13.5341
      vertex 17.3 0.382683 13.5761
    endloop
  endfacet
  facet normal 0 -0.321123 0.947038
    outer loop
      vertex 17.3 0.258819 13.5341
      vertex 16.5 0.382683 13.5761
      vertex 16.5 0.258819 13.5341
    endloop
  endfacet
  facet normal 0 0.19495 -0.980813
    outer loop
      vertex 16.5 -0.258819 15.4659
      vertex 17.3 -0.130526 15.4914
      vertex 17.3 -0.258819 15.4659
    endloop
  endfacet
  facet normal 0 0.19495 -0.980813
    outer loop
      vertex 17.3 -0.130526 15.4914
      vertex 16.5 -0.258819 15.4659
      vertex 16.5 -0.130526 15.4914
    endloop
  endfacet
  facet normal 0 0.980786 -0.195087
    outer loop
      vertex 17.3 -0.991445 14.6305
      vertex 16.5 -0.965925 14.7588
      vertex 17.3 -0.965925 14.7588
    endloop
  endfacet
  facet normal 0 0.980786 -0.195087
    outer loop
      vertex 16.5 -0.965925 14.7588
      vertex 17.3 -0.991445 14.6305
      vertex 16.5 -0.991445 14.6305
    endloop
  endfacet
  facet normal 0 -0.555191 -0.831723
    outer loop
      vertex 16.5 0.5 15.366
      vertex 17.3 0.608761 15.2934
      vertex 17.3 0.5 15.366
    endloop
  endfacet
  facet normal -0 -0.555191 -0.831723
    outer loop
      vertex 17.3 0.608761 15.2934
      vertex 16.5 0.5 15.366
      vertex 16.5 0.608761 15.2934
    endloop
  endfacet
  facet normal 0 0.997858 -0.0654151
    outer loop
      vertex 17.3 -1 14.5
      vertex 16.5 -0.991445 14.6305
      vertex 17.3 -0.991445 14.6305
    endloop
  endfacet
  facet normal 0 0.997858 -0.0654151
    outer loop
      vertex 16.5 -0.991445 14.6305
      vertex 17.3 -1 14.5
      vertex 16.5 -1 14.5
    endloop
  endfacet
  facet normal 0 0.4425 -0.896768
    outer loop
      vertex 17.3 -0.9 16.0588
      vertex 18.1 -0.688829 16.163
      vertex 18.1 -0.9 16.0588
    endloop
  endfacet
  facet normal 0 0.4425 -0.896768
    outer loop
      vertex 18.1 -0.688829 16.163
      vertex 17.3 -0.9 16.0588
      vertex 17.3 -0.688829 16.163
    endloop
  endfacet
  facet normal 0 -0.19495 0.980813
    outer loop
      vertex 17.3 0.465874 12.7613
      vertex 18.1 0.234946 12.7154
      vertex 18.1 0.465874 12.7613
    endloop
  endfacet
  facet normal 0 -0.19495 0.980813
    outer loop
      vertex 18.1 0.234946 12.7154
      vertex 17.3 0.465874 12.7613
      vertex 17.3 0.234946 12.7154
    endloop
  endfacet
  facet normal 0 -0.0654066 0.997859
    outer loop
      vertex 17.3 0.234946 12.7154
      vertex 18.1 0 12.7
      vertex 18.1 0.234946 12.7154
    endloop
  endfacet
  facet normal 0 -0.0654066 0.997859
    outer loop
      vertex 18.1 0 12.7
      vertex 17.3 0.234946 12.7154
      vertex 17.3 0 12.7
    endloop
  endfacet
  facet normal 0 -0.321504 0.946908
    outer loop
      vertex 17.3 0.688829 12.837
      vertex 18.1 0.465874 12.7613
      vertex 18.1 0.688829 12.837
    endloop
  endfacet
  facet normal 0 -0.321504 0.946908
    outer loop
      vertex 18.1 0.465874 12.7613
      vertex 17.3 0.688829 12.837
      vertex 17.3 0.465874 12.7613
    endloop
  endfacet
  facet normal 0 -0.4425 -0.896768
    outer loop
      vertex 17.3 0.688829 16.163
      vertex 18.1 0.9 16.0588
      vertex 18.1 0.688829 16.163
    endloop
  endfacet
  facet normal -0 -0.4425 -0.896768
    outer loop
      vertex 18.1 0.9 16.0588
      vertex 17.3 0.688829 16.163
      vertex 17.3 0.9 16.0588
    endloop
  endfacet
  facet normal 0 0.751787 0.659406
    outer loop
      vertex 18.1 -1.27279 13.2272
      vertex 17.3 -1.42804 13.4042
      vertex 18.1 -1.42804 13.4042
    endloop
  endfacet
  facet normal 0 0.751787 0.659406
    outer loop
      vertex 17.3 -1.42804 13.4042
      vertex 18.1 -1.27279 13.2272
      vertex 17.3 -1.27279 13.2272
    endloop
  endfacet
  facet normal 0 0.659244 -0.751929
    outer loop
      vertex 17.3 -1.27279 15.7728
      vertex 18.1 -1.09577 15.928
      vertex 18.1 -1.27279 15.7728
    endloop
  endfacet
  facet normal 0 0.659244 -0.751929
    outer loop
      vertex 18.1 -1.09577 15.928
      vertex 17.3 -1.27279 15.7728
      vertex 17.3 -1.09577 15.928
    endloop
  endfacet
  facet normal 0 -0.946897 0.321537
    outer loop
      vertex 17.3 1.66298 13.8112
      vertex 18.1 1.73867 14.0341
      vertex 17.3 1.73867 14.0341
    endloop
  endfacet
  facet normal 0 -0.946897 0.321537
    outer loop
      vertex 18.1 1.73867 14.0341
      vertex 17.3 1.66298 13.8112
      vertex 18.1 1.66298 13.8112
    endloop
  endfacet
  facet normal -0 0.0654066 0.997859
    outer loop
      vertex 17.3 0 12.7
      vertex 18.1 -0.234946 12.7154
      vertex 18.1 0 12.7
    endloop
  endfacet
  facet normal 0 0.0654066 0.997859
    outer loop
      vertex 18.1 -0.234946 12.7154
      vertex 17.3 0 12.7
      vertex 17.3 -0.234946 12.7154
    endloop
  endfacet
  facet normal 0 0.946897 0.321537
    outer loop
      vertex 18.1 -1.66298 13.8112
      vertex 17.3 -1.73867 14.0341
      vertex 18.1 -1.73867 14.0341
    endloop
  endfacet
  facet normal 0 0.946897 0.321537
    outer loop
      vertex 17.3 -1.73867 14.0341
      vertex 18.1 -1.66298 13.8112
      vertex 17.3 -1.66298 13.8112
    endloop
  endfacet
  facet normal 0 0.831508 0.555513
    outer loop
      vertex 18.1 -1.42804 13.4042
      vertex 17.3 -1.55885 13.6
      vertex 18.1 -1.55885 13.6
    endloop
  endfacet
  facet normal 0 0.831508 0.555513
    outer loop
      vertex 17.3 -1.55885 13.6
      vertex 18.1 -1.42804 13.4042
      vertex 17.3 -1.42804 13.4042
    endloop
  endfacet
  facet normal 0 -0.4425 0.896768
    outer loop
      vertex 17.3 0.9 12.9412
      vertex 18.1 0.688829 12.837
      vertex 18.1 0.9 12.9412
    endloop
  endfacet
  facet normal 0 -0.4425 0.896768
    outer loop
      vertex 18.1 0.688829 12.837
      vertex 17.3 0.9 12.9412
      vertex 17.3 0.688829 12.837
    endloop
  endfacet
  facet normal -0 0.555543 0.831488
    outer loop
      vertex 17.3 -0.9 12.9412
      vertex 18.1 -1.09577 13.072
      vertex 18.1 -0.9 12.9412
    endloop
  endfacet
  facet normal 0 0.555543 0.831488
    outer loop
      vertex 18.1 -1.09577 13.072
      vertex 17.3 -0.9 12.9412
      vertex 17.3 -1.09577 13.072
    endloop
  endfacet
  facet normal 0 -0.89691 0.442212
    outer loop
      vertex 17.3 1.55885 13.6
      vertex 18.1 1.66298 13.8112
      vertex 17.3 1.66298 13.8112
    endloop
  endfacet
  facet normal 0 -0.89691 0.442212
    outer loop
      vertex 18.1 1.66298 13.8112
      vertex 17.3 1.55885 13.6
      vertex 18.1 1.55885 13.6
    endloop
  endfacet
  facet normal -0 0.19495 0.980813
    outer loop
      vertex 17.3 -0.234946 12.7154
      vertex 18.1 -0.465874 12.7613
      vertex 18.1 -0.234946 12.7154
    endloop
  endfacet
  facet normal 0 0.19495 0.980813
    outer loop
      vertex 18.1 -0.465874 12.7613
      vertex 17.3 -0.234946 12.7154
      vertex 17.3 -0.465874 12.7613
    endloop
  endfacet
  facet normal -0 0.659244 0.751929
    outer loop
      vertex 17.3 -1.09577 13.072
      vertex 18.1 -1.27279 13.2272
      vertex 18.1 -1.09577 13.072
    endloop
  endfacet
  facet normal 0 0.659244 0.751929
    outer loop
      vertex 18.1 -1.27279 13.2272
      vertex 17.3 -1.09577 13.072
      vertex 17.3 -1.27279 13.2272
    endloop
  endfacet
  facet normal 0 -0.980801 -0.195014
    outer loop
      vertex 17.3 1.7846 14.7349
      vertex 18.1 1.73867 14.9659
      vertex 17.3 1.73867 14.9659
    endloop
  endfacet
  facet normal 0 -0.980801 -0.195014
    outer loop
      vertex 18.1 1.73867 14.9659
      vertex 17.3 1.7846 14.7349
      vertex 18.1 1.7846 14.7349
    endloop
  endfacet
  facet normal 0 -0.751787 -0.659406
    outer loop
      vertex 17.3 1.42804 15.5958
      vertex 18.1 1.27279 15.7728
      vertex 17.3 1.27279 15.7728
    endloop
  endfacet
  facet normal 0 -0.751787 -0.659406
    outer loop
      vertex 18.1 1.27279 15.7728
      vertex 17.3 1.42804 15.5958
      vertex 18.1 1.42804 15.5958
    endloop
  endfacet
  facet normal 0 -0.89691 -0.442212
    outer loop
      vertex 17.3 1.66298 15.1888
      vertex 18.1 1.55885 15.4
      vertex 17.3 1.55885 15.4
    endloop
  endfacet
  facet normal 0 -0.89691 -0.442212
    outer loop
      vertex 18.1 1.55885 15.4
      vertex 17.3 1.66298 15.1888
      vertex 18.1 1.66298 15.1888
    endloop
  endfacet
  facet normal 0 -0.555543 -0.831488
    outer loop
      vertex 17.3 0.9 16.0588
      vertex 18.1 1.09577 15.928
      vertex 18.1 0.9 16.0588
    endloop
  endfacet
  facet normal -0 -0.555543 -0.831488
    outer loop
      vertex 18.1 1.09577 15.928
      vertex 17.3 0.9 16.0588
      vertex 17.3 1.09577 15.928
    endloop
  endfacet
  facet normal 0 -0.555543 0.831488
    outer loop
      vertex 17.3 1.09577 13.072
      vertex 18.1 0.9 12.9412
      vertex 18.1 1.09577 13.072
    endloop
  endfacet
  facet normal 0 -0.555543 0.831488
    outer loop
      vertex 18.1 0.9 12.9412
      vertex 17.3 1.09577 13.072
      vertex 17.3 0.9 12.9412
    endloop
  endfacet
  facet normal 0 0.980801 0.195014
    outer loop
      vertex 18.1 -1.73867 14.0341
      vertex 17.3 -1.7846 14.2651
      vertex 18.1 -1.7846 14.2651
    endloop
  endfacet
  facet normal 0 0.980801 0.195014
    outer loop
      vertex 17.3 -1.7846 14.2651
      vertex 18.1 -1.73867 14.0341
      vertex 17.3 -1.73867 14.0341
    endloop
  endfacet
  facet normal 0 0.980801 -0.195014
    outer loop
      vertex 18.1 -1.7846 14.7349
      vertex 17.3 -1.73867 14.9659
      vertex 18.1 -1.73867 14.9659
    endloop
  endfacet
  facet normal 0 0.980801 -0.195014
    outer loop
      vertex 17.3 -1.73867 14.9659
      vertex 18.1 -1.7846 14.7349
      vertex 17.3 -1.7846 14.7349
    endloop
  endfacet
  facet normal 0 -0.321504 -0.946908
    outer loop
      vertex 17.3 0.465874 16.2387
      vertex 18.1 0.688829 16.163
      vertex 18.1 0.465874 16.2387
    endloop
  endfacet
  facet normal -0 -0.321504 -0.946908
    outer loop
      vertex 18.1 0.688829 16.163
      vertex 17.3 0.465874 16.2387
      vertex 17.3 0.688829 16.163
    endloop
  endfacet
  facet normal 0 -0.751787 0.659406
    outer loop
      vertex 17.3 1.27279 13.2272
      vertex 18.1 1.42804 13.4042
      vertex 17.3 1.42804 13.4042
    endloop
  endfacet
  facet normal 0 -0.751787 0.659406
    outer loop
      vertex 18.1 1.42804 13.4042
      vertex 17.3 1.27279 13.2272
      vertex 18.1 1.27279 13.2272
    endloop
  endfacet
  facet normal 0 -0.831508 -0.555513
    outer loop
      vertex 17.3 1.55885 15.4
      vertex 18.1 1.42804 15.5958
      vertex 17.3 1.42804 15.5958
    endloop
  endfacet
  facet normal 0 -0.831508 -0.555513
    outer loop
      vertex 18.1 1.42804 15.5958
      vertex 17.3 1.55885 15.4
      vertex 18.1 1.55885 15.4
    endloop
  endfacet
  facet normal 0 -0.19495 -0.980813
    outer loop
      vertex 17.3 0.234946 16.2846
      vertex 18.1 0.465874 16.2387
      vertex 18.1 0.234946 16.2846
    endloop
  endfacet
  facet normal -0 -0.19495 -0.980813
    outer loop
      vertex 18.1 0.465874 16.2387
      vertex 17.3 0.234946 16.2846
      vertex 17.3 0.465874 16.2387
    endloop
  endfacet
  facet normal 1 0 0
    outer loop
      vertex 17.3 1 14.5
      vertex 17.3 1.8 14.5
      vertex 17.3 1.7846 14.7349
    endloop
  endfacet
  facet normal 1 0 0
    outer loop
      vertex 17.3 0.991445 14.6305
      vertex 17.3 1.7846 14.7349
      vertex 17.3 1.73867 14.9659
    endloop
  endfacet
  facet normal 1 0 0
    outer loop
      vertex 17.3 1.8 14.5
      vertex 17.3 1 14.5
      vertex 17.3 1.7846 14.2651
    endloop
  endfacet
  facet normal 1 0 0
    outer loop
      vertex 17.3 0.965925 14.7588
      vertex 17.3 1.73867 14.9659
      vertex 17.3 1.66298 15.1888
    endloop
  endfacet
  facet normal 1 -0 0
    outer loop
      vertex 17.3 0.991445 14.3695
      vertex 17.3 1.7846 14.2651
      vertex 17.3 1 14.5
    endloop
  endfacet
  facet normal 1 0 0
    outer loop
      vertex 17.3 0.923879 14.8827
      vertex 17.3 1.66298 15.1888
      vertex 17.3 1.55885 15.4
    endloop
  endfacet
  facet normal 1 0 0
    outer loop
      vertex 17.3 1.7846 14.2651
      vertex 17.3 0.991445 14.3695
      vertex 17.3 1.73867 14.0341
    endloop
  endfacet
  facet normal 1 0 0
    outer loop
      vertex 17.3 0.866025 15
      vertex 17.3 1.55885 15.4
      vertex 17.3 1.42804 15.5958
    endloop
  endfacet
  facet normal 1 -0 0
    outer loop
      vertex 17.3 0.965925 14.2412
      vertex 17.3 1.73867 14.0341
      vertex 17.3 0.991445 14.3695
    endloop
  endfacet
  facet normal 1 0 0
    outer loop
      vertex 17.3 0.793353 15.1088
      vertex 17.3 1.42804 15.5958
      vertex 17.3 1.27279 15.7728
    endloop
  endfacet
  facet normal 1 0 0
    outer loop
      vertex 17.3 1.73867 14.0341
      vertex 17.3 0.965925 14.2412
      vertex 17.3 1.66298 13.8112
    endloop
  endfacet
  facet normal 1 0 0
    outer loop
      vertex 17.3 0.707107 15.2071
      vertex 17.3 1.27279 15.7728
      vertex 17.3 1.09577 15.928
    endloop
  endfacet
  facet normal 1 -0 0
    outer loop
      vertex 17.3 0.923879 14.1173
      vertex 17.3 1.66298 13.8112
      vertex 17.3 0.965925 14.2412
    endloop
  endfacet
  facet normal 1 0 0
    outer loop
      vertex 17.3 1.66298 13.8112
      vertex 17.3 0.923879 14.1173
      vertex 17.3 1.55885 13.6
    endloop
  endfacet
  facet normal 1 0 0
    outer loop
      vertex 17.3 1.7846 14.7349
      vertex 17.3 0.991445 14.6305
      vertex 17.3 1 14.5
    endloop
  endfacet
  facet normal 1 0 0
    outer loop
      vertex 17.3 1.73867 14.9659
      vertex 17.3 0.965925 14.7588
      vertex 17.3 0.991445 14.6305
    endloop
  endfacet
  facet normal 1 0 0
    outer loop
      vertex 17.3 1.66298 15.1888
      vertex 17.3 0.923879 14.8827
      vertex 17.3 0.965925 14.7588
    endloop
  endfacet
  facet normal 1 0 0
    outer loop
      vertex 17.3 0.608761 15.2934
      vertex 17.3 1.09577 15.928
      vertex 17.3 0.9 16.0588
    endloop
  endfacet
  facet normal 1 0 0
    outer loop
      vertex 17.3 1.55885 15.4
      vertex 17.3 0.866025 15
      vertex 17.3 0.923879 14.8827
    endloop
  endfacet
  facet normal 1 0 0
    outer loop
      vertex 17.3 1.42804 15.5958
      vertex 17.3 0.793353 15.1088
      vertex 17.3 0.866025 15
    endloop
  endfacet
  facet normal 1 0 0
    outer loop
      vertex 17.3 1.27279 15.7728
      vertex 17.3 0.707107 15.2071
      vertex 17.3 0.793353 15.1088
    endloop
  endfacet
  facet normal 1 0 0
    outer loop
      vertex 17.3 0.5 15.366
      vertex 17.3 0.9 16.0588
      vertex 17.3 0.688829 16.163
    endloop
  endfacet
  facet normal 1 0 0
    outer loop
      vertex 17.3 1.09577 15.928
      vertex 17.3 0.608761 15.2934
      vertex 17.3 0.707107 15.2071
    endloop
  endfacet
  facet normal 1 0 0
    outer loop
      vertex 17.3 0.9 16.0588
      vertex 17.3 0.5 15.366
      vertex 17.3 0.608761 15.2934
    endloop
  endfacet
  facet normal 1 0 0
    outer loop
      vertex 17.3 0.382683 15.4239
      vertex 17.3 0.688829 16.163
      vertex 17.3 0.465874 16.2387
    endloop
  endfacet
  facet normal 1 0 0
    outer loop
      vertex 17.3 0.688829 16.163
      vertex 17.3 0.382683 15.4239
      vertex 17.3 0.5 15.366
    endloop
  endfacet
  facet normal 1 0 0
    outer loop
      vertex 17.3 0.465874 16.2387
      vertex 17.3 0.258819 15.4659
      vertex 17.3 0.382683 15.4239
    endloop
  endfacet
  facet normal 1 0 0
    outer loop
      vertex 17.3 0.234946 16.2846
      vertex 17.3 0.258819 15.4659
      vertex 17.3 0.465874 16.2387
    endloop
  endfacet
  facet normal 1 0 0
    outer loop
      vertex 17.3 0.234946 16.2846
      vertex 17.3 0.130526 15.4914
      vertex 17.3 0.258819 15.4659
    endloop
  endfacet
  facet normal 1 0 0
    outer loop
      vertex 17.3 0 16.3
      vertex 17.3 0.130526 15.4914
      vertex 17.3 0.234946 16.2846
    endloop
  endfacet
  facet normal 1 0 0
    outer loop
      vertex 17.3 0 16.3
      vertex 17.3 0 15.5
      vertex 17.3 0.130526 15.4914
    endloop
  endfacet
  facet normal 1 0 0
    outer loop
      vertex 17.3 0 16.3
      vertex 17.3 -0.130526 15.4914
      vertex 17.3 0 15.5
    endloop
  endfacet
  facet normal 1 -0 0
    outer loop
      vertex 17.3 -0.234946 16.2846
      vertex 17.3 -0.130526 15.4914
      vertex 17.3 0 16.3
    endloop
  endfacet
  facet normal 1 0 0
    outer loop
      vertex 17.3 -0.234946 16.2846
      vertex 17.3 -0.258819 15.4659
      vertex 17.3 -0.130526 15.4914
    endloop
  endfacet
  facet normal 1 -0 0
    outer loop
      vertex 17.3 -0.465874 16.2387
      vertex 17.3 -0.258819 15.4659
      vertex 17.3 -0.234946 16.2846
    endloop
  endfacet
  facet normal 1 0 0
    outer loop
      vertex 17.3 -0.258819 15.4659
      vertex 17.3 -0.465874 16.2387
      vertex 17.3 -0.382683 15.4239
    endloop
  endfacet
  facet normal 1 -0 0
    outer loop
      vertex 17.3 -0.688829 16.163
      vertex 17.3 -0.382683 15.4239
      vertex 17.3 -0.465874 16.2387
    endloop
  endfacet
  facet normal 1 0 0
    outer loop
      vertex 17.3 -0.382683 15.4239
      vertex 17.3 -0.688829 16.163
      vertex 17.3 -0.5 15.366
    endloop
  endfacet
  facet normal 1 -0 0
    outer loop
      vertex 17.3 -0.9 16.0588
      vertex 17.3 -0.5 15.366
      vertex 17.3 -0.688829 16.163
    endloop
  endfacet
  facet normal 1 0 0
    outer loop
      vertex 17.3 -0.5 15.366
      vertex 17.3 -0.9 16.0588
      vertex 17.3 -0.608761 15.2934
    endloop
  endfacet
  facet normal 1 -0 0
    outer loop
      vertex 17.3 -1.09577 15.928
      vertex 17.3 -0.608761 15.2934
      vertex 17.3 -0.9 16.0588
    endloop
  endfacet
  facet normal 1 0 0
    outer loop
      vertex 17.3 -0.608761 15.2934
      vertex 17.3 -1.09577 15.928
      vertex 17.3 -0.707107 15.2071
    endloop
  endfacet
  facet normal 1 -0 0
    outer loop
      vertex 17.3 -1.27279 15.7728
      vertex 17.3 -0.707107 15.2071
      vertex 17.3 -1.09577 15.928
    endloop
  endfacet
  facet normal 1 0 0
    outer loop
      vertex 17.3 -0.707107 15.2071
      vertex 17.3 -1.27279 15.7728
      vertex 17.3 -0.793353 15.1088
    endloop
  endfacet
  facet normal 1 -0 0
    outer loop
      vertex 17.3 -1.42804 15.5958
      vertex 17.3 -0.793353 15.1088
      vertex 17.3 -1.27279 15.7728
    endloop
  endfacet
  facet normal 1 0 0
    outer loop
      vertex 17.3 -0.793353 15.1088
      vertex 17.3 -1.42804 15.5958
      vertex 17.3 -0.866025 15
    endloop
  endfacet
  facet normal 1 -0 0
    outer loop
      vertex 17.3 -1.55885 15.4
      vertex 17.3 -0.866025 15
      vertex 17.3 -1.42804 15.5958
    endloop
  endfacet
  facet normal 1 0 0
    outer loop
      vertex 17.3 -0.866025 15
      vertex 17.3 -1.55885 15.4
      vertex 17.3 -0.923879 14.8827
    endloop
  endfacet
  facet normal 1 -0 0
    outer loop
      vertex 17.3 0.866025 14
      vertex 17.3 1.55885 13.6
      vertex 17.3 0.923879 14.1173
    endloop
  endfacet
  facet normal 1 0 0
    outer loop
      vertex 17.3 1.55885 13.6
      vertex 17.3 0.866025 14
      vertex 17.3 1.42804 13.4042
    endloop
  endfacet
  facet normal 1 -0 0
    outer loop
      vertex 17.3 0.793353 13.8912
      vertex 17.3 1.42804 13.4042
      vertex 17.3 0.866025 14
    endloop
  endfacet
  facet normal 1 0 0
    outer loop
      vertex 17.3 1.42804 13.4042
      vertex 17.3 0.793353 13.8912
      vertex 17.3 1.27279 13.2272
    endloop
  endfacet
  facet normal 1 -0 0
    outer loop
      vertex 17.3 0.707107 13.7929
      vertex 17.3 1.27279 13.2272
      vertex 17.3 0.793353 13.8912
    endloop
  endfacet
  facet normal 1 0 0
    outer loop
      vertex 17.3 1.27279 13.2272
      vertex 17.3 0.707107 13.7929
      vertex 17.3 1.09577 13.072
    endloop
  endfacet
  facet normal 1 -0 0
    outer loop
      vertex 17.3 0.608761 13.7066
      vertex 17.3 1.09577 13.072
      vertex 17.3 0.707107 13.7929
    endloop
  endfacet
  facet normal 1 0 0
    outer loop
      vertex 17.3 1.09577 13.072
      vertex 17.3 0.608761 13.7066
      vertex 17.3 0.9 12.9412
    endloop
  endfacet
  facet normal 1 -0 0
    outer loop
      vertex 17.3 0.5 13.634
      vertex 17.3 0.9 12.9412
      vertex 17.3 0.608761 13.7066
    endloop
  endfacet
  facet normal 1 0 0
    outer loop
      vertex 17.3 0.9 12.9412
      vertex 17.3 0.5 13.634
      vertex 17.3 0.688829 12.837
    endloop
  endfacet
  facet normal 1 -0 0
    outer loop
      vertex 17.3 0.382683 13.5761
      vertex 17.3 0.688829 12.837
      vertex 17.3 0.5 13.634
    endloop
  endfacet
  facet normal 1 0 0
    outer loop
      vertex 17.3 0.688829 12.837
      vertex 17.3 0.382683 13.5761
      vertex 17.3 0.465874 12.7613
    endloop
  endfacet
  facet normal 1 -0 0
    outer loop
      vertex 17.3 0.258819 13.5341
      vertex 17.3 0.465874 12.7613
      vertex 17.3 0.382683 13.5761
    endloop
  endfacet
  facet normal 1 0 0
    outer loop
      vertex 17.3 0.258819 13.5341
      vertex 17.3 0.234946 12.7154
      vertex 17.3 0.465874 12.7613
    endloop
  endfacet
  facet normal 1 -0 0
    outer loop
      vertex 17.3 0.130526 13.5086
      vertex 17.3 0.234946 12.7154
      vertex 17.3 0.258819 13.5341
    endloop
  endfacet
  facet normal 1 -0 0
    outer loop
      vertex 17.3 0 13.5
      vertex 17.3 0.234946 12.7154
      vertex 17.3 0.130526 13.5086
    endloop
  endfacet
  facet normal 1 0 0
    outer loop
      vertex 17.3 0 13.5
      vertex 17.3 0 12.7
      vertex 17.3 0.234946 12.7154
    endloop
  endfacet
  facet normal 1 0 0
    outer loop
      vertex 17.3 -0.130526 13.5086
      vertex 17.3 0 12.7
      vertex 17.3 0 13.5
    endloop
  endfacet
  facet normal 1 0 0
    outer loop
      vertex 17.3 -0.130526 13.5086
      vertex 17.3 -0.234946 12.7154
      vertex 17.3 0 12.7
    endloop
  endfacet
  facet normal 1 0 0
    outer loop
      vertex 17.3 -0.258819 13.5341
      vertex 17.3 -0.234946 12.7154
      vertex 17.3 -0.130526 13.5086
    endloop
  endfacet
  facet normal 1 0 0
    outer loop
      vertex 17.3 -0.465874 12.7613
      vertex 17.3 -0.258819 13.5341
      vertex 17.3 -0.382683 13.5761
    endloop
  endfacet
  facet normal 1 0 0
    outer loop
      vertex 17.3 -0.258819 13.5341
      vertex 17.3 -0.465874 12.7613
      vertex 17.3 -0.234946 12.7154
    endloop
  endfacet
  facet normal 1 0 0
    outer loop
      vertex 17.3 -0.688829 12.837
      vertex 17.3 -0.382683 13.5761
      vertex 17.3 -0.5 13.634
    endloop
  endfacet
  facet normal 1 0 0
    outer loop
      vertex 17.3 -0.9 12.9412
      vertex 17.3 -0.5 13.634
      vertex 17.3 -0.608761 13.7066
    endloop
  endfacet
  facet normal 1 0 0
    outer loop
      vertex 17.3 -0.382683 13.5761
      vertex 17.3 -0.688829 12.837
      vertex 17.3 -0.465874 12.7613
    endloop
  endfacet
  facet normal 1 0 0
    outer loop
      vertex 17.3 -1.09577 13.072
      vertex 17.3 -0.608761 13.7066
      vertex 17.3 -0.707107 13.7929
    endloop
  endfacet
  facet normal 1 0 0
    outer loop
      vertex 17.3 -1.27279 13.2272
      vertex 17.3 -0.707107 13.7929
      vertex 17.3 -0.793353 13.8912
    endloop
  endfacet
  facet normal 1 0 0
    outer loop
      vertex 17.3 -1.42804 13.4042
      vertex 17.3 -0.793353 13.8912
      vertex 17.3 -0.866025 14
    endloop
  endfacet
  facet normal 1 0 0
    outer loop
      vertex 17.3 -0.5 13.634
      vertex 17.3 -0.9 12.9412
      vertex 17.3 -0.688829 12.837
    endloop
  endfacet
  facet normal 1 0 0
    outer loop
      vertex 17.3 -1.55885 13.6
      vertex 17.3 -0.866025 14
      vertex 17.3 -0.923879 14.1173
    endloop
  endfacet
  facet normal 1 0 0
    outer loop
      vertex 17.3 -1.66298 13.8112
      vertex 17.3 -0.923879 14.1173
      vertex 17.3 -0.965925 14.2412
    endloop
  endfacet
  facet normal 1 0 0
    outer loop
      vertex 17.3 -1.73867 14.0341
      vertex 17.3 -0.965925 14.2412
      vertex 17.3 -0.991445 14.3695
    endloop
  endfacet
  facet normal 1 0 0
    outer loop
      vertex 17.3 -1.7846 14.2651
      vertex 17.3 -0.991445 14.3695
      vertex 17.3 -1 14.5
    endloop
  endfacet
  facet normal 1 -0 0
    outer loop
      vertex 17.3 -1.66298 15.1888
      vertex 17.3 -0.923879 14.8827
      vertex 17.3 -1.55885 15.4
    endloop
  endfacet
  facet normal 1 0 0
    outer loop
      vertex 17.3 -0.608761 13.7066
      vertex 17.3 -1.09577 13.072
      vertex 17.3 -0.9 12.9412
    endloop
  endfacet
  facet normal 1 0 0
    outer loop
      vertex 17.3 -0.923879 14.8827
      vertex 17.3 -1.66298 15.1888
      vertex 17.3 -0.965925 14.7588
    endloop
  endfacet
  facet normal 1 0 0
    outer loop
      vertex 17.3 -0.707107 13.7929
      vertex 17.3 -1.27279 13.2272
      vertex 17.3 -1.09577 13.072
    endloop
  endfacet
  facet normal 1 -0 0
    outer loop
      vertex 17.3 -1.73867 14.9659
      vertex 17.3 -0.965925 14.7588
      vertex 17.3 -1.66298 15.1888
    endloop
  endfacet
  facet normal 1 0 0
    outer loop
      vertex 17.3 -0.793353 13.8912
      vertex 17.3 -1.42804 13.4042
      vertex 17.3 -1.27279 13.2272
    endloop
  endfacet
  facet normal 1 0 0
    outer loop
      vertex 17.3 -0.965925 14.7588
      vertex 17.3 -1.73867 14.9659
      vertex 17.3 -0.991445 14.6305
    endloop
  endfacet
  facet normal 1 0 0
    outer loop
      vertex 17.3 -0.866025 14
      vertex 17.3 -1.55885 13.6
      vertex 17.3 -1.42804 13.4042
    endloop
  endfacet
  facet normal 1 -0 0
    outer loop
      vertex 17.3 -1.7846 14.7349
      vertex 17.3 -0.991445 14.6305
      vertex 17.3 -1.73867 14.9659
    endloop
  endfacet
  facet normal 1 0 0
    outer loop
      vertex 17.3 -0.923879 14.1173
      vertex 17.3 -1.66298 13.8112
      vertex 17.3 -1.55885 13.6
    endloop
  endfacet
  facet normal 1 0 0
    outer loop
      vertex 17.3 -0.991445 14.6305
      vertex 17.3 -1.7846 14.7349
      vertex 17.3 -1 14.5
    endloop
  endfacet
  facet normal 1 0 0
    outer loop
      vertex 17.3 -0.965925 14.2412
      vertex 17.3 -1.73867 14.0341
      vertex 17.3 -1.66298 13.8112
    endloop
  endfacet
  facet normal 1 0 0
    outer loop
      vertex 17.3 -1.8 14.5
      vertex 17.3 -1 14.5
      vertex 17.3 -1.7846 14.7349
    endloop
  endfacet
  facet normal 1 0 0
    outer loop
      vertex 17.3 -0.991445 14.3695
      vertex 17.3 -1.7846 14.2651
      vertex 17.3 -1.73867 14.0341
    endloop
  endfacet
  facet normal 1 0 0
    outer loop
      vertex 17.3 -1 14.5
      vertex 17.3 -1.8 14.5
      vertex 17.3 -1.7846 14.2651
    endloop
  endfacet
  facet normal 0 -0.659244 0.751929
    outer loop
      vertex 17.3 1.27279 13.2272
      vertex 18.1 1.09577 13.072
      vertex 18.1 1.27279 13.2272
    endloop
  endfacet
  facet normal 0 -0.659244 0.751929
    outer loop
      vertex 18.1 1.09577 13.072
      vertex 17.3 1.27279 13.2272
      vertex 17.3 1.09577 13.072
    endloop
  endfacet
  facet normal 0 0.89691 0.442212
    outer loop
      vertex 18.1 -1.55885 13.6
      vertex 17.3 -1.66298 13.8112
      vertex 18.1 -1.66298 13.8112
    endloop
  endfacet
  facet normal 0 0.89691 0.442212
    outer loop
      vertex 17.3 -1.66298 13.8112
      vertex 18.1 -1.55885 13.6
      vertex 17.3 -1.55885 13.6
    endloop
  endfacet
  facet normal 0 0.997858 -0.0654194
    outer loop
      vertex 18.1 -1.8 14.5
      vertex 17.3 -1.7846 14.7349
      vertex 18.1 -1.7846 14.7349
    endloop
  endfacet
  facet normal 0 0.997858 -0.0654194
    outer loop
      vertex 17.3 -1.7846 14.7349
      vertex 18.1 -1.8 14.5
      vertex 17.3 -1.8 14.5
    endloop
  endfacet
  facet normal 0 -0.831508 0.555513
    outer loop
      vertex 17.3 1.42804 13.4042
      vertex 18.1 1.55885 13.6
      vertex 17.3 1.55885 13.6
    endloop
  endfacet
  facet normal 0 -0.831508 0.555513
    outer loop
      vertex 18.1 1.55885 13.6
      vertex 17.3 1.42804 13.4042
      vertex 18.1 1.42804 13.4042
    endloop
  endfacet
  facet normal 0 -0.0654066 -0.997859
    outer loop
      vertex 17.3 0 16.3
      vertex 18.1 0.234946 16.2846
      vertex 18.1 0 16.3
    endloop
  endfacet
  facet normal -0 -0.0654066 -0.997859
    outer loop
      vertex 18.1 0.234946 16.2846
      vertex 17.3 0 16.3
      vertex 17.3 0.234946 16.2846
    endloop
  endfacet
  facet normal 0 0.0654066 -0.997859
    outer loop
      vertex 17.3 -0.234946 16.2846
      vertex 18.1 0 16.3
      vertex 18.1 -0.234946 16.2846
    endloop
  endfacet
  facet normal 0 0.0654066 -0.997859
    outer loop
      vertex 18.1 0 16.3
      vertex 17.3 -0.234946 16.2846
      vertex 17.3 0 16.3
    endloop
  endfacet
  facet normal 0 -0.980801 0.195014
    outer loop
      vertex 17.3 1.73867 14.0341
      vertex 18.1 1.7846 14.2651
      vertex 17.3 1.7846 14.2651
    endloop
  endfacet
  facet normal 0 -0.980801 0.195014
    outer loop
      vertex 18.1 1.7846 14.2651
      vertex 17.3 1.73867 14.0341
      vertex 18.1 1.73867 14.0341
    endloop
  endfacet
  facet normal -0 0.4425 0.896768
    outer loop
      vertex 17.3 -0.688829 12.837
      vertex 18.1 -0.9 12.9412
      vertex 18.1 -0.688829 12.837
    endloop
  endfacet
  facet normal 0 0.4425 0.896768
    outer loop
      vertex 18.1 -0.9 12.9412
      vertex 17.3 -0.688829 12.837
      vertex 17.3 -0.9 12.9412
    endloop
  endfacet
  facet normal 0 -0.946897 -0.321537
    outer loop
      vertex 17.3 1.73867 14.9659
      vertex 18.1 1.66298 15.1888
      vertex 17.3 1.66298 15.1888
    endloop
  endfacet
  facet normal 0 -0.946897 -0.321537
    outer loop
      vertex 18.1 1.66298 15.1888
      vertex 17.3 1.73867 14.9659
      vertex 18.1 1.73867 14.9659
    endloop
  endfacet
  facet normal 0 -0.997858 0.0654194
    outer loop
      vertex 17.3 1.7846 14.2651
      vertex 18.1 1.8 14.5
      vertex 17.3 1.8 14.5
    endloop
  endfacet
  facet normal 0 -0.997858 0.0654194
    outer loop
      vertex 18.1 1.8 14.5
      vertex 17.3 1.7846 14.2651
      vertex 18.1 1.7846 14.2651
    endloop
  endfacet
  facet normal 0 0.946897 -0.321537
    outer loop
      vertex 18.1 -1.73867 14.9659
      vertex 17.3 -1.66298 15.1888
      vertex 18.1 -1.66298 15.1888
    endloop
  endfacet
  facet normal 0 0.946897 -0.321537
    outer loop
      vertex 17.3 -1.66298 15.1888
      vertex 18.1 -1.73867 14.9659
      vertex 17.3 -1.73867 14.9659
    endloop
  endfacet
  facet normal 0 0.19495 -0.980813
    outer loop
      vertex 17.3 -0.465874 16.2387
      vertex 18.1 -0.234946 16.2846
      vertex 18.1 -0.465874 16.2387
    endloop
  endfacet
  facet normal 0 0.19495 -0.980813
    outer loop
      vertex 18.1 -0.234946 16.2846
      vertex 17.3 -0.465874 16.2387
      vertex 17.3 -0.234946 16.2846
    endloop
  endfacet
  facet normal 0 0.997858 0.0654194
    outer loop
      vertex 18.1 -1.7846 14.2651
      vertex 17.3 -1.8 14.5
      vertex 18.1 -1.8 14.5
    endloop
  endfacet
  facet normal 0 0.997858 0.0654194
    outer loop
      vertex 17.3 -1.8 14.5
      vertex 18.1 -1.7846 14.2651
      vertex 17.3 -1.7846 14.2651
    endloop
  endfacet
  facet normal 0 0.321504 -0.946908
    outer loop
      vertex 17.3 -0.688829 16.163
      vertex 18.1 -0.465874 16.2387
      vertex 18.1 -0.688829 16.163
    endloop
  endfacet
  facet normal 0 0.321504 -0.946908
    outer loop
      vertex 18.1 -0.465874 16.2387
      vertex 17.3 -0.688829 16.163
      vertex 17.3 -0.465874 16.2387
    endloop
  endfacet
  facet normal -0 0.321504 0.946908
    outer loop
      vertex 17.3 -0.465874 12.7613
      vertex 18.1 -0.688829 12.837
      vertex 18.1 -0.465874 12.7613
    endloop
  endfacet
  facet normal 0 0.321504 0.946908
    outer loop
      vertex 18.1 -0.688829 12.837
      vertex 17.3 -0.465874 12.7613
      vertex 17.3 -0.688829 12.837
    endloop
  endfacet
  facet normal 0 -0.997858 -0.0654194
    outer loop
      vertex 17.3 1.8 14.5
      vertex 18.1 1.7846 14.7349
      vertex 17.3 1.7846 14.7349
    endloop
  endfacet
  facet normal 0 -0.997858 -0.0654194
    outer loop
      vertex 18.1 1.7846 14.7349
      vertex 17.3 1.8 14.5
      vertex 18.1 1.8 14.5
    endloop
  endfacet
  facet normal 0 0.89691 -0.442212
    outer loop
      vertex 18.1 -1.66298 15.1888
      vertex 17.3 -1.55885 15.4
      vertex 18.1 -1.55885 15.4
    endloop
  endfacet
  facet normal 0 0.89691 -0.442212
    outer loop
      vertex 17.3 -1.55885 15.4
      vertex 18.1 -1.66298 15.1888
      vertex 17.3 -1.66298 15.1888
    endloop
  endfacet
  facet normal 0 0.555543 -0.831488
    outer loop
      vertex 17.3 -1.09577 15.928
      vertex 18.1 -0.9 16.0588
      vertex 18.1 -1.09577 15.928
    endloop
  endfacet
  facet normal 0 0.555543 -0.831488
    outer loop
      vertex 18.1 -0.9 16.0588
      vertex 17.3 -1.09577 15.928
      vertex 17.3 -0.9 16.0588
    endloop
  endfacet
  facet normal 0 -0.659244 -0.751929
    outer loop
      vertex 17.3 1.09577 15.928
      vertex 18.1 1.27279 15.7728
      vertex 18.1 1.09577 15.928
    endloop
  endfacet
  facet normal -0 -0.659244 -0.751929
    outer loop
      vertex 18.1 1.27279 15.7728
      vertex 17.3 1.09577 15.928
      vertex 17.3 1.27279 15.7728
    endloop
  endfacet
  facet normal 0 0.751787 -0.659406
    outer loop
      vertex 18.1 -1.42804 15.5958
      vertex 17.3 -1.27279 15.7728
      vertex 18.1 -1.27279 15.7728
    endloop
  endfacet
  facet normal 0 0.751787 -0.659406
    outer loop
      vertex 17.3 -1.27279 15.7728
      vertex 18.1 -1.42804 15.5958
      vertex 17.3 -1.42804 15.5958
    endloop
  endfacet
  facet normal 0 0.831508 -0.555513
    outer loop
      vertex 18.1 -1.55885 15.4
      vertex 17.3 -1.42804 15.5958
      vertex 18.1 -1.42804 15.5958
    endloop
  endfacet
  facet normal 0 0.831508 -0.555513
    outer loop
      vertex 17.3 -1.42804 15.5958
      vertex 18.1 -1.55885 15.4
      vertex 17.3 -1.55885 15.4
    endloop
  endfacet
endsolid OpenSCAD_Model
