solid OpenSCAD_Model
  facet normal 0.126762 0 0.991933
    outer loop
      vertex -1.66482 15.09 38.1396
      vertex -1.41911 -8.4 38.1082
      vertex -1.41911 15.09 38.1082
    endloop
  endfacet
  facet normal 0.126762 0 0.991933
    outer loop
      vertex -1.41911 -8.4 38.1082
      vertex -1.66482 15.09 38.1396
      vertex -1.66482 -8.4 38.1396
    endloop
  endfacet
  facet normal 0.0402781 0 0.999189
    outer loop
      vertex -0.493664 15.09 38.0199
      vertex 0 -8.4 38
      vertex 0 15.09 38
    endloop
  endfacet
  facet normal 0.0402781 0 0.999189
    outer loop
      vertex 0 -8.4 38
      vertex -0.493664 15.09 38.0199
      vertex -0.493664 -8.4 38.0199
    endloop
  endfacet
  facet normal 0 -1 0
    outer loop
      vertex 0.82822 15.1 51.091
      vertex 3.23524 15.1 60.0741
      vertex 0.417684 15.1 51.1726
    endloop
  endfacet
  facet normal 0 -1 0
    outer loop
      vertex -4.78354 15.1 59.5485
      vertex -0.417684 15.1 51.1726
      vertex 0 15.1 51.2
    endloop
  endfacet
  facet normal 0 -1 0
    outer loop
      vertex -4.78354 15.1 59.5485
      vertex -0.82822 15.1 51.091
      vertex -0.417684 15.1 51.1726
    endloop
  endfacet
  facet normal 0 -1 0
    outer loop
      vertex -4.78354 15.1 59.5485
      vertex -1.22459 15.1 50.9564
      vertex -0.82822 15.1 51.091
    endloop
  endfacet
  facet normal 0 -1 0
    outer loop
      vertex -4.78354 15.1 59.5485
      vertex -1.6 15.1 50.7713
      vertex -1.22459 15.1 50.9564
    endloop
  endfacet
  facet normal 0 -1 0
    outer loop
      vertex -7.5 15.1 52.5
      vertex -1.94804 15.1 50.5387
      vertex -1.6 15.1 50.7713
    endloop
  endfacet
  facet normal 0 -1 0
    outer loop
      vertex -7.5 15.1 52.5
      vertex -2.26274 15.1 50.2627
      vertex -1.94804 15.1 50.5387
    endloop
  endfacet
  facet normal 0 -1 0
    outer loop
      vertex -5.5 15.1 49.5
      vertex -2.26274 15.1 50.2627
      vertex -7.5 15.1 52.5
    endloop
  endfacet
  facet normal 0 -1 0
    outer loop
      vertex -2.26274 15.1 50.2627
      vertex -5.5 15.1 49.5
      vertex -2.53873 15.1 49.948
    endloop
  endfacet
  facet normal 0 -1 0
    outer loop
      vertex -2.53873 15.1 49.948
      vertex -5.5 15.1 49.5
      vertex -2.77128 15.1 49.6
    endloop
  endfacet
  facet normal 0 -1 0
    outer loop
      vertex -5.5 15.1 49.5
      vertex -2.95641 15.1 49.2246
      vertex -2.77128 15.1 49.6
    endloop
  endfacet
  facet normal 0 -1 0
    outer loop
      vertex -5.5 15.1 49.5
      vertex -3.09096 15.1 48.8282
      vertex -2.95641 15.1 49.2246
    endloop
  endfacet
  facet normal 0 -1 0
    outer loop
      vertex -5.5 15.1 49.5
      vertex -3.17262 15.1 48.4177
      vertex -3.09096 15.1 48.8282
    endloop
  endfacet
  facet normal 0 -1 0
    outer loop
      vertex -5.5 15.1 49.5
      vertex -3.2 15.1 48
      vertex -3.17262 15.1 48.4177
    endloop
  endfacet
  facet normal 0 -1 0
    outer loop
      vertex -5.5 15.1 49.5
      vertex -3.17262 15.1 47.5823
      vertex -3.2 15.1 48
    endloop
  endfacet
  facet normal 0 -1 0
    outer loop
      vertex -7.5 15.1 46.5
      vertex -3.17262 15.1 47.5823
      vertex -5.5 15.1 49.5
    endloop
  endfacet
  facet normal 0 -1 0
    outer loop
      vertex -9.82491 15.1 46.1788
      vertex -7.5 15.1 46.5
      vertex -9.86527 15.1 46.4475
    endloop
  endfacet
  facet normal 0 -1 0
    outer loop
      vertex -9.73045 15.1 45.6938
      vertex -7.5 15.1 46.5
      vertex -9.82491 15.1 46.1788
    endloop
  endfacet
  facet normal 0 -1 0
    outer loop
      vertex -9.67836 15.1 45.5078
      vertex -7.5 15.1 46.5
      vertex -9.73045 15.1 45.6938
    endloop
  endfacet
  facet normal 0 -1 0
    outer loop
      vertex -9.61477 15.1 45.2807
      vertex -7.5 15.1 46.5
      vertex -9.67836 15.1 45.5078
    endloop
  endfacet
  facet normal 0 -1 0
    outer loop
      vertex -9.61477 15.1 45.2807
      vertex -9.67836 15.1 45.5078
      vertex -9.65926 15.1 45.4118
    endloop
  endfacet
  facet normal 0 -1 0
    outer loop
      vertex -9.59722 15.1 45.2181
      vertex -7.5 15.1 46.5
      vertex -9.61477 15.1 45.2807
    endloop
  endfacet
  facet normal 0 -1 0
    outer loop
      vertex -9.3846 15.1 44.5685
      vertex -7.5 15.1 46.5
      vertex -9.59722 15.1 45.2181
    endloop
  endfacet
  facet normal 0 -1 0
    outer loop
      vertex -9.26528 15.1 44.2512
      vertex -7.5 15.1 46.5
      vertex -9.3846 15.1 44.5685
    endloop
  endfacet
  facet normal 0 -1 0
    outer loop
      vertex -9.22679 15.1 44.1488
      vertex -7.5 15.1 46.5
      vertex -9.26528 15.1 44.2512
    endloop
  endfacet
  facet normal 0 -1 0
    outer loop
      vertex -9.22679 15.1 44.1488
      vertex -9.26528 15.1 44.2512
      vertex -9.2388 15.1 44.1732
    endloop
  endfacet
  facet normal 0 -1 0
    outer loop
      vertex -9.21072 15.1 44.1061
      vertex -7.5 15.1 46.5
      vertex -9.22679 15.1 44.1488
    endloop
  endfacet
  facet normal 0 -1 0
    outer loop
      vertex -9.00014 15.1 43.6591
      vertex -7.5 15.1 46.5
      vertex -9.21072 15.1 44.1061
    endloop
  endfacet
  facet normal 0 -1 0
    outer loop
      vertex -8.75698 15.1 43.1961
      vertex -7.5 15.1 46.5
      vertex -9.00014 15.1 43.6591
    endloop
  endfacet
  facet normal 0 -1 0
    outer loop
      vertex -8.588 15.1 42.8919
      vertex -7.5 15.1 46.5
      vertex -8.75698 15.1 43.1961
    endloop
  endfacet
  facet normal 0 -1 0
    outer loop
      vertex -8.588 15.1 42.8919
      vertex -8.75698 15.1 43.1961
      vertex -8.66025 15.1 43
    endloop
  endfacet
  facet normal 0 -1 0
    outer loop
      vertex -8.43391 15.1 42.627
      vertex -7.5 15.1 46.5
      vertex -8.588 15.1 42.8919
    endloop
  endfacet
  facet normal 0 -1 0
    outer loop
      vertex -8.15187 15.1 42.2214
      vertex -7.5 15.1 46.5
      vertex -8.43391 15.1 42.627
    endloop
  endfacet
  facet normal 0 -1 0
    outer loop
      vertex -8.05492 15.1 42.0941
      vertex -7.5 15.1 46.5
      vertex -8.15187 15.1 42.2214
    endloop
  endfacet
  facet normal 0 -1 0
    outer loop
      vertex -7.80462 15.1 41.7654
      vertex -7.5 15.1 46.5
      vertex -8.05492 15.1 42.0941
    endloop
  endfacet
  facet normal 0 -1 0
    outer loop
      vertex -7.80462 15.1 41.7654
      vertex -8.05492 15.1 42.0941
      vertex -7.93353 15.1 41.9124
    endloop
  endfacet
  facet normal 0 -1 0
    outer loop
      vertex -7.73778 15.1 41.6776
      vertex -7.5 15.1 46.5
      vertex -7.80462 15.1 41.7654
    endloop
  endfacet
  facet normal 0 -1 0
    outer loop
      vertex -7.42171 15.1 41.2979
      vertex -7.5 15.1 46.5
      vertex -7.73778 15.1 41.6776
    endloop
  endfacet
  facet normal 0 -1 0
    outer loop
      vertex -7.5 15.1 46.5
      vertex -7.42171 15.1 41.2979
      vertex -3.17262 15.1 47.5823
    endloop
  endfacet
  facet normal 0 -1 0
    outer loop
      vertex -7.1621 15.1 41.0327
      vertex -3.17262 15.1 47.5823
      vertex -7.42171 15.1 41.2979
    endloop
  endfacet
  facet normal 0 -1 0
    outer loop
      vertex -6.88243 15.1 40.7635
      vertex -7.1621 15.1 41.0327
      vertex -7.07107 15.1 40.9289
    endloop
  endfacet
  facet normal 0 -1 0
    outer loop
      vertex -7.1621 15.1 41.0327
      vertex -6.88243 15.1 40.7635
      vertex -3.17262 15.1 47.5823
    endloop
  endfacet
  facet normal 0 -1 0
    outer loop
      vertex -6.57724 15.1 40.4777
      vertex -3.17262 15.1 47.5823
      vertex -6.88243 15.1 40.7635
    endloop
  endfacet
  facet normal 0 -1 0
    outer loop
      vertex -6.20235 15.1 40.1558
      vertex -3.17262 15.1 47.5823
      vertex -6.57724 15.1 40.4777
    endloop
  endfacet
  facet normal 0 -1 0
    outer loop
      vertex -6.12728 15.1 40.1013
      vertex -3.17262 15.1 47.5823
      vertex -6.20235 15.1 40.1558
    endloop
  endfacet
  facet normal 0 -1 0
    outer loop
      vertex -5.98681 15.1 39.9991
      vertex -6.12728 15.1 40.1013
      vertex -6.08761 15.1 40.0665
    endloop
  endfacet
  facet normal 0 -1 0
    outer loop
      vertex -6.12728 15.1 40.1013
      vertex -5.98681 15.1 39.9991
      vertex -3.17262 15.1 47.5823
    endloop
  endfacet
  facet normal 0 -1 0
    outer loop
      vertex -5.80276 15.1 39.8653
      vertex -3.17262 15.1 47.5823
      vertex -5.98681 15.1 39.9991
    endloop
  endfacet
  facet normal 0 -1 0
    outer loop
      vertex -5.23311 15.1 39.4876
      vertex -3.17262 15.1 47.5823
      vertex -5.80276 15.1 39.8653
    endloop
  endfacet
  facet normal 0 -1 0
    outer loop
      vertex -5.11373 15.1 39.4157
      vertex -3.17262 15.1 47.5823
      vertex -5.23311 15.1 39.4876
    endloop
  endfacet
  facet normal 0 -1 0
    outer loop
      vertex -4.93136 15.1 39.3059
      vertex -5.11373 15.1 39.4157
      vertex -5 15.1 39.3397
    endloop
  endfacet
  facet normal 0 -1 0
    outer loop
      vertex -5.11373 15.1 39.4157
      vertex -4.93136 15.1 39.3059
      vertex -3.17262 15.1 47.5823
    endloop
  endfacet
  facet normal 0 -1 0
    outer loop
      vertex -4.80989 15.1 39.2327
      vertex -3.17262 15.1 47.5823
      vertex -4.93136 15.1 39.3059
    endloop
  endfacet
  facet normal 0 -1 0
    outer loop
      vertex -4.3675 15.1 39.0127
      vertex -3.17262 15.1 47.5823
      vertex -4.80989 15.1 39.2327
    endloop
  endfacet
  facet normal 0 -1 0
    outer loop
      vertex -4.0584 15.1 38.8754
      vertex -3.17262 15.1 47.5823
      vertex -4.3675 15.1 39.0127
    endloop
  endfacet
  facet normal 0 -1 0
    outer loop
      vertex -3.69671 15.1 38.717
      vertex -4.0584 15.1 38.8754
      vertex -3.82683 15.1 38.7612
    endloop
  endfacet
  facet normal 0 -1 0
    outer loop
      vertex -4.0584 15.1 38.8754
      vertex -3.69671 15.1 38.717
      vertex -3.17262 15.1 47.5823
    endloop
  endfacet
  facet normal 0 -1 0
    outer loop
      vertex -3.28317 15.1 38.5543
      vertex -3.17262 15.1 47.5823
      vertex -3.69671 15.1 38.717
    endloop
  endfacet
  facet normal 0 -1 0
    outer loop
      vertex -2.81033 15.1 38.4111
      vertex -3.17262 15.1 47.5823
      vertex -3.28317 15.1 38.5543
    endloop
  endfacet
  facet normal 0 -1 0
    outer loop
      vertex -2.74917 15.1 38.3954
      vertex -3.17262 15.1 47.5823
      vertex -2.81033 15.1 38.4111
    endloop
  endfacet
  facet normal 0 -1 0
    outer loop
      vertex -2.35487 15.1 38.2943
      vertex -2.74917 15.1 38.3954
      vertex -2.58819 15.1 38.3407
    endloop
  endfacet
  facet normal 0 -1 0
    outer loop
      vertex -2.74917 15.1 38.3954
      vertex -2.35487 15.1 38.2943
      vertex -3.17262 15.1 47.5823
    endloop
  endfacet
  facet normal 0 -1 0
    outer loop
      vertex -3.17262 15.1 47.5823
      vertex -2.35487 15.1 38.2943
      vertex -2.28282 15.1 38.2759
    endloop
  endfacet
  facet normal 0 -1 0
    outer loop
      vertex -3.23524 15.1 60.0741
      vertex 0 15.1 51.2
      vertex -1.63158 15.1 60.3931
    endloop
  endfacet
  facet normal 0 -1 0
    outer loop
      vertex -4.78354 15.1 59.5485
      vertex 0 15.1 51.2
      vertex -3.23524 15.1 60.0741
    endloop
  endfacet
  facet normal 0 -1 0
    outer loop
      vertex -1.63158 15.1 60.3931
      vertex 0 15.1 51.2
      vertex 0 15.1 60.5
    endloop
  endfacet
  facet normal 0 -1 0
    outer loop
      vertex -6.25 15.1 58.8253
      vertex -1.6 15.1 50.7713
      vertex -4.78354 15.1 59.5485
    endloop
  endfacet
  facet normal 0 -1 0
    outer loop
      vertex 0 15.1 51.2
      vertex 1.63158 15.1 60.3931
      vertex 0 15.1 60.5
    endloop
  endfacet
  facet normal 0 -1 0
    outer loop
      vertex -1.6 15.1 50.7713
      vertex -6.25 15.1 58.8253
      vertex -7.5 15.1 52.5
    endloop
  endfacet
  facet normal 0 -1 0
    outer loop
      vertex 0.417684 15.1 51.1726
      vertex 1.63158 15.1 60.3931
      vertex 0 15.1 51.2
    endloop
  endfacet
  facet normal 0 -1 0
    outer loop
      vertex -7.5 15.1 52.5
      vertex -6.25 15.1 58.8253
      vertex -7.60952 15.1 57.9169
    endloop
  endfacet
  facet normal 0 -1 -0
    outer loop
      vertex 1.63158 15.1 60.3931
      vertex 0.417684 15.1 51.1726
      vertex 3.23524 15.1 60.0741
    endloop
  endfacet
  facet normal 0 -1 0
    outer loop
      vertex -7.5 15.1 52.5
      vertex -7.60952 15.1 57.9169
      vertex -8.83883 15.1 56.8388
    endloop
  endfacet
  facet normal 0 -1 0
    outer loop
      vertex 4.78354 15.1 59.5485
      vertex 7.5 15.1 52.5
      vertex 6.25 15.1 58.8253
    endloop
  endfacet
  facet normal 0 -1 0
    outer loop
      vertex -7.5 15.1 52.5
      vertex -8.83883 15.1 56.8388
      vertex -9.91692 15.1 55.6095
    endloop
  endfacet
  facet normal 0 -1 0
    outer loop
      vertex 6.25 15.1 58.8253
      vertex 7.5 15.1 52.5
      vertex 7.60952 15.1 57.9169
    endloop
  endfacet
  facet normal 0 -1 0
    outer loop
      vertex -7.5 15.1 52.5
      vertex -9.91692 15.1 55.6095
      vertex -10.8253 15.1 54.25
    endloop
  endfacet
  facet normal 0 -1 -0
    outer loop
      vertex 7.60952 15.1 57.9169
      vertex 7.5 15.1 52.5
      vertex 8.83883 15.1 56.8388
    endloop
  endfacet
  facet normal 0 -1 0
    outer loop
      vertex -7.5 15.1 52.5
      vertex -10.8253 15.1 54.25
      vertex -11.5485 15.1 52.7835
    endloop
  endfacet
  facet normal 0 -1 -0
    outer loop
      vertex 8.83883 15.1 56.8388
      vertex 7.5 15.1 52.5
      vertex 9.91692 15.1 55.6095
    endloop
  endfacet
  facet normal 0 -1 -0
    outer loop
      vertex 9.91692 15.1 55.6095
      vertex 7.5 15.1 52.5
      vertex 10.8253 15.1 54.25
    endloop
  endfacet
  facet normal 0 -1 0
    outer loop
      vertex -9.5 15.1 49.5
      vertex -11.5485 15.1 52.7835
      vertex -12.0741 15.1 51.2352
    endloop
  endfacet
  facet normal 0 -1 0
    outer loop
      vertex -9.5 15.1 49.5
      vertex -12.0741 15.1 51.2352
      vertex -12.3931 15.1 49.6316
    endloop
  endfacet
  facet normal 0 -1 0
    outer loop
      vertex -11.5485 15.1 52.7835
      vertex -9.5 15.1 49.5
      vertex -7.5 15.1 52.5
    endloop
  endfacet
  facet normal 0 -1 0
    outer loop
      vertex -10 15.1 48
      vertex -12.3931 15.1 49.6316
      vertex -12.5 15.1 48
    endloop
  endfacet
  facet normal 0 -1 0
    outer loop
      vertex -12.3931 15.1 49.6316
      vertex -10 15.1 48
      vertex -9.5 15.1 49.5
    endloop
  endfacet
  facet normal 0 -1 0
    outer loop
      vertex -7.5 15.1 46.5
      vertex -10 15.1 48
      vertex -9.99067 15.1 47.8577
    endloop
  endfacet
  facet normal 0 -1 0
    outer loop
      vertex -7.5 15.1 46.5
      vertex -9.99067 15.1 47.8577
      vertex -9.991 15.1 47.8399
    endloop
  endfacet
  facet normal 0 -1 0
    outer loop
      vertex -7.5 15.1 46.5
      vertex -9.991 15.1 47.8399
      vertex -9.97859 15.1 47.346
    endloop
  endfacet
  facet normal 0 -1 0
    outer loop
      vertex -7.5 15.1 46.5
      vertex -9.97859 15.1 47.346
      vertex -9.92642 15.1 46.8547
    endloop
  endfacet
  facet normal 0 -1 0
    outer loop
      vertex -7.5 15.1 46.5
      vertex -9.92642 15.1 46.8547
      vertex -9.92377 15.1 46.837
    endloop
  endfacet
  facet normal 0 -1 0
    outer loop
      vertex -7.5 15.1 46.5
      vertex -9.92377 15.1 46.837
      vertex -9.91445 15.1 46.6947
    endloop
  endfacet
  facet normal 0 -1 0
    outer loop
      vertex -10 15.1 48
      vertex -7.5 15.1 46.5
      vertex -9.5 15.1 49.5
    endloop
  endfacet
  facet normal -0 -1 0
    outer loop
      vertex -7.5 15.1 46.5
      vertex -9.91445 15.1 46.6947
      vertex -9.86527 15.1 46.4475
    endloop
  endfacet
  facet normal 0 -1 -0
    outer loop
      vertex 10.8253 15.1 54.25
      vertex 7.5 15.1 52.5
      vertex 11.5485 15.1 52.7835
    endloop
  endfacet
  facet normal 0 -1 0
    outer loop
      vertex 9.5 15.1 49.5
      vertex 11.5485 15.1 52.7835
      vertex 7.5 15.1 52.5
    endloop
  endfacet
  facet normal 0 -1 -0
    outer loop
      vertex 11.5485 15.1 52.7835
      vertex 9.5 15.1 49.5
      vertex 12.0741 15.1 51.2352
    endloop
  endfacet
  facet normal 0 -1 -0
    outer loop
      vertex 12.0741 15.1 51.2352
      vertex 9.5 15.1 49.5
      vertex 12.3931 15.1 49.6316
    endloop
  endfacet
  facet normal 0 -1 0
    outer loop
      vertex 9.5 15.1 49.5
      vertex 12.5 15.1 48
      vertex 12.3931 15.1 49.6316
    endloop
  endfacet
  facet normal 0 -1 0
    outer loop
      vertex 12.3931 15.1 46.3684
      vertex 9.5 15.1 49.5
      vertex 7.5 15.1 46.5
    endloop
  endfacet
  facet normal 0 -1 0
    outer loop
      vertex 9.5 15.1 49.5
      vertex 12.3931 15.1 46.3684
      vertex 12.5 15.1 48
    endloop
  endfacet
  facet normal 0 -1 -0
    outer loop
      vertex 3.23524 15.1 60.0741
      vertex 0.82822 15.1 51.091
      vertex 4.78354 15.1 59.5485
    endloop
  endfacet
  facet normal 0 -1 0
    outer loop
      vertex 1.22459 15.1 50.9564
      vertex 4.78354 15.1 59.5485
      vertex 0.82822 15.1 51.091
    endloop
  endfacet
  facet normal 0 -1 0
    outer loop
      vertex 1.6 15.1 50.7713
      vertex 4.78354 15.1 59.5485
      vertex 1.22459 15.1 50.9564
    endloop
  endfacet
  facet normal 0 -1 -0
    outer loop
      vertex 4.78354 15.1 59.5485
      vertex 1.6 15.1 50.7713
      vertex 7.5 15.1 52.5
    endloop
  endfacet
  facet normal 0 -1 0
    outer loop
      vertex 1.94804 15.1 50.5387
      vertex 7.5 15.1 52.5
      vertex 1.6 15.1 50.7713
    endloop
  endfacet
  facet normal 0 -1 0
    outer loop
      vertex 2.26274 15.1 50.2627
      vertex 7.5 15.1 52.5
      vertex 1.94804 15.1 50.5387
    endloop
  endfacet
  facet normal 0 -1 0
    outer loop
      vertex 5.5 15.1 49.5
      vertex 2.26274 15.1 50.2627
      vertex 2.53873 15.1 49.948
    endloop
  endfacet
  facet normal 0 -1 0
    outer loop
      vertex 5.5 15.1 49.5
      vertex 2.53873 15.1 49.948
      vertex 2.77128 15.1 49.6
    endloop
  endfacet
  facet normal 0 -1 0
    outer loop
      vertex 2.26274 15.1 50.2627
      vertex 5.5 15.1 49.5
      vertex 7.5 15.1 52.5
    endloop
  endfacet
  facet normal 0 -1 0
    outer loop
      vertex 2.95641 15.1 49.2246
      vertex 5.5 15.1 49.5
      vertex 2.77128 15.1 49.6
    endloop
  endfacet
  facet normal 0 -1 0
    outer loop
      vertex 3.09096 15.1 48.8282
      vertex 5.5 15.1 49.5
      vertex 2.95641 15.1 49.2246
    endloop
  endfacet
  facet normal 0 -1 0
    outer loop
      vertex 3.17262 15.1 48.4177
      vertex 5.5 15.1 49.5
      vertex 3.09096 15.1 48.8282
    endloop
  endfacet
  facet normal 0 -1 0
    outer loop
      vertex 3.2 15.1 48
      vertex 5.5 15.1 49.5
      vertex 3.17262 15.1 48.4177
    endloop
  endfacet
  facet normal 0 -1 0
    outer loop
      vertex 3.17262 15.1 47.5823
      vertex 5.5 15.1 49.5
      vertex 3.2 15.1 48
    endloop
  endfacet
  facet normal 0 -1 0
    outer loop
      vertex 3.17262 15.1 47.5823
      vertex 7.5 15.1 46.5
      vertex 5.5 15.1 49.5
    endloop
  endfacet
  facet normal 0 -1 0
    outer loop
      vertex 7.5 15.1 46.5
      vertex 11.1313 15.1 37.4141
      vertex 12.3931 15.1 46.3684
    endloop
  endfacet
  facet normal 0 -1 0
    outer loop
      vertex 2.18118 15.1 37.2128
      vertex 7.5 15.1 46.5
      vertex 3.17262 15.1 47.5823
    endloop
  endfacet
  facet normal 0 -1 -0
    outer loop
      vertex 7.5 15.1 46.5
      vertex 2.18118 15.1 37.2128
      vertex 11.1313 15.1 37.4141
    endloop
  endfacet
  facet normal 0 -1 0
    outer loop
      vertex 10.4663 15.1 34.8182
      vertex 2.18118 15.1 37.2128
      vertex 2.15209 15.1 37.0666
    endloop
  endfacet
  facet normal 0 -1 0
    outer loop
      vertex 2.18118 15.1 37.2128
      vertex 10.8752 15.1 36.127
      vertex 11.1313 15.1 37.4141
    endloop
  endfacet
  facet normal 0 -1 0
    outer loop
      vertex 2.18118 15.1 37.2128
      vertex 10.4663 15.1 34.8182
      vertex 10.8752 15.1 36.127
    endloop
  endfacet
  facet normal -0 -1 0
    outer loop
      vertex 10.4663 15.1 34.8182
      vertex 2.15209 15.1 37.0666
      vertex 10.0723 15.1 33.5859
    endloop
  endfacet
  facet normal 0.0834981 0 0.996508
    outer loop
      vertex -1.17393 15.09 38.0769
      vertex -0.493664 -8.4 38.0199
      vertex -0.493664 15.09 38.0199
    endloop
  endfacet
  facet normal 0.0834981 0 0.996508
    outer loop
      vertex -0.493664 -8.4 38.0199
      vertex -1.17393 15.09 38.0769
      vertex -1.17393 -8.4 38.0769
    endloop
  endfacet
  facet normal 0 1 0
    outer loop
      vertex -0.493664 -8.4 38.0199
      vertex 0.0245514 -8.4 38.0016
      vertex 0 -8.4 38
    endloop
  endfacet
  facet normal 0 1 0
    outer loop
      vertex -7.5 -8.4 46.5
      vertex -10 -8.4 48
      vertex -9.5 -8.4 49.5
    endloop
  endfacet
  facet normal 0 1 0
    outer loop
      vertex -10 -8.4 48
      vertex -7.5 -8.4 46.5
      vertex -9.99067 -8.4 47.8577
    endloop
  endfacet
  facet normal 0 1 0
    outer loop
      vertex -9.99067 -8.4 47.8577
      vertex -7.5 -8.4 46.5
      vertex -9.991 -8.4 47.8399
    endloop
  endfacet
  facet normal 0 1 0
    outer loop
      vertex -9.991 -8.4 47.8399
      vertex -7.5 -8.4 46.5
      vertex -9.97859 -8.4 47.346
    endloop
  endfacet
  facet normal 0 1 0
    outer loop
      vertex -9.97859 -8.4 47.346
      vertex -7.5 -8.4 46.5
      vertex -9.92642 -8.4 46.8547
    endloop
  endfacet
  facet normal 0 1 0
    outer loop
      vertex -9.92642 -8.4 46.8547
      vertex -7.5 -8.4 46.5
      vertex -9.92377 -8.4 46.837
    endloop
  endfacet
  facet normal 0 1 0
    outer loop
      vertex -9.92377 -8.4 46.837
      vertex -7.5 -8.4 46.5
      vertex -9.91445 -8.4 46.6947
    endloop
  endfacet
  facet normal 0 1 0
    outer loop
      vertex -9.91445 -8.4 46.6947
      vertex -7.5 -8.4 46.5
      vertex -9.86527 -8.4 46.4475
    endloop
  endfacet
  facet normal -0 1 0
    outer loop
      vertex 0.163157 -8.4 49.2393
      vertex 1.63158 -8.4 60.3931
      vertex 0.323524 -8.4 49.2074
    endloop
  endfacet
  facet normal 0 1 0
    outer loop
      vertex 0 -8.4 60.5
      vertex 0 -8.4 49.25
      vertex -1.63158 -8.4 60.3931
    endloop
  endfacet
  facet normal 0 1 -0
    outer loop
      vertex -0.323524 -8.4 49.2074
      vertex -1.63158 -8.4 60.3931
      vertex -0.163157 -8.4 49.2393
    endloop
  endfacet
  facet normal 0 1 -0
    outer loop
      vertex -0.163157 -8.4 49.2393
      vertex -1.63158 -8.4 60.3931
      vertex 0 -8.4 49.25
    endloop
  endfacet
  facet normal -0 1 0
    outer loop
      vertex 0 -8.4 49.25
      vertex 0 -8.4 60.5
      vertex 0.163157 -8.4 49.2393
    endloop
  endfacet
  facet normal 0 1 0
    outer loop
      vertex 1.63158 -8.4 60.3931
      vertex 0.163157 -8.4 49.2393
      vertex 0 -8.4 60.5
    endloop
  endfacet
  facet normal 0 1 0
    outer loop
      vertex 5.5 -8.4 49.5
      vertex 0.625 -8.4 49.0825
      vertex 0.478354 -8.4 49.1549
    endloop
  endfacet
  facet normal 0 1 0
    outer loop
      vertex 5.5 -8.4 49.5
      vertex 0.760951 -8.4 48.9917
      vertex 0.625 -8.4 49.0825
    endloop
  endfacet
  facet normal 0 1 0
    outer loop
      vertex 5.5 -8.4 49.5
      vertex 0.883883 -8.4 48.8839
      vertex 0.760951 -8.4 48.9917
    endloop
  endfacet
  facet normal 0 1 0
    outer loop
      vertex 5.5 -8.4 49.5
      vertex 0.991692 -8.4 48.761
      vertex 0.883883 -8.4 48.8839
    endloop
  endfacet
  facet normal 0 1 0
    outer loop
      vertex 5.5 -8.4 49.5
      vertex 1.08253 -8.4 48.625
      vertex 0.991692 -8.4 48.761
    endloop
  endfacet
  facet normal 0 1 0
    outer loop
      vertex 5.5 -8.4 49.5
      vertex 1.15485 -8.4 48.4784
      vertex 1.08253 -8.4 48.625
    endloop
  endfacet
  facet normal 0 1 0
    outer loop
      vertex 5.5 -8.4 49.5
      vertex 1.20741 -8.4 48.3235
      vertex 1.15485 -8.4 48.4784
    endloop
  endfacet
  facet normal 0 1 0
    outer loop
      vertex 5.5 -8.4 49.5
      vertex 1.23931 -8.4 48.1632
      vertex 1.20741 -8.4 48.3235
    endloop
  endfacet
  facet normal 0 1 0
    outer loop
      vertex 5.5 -8.4 49.5
      vertex 1.25 -8.4 48
      vertex 1.23931 -8.4 48.1632
    endloop
  endfacet
  facet normal 0 1 0
    outer loop
      vertex 5.5 -8.4 49.5
      vertex 1.23931 -8.4 47.8368
      vertex 1.25 -8.4 48
    endloop
  endfacet
  facet normal 0 1 0
    outer loop
      vertex 5.5 -8.4 49.5
      vertex 1.20741 -8.4 47.6765
      vertex 1.23931 -8.4 47.8368
    endloop
  endfacet
  facet normal 0 1 0
    outer loop
      vertex 5.5 -8.4 49.5
      vertex 1.15485 -8.4 47.5216
      vertex 1.20741 -8.4 47.6765
    endloop
  endfacet
  facet normal 0 1 0
    outer loop
      vertex 7.5 -8.4 46.5
      vertex 1.15485 -8.4 47.5216
      vertex 5.5 -8.4 49.5
    endloop
  endfacet
  facet normal 0 1 0
    outer loop
      vertex 1.15485 -8.4 47.5216
      vertex 7.5 -8.4 46.5
      vertex 1.08253 -8.4 47.375
    endloop
  endfacet
  facet normal 0 1 0
    outer loop
      vertex 1.08253 -8.4 47.375
      vertex 7.5 -8.4 46.5
      vertex 0.991692 -8.4 47.239
    endloop
  endfacet
  facet normal 0 1 0
    outer loop
      vertex 0.991692 -8.4 47.239
      vertex 7.5 -8.4 46.5
      vertex 0.883883 -8.4 47.1161
    endloop
  endfacet
  facet normal 0 1 0
    outer loop
      vertex 0.883883 -8.4 47.1161
      vertex 7.5 -8.4 46.5
      vertex 0.760951 -8.4 47.0083
    endloop
  endfacet
  facet normal 0 1 0
    outer loop
      vertex 0.323524 -8.4 46.7926
      vertex 0.0245514 -8.4 38.0016
      vertex 0.163157 -8.4 46.7607
    endloop
  endfacet
  facet normal 0 1 0
    outer loop
      vertex 0.478354 -8.4 46.8451
      vertex 0.0245514 -8.4 38.0016
      vertex 0.323524 -8.4 46.7926
    endloop
  endfacet
  facet normal 0 1 0
    outer loop
      vertex 0.625 -8.4 46.9175
      vertex 0.0245514 -8.4 38.0016
      vertex 0.478354 -8.4 46.8451
    endloop
  endfacet
  facet normal 0 1 0
    outer loop
      vertex 0.0245514 -8.4 38.0016
      vertex 0.625 -8.4 46.9175
      vertex 7.5 -8.4 46.5
    endloop
  endfacet
  facet normal 0 1 0
    outer loop
      vertex 0.760951 -8.4 47.0083
      vertex 7.5 -8.4 46.5
      vertex 0.625 -8.4 46.9175
    endloop
  endfacet
  facet normal 0 1 0
    outer loop
      vertex 7.5 -8.4 52.5
      vertex 0.478354 -8.4 49.1549
      vertex 3.23524 -8.4 60.0741
    endloop
  endfacet
  facet normal 0 1 0
    outer loop
      vertex 0.478354 -8.4 49.1549
      vertex 7.5 -8.4 52.5
      vertex 5.5 -8.4 49.5
    endloop
  endfacet
  facet normal -0 1 0
    outer loop
      vertex 0.323524 -8.4 49.2074
      vertex 3.23524 -8.4 60.0741
      vertex 0.478354 -8.4 49.1549
    endloop
  endfacet
  facet normal 0 1 0
    outer loop
      vertex 7.5 -8.4 52.5
      vertex 3.23524 -8.4 60.0741
      vertex 4.78354 -8.4 59.5485
    endloop
  endfacet
  facet normal 0 1 0
    outer loop
      vertex 3.23524 -8.4 60.0741
      vertex 0.323524 -8.4 49.2074
      vertex 1.63158 -8.4 60.3931
    endloop
  endfacet
  facet normal 0 1 0
    outer loop
      vertex 7.5 -8.4 52.5
      vertex 4.78354 -8.4 59.5485
      vertex 6.25 -8.4 58.8253
    endloop
  endfacet
  facet normal 0 1 0
    outer loop
      vertex -1.63158 -8.4 60.3931
      vertex -7.5 -8.4 52.5
      vertex -3.23524 -8.4 60.0741
    endloop
  endfacet
  facet normal 0 1 -0
    outer loop
      vertex 7.5 -8.4 52.5
      vertex 6.25 -8.4 58.8253
      vertex 7.60952 -8.4 57.9169
    endloop
  endfacet
  facet normal 0 1 0
    outer loop
      vertex -3.23524 -8.4 60.0741
      vertex -7.5 -8.4 52.5
      vertex -4.78354 -8.4 59.5485
    endloop
  endfacet
  facet normal 0 1 0
    outer loop
      vertex 7.5 -8.4 52.5
      vertex 7.60952 -8.4 57.9169
      vertex 8.83883 -8.4 56.8388
    endloop
  endfacet
  facet normal 0 1 0
    outer loop
      vertex -4.78354 -8.4 59.5485
      vertex -7.5 -8.4 52.5
      vertex -6.25 -8.4 58.8253
    endloop
  endfacet
  facet normal 0 1 0
    outer loop
      vertex 7.5 -8.4 52.5
      vertex 8.83883 -8.4 56.8388
      vertex 9.91692 -8.4 55.6095
    endloop
  endfacet
  facet normal 0 1 0
    outer loop
      vertex -6.25 -8.4 58.8253
      vertex -7.5 -8.4 52.5
      vertex -7.60952 -8.4 57.9169
    endloop
  endfacet
  facet normal 0 1 0
    outer loop
      vertex 7.5 -8.4 52.5
      vertex 9.91692 -8.4 55.6095
      vertex 10.8253 -8.4 54.25
    endloop
  endfacet
  facet normal 0 1 0
    outer loop
      vertex -7.60952 -8.4 57.9169
      vertex -7.5 -8.4 52.5
      vertex -8.83883 -8.4 56.8388
    endloop
  endfacet
  facet normal 0 1 0
    outer loop
      vertex 7.5 -8.4 52.5
      vertex 10.8253 -8.4 54.25
      vertex 11.5485 -8.4 52.7835
    endloop
  endfacet
  facet normal 0 1 0
    outer loop
      vertex -8.83883 -8.4 56.8388
      vertex -7.5 -8.4 52.5
      vertex -9.91692 -8.4 55.6095
    endloop
  endfacet
  facet normal 0 1 0
    outer loop
      vertex -9.91692 -8.4 55.6095
      vertex -7.5 -8.4 52.5
      vertex -10.8253 -8.4 54.25
    endloop
  endfacet
  facet normal 0 1 0
    outer loop
      vertex 9.5 -8.4 49.5
      vertex 11.5485 -8.4 52.7835
      vertex 12.0741 -8.4 51.2352
    endloop
  endfacet
  facet normal 0 1 0
    outer loop
      vertex 9.5 -8.4 49.5
      vertex 12.0741 -8.4 51.2352
      vertex 12.3931 -8.4 49.6316
    endloop
  endfacet
  facet normal 0 1 0
    outer loop
      vertex 11.5485 -8.4 52.7835
      vertex 9.5 -8.4 49.5
      vertex 7.5 -8.4 52.5
    endloop
  endfacet
  facet normal 0 1 0
    outer loop
      vertex 12.5 -8.4 48
      vertex 9.5 -8.4 49.5
      vertex 12.3931 -8.4 49.6316
    endloop
  endfacet
  facet normal 0 1 -0
    outer loop
      vertex 12.3931 -8.4 46.3684
      vertex 9.5 -8.4 49.5
      vertex 12.5 -8.4 48
    endloop
  endfacet
  facet normal -0 1 0
    outer loop
      vertex -2.35487 -8.4 38.2943
      vertex -0.323524 -8.4 46.7926
      vertex -2.14828 -8.4 38.2414
    endloop
  endfacet
  facet normal 0 1 0
    outer loop
      vertex 9.5 -8.4 49.5
      vertex 12.3931 -8.4 46.3684
      vertex 7.5 -8.4 46.5
    endloop
  endfacet
  facet normal 0 1 -0
    outer loop
      vertex 11.4244 -8.4 39.4944
      vertex 7.5 -8.4 46.5
      vertex 12.3931 -8.4 46.3684
    endloop
  endfacet
  facet normal 0 1 0
    outer loop
      vertex 0.163157 -8.4 46.7607
      vertex 0.0245514 -8.4 38.0016
      vertex -0.493664 -8.4 38.0199
    endloop
  endfacet
  facet normal -0 1 0
    outer loop
      vertex -9.67836 -8.4 45.5078
      vertex -7.5 -8.4 46.5
      vertex -9.61477 -8.4 45.2807
    endloop
  endfacet
  facet normal 0 1 0
    outer loop
      vertex -7.5 -8.4 46.5
      vertex -9.82491 -8.4 46.1788
      vertex -9.86527 -8.4 46.4475
    endloop
  endfacet
  facet normal 0 1 0
    outer loop
      vertex -7.5 -8.4 46.5
      vertex -9.73045 -8.4 45.6938
      vertex -9.82491 -8.4 46.1788
    endloop
  endfacet
  facet normal -0 1 0
    outer loop
      vertex -9.73045 -8.4 45.6938
      vertex -7.5 -8.4 46.5
      vertex -9.67836 -8.4 45.5078
    endloop
  endfacet
  facet normal 0 1 0
    outer loop
      vertex -9.67836 -8.4 45.5078
      vertex -9.61477 -8.4 45.2807
      vertex -9.65926 -8.4 45.4118
    endloop
  endfacet
  facet normal 0 1 0
    outer loop
      vertex -7.5 -8.4 46.5
      vertex -9.59722 -8.4 45.2181
      vertex -9.61477 -8.4 45.2807
    endloop
  endfacet
  facet normal 0 1 0
    outer loop
      vertex -7.5 -8.4 46.5
      vertex -9.3846 -8.4 44.5685
      vertex -9.59722 -8.4 45.2181
    endloop
  endfacet
  facet normal -0 1 0
    outer loop
      vertex -9.21072 -8.4 44.1061
      vertex -7.5 -8.4 46.5
      vertex -9.00014 -8.4 43.6591
    endloop
  endfacet
  facet normal 0 1 0
    outer loop
      vertex -7.5 -8.4 46.5
      vertex -9.26528 -8.4 44.2512
      vertex -9.3846 -8.4 44.5685
    endloop
  endfacet
  facet normal 0 1 0
    outer loop
      vertex -9.26528 -8.4 44.2512
      vertex -9.22679 -8.4 44.1488
      vertex -9.2388 -8.4 44.1732
    endloop
  endfacet
  facet normal 0 1 0
    outer loop
      vertex -7.5 -8.4 46.5
      vertex -9.22679 -8.4 44.1488
      vertex -9.26528 -8.4 44.2512
    endloop
  endfacet
  facet normal 0 1 0
    outer loop
      vertex -7.5 -8.4 46.5
      vertex -9.21072 -8.4 44.1061
      vertex -9.22679 -8.4 44.1488
    endloop
  endfacet
  facet normal 0 1 0
    outer loop
      vertex -7.5 -8.4 46.5
      vertex -8.75698 -8.4 43.1961
      vertex -9.00014 -8.4 43.6591
    endloop
  endfacet
  facet normal -0 1 0
    outer loop
      vertex -8.15187 -8.4 42.2214
      vertex -7.5 -8.4 46.5
      vertex -8.05492 -8.4 42.0941
    endloop
  endfacet
  facet normal 0 1 0
    outer loop
      vertex -8.75698 -8.4 43.1961
      vertex -8.588 -8.4 42.8919
      vertex -8.66025 -8.4 43
    endloop
  endfacet
  facet normal 0 1 0
    outer loop
      vertex -7.5 -8.4 46.5
      vertex -8.588 -8.4 42.8919
      vertex -8.75698 -8.4 43.1961
    endloop
  endfacet
  facet normal -0 1 0
    outer loop
      vertex -8.43391 -8.4 42.627
      vertex -7.5 -8.4 46.5
      vertex -8.15187 -8.4 42.2214
    endloop
  endfacet
  facet normal 0 1 0
    outer loop
      vertex -7.5 -8.4 46.5
      vertex -8.43391 -8.4 42.627
      vertex -8.588 -8.4 42.8919
    endloop
  endfacet
  facet normal 0 1 0
    outer loop
      vertex -7.5 -8.4 46.5
      vertex -7.80462 -8.4 41.7654
      vertex -8.05492 -8.4 42.0941
    endloop
  endfacet
  facet normal 0 1 0
    outer loop
      vertex -8.05492 -8.4 42.0941
      vertex -7.80462 -8.4 41.7654
      vertex -7.93353 -8.4 41.9124
    endloop
  endfacet
  facet normal -0 1 -0
    outer loop
      vertex -7.1621 -8.4 41.0327
      vertex -7.5 -8.4 46.5
      vertex -6.88243 -8.4 40.7635
    endloop
  endfacet
  facet normal -0 1 -0
    outer loop
      vertex -7.42171 -8.4 41.2979
      vertex -7.5 -8.4 46.5
      vertex -7.1621 -8.4 41.0327
    endloop
  endfacet
  facet normal 0 1 0
    outer loop
      vertex -7.5 -8.4 46.5
      vertex -7.42171 -8.4 41.2979
      vertex -7.73778 -8.4 41.6776
    endloop
  endfacet
  facet normal 0 1 0
    outer loop
      vertex -7.5 -8.4 46.5
      vertex -7.73778 -8.4 41.6776
      vertex -7.80462 -8.4 41.7654
    endloop
  endfacet
  facet normal 0 1 0
    outer loop
      vertex -7.1621 -8.4 41.0327
      vertex -6.88243 -8.4 40.7635
      vertex -7.07107 -8.4 40.9289
    endloop
  endfacet
  facet normal -0 1 0
    outer loop
      vertex -6.88243 -8.4 40.7635
      vertex -0.760951 -8.4 47.0083
      vertex -6.57724 -8.4 40.4777
    endloop
  endfacet
  facet normal 0 1 0
    outer loop
      vertex -0.760951 -8.4 47.0083
      vertex -6.88243 -8.4 40.7635
      vertex -7.5 -8.4 46.5
    endloop
  endfacet
  facet normal 0 1 0
    outer loop
      vertex -6.57724 -8.4 40.4777
      vertex -6.12728 -8.4 40.1013
      vertex -6.20235 -8.4 40.1558
    endloop
  endfacet
  facet normal 0 1 0
    outer loop
      vertex -6.12728 -8.4 40.1013
      vertex -5.98681 -8.4 39.9991
      vertex -6.08761 -8.4 40.0665
    endloop
  endfacet
  facet normal 0 1 0
    outer loop
      vertex -0.760951 -8.4 47.0083
      vertex -6.12728 -8.4 40.1013
      vertex -6.57724 -8.4 40.4777
    endloop
  endfacet
  facet normal 0 1 0
    outer loop
      vertex 7.5 -8.4 46.5
      vertex 11.4244 -8.4 39.4944
      vertex 0.0245514 -8.4 38.0016
    endloop
  endfacet
  facet normal -0 1 0
    outer loop
      vertex -6.12728 -8.4 40.1013
      vertex -0.760951 -8.4 47.0083
      vertex -5.98681 -8.4 39.9991
    endloop
  endfacet
  facet normal -0 1 0
    outer loop
      vertex -5.98681 -8.4 39.9991
      vertex -0.760951 -8.4 47.0083
      vertex -5.80276 -8.4 39.8653
    endloop
  endfacet
  facet normal -0 1 0
    outer loop
      vertex -5.80276 -8.4 39.8653
      vertex -0.760951 -8.4 47.0083
      vertex -5.23311 -8.4 39.4876
    endloop
  endfacet
  facet normal -0 1 0
    outer loop
      vertex -5.11373 -8.4 39.4157
      vertex -0.625 -8.4 46.9175
      vertex -4.93136 -8.4 39.3059
    endloop
  endfacet
  facet normal 0 1 0
    outer loop
      vertex -5.11373 -8.4 39.4157
      vertex -4.93136 -8.4 39.3059
      vertex -5 -8.4 39.3397
    endloop
  endfacet
  facet normal 0 1 0
    outer loop
      vertex -0.625 -8.4 46.9175
      vertex -5.23311 -8.4 39.4876
      vertex -0.760951 -8.4 47.0083
    endloop
  endfacet
  facet normal 0 1 0
    outer loop
      vertex -4.93136 -8.4 39.3059
      vertex -4.3675 -8.4 39.0127
      vertex -4.80989 -8.4 39.2327
    endloop
  endfacet
  facet normal -0 1 0
    outer loop
      vertex -5.23311 -8.4 39.4876
      vertex -0.625 -8.4 46.9175
      vertex -5.11373 -8.4 39.4157
    endloop
  endfacet
  facet normal -0 1 0
    outer loop
      vertex -3.69671 -8.4 38.717
      vertex -0.478354 -8.4 46.8451
      vertex -3.28317 -8.4 38.5543
    endloop
  endfacet
  facet normal 0 1 0
    outer loop
      vertex -4.0584 -8.4 38.8754
      vertex -3.69671 -8.4 38.717
      vertex -3.82683 -8.4 38.7612
    endloop
  endfacet
  facet normal -0 1 0
    outer loop
      vertex -4.93136 -8.4 39.3059
      vertex -0.625 -8.4 46.9175
      vertex -4.3675 -8.4 39.0127
    endloop
  endfacet
  facet normal -0 1 0
    outer loop
      vertex -4.3675 -8.4 39.0127
      vertex -0.478354 -8.4 46.8451
      vertex -4.0584 -8.4 38.8754
    endloop
  endfacet
  facet normal -0 1 0
    outer loop
      vertex -4.0584 -8.4 38.8754
      vertex -0.478354 -8.4 46.8451
      vertex -3.69671 -8.4 38.717
    endloop
  endfacet
  facet normal 0 1 0
    outer loop
      vertex -0.478354 -8.4 46.8451
      vertex -4.3675 -8.4 39.0127
      vertex -0.625 -8.4 46.9175
    endloop
  endfacet
  facet normal 0 1 0
    outer loop
      vertex -2.74917 -8.4 38.3954
      vertex -2.35487 -8.4 38.2943
      vertex -2.58819 -8.4 38.3407
    endloop
  endfacet
  facet normal -0 1 0
    outer loop
      vertex -3.28317 -8.4 38.5543
      vertex -0.478354 -8.4 46.8451
      vertex -2.81033 -8.4 38.4111
    endloop
  endfacet
  facet normal 0 1 0
    outer loop
      vertex 0.0245514 -8.4 38.0016
      vertex 11.4244 -8.4 39.4944
      vertex 11.1538 -8.4 38.1337
    endloop
  endfacet
  facet normal 0 1 0
    outer loop
      vertex -0.323524 -8.4 46.7926
      vertex -2.81033 -8.4 38.4111
      vertex -0.478354 -8.4 46.8451
    endloop
  endfacet
  facet normal 0 1 0
    outer loop
      vertex -2.14828 -8.4 38.2414
      vertex -1.41911 -8.4 38.1082
      vertex -1.66482 -8.4 38.1396
    endloop
  endfacet
  facet normal 0 1 0
    outer loop
      vertex -1.41911 -8.4 38.1082
      vertex -1.17393 -8.4 38.0769
      vertex -1.30526 -8.4 38.0856
    endloop
  endfacet
  facet normal -0 1 0
    outer loop
      vertex -2.81033 -8.4 38.4111
      vertex -0.323524 -8.4 46.7926
      vertex -2.74917 -8.4 38.3954
    endloop
  endfacet
  facet normal -0 1 0
    outer loop
      vertex -2.74917 -8.4 38.3954
      vertex -0.323524 -8.4 46.7926
      vertex -2.35487 -8.4 38.2943
    endloop
  endfacet
  facet normal 0 1 -0
    outer loop
      vertex 10.7078 -8.4 36.82
      vertex 0.0245514 -8.4 38.0016
      vertex 11.1538 -8.4 38.1337
    endloop
  endfacet
  facet normal 0 1 -0
    outer loop
      vertex 10.4448 -8.4 36.1013
      vertex 0.0245514 -8.4 38.0016
      vertex 10.7078 -8.4 36.82
    endloop
  endfacet
  facet normal 0 1 0
    outer loop
      vertex 0.0245514 -8.4 38.0016
      vertex 10.4448 -8.4 36.1013
      vertex 9.57126 -8.4 33.8061
    endloop
  endfacet
  facet normal 0 1 0
    outer loop
      vertex -10.8253 -8.4 54.25
      vertex -7.5 -8.4 52.5
      vertex -11.5485 -8.4 52.7835
    endloop
  endfacet
  facet normal 0 1 -0
    outer loop
      vertex -9.5 -8.4 49.5
      vertex -11.5485 -8.4 52.7835
      vertex -7.5 -8.4 52.5
    endloop
  endfacet
  facet normal 0 1 0
    outer loop
      vertex -11.5485 -8.4 52.7835
      vertex -9.5 -8.4 49.5
      vertex -12.0741 -8.4 51.2352
    endloop
  endfacet
  facet normal 0 1 0
    outer loop
      vertex -12.0741 -8.4 51.2352
      vertex -9.5 -8.4 49.5
      vertex -12.3931 -8.4 49.6316
    endloop
  endfacet
  facet normal 0 1 -0
    outer loop
      vertex -10 -8.4 48
      vertex -12.3931 -8.4 49.6316
      vertex -9.5 -8.4 49.5
    endloop
  endfacet
  facet normal 0 1 0
    outer loop
      vertex -12.3931 -8.4 49.6316
      vertex -10 -8.4 48
      vertex -12.5 -8.4 48
    endloop
  endfacet
  facet normal 0 1 0
    outer loop
      vertex -1.63158 -8.4 60.3931
      vertex -0.323524 -8.4 49.2074
      vertex -7.5 -8.4 52.5
    endloop
  endfacet
  facet normal 0 1 -0
    outer loop
      vertex -0.478354 -8.4 49.1549
      vertex -7.5 -8.4 52.5
      vertex -0.323524 -8.4 49.2074
    endloop
  endfacet
  facet normal 0 1 0
    outer loop
      vertex -7.5 -8.4 52.5
      vertex -0.478354 -8.4 49.1549
      vertex -5.5 -8.4 49.5
    endloop
  endfacet
  facet normal 0 1 -0
    outer loop
      vertex -0.625 -8.4 49.0825
      vertex -5.5 -8.4 49.5
      vertex -0.478354 -8.4 49.1549
    endloop
  endfacet
  facet normal 0 1 -0
    outer loop
      vertex -0.760951 -8.4 48.9917
      vertex -5.5 -8.4 49.5
      vertex -0.625 -8.4 49.0825
    endloop
  endfacet
  facet normal 0 1 -0
    outer loop
      vertex -0.883883 -8.4 48.8839
      vertex -5.5 -8.4 49.5
      vertex -0.760951 -8.4 48.9917
    endloop
  endfacet
  facet normal 0 1 -0
    outer loop
      vertex -0.991692 -8.4 48.761
      vertex -5.5 -8.4 49.5
      vertex -0.883883 -8.4 48.8839
    endloop
  endfacet
  facet normal 0 1 -0
    outer loop
      vertex -1.08253 -8.4 48.625
      vertex -5.5 -8.4 49.5
      vertex -0.991692 -8.4 48.761
    endloop
  endfacet
  facet normal 0 1 -0
    outer loop
      vertex -1.15485 -8.4 48.4784
      vertex -5.5 -8.4 49.5
      vertex -1.08253 -8.4 48.625
    endloop
  endfacet
  facet normal 0 1 -0
    outer loop
      vertex -1.20741 -8.4 48.3235
      vertex -5.5 -8.4 49.5
      vertex -1.15485 -8.4 48.4784
    endloop
  endfacet
  facet normal 0 1 -0
    outer loop
      vertex -1.23931 -8.4 48.1632
      vertex -5.5 -8.4 49.5
      vertex -1.20741 -8.4 48.3235
    endloop
  endfacet
  facet normal 0 1 -0
    outer loop
      vertex -1.25 -8.4 48
      vertex -5.5 -8.4 49.5
      vertex -1.23931 -8.4 48.1632
    endloop
  endfacet
  facet normal 0 1 0
    outer loop
      vertex -1.23931 -8.4 47.8368
      vertex -5.5 -8.4 49.5
      vertex -1.25 -8.4 48
    endloop
  endfacet
  facet normal 0 1 0
    outer loop
      vertex -1.20741 -8.4 47.6765
      vertex -5.5 -8.4 49.5
      vertex -1.23931 -8.4 47.8368
    endloop
  endfacet
  facet normal 0 1 0
    outer loop
      vertex -1.15485 -8.4 47.5216
      vertex -5.5 -8.4 49.5
      vertex -1.20741 -8.4 47.6765
    endloop
  endfacet
  facet normal 0 1 0
    outer loop
      vertex -7.5 -8.4 46.5
      vertex -1.15485 -8.4 47.5216
      vertex -1.08253 -8.4 47.375
    endloop
  endfacet
  facet normal 0 1 0
    outer loop
      vertex -7.5 -8.4 46.5
      vertex -1.08253 -8.4 47.375
      vertex -0.991692 -8.4 47.239
    endloop
  endfacet
  facet normal 0 1 0
    outer loop
      vertex -7.5 -8.4 46.5
      vertex -0.991692 -8.4 47.239
      vertex -0.883883 -8.4 47.1161
    endloop
  endfacet
  facet normal 0 1 0
    outer loop
      vertex -7.5 -8.4 46.5
      vertex -0.883883 -8.4 47.1161
      vertex -0.760951 -8.4 47.0083
    endloop
  endfacet
  facet normal 0 1 0
    outer loop
      vertex -0.163157 -8.4 46.7607
      vertex -2.14828 -8.4 38.2414
      vertex -0.323524 -8.4 46.7926
    endloop
  endfacet
  facet normal 0 1 0
    outer loop
      vertex -1.15485 -8.4 47.5216
      vertex -7.5 -8.4 46.5
      vertex -5.5 -8.4 49.5
    endloop
  endfacet
  facet normal -0 1 0
    outer loop
      vertex -2.14828 -8.4 38.2414
      vertex -0.163157 -8.4 46.7607
      vertex -1.41911 -8.4 38.1082
    endloop
  endfacet
  facet normal -0 1 0
    outer loop
      vertex -1.41911 -8.4 38.1082
      vertex -0.163157 -8.4 46.7607
      vertex -1.17393 -8.4 38.0769
    endloop
  endfacet
  facet normal -0 1 0
    outer loop
      vertex -1.17393 -8.4 38.0769
      vertex -0.163157 -8.4 46.7607
      vertex -0.493664 -8.4 38.0199
    endloop
  endfacet
  facet normal 0 1 0
    outer loop
      vertex -0.493664 -8.4 38.0199
      vertex -0.163157 -8.4 46.7607
      vertex 0 -8.4 46.75
    endloop
  endfacet
  facet normal 0 1 0
    outer loop
      vertex 0.163157 -8.4 46.7607
      vertex -0.493664 -8.4 38.0199
      vertex 0 -8.4 46.75
    endloop
  endfacet
  facet normal 0.248642 0 0.968595
    outer loop
      vertex -2.81033 15.1 38.4111
      vertex -2.74917 -8.4 38.3954
      vertex -2.74917 15.1 38.3954
    endloop
  endfacet
  facet normal 0.248642 0 0.968595
    outer loop
      vertex -2.74917 -8.4 38.3954
      vertex -2.81033 15.1 38.4111
      vertex -2.81033 -8.4 38.4111
    endloop
  endfacet
  facet normal 0.247437 0 0.968904
    outer loop
      vertex -2.28282 15.1 38.2759
      vertex -2.35487 15.1 38.2943
      vertex -2.28282 15.09 38.2759
    endloop
  endfacet
  facet normal 0.248393 0 0.968659
    outer loop
      vertex -2.28282 15.09 38.2759
      vertex -2.14828 -8.4 38.2414
      vertex -2.14828 15.09 38.2414
    endloop
  endfacet
  facet normal 0.247437 -0 0.968904
    outer loop
      vertex -2.35487 -8.4 38.2943
      vertex -2.28282 15.09 38.2759
      vertex -2.35487 15.1 38.2943
    endloop
  endfacet
  facet normal 0.248059 -2.03399e-06 0.968745
    outer loop
      vertex -2.28282 15.09 38.2759
      vertex -2.35487 -8.4 38.2943
      vertex -2.14828 -8.4 38.2414
    endloop
  endfacet
  facet normal 0.28985 0 0.957072
    outer loop
      vertex -3.28317 15.1 38.5543
      vertex -2.81033 -8.4 38.4111
      vertex -2.81033 15.1 38.4111
    endloop
  endfacet
  facet normal 0.28985 0 0.957072
    outer loop
      vertex -2.81033 -8.4 38.4111
      vertex -3.28317 15.1 38.5543
      vertex -3.28317 -8.4 38.5543
    endloop
  endfacet
  facet normal 0.206047 0 0.978542
    outer loop
      vertex -2.14828 15.09 38.2414
      vertex -1.66482 -8.4 38.1396
      vertex -1.66482 15.09 38.1396
    endloop
  endfacet
  facet normal 0.206047 0 0.978542
    outer loop
      vertex -1.66482 -8.4 38.1396
      vertex -2.14828 15.09 38.2414
      vertex -2.14828 -8.4 38.2414
    endloop
  endfacet
  facet normal 0.445278 0 0.895393
    outer loop
      vertex -4.80989 15.1 39.2327
      vertex -4.3675 -8.4 39.0127
      vertex -4.3675 15.1 39.0127
    endloop
  endfacet
  facet normal 0.445278 0 0.895393
    outer loop
      vertex -4.3675 -8.4 39.0127
      vertex -4.80989 15.1 39.2327
      vertex -4.80989 -8.4 39.2327
    endloop
  endfacet
  facet normal 0.366116 0 0.930569
    outer loop
      vertex -3.69671 15.1 38.717
      vertex -3.28317 -8.4 38.5543
      vertex -3.28317 15.1 38.5543
    endloop
  endfacet
  facet normal 0.366116 0 0.930569
    outer loop
      vertex -3.28317 -8.4 38.5543
      vertex -3.69671 15.1 38.717
      vertex -3.69671 -8.4 38.717
    endloop
  endfacet
  facet normal 0.405946 0 0.913897
    outer loop
      vertex -4.3675 15.1 39.0127
      vertex -4.0584 -8.4 38.8754
      vertex -4.0584 15.1 38.8754
    endloop
  endfacet
  facet normal 0.405946 0 0.913897
    outer loop
      vertex -4.0584 -8.4 38.8754
      vertex -4.3675 15.1 39.0127
      vertex -4.3675 -8.4 39.0127
    endloop
  endfacet
  facet normal 0.51593 0 0.856631
    outer loop
      vertex -5.23311 15.1 39.4876
      vertex -5.11373 -8.4 39.4157
      vertex -5.11373 15.1 39.4157
    endloop
  endfacet
  facet normal 0.51593 0 0.856631
    outer loop
      vertex -5.11373 -8.4 39.4157
      vertex -5.23311 15.1 39.4876
      vertex -5.23311 -8.4 39.4876
    endloop
  endfacet
  facet normal 0.516144 0 0.856502
    outer loop
      vertex -4.93136 15.1 39.3059
      vertex -4.80989 -8.4 39.2327
      vertex -4.80989 15.1 39.2327
    endloop
  endfacet
  facet normal 0.516144 0 0.856502
    outer loop
      vertex -4.80989 -8.4 39.2327
      vertex -4.93136 15.1 39.3059
      vertex -4.93136 -8.4 39.3059
    endloop
  endfacet
  facet normal 0.587492 0 0.80923
    outer loop
      vertex -6.20235 15.1 40.1558
      vertex -6.12728 -8.4 40.1013
      vertex -6.12728 15.1 40.1013
    endloop
  endfacet
  facet normal 0.587492 0 0.80923
    outer loop
      vertex -6.12728 -8.4 40.1013
      vertex -6.20235 15.1 40.1558
      vertex -6.20235 -8.4 40.1558
    endloop
  endfacet
  facet normal 0.588015 0 0.80885
    outer loop
      vertex -5.98681 15.1 39.9991
      vertex -5.80276 -8.4 39.8653
      vertex -5.80276 15.1 39.8653
    endloop
  endfacet
  facet normal 0.588015 0 0.80885
    outer loop
      vertex -5.80276 -8.4 39.8653
      vertex -5.98681 15.1 39.9991
      vertex -5.98681 -8.4 39.9991
    endloop
  endfacet
  facet normal 0.552605 0 0.833443
    outer loop
      vertex -5.80276 15.1 39.8653
      vertex -5.23311 -8.4 39.4876
      vertex -5.23311 15.1 39.4876
    endloop
  endfacet
  facet normal 0.552605 0 0.833443
    outer loop
      vertex -5.23311 -8.4 39.4876
      vertex -5.80276 15.1 39.8653
      vertex -5.80276 -8.4 39.8653
    endloop
  endfacet
  facet normal 0.714598 -0 0.699535
    outer loop
      vertex -7.42171 -8.4 41.2979
      vertex -7.1621 15.1 41.0327
      vertex -7.42171 15.1 41.2979
    endloop
  endfacet
  facet normal 0.714598 0 0.699535
    outer loop
      vertex -7.1621 15.1 41.0327
      vertex -7.42171 -8.4 41.2979
      vertex -7.1621 -8.4 41.0327
    endloop
  endfacet
  facet normal 0.683539 0 0.729914
    outer loop
      vertex -6.88243 15.1 40.7635
      vertex -6.57724 -8.4 40.4777
      vertex -6.57724 15.1 40.4777
    endloop
  endfacet
  facet normal 0.683539 0 0.729914
    outer loop
      vertex -6.57724 -8.4 40.4777
      vertex -6.88243 15.1 40.7635
      vertex -6.88243 -8.4 40.7635
    endloop
  endfacet
  facet normal 0.651451 0 0.758691
    outer loop
      vertex -6.57724 15.1 40.4777
      vertex -6.20235 -8.4 40.1558
      vertex -6.20235 15.1 40.1558
    endloop
  endfacet
  facet normal 0.651451 0 0.758691
    outer loop
      vertex -6.20235 -8.4 40.1558
      vertex -6.57724 15.1 40.4777
      vertex -6.57724 -8.4 40.4777
    endloop
  endfacet
  facet normal 0.768566 -0 0.63977
    outer loop
      vertex -7.73778 -8.4 41.6776
      vertex -7.42171 15.1 41.2979
      vertex -7.73778 15.1 41.6776
    endloop
  endfacet
  facet normal 0.768566 0 0.63977
    outer loop
      vertex -7.42171 15.1 41.2979
      vertex -7.73778 -8.4 41.6776
      vertex -7.42171 -8.4 41.2979
    endloop
  endfacet
  facet normal 0.795554 -0 0.605883
    outer loop
      vertex -8.15187 -8.4 42.2214
      vertex -8.05492 15.1 42.0941
      vertex -8.15187 15.1 42.2214
    endloop
  endfacet
  facet normal 0.795554 0 0.605883
    outer loop
      vertex -8.05492 15.1 42.0941
      vertex -8.15187 -8.4 42.2214
      vertex -8.05492 -8.4 42.0941
    endloop
  endfacet
  facet normal 0.795673 -0 0.605726
    outer loop
      vertex -7.80462 -8.4 41.7654
      vertex -7.73778 15.1 41.6776
      vertex -7.80462 15.1 41.7654
    endloop
  endfacet
  facet normal 0.795673 0 0.605726
    outer loop
      vertex -7.73778 15.1 41.6776
      vertex -7.80462 -8.4 41.7654
      vertex -7.73778 -8.4 41.6776
    endloop
  endfacet
  facet normal 0.821016 -0 0.570906
    outer loop
      vertex -8.43391 -8.4 42.627
      vertex -8.15187 15.1 42.2214
      vertex -8.43391 15.1 42.627
    endloop
  endfacet
  facet normal 0.821016 0 0.570906
    outer loop
      vertex -8.15187 15.1 42.2214
      vertex -8.43391 -8.4 42.627
      vertex -8.15187 -8.4 42.2214
    endloop
  endfacet
  facet normal 0.904642 -0 0.426173
    outer loop
      vertex -9.21072 -8.4 44.1061
      vertex -9.00014 15.1 43.6591
      vertex -9.21072 15.1 44.1061
    endloop
  endfacet
  facet normal 0.904642 0 0.426173
    outer loop
      vertex -9.00014 15.1 43.6591
      vertex -9.21072 -8.4 44.1061
      vertex -9.00014 -8.4 43.6591
    endloop
  endfacet
  facet normal 0.885331 -0 0.464961
    outer loop
      vertex -9.00014 -8.4 43.6591
      vertex -8.75698 15.1 43.1961
      vertex -9.00014 15.1 43.6591
    endloop
  endfacet
  facet normal 0.885331 0 0.464961
    outer loop
      vertex -8.75698 15.1 43.1961
      vertex -9.00014 -8.4 43.6591
      vertex -8.75698 -8.4 43.1961
    endloop
  endfacet
  facet normal 0.864396 -0 0.502812
    outer loop
      vertex -8.588 -8.4 42.8919
      vertex -8.43391 15.1 42.627
      vertex -8.588 15.1 42.8919
    endloop
  endfacet
  facet normal 0.864396 0 0.502812
    outer loop
      vertex -8.43391 15.1 42.627
      vertex -8.588 -8.4 42.8919
      vertex -8.43391 -8.4 42.627
    endloop
  endfacet
  facet normal 0.962951 -0 0.269678
    outer loop
      vertex -9.73045 -8.4 45.6938
      vertex -9.67836 15.1 45.5078
      vertex -9.73045 15.1 45.6938
    endloop
  endfacet
  facet normal 0.962951 0 0.269678
    outer loop
      vertex -9.67836 15.1 45.5078
      vertex -9.73045 -8.4 45.6938
      vertex -9.67836 -8.4 45.5078
    endloop
  endfacet
  facet normal 0.962876 -0 0.269944
    outer loop
      vertex -9.61477 -8.4 45.2807
      vertex -9.59722 15.1 45.2181
      vertex -9.61477 15.1 45.2807
    endloop
  endfacet
  facet normal 0.962876 0 0.269944
    outer loop
      vertex -9.59722 15.1 45.2181
      vertex -9.61477 -8.4 45.2807
      vertex -9.59722 -8.4 45.2181
    endloop
  endfacet
  facet normal 0.950387 -0 0.31107
    outer loop
      vertex -9.59722 -8.4 45.2181
      vertex -9.3846 15.1 44.5685
      vertex -9.59722 15.1 45.2181
    endloop
  endfacet
  facet normal 0.950387 0 0.31107
    outer loop
      vertex -9.3846 15.1 44.5685
      vertex -9.59722 -8.4 45.2181
      vertex -9.3846 -8.4 44.5685
    endloop
  endfacet
  facet normal 0.936006 -0 0.351983
    outer loop
      vertex -9.3846 -8.4 44.5685
      vertex -9.26528 15.1 44.2512
      vertex -9.3846 15.1 44.5685
    endloop
  endfacet
  facet normal 0.936006 0 0.351983
    outer loop
      vertex -9.26528 15.1 44.2512
      vertex -9.3846 -8.4 44.5685
      vertex -9.26528 -8.4 44.2512
    endloop
  endfacet
  facet normal 0.935914 -0 0.352228
    outer loop
      vertex -9.22679 -8.4 44.1488
      vertex -9.21072 15.1 44.1061
      vertex -9.22679 15.1 44.1488
    endloop
  endfacet
  facet normal 0.935914 0 0.352228
    outer loop
      vertex -9.21072 15.1 44.1061
      vertex -9.22679 -8.4 44.1488
      vertex -9.21072 -8.4 44.1061
    endloop
  endfacet
  facet normal 0.994409 -0 0.105594
    outer loop
      vertex -9.97859 -8.4 47.346
      vertex -9.92642 15.1 46.8547
      vertex -9.97859 15.1 47.346
    endloop
  endfacet
  facet normal 0.994409 0 0.105594
    outer loop
      vertex -9.92642 15.1 46.8547
      vertex -9.97859 -8.4 47.346
      vertex -9.92642 -8.4 46.8547
    endloop
  endfacet
  facet normal 0.981557 -0 0.191171
    outer loop
      vertex -9.82491 -8.4 46.1788
      vertex -9.73045 15.1 45.6938
      vertex -9.82491 15.1 46.1788
    endloop
  endfacet
  facet normal 0.981557 0 0.191171
    outer loop
      vertex -9.73045 15.1 45.6938
      vertex -9.82491 -8.4 46.1788
      vertex -9.73045 -8.4 45.6938
    endloop
  endfacet
  facet normal 0.988907 -0 0.148538
    outer loop
      vertex -9.86527 -8.4 46.4475
      vertex -9.82491 15.1 46.1788
      vertex -9.86527 15.1 46.4475
    endloop
  endfacet
  facet normal 0.988907 0 0.148538
    outer loop
      vertex -9.82491 15.1 46.1788
      vertex -9.86527 -8.4 46.4475
      vertex -9.82491 -8.4 46.1788
    endloop
  endfacet
  facet normal 0.988977 -0 0.148067
    outer loop
      vertex -9.92642 -8.4 46.8547
      vertex -9.92377 15.1 46.837
      vertex -9.92642 15.1 46.8547
    endloop
  endfacet
  facet normal 0.988977 0 0.148067
    outer loop
      vertex -9.92377 15.1 46.837
      vertex -9.92642 -8.4 46.8547
      vertex -9.92377 -8.4 46.837
    endloop
  endfacet
  facet normal 0.999828 0 -0.0185361
    outer loop
      vertex -9.99067 -8.4 47.8577
      vertex -9.991 15.1 47.8399
      vertex -9.99067 15.1 47.8577
    endloop
  endfacet
  facet normal 0.999828 0 -0.0185361
    outer loop
      vertex -9.991 15.1 47.8399
      vertex -9.99067 -8.4 47.8577
      vertex -9.991 -8.4 47.8399
    endloop
  endfacet
  facet normal 0.999684 -0 0.0251186
    outer loop
      vertex -9.991 -8.4 47.8399
      vertex -9.97859 15.1 47.346
      vertex -9.991 15.1 47.8399
    endloop
  endfacet
  facet normal 0.999684 0 0.0251186
    outer loop
      vertex -9.97859 15.1 47.346
      vertex -9.991 -8.4 47.8399
      vertex -9.97859 -8.4 47.346
    endloop
  endfacet
  facet normal 0.401827 -0.000292146 0.915715
    outer loop
      vertex 10.2542 14.9021 33.5059
      vertex 10.5615 14.4227 33.3709
      vertex 10.4967 14.6263 33.3994
    endloop
  endfacet
  facet normal 0.403456 0.00095355 0.914999
    outer loop
      vertex 10.0723 15.1 33.5859
      vertex 10.5615 14.4227 33.3709
      vertex 10.2542 14.9021 33.5059
    endloop
  endfacet
  facet normal 0.402344 -4.82271e-06 0.915488
    outer loop
      vertex 10.5615 14.4227 33.3709
      vertex 10.0723 15.1 33.5859
      vertex 7.99229 8.5 34.5
    endloop
  endfacet
  facet normal 0.402335 0 0.915493
    outer loop
      vertex 10.5615 14.4227 33.3709
      vertex 7.99229 8.5 34.5
      vertex 10.5615 9.11588 33.3709
    endloop
  endfacet
  facet normal 0.402333 -4.70356e-07 0.915494
    outer loop
      vertex 10.0723 15.1 33.5859
      vertex 2.15209 15.09 37.0666
      vertex 7.99229 8.5 34.5
    endloop
  endfacet
  facet normal 0.402333 -0 0.915494
    outer loop
      vertex 2.15209 15.09 37.0666
      vertex 10.0723 15.1 33.5859
      vertex 2.15209 15.1 37.0666
    endloop
  endfacet
  facet normal 0.402335 0 0.915493
    outer loop
      vertex 7.99229 8.5 34.5
      vertex 10.5615 0.718524 33.3709
      vertex 10.5615 7.88412 33.3709
    endloop
  endfacet
  facet normal 0.402335 0 0.915493
    outer loop
      vertex 10.5615 0.718524 33.3709
      vertex 7.99229 8.5 34.5
      vertex 7.99229 0 34.5
    endloop
  endfacet
  facet normal 0.402335 0 0.915493
    outer loop
      vertex 7.99229 0 34.5
      vertex 10.5615 -7.06376 33.3709
      vertex 10.5615 -0.718524 33.3709
    endloop
  endfacet
  facet normal 0.402343 3.52995e-06 0.915489
    outer loop
      vertex 9.57126 -8.4 33.8061
      vertex 10.5615 -7.06376 33.3709
      vertex 7.99229 0 34.5
    endloop
  endfacet
  facet normal 0.402426 4.97219e-05 0.915453
    outer loop
      vertex 10.5615 -7.06376 33.3709
      vertex 10.2713 -7.62107 33.4985
      vertex 10.4967 -7.32905 33.3994
    endloop
  endfacet
  facet normal 0.402014 0.0003057 0.915633
    outer loop
      vertex 10.5615 -7.06376 33.3709
      vertex 10.0558 -7.87123 33.5932
      vertex 10.2713 -7.62107 33.4985
    endloop
  endfacet
  facet normal 0.401931 0.000367532 0.91567
    outer loop
      vertex 10.5615 -7.06376 33.3709
      vertex 9.57126 -8.4 33.8061
      vertex 10.0558 -7.87123 33.5932
    endloop
  endfacet
  facet normal 0.402336 3.03168e-06 0.915492
    outer loop
      vertex 0.0245514 15.09 38.0016
      vertex 7.99229 8.5 34.5
      vertex 2.15209 15.09 37.0666
    endloop
  endfacet
  facet normal 0.402334 0 0.915493
    outer loop
      vertex 7.99229 8.5 34.5
      vertex 0.0245514 15.09 38.0016
      vertex 7.99229 0 34.5
    endloop
  endfacet
  facet normal 0.402334 0 0.915493
    outer loop
      vertex 7.99229 0 34.5
      vertex 0.0245514 15.09 38.0016
      vertex 0.0245514 -8.4 38.0016
    endloop
  endfacet
  facet normal 0.402333 1.22767e-06 0.915494
    outer loop
      vertex 7.99229 0 34.5
      vertex 0.0245514 -8.4 38.0016
      vertex 9.57126 -8.4 33.8061
    endloop
  endfacet
  facet normal -0 0.843661 0.536875
    outer loop
      vertex -9.17057 0 23.5
      vertex -4.5 -3.5 29
      vertex 0.5 0 23.5
    endloop
  endfacet
  facet normal 0 0.843661 0.536875
    outer loop
      vertex -4.5 -3.5 29
      vertex -9.17057 0 23.5
      vertex -9.9456 -3.5 29
    endloop
  endfacet
  facet normal 0 0.843661 0.536875
    outer loop
      vertex 9.17057 0 23.5
      vertex 5.5 -3.5 29
      vertex 9.9456 -3.5 29
    endloop
  endfacet
  facet normal 0 0.843661 0.536875
    outer loop
      vertex 5.5 -3.5 29
      vertex 9.17057 0 23.5
      vertex 0.5 0 23.5
    endloop
  endfacet
  facet normal 2.26388e-06 0.843662 -0.536875
    outer loop
      vertex 9.9456 -3.5 29
      vertex 7.99229 0 34.5
      vertex 10.5615 -0.718524 33.3709
    endloop
  endfacet
  facet normal 0 0.843661 -0.536875
    outer loop
      vertex 7.99229 0 34.5
      vertex 9.9456 -3.5 29
      vertex 5.5 -3.5 29
    endloop
  endfacet
  facet normal 0 0.843661 -0.536875
    outer loop
      vertex 7.99229 0 34.5
      vertex 5.5 -3.5 29
      vertex 0.5 0 34.5
    endloop
  endfacet
  facet normal 0 0.843661 -0.536875
    outer loop
      vertex -4.5 -3.5 29
      vertex -10.7206 0 34.5
      vertex 0.5 0 34.5
    endloop
  endfacet
  facet normal 0 0.843661 -0.536875
    outer loop
      vertex -10.7206 0 34.5
      vertex -4.5 -3.5 29
      vertex -9.9456 -3.5 29
    endloop
  endfacet
  facet normal 0 -0.843661 -0.536875
    outer loop
      vertex 5.5 3.5 29
      vertex 7.99229 0 34.5
      vertex 0.5 0 34.5
    endloop
  endfacet
  facet normal -0 -0.843661 -0.536875
    outer loop
      vertex 9.9456 3.5 29
      vertex 7.99229 0 34.5
      vertex 5.5 3.5 29
    endloop
  endfacet
  facet normal 2.26388e-06 -0.843662 -0.536875
    outer loop
      vertex 7.99229 0 34.5
      vertex 9.9456 3.5 29
      vertex 10.5615 0.718524 33.3709
    endloop
  endfacet
  facet normal -0 -0.843661 -0.536875
    outer loop
      vertex -4.5 3.5 29
      vertex -10.7206 0 34.5
      vertex -9.9456 3.5 29
    endloop
  endfacet
  facet normal 0 -0.843661 -0.536875
    outer loop
      vertex -10.7206 0 34.5
      vertex -4.5 3.5 29
      vertex 0.5 0 34.5
    endloop
  endfacet
  facet normal 0 -0.843661 0.536875
    outer loop
      vertex -9.17057 0 23.5
      vertex -4.5 3.5 29
      vertex -9.9456 3.5 29
    endloop
  endfacet
  facet normal 0 -0.843661 0.536875
    outer loop
      vertex -4.5 3.5 29
      vertex -9.17057 0 23.5
      vertex 0.5 0 23.5
    endloop
  endfacet
  facet normal 0 -0.843661 0.536875
    outer loop
      vertex 9.17057 0 23.5
      vertex 5.5 3.5 29
      vertex 0.5 0 23.5
    endloop
  endfacet
  facet normal 0 -0.843661 0.536875
    outer loop
      vertex 5.5 3.5 29
      vertex 9.17057 0 23.5
      vertex 9.9456 3.5 29
    endloop
  endfacet
  facet normal -0 0.877896 0.478852
    outer loop
      vertex -9.17057 8.5 23.5
      vertex -4.5 5.5 29
      vertex 0.5 8.5 23.5
    endloop
  endfacet
  facet normal 0 0.877896 0.478852
    outer loop
      vertex -4.5 5.5 29
      vertex -9.17057 8.5 23.5
      vertex -9.9456 5.5 29
    endloop
  endfacet
  facet normal 0 0.877896 0.478852
    outer loop
      vertex 9.17057 8.5 23.5
      vertex 5.5 5.5 29
      vertex 9.9456 5.5 29
    endloop
  endfacet
  facet normal 0 0.877896 0.478852
    outer loop
      vertex 5.5 5.5 29
      vertex 9.17057 8.5 23.5
      vertex 0.5 8.5 23.5
    endloop
  endfacet
  facet normal 2.94468e-06 0.877896 -0.478851
    outer loop
      vertex 9.9456 5.5 29
      vertex 7.99229 8.5 34.5
      vertex 10.5615 7.88412 33.3709
    endloop
  endfacet
  facet normal 0 0.877896 -0.478852
    outer loop
      vertex 7.99229 8.5 34.5
      vertex 9.9456 5.5 29
      vertex 5.5 5.5 29
    endloop
  endfacet
  facet normal 0 0.877896 -0.478852
    outer loop
      vertex 7.99229 8.5 34.5
      vertex 5.5 5.5 29
      vertex 0.5 8.5 34.5
    endloop
  endfacet
  facet normal 0 0.877896 -0.478852
    outer loop
      vertex -4.5 5.5 29
      vertex -10.7206 8.5 34.5
      vertex 0.5 8.5 34.5
    endloop
  endfacet
  facet normal 0 0.877896 -0.478852
    outer loop
      vertex -10.7206 8.5 34.5
      vertex -4.5 5.5 29
      vertex -9.9456 5.5 29
    endloop
  endfacet
  facet normal 0 -0.877896 -0.478852
    outer loop
      vertex 5.5 11.5 29
      vertex 7.99229 8.5 34.5
      vertex 0.5 8.5 34.5
    endloop
  endfacet
  facet normal -0 -0.877896 -0.478852
    outer loop
      vertex 9.9456 11.5 29
      vertex 7.99229 8.5 34.5
      vertex 5.5 11.5 29
    endloop
  endfacet
  facet normal 2.94468e-06 -0.877896 -0.478851
    outer loop
      vertex 7.99229 8.5 34.5
      vertex 9.9456 11.5 29
      vertex 10.5615 9.11588 33.3709
    endloop
  endfacet
  facet normal -0 -0.877896 -0.478852
    outer loop
      vertex -4.5 11.5 29
      vertex -10.7206 8.5 34.5
      vertex -9.9456 11.5 29
    endloop
  endfacet
  facet normal 0 -0.877896 -0.478852
    outer loop
      vertex -10.7206 8.5 34.5
      vertex -4.5 11.5 29
      vertex 0.5 8.5 34.5
    endloop
  endfacet
  facet normal 0 -0.877896 0.478852
    outer loop
      vertex -9.17057 8.5 23.5
      vertex -4.5 11.5 29
      vertex -9.9456 11.5 29
    endloop
  endfacet
  facet normal 0 -0.877896 0.478852
    outer loop
      vertex -4.5 11.5 29
      vertex -9.17057 8.5 23.5
      vertex 0.5 8.5 23.5
    endloop
  endfacet
  facet normal 0 -0.877896 0.478852
    outer loop
      vertex 9.17057 8.5 23.5
      vertex 5.5 11.5 29
      vertex 0.5 8.5 23.5
    endloop
  endfacet
  facet normal 0 -0.877896 0.478852
    outer loop
      vertex 5.5 11.5 29
      vertex 9.17057 8.5 23.5
      vertex 9.9456 11.5 29
    endloop
  endfacet
  facet normal -0 0.789352 0.613941
    outer loop
      vertex -7.4796 4 11.5
      vertex -3.5 0.5 16
      vertex 0.5 4 11.5
    endloop
  endfacet
  facet normal 0 0.789352 0.613941
    outer loop
      vertex -3.5 0.5 16
      vertex -7.4796 4 11.5
      vertex -8.11372 0.5 16
    endloop
  endfacet
  facet normal 0 0.789352 0.613941
    outer loop
      vertex 7.4796 4 11.5
      vertex 4.5 0.5 16
      vertex 8.11372 0.5 16
    endloop
  endfacet
  facet normal 0 0.789352 0.613941
    outer loop
      vertex 4.5 0.5 16
      vertex 7.4796 4 11.5
      vertex 0.5 4 11.5
    endloop
  endfacet
  facet normal 0 0.789352 -0.613941
    outer loop
      vertex -3.5 0.5 16
      vertex -8.74783 4 20.5
      vertex 0.5 4 20.5
    endloop
  endfacet
  facet normal 0 0.789352 -0.613941
    outer loop
      vertex -8.74783 4 20.5
      vertex -3.5 0.5 16
      vertex -8.11372 0.5 16
    endloop
  endfacet
  facet normal 0 0.789352 -0.613941
    outer loop
      vertex 4.5 0.5 16
      vertex 8.74783 4 20.5
      vertex 8.11372 0.5 16
    endloop
  endfacet
  facet normal 0 0.789352 -0.613941
    outer loop
      vertex 8.74783 4 20.5
      vertex 4.5 0.5 16
      vertex 0.5 4 20.5
    endloop
  endfacet
  facet normal -0 -0.789352 -0.613941
    outer loop
      vertex -3.5 7.5 16
      vertex -8.74783 4 20.5
      vertex -8.11372 7.5 16
    endloop
  endfacet
  facet normal 0 -0.789352 -0.613941
    outer loop
      vertex -8.74783 4 20.5
      vertex -3.5 7.5 16
      vertex 0.5 4 20.5
    endloop
  endfacet
  facet normal 0 -0.789352 -0.613941
    outer loop
      vertex 4.5 7.5 16
      vertex 8.74783 4 20.5
      vertex 0.5 4 20.5
    endloop
  endfacet
  facet normal 0 -0.789352 -0.613941
    outer loop
      vertex 8.74783 4 20.5
      vertex 4.5 7.5 16
      vertex 8.11372 7.5 16
    endloop
  endfacet
  facet normal 0 -0.789352 0.613941
    outer loop
      vertex -7.4796 4 11.5
      vertex -3.5 7.5 16
      vertex -8.11372 7.5 16
    endloop
  endfacet
  facet normal 0 -0.789352 0.613941
    outer loop
      vertex -3.5 7.5 16
      vertex -7.4796 4 11.5
      vertex 0.5 4 11.5
    endloop
  endfacet
  facet normal 0 -0.789352 0.613941
    outer loop
      vertex 7.4796 4 11.5
      vertex 4.5 7.5 16
      vertex 0.5 4 11.5
    endloop
  endfacet
  facet normal 0 -0.789352 0.613941
    outer loop
      vertex 4.5 7.5 16
      vertex 7.4796 4 11.5
      vertex 8.11372 7.5 16
    endloop
  endfacet
  facet normal -0.73994 0 0.672673
    outer loop
      vertex 0.5 -8.18548 23.5
      vertex 5.5 -3.5 29
      vertex 0.5 0 23.5
    endloop
  endfacet
  facet normal -0.739945 1.07955e-05 0.672668
    outer loop
      vertex 1.56398 -8.55925 24.6704
      vertex 5.5 -3.5 29
      vertex 0.5 -8.18548 23.5
    endloop
  endfacet
  facet normal -0.739947 1.50383e-05 0.672665
    outer loop
      vertex 2.18769 -8.76336 25.3565
      vertex 5.5 -3.5 29
      vertex 1.56398 -8.55925 24.6704
    endloop
  endfacet
  facet normal -0.739906 -4.2282e-05 0.67271
    outer loop
      vertex 2.84204 -8.94707 26.0762
      vertex 5.5 -3.5 29
      vertex 2.18769 -8.76336 25.3565
    endloop
  endfacet
  facet normal -0.739946 1.30415e-06 0.672666
    outer loop
      vertex 3.5093 -9.10334 26.8102
      vertex 5.5 -3.5 29
      vertex 2.84204 -8.94707 26.0762
    endloop
  endfacet
  facet normal -0.739935 -7.79681e-06 0.672679
    outer loop
      vertex 4.16913 -9.22557 27.536
      vertex 5.5 -3.5 29
      vertex 3.5093 -9.10334 26.8102
    endloop
  endfacet
  facet normal -0.739975 1.26628e-05 0.672635
    outer loop
      vertex 4.7997 -9.30825 28.2297
      vertex 5.5 -3.5 29
      vertex 4.16913 -9.22557 27.536
    endloop
  endfacet
  facet normal -0.739902 -6.54905e-06 0.672714
    outer loop
      vertex 5.37922 -9.34743 28.8671
      vertex 5.5 -3.5 29
      vertex 4.7997 -9.30825 28.2297
    endloop
  endfacet
  facet normal -0.740046 0 0.672556
    outer loop
      vertex 5.5 -3.5 29
      vertex 5.37922 -9.34743 28.8671
      vertex 5.5 -9.34595 29
    endloop
  endfacet
  facet normal -0.73994 0 0.672673
    outer loop
      vertex 0.5 8.5 23.5
      vertex 5.5 3.5 29
      vertex 5.5 5.5 29
    endloop
  endfacet
  facet normal -0.73994 0 0.672673
    outer loop
      vertex 5.5 3.5 29
      vertex 0.5 8.5 23.5
      vertex 0.5 0 23.5
    endloop
  endfacet
  facet normal -0.739902 7.80336e-06 0.672714
    outer loop
      vertex 5.5 11.5 29
      vertex 5.37922 16.4081 28.8671
      vertex 4.7997 16.378 28.2297
    endloop
  endfacet
  facet normal -0.739975 -1.5098e-05 0.672635
    outer loop
      vertex 5.5 11.5 29
      vertex 4.7997 16.378 28.2297
      vertex 4.16913 16.3146 27.536
    endloop
  endfacet
  facet normal -0.739935 9.30524e-06 0.672679
    outer loop
      vertex 5.5 11.5 29
      vertex 4.16913 16.3146 27.536
      vertex 3.5093 16.2207 26.8102
    endloop
  endfacet
  facet normal -0.739946 -1.55868e-06 0.672666
    outer loop
      vertex 5.5 11.5 29
      vertex 3.5093 16.2207 26.8102
      vertex 2.84204 16.1008 26.0762
    endloop
  endfacet
  facet normal -0.739905 5.06123e-05 0.672711
    outer loop
      vertex 5.5 11.5 29
      vertex 2.84204 16.1008 26.0762
      vertex 2.18769 15.9597 25.3565
    endloop
  endfacet
  facet normal -0.739947 -1.80394e-05 0.672665
    outer loop
      vertex 5.5 11.5 29
      vertex 2.18769 15.9597 25.3565
      vertex 1.56398 15.8031 24.6704
    endloop
  endfacet
  facet normal -0.739946 0 0.672666
    outer loop
      vertex 0.5 8.5 23.5
      vertex 1.56398 15.8031 24.6704
      vertex 0.5 15.5161 23.5
    endloop
  endfacet
  facet normal -0.740046 0 0.672556
    outer loop
      vertex 5.37922 16.4081 28.8671
      vertex 5.5 11.5 29
      vertex 5.5 16.407 29
    endloop
  endfacet
  facet normal -0.739939 -2.22047e-06 0.672673
    outer loop
      vertex 1.56398 15.8031 24.6704
      vertex 0.5 8.5 23.5
      vertex 5.5 11.5 29
    endloop
  endfacet
  facet normal 0.73994 0 0.672673
    outer loop
      vertex -4.5 -3.5 29
      vertex 0.5 -8.18548 23.5
      vertex 0.5 0 23.5
    endloop
  endfacet
  facet normal 0.739942 4.63424e-06 0.672671
    outer loop
      vertex -4.5 -3.5 29
      vertex -0.761808 -8.62875 24.888
      vertex 0.5 -8.18548 23.5
    endloop
  endfacet
  facet normal 0.739937 -3.47608e-06 0.672676
    outer loop
      vertex -4.5 -3.5 29
      vertex -1.37336 -8.82845 25.5607
      vertex -0.761808 -8.62875 24.888
    endloop
  endfacet
  facet normal 0.739941 2.01574e-06 0.672672
    outer loop
      vertex -4.5 -3.5 29
      vertex -2.01663 -9.00794 26.2683
      vertex -1.37336 -8.82845 25.5607
    endloop
  endfacet
  facet normal 0.739949 9.53909e-06 0.672663
    outer loop
      vertex -4.5 -3.5 29
      vertex -2.67452 -9.1604 26.992
      vertex -2.01663 -9.00794 26.2683
    endloop
  endfacet
  facet normal 0.739924 -7.84151e-06 0.67269
    outer loop
      vertex -4.5 -3.5 29
      vertex -3.32737 -9.27953 27.7101
      vertex -2.67452 -9.1604 26.992
    endloop
  endfacet
  facet normal 0.739938 -1.64309e-06 0.672675
    outer loop
      vertex -4.5 -3.5 29
      vertex -3.95401 -9.36004 28.3994
      vertex -3.32737 -9.27953 27.7101
    endloop
  endfacet
  facet normal 0.739946 0 0.672666
    outer loop
      vertex -3.95401 -9.36004 28.3994
      vertex -4.5 -3.5 29
      vertex -4.5 -9.39599 29
    endloop
  endfacet
  facet normal 0.73994 -0 0.672673
    outer loop
      vertex -4.5 3.5 29
      vertex 0.5 8.5 23.5
      vertex -4.5 5.5 29
    endloop
  endfacet
  facet normal 0.73994 0 0.672673
    outer loop
      vertex 0.5 8.5 23.5
      vertex -4.5 3.5 29
      vertex 0.5 0 23.5
    endloop
  endfacet
  facet normal 0.739946 -0 0.672666
    outer loop
      vertex -4.5 11.5 29
      vertex -3.95401 16.4178 28.3994
      vertex -4.5 16.4454 29
    endloop
  endfacet
  facet normal 0.739938 1.95988e-06 0.672675
    outer loop
      vertex -3.95401 16.4178 28.3994
      vertex -4.5 11.5 29
      vertex -3.32737 16.356 27.7101
    endloop
  endfacet
  facet normal 0.739924 9.36153e-06 0.67269
    outer loop
      vertex -3.32737 16.356 27.7101
      vertex -4.5 11.5 29
      vertex -2.67452 16.2645 26.992
    endloop
  endfacet
  facet normal 0.739949 -1.14028e-05 0.672663
    outer loop
      vertex -2.67452 16.2645 26.992
      vertex -4.5 11.5 29
      vertex -2.01663 16.1475 26.2683
    endloop
  endfacet
  facet normal 0.739941 -2.41324e-06 0.672671
    outer loop
      vertex -2.01663 16.1475 26.2683
      vertex -4.5 11.5 29
      vertex -1.37336 16.0097 25.5607
    endloop
  endfacet
  facet normal 0.739937 4.16951e-06 0.672676
    outer loop
      vertex -1.37336 16.0097 25.5607
      vertex -4.5 11.5 29
      vertex -0.761808 15.8564 24.888
    endloop
  endfacet
  facet normal 0.73994 -1.14162e-06 0.672673
    outer loop
      vertex 0.5 8.5 23.5
      vertex -0.761808 15.8564 24.888
      vertex -4.5 11.5 29
    endloop
  endfacet
  facet normal 0.739943 0 0.67267
    outer loop
      vertex -0.761808 15.8564 24.888
      vertex 0.5 8.5 23.5
      vertex 0.5 15.5161 23.5
    endloop
  endfacet
  facet normal 0.73994 0 -0.672673
    outer loop
      vertex 0.5 -10.9 34.5
      vertex -4.5 -3.5 29
      vertex 0.5 0 34.5
    endloop
  endfacet
  facet normal 0.739916 0 -0.672699
    outer loop
      vertex -4.5 -3.5 29
      vertex -3.90614 -9.7426 29.6532
      vertex -4.5 -9.39599 29
    endloop
  endfacet
  facet normal 0.739943 5.48652e-06 -0.67267
    outer loop
      vertex -4.5 -3.5 29
      vertex -3.15387 -10.1384 30.4807
      vertex -3.90614 -9.7426 29.6532
    endloop
  endfacet
  facet normal 0.739953 1.03328e-05 -0.672658
    outer loop
      vertex -4.5 -3.5 29
      vertex -2.27599 -10.5589 31.4464
      vertex -3.15387 -10.1384 30.4807
    endloop
  endfacet
  facet normal 0.739941 1.96407e-06 -0.672671
    outer loop
      vertex -4.5 -3.5 29
      vertex 0.5 -10.9 34.5
      vertex -2.27599 -10.5589 31.4464
    endloop
  endfacet
  facet normal 0.739934 -0.000134015 -0.67268
    outer loop
      vertex -2.27599 -10.5589 31.4464
      vertex 0.5 -10.9 34.5
      vertex -1.49831 -10.9 32.3019
    endloop
  endfacet
  facet normal 0.73994 0 -0.672673
    outer loop
      vertex 0.5 8.5 34.5
      vertex -4.5 3.5 29
      vertex -4.5 5.5 29
    endloop
  endfacet
  facet normal 0.73994 0 -0.672673
    outer loop
      vertex -4.5 3.5 29
      vertex 0.5 8.5 34.5
      vertex 0.5 0 34.5
    endloop
  endfacet
  facet normal 0.739934 1.13128e-05 -0.67268
    outer loop
      vertex -4.5 11.5 29
      vertex -1.49831 17.6 32.3019
      vertex 0.5 17.6 34.5
    endloop
  endfacet
  facet normal 0.739964 -2.11078e-05 -0.672647
    outer loop
      vertex -1.49831 17.6 32.3019
      vertex -4.5 11.5 29
      vertex -2.27599 17.3382 31.4464
    endloop
  endfacet
  facet normal 0.739953 -1.23364e-05 -0.672658
    outer loop
      vertex -2.27599 17.3382 31.4464
      vertex -4.5 11.5 29
      vertex -3.15387 17.0153 30.4807
    endloop
  endfacet
  facet normal 0.739942 -6.54425e-06 -0.67267
    outer loop
      vertex -3.15387 17.0153 30.4807
      vertex -4.5 11.5 29
      vertex -3.90614 16.7115 29.6532
    endloop
  endfacet
  facet normal 0.739916 0 -0.672699
    outer loop
      vertex -3.90614 16.7115 29.6532
      vertex -4.5 11.5 29
      vertex -4.5 16.4454 29
    endloop
  endfacet
  facet normal 0.73994 0 -0.672673
    outer loop
      vertex -4.5 11.5 29
      vertex 0.5 17.6 34.5
      vertex 0.5 8.5 34.5
    endloop
  endfacet
  facet normal -0.739831 0 -0.672793
    outer loop
      vertex 5.38278 -9.42585 29.1289
      vertex 5.5 -3.5 29
      vertex 5.5 -9.34595 29
    endloop
  endfacet
  facet normal -0.739967 5.9571e-06 -0.672643
    outer loop
      vertex 4.78828 -9.78216 29.7829
      vertex 5.5 -3.5 29
      vertex 5.38278 -9.42585 29.1289
    endloop
  endfacet
  facet normal -0.73994 -7.98452e-07 -0.672673
    outer loop
      vertex 4.07419 -10.1655 30.5684
      vertex 5.5 -3.5 29
      vertex 4.78828 -9.78216 29.7829
    endloop
  endfacet
  facet normal -0.73994 -1.01373e-06 -0.672673
    outer loop
      vertex 3.23919 -10.5716 31.4869
      vertex 5.5 -3.5 29
      vertex 4.07419 -10.1655 30.5684
    endloop
  endfacet
  facet normal -0.739939 -1.62499e-06 -0.672674
    outer loop
      vertex 0.5 -10.9 34.5
      vertex 5.5 -3.5 29
      vertex 3.23919 -10.5716 31.4869
    endloop
  endfacet
  facet normal -0.739934 -9.66842e-05 -0.67268
    outer loop
      vertex 0.5 -10.9 34.5
      vertex 3.23919 -10.5716 31.4869
      vertex 2.49831 -10.9 32.3019
    endloop
  endfacet
  facet normal -0.73994 0 -0.672673
    outer loop
      vertex 5.5 -3.5 29
      vertex 0.5 -10.9 34.5
      vertex 0.5 0 34.5
    endloop
  endfacet
  facet normal -0.73994 0 -0.672673
    outer loop
      vertex 5.5 3.5 29
      vertex 0.5 8.5 34.5
      vertex 5.5 5.5 29
    endloop
  endfacet
  facet normal -0.73994 -0 -0.672673
    outer loop
      vertex 0.5 8.5 34.5
      vertex 5.5 3.5 29
      vertex 0.5 0 34.5
    endloop
  endfacet
  facet normal -0.739955 -1.17414e-05 -0.672656
    outer loop
      vertex 5.5 11.5 29
      vertex 2.49831 17.6 32.3019
      vertex 3.23919 17.3479 31.4869
    endloop
  endfacet
  facet normal -0.73994 1.20985e-06 -0.672673
    outer loop
      vertex 5.5 11.5 29
      vertex 3.23919 17.3479 31.4869
      vertex 4.07419 17.0362 30.5684
    endloop
  endfacet
  facet normal -0.73994 9.51979e-07 -0.672673
    outer loop
      vertex 5.5 11.5 29
      vertex 4.07419 17.0362 30.5684
      vertex 4.78828 16.7419 29.7829
    endloop
  endfacet
  facet normal -0.739967 -7.09806e-06 -0.672643
    outer loop
      vertex 5.5 11.5 29
      vertex 4.78828 16.7419 29.7829
      vertex 5.38278 16.4683 29.1289
    endloop
  endfacet
  facet normal -0.739831 0 -0.672793
    outer loop
      vertex 5.5 11.5 29
      vertex 5.38278 16.4683 29.1289
      vertex 5.5 16.407 29
    endloop
  endfacet
  facet normal -0.739934 1.13128e-05 -0.67268
    outer loop
      vertex 2.49831 17.6 32.3019
      vertex 5.5 11.5 29
      vertex 0.5 17.6 34.5
    endloop
  endfacet
  facet normal -0.73994 -0 -0.672673
    outer loop
      vertex 0.5 17.6 34.5
      vertex 5.5 11.5 29
      vertex 0.5 8.5 34.5
    endloop
  endfacet
  facet normal -0.747409 0 0.664364
    outer loop
      vertex 0.5 -4.35323 11.5
      vertex 4.5 0.5 16
      vertex 0.5 4 11.5
    endloop
  endfacet
  facet normal -0.747408 -2.89016e-06 0.664366
    outer loop
      vertex 3.05806 -5.27227 14.3778
      vertex 4.5 0.5 16
      vertex 0.5 -4.35323 11.5
    endloop
  endfacet
  facet normal -0.747448 1.99177e-05 0.66432
    outer loop
      vertex 3.40966 -5.39011 14.7734
      vertex 4.5 0.5 16
      vertex 3.05806 -5.27227 14.3778
    endloop
  endfacet
  facet normal -0.747362 -1.62796e-05 0.664417
    outer loop
      vertex 3.77896 -5.49667 15.1888
      vertex 4.5 0.5 16
      vertex 3.40966 -5.39011 14.7734
    endloop
  endfacet
  facet normal -0.747424 6.30425e-07 0.664348
    outer loop
      vertex 4.15601 -5.58788 15.613
      vertex 4.5 0.5 16
      vertex 3.77896 -5.49667 15.1888
    endloop
  endfacet
  facet normal -0.747419 0 0.664353
    outer loop
      vertex 4.5 0.5 16
      vertex 4.15601 -5.58788 15.613
      vertex 4.5 -5.65423 16
    endloop
  endfacet
  facet normal -0.747424 -6.39254e-07 0.664347
    outer loop
      vertex 4.5 7.5 16
      vertex 4.15601 13.522 15.613
      vertex 3.77896 13.452 15.1888
    endloop
  endfacet
  facet normal -0.747361 1.65273e-05 0.664418
    outer loop
      vertex 4.5 7.5 16
      vertex 3.77896 13.452 15.1888
      vertex 3.40966 13.3702 14.7734
    endloop
  endfacet
  facet normal -0.747449 -2.02567e-05 0.66432
    outer loop
      vertex 4.5 7.5 16
      vertex 3.40966 13.3702 14.7734
      vertex 3.05806 13.2797 14.3778
    endloop
  endfacet
  facet normal -0.747408 2.943e-06 0.664366
    outer loop
      vertex 4.5 7.5 16
      vertex 3.05806 13.2797 14.3778
      vertex 0.5 12.5742 11.5
    endloop
  endfacet
  facet normal -0.747419 0 0.664353
    outer loop
      vertex 4.15601 13.522 15.613
      vertex 4.5 7.5 16
      vertex 4.5 13.5729 16
    endloop
  endfacet
  facet normal -0.747409 0 0.664364
    outer loop
      vertex 4.5 7.5 16
      vertex 0.5 12.5742 11.5
      vertex 0.5 4 11.5
    endloop
  endfacet
  facet normal 0.747409 0 0.664364
    outer loop
      vertex -3.5 0.5 16
      vertex 0.5 -4.35323 11.5
      vertex 0.5 4 11.5
    endloop
  endfacet
  facet normal 0.747408 -2.96097e-06 0.664366
    outer loop
      vertex -3.5 0.5 16
      vertex -2.53193 -5.44252 14.9109
      vertex 0.5 -4.35323 11.5
    endloop
  endfacet
  facet normal 0.747429 4.9748e-06 0.664341
    outer loop
      vertex -3.5 0.5 16
      vertex -2.88693 -5.56125 15.3103
      vertex -2.53193 -5.44252 14.9109
    endloop
  endfacet
  facet normal 0.747441 7.60491e-06 0.664329
    outer loop
      vertex -3.5 0.5 16
      vertex -3.26076 -5.66845 15.7309
      vertex -2.88693 -5.56125 15.3103
    endloop
  endfacet
  facet normal 0.747354 0 0.664426
    outer loop
      vertex -3.26076 -5.66845 15.7309
      vertex -3.5 0.5 16
      vertex -3.5 -5.72571 16
    endloop
  endfacet
  facet normal 0.747354 -0 0.664426
    outer loop
      vertex -3.5 7.5 16
      vertex -3.26076 13.5839 15.7309
      vertex -3.5 13.6278 16
    endloop
  endfacet
  facet normal 0.747441 -7.72944e-06 0.664328
    outer loop
      vertex -3.26076 13.5839 15.7309
      vertex -3.5 7.5 16
      vertex -2.88693 13.5016 15.3103
    endloop
  endfacet
  facet normal 0.747429 -5.06138e-06 0.664341
    outer loop
      vertex -2.88693 13.5016 15.3103
      vertex -3.5 7.5 16
      vertex -2.53193 13.4104 14.9109
    endloop
  endfacet
  facet normal 0.747408 3.0151e-06 0.664366
    outer loop
      vertex -2.53193 13.4104 14.9109
      vertex -3.5 7.5 16
      vertex 0.5 12.5742 11.5
    endloop
  endfacet
  facet normal 0.747409 0 0.664364
    outer loop
      vertex 0.5 12.5742 11.5
      vertex -3.5 7.5 16
      vertex 0.5 4 11.5
    endloop
  endfacet
  facet normal 0.747409 0 -0.664364
    outer loop
      vertex 0.5 -7.22742 20.5
      vertex -3.5 0.5 16
      vertex 0.5 4 20.5
    endloop
  endfacet
  facet normal 0.747413 0 -0.66436
    outer loop
      vertex -3.5 0.5 16
      vertex -3.18747 -5.86517 16.3516
      vertex -3.5 -5.72571 16
    endloop
  endfacet
  facet normal 0.747415 2.88002e-07 -0.664357
    outer loop
      vertex -3.5 0.5 16
      vertex -2.64268 -6.08851 16.9645
      vertex -3.18747 -5.86517 16.3516
    endloop
  endfacet
  facet normal 0.74738 -1.00132e-05 -0.664396
    outer loop
      vertex -3.5 0.5 16
      vertex -2.04912 -6.31159 17.6322
      vertex -2.64268 -6.08851 16.9645
    endloop
  endfacet
  facet normal 0.747415 6.62916e-06 -0.664357
    outer loop
      vertex -3.5 0.5 16
      vertex 0.5 -7.22742 20.5
      vertex -2.04912 -6.31159 17.6322
    endloop
  endfacet
  facet normal 0.747415 -6.75026e-06 -0.664358
    outer loop
      vertex -3.5 7.5 16
      vertex -2.04912 14.0776 17.6322
      vertex 0.5 14.7806 20.5
    endloop
  endfacet
  facet normal 0.747381 1.01879e-05 -0.664396
    outer loop
      vertex -2.04912 14.0776 17.6322
      vertex -3.5 7.5 16
      vertex -2.64268 13.9063 16.9645
    endloop
  endfacet
  facet normal 0.747415 -2.92718e-07 -0.664357
    outer loop
      vertex -2.64268 13.9063 16.9645
      vertex -3.5 7.5 16
      vertex -3.18747 13.7349 16.3516
    endloop
  endfacet
  facet normal 0.747413 0 -0.66436
    outer loop
      vertex -3.18747 13.7349 16.3516
      vertex -3.5 7.5 16
      vertex -3.5 13.6278 16
    endloop
  endfacet
  facet normal 0.747409 0 -0.664364
    outer loop
      vertex -3.5 7.5 16
      vertex 0.5 14.7806 20.5
      vertex 0.5 4 20.5
    endloop
  endfacet
  facet normal -0.747428 0 -0.664343
    outer loop
      vertex 4.1082 -5.84776 16.4408
      vertex 4.5 0.5 16
      vertex 4.5 -5.65423 16
    endloop
  endfacet
  facet normal -0.747417 -1.49265e-06 -0.664355
    outer loop
      vertex 3.62439 -6.06593 16.9851
      vertex 4.5 0.5 16
      vertex 4.1082 -5.84776 16.4408
    endloop
  endfacet
  facet normal -0.7474 -6.75216e-06 -0.664374
    outer loop
      vertex 3.08411 -6.2888 17.5929
      vertex 4.5 0.5 16
      vertex 3.62439 -6.06593 16.9851
    endloop
  endfacet
  facet normal -0.747384 -1.43321e-05 -0.664392
    outer loop
      vertex 2.49518 -6.5106 18.2554
      vertex 4.5 0.5 16
      vertex 3.08411 -6.2888 17.5929
    endloop
  endfacet
  facet normal -0.747413 4.76421e-06 -0.664359
    outer loop
      vertex 0.5 -7.22742 20.5
      vertex 4.5 0.5 16
      vertex 2.49518 -6.5106 18.2554
    endloop
  endfacet
  facet normal -0.747409 0 -0.664364
    outer loop
      vertex 4.5 0.5 16
      vertex 0.5 -7.22742 20.5
      vertex 0.5 4 20.5
    endloop
  endfacet
  facet normal -0.747384 1.45765e-05 -0.664392
    outer loop
      vertex 4.5 7.5 16
      vertex 2.49518 14.2304 18.2554
      vertex 3.08411 14.0601 17.5929
    endloop
  endfacet
  facet normal -0.7474 6.85494e-06 -0.664374
    outer loop
      vertex 4.5 7.5 16
      vertex 3.08411 14.0601 17.5929
      vertex 3.62439 13.889 16.9851
    endloop
  endfacet
  facet normal -0.747417 1.51355e-06 -0.664355
    outer loop
      vertex 4.5 7.5 16
      vertex 3.62439 13.889 16.9851
      vertex 4.1082 13.7215 16.4408
    endloop
  endfacet
  facet normal -0.747428 0 -0.664343
    outer loop
      vertex 4.5 7.5 16
      vertex 4.1082 13.7215 16.4408
      vertex 4.5 13.5729 16
    endloop
  endfacet
  facet normal -0.747413 -4.85119e-06 -0.664359
    outer loop
      vertex 2.49518 14.2304 18.2554
      vertex 4.5 7.5 16
      vertex 0.5 14.7806 20.5
    endloop
  endfacet
  facet normal -0.747409 -0 -0.664364
    outer loop
      vertex 0.5 14.7806 20.5
      vertex 4.5 7.5 16
      vertex 0.5 4 20.5
    endloop
  endfacet
  facet normal 0.83205 -0 0.5547
    outer loop
      vertex 5.5 15.1 49.5
      vertex 7.5 17.6 46.5
      vertex 5.5 17.6 49.5
    endloop
  endfacet
  facet normal 0.83205 0 0.5547
    outer loop
      vertex 7.5 17.6 46.5
      vertex 5.5 15.1 49.5
      vertex 7.5 15.1 46.5
    endloop
  endfacet
  facet normal 0.83205 -0 0.5547
    outer loop
      vertex 5.5 -10.9 49.5
      vertex 7.5 -8.4 46.5
      vertex 5.5 -8.4 49.5
    endloop
  endfacet
  facet normal 0.83205 0 0.5547
    outer loop
      vertex 7.5 -8.4 46.5
      vertex 5.5 -10.9 49.5
      vertex 7.5 -10.9 46.5
    endloop
  endfacet
  facet normal 0.83205 0 -0.5547
    outer loop
      vertex 7.5 15.1 52.5
      vertex 5.5 17.6 49.5
      vertex 7.5 17.6 52.5
    endloop
  endfacet
  facet normal 0.83205 0 -0.5547
    outer loop
      vertex 5.5 17.6 49.5
      vertex 7.5 15.1 52.5
      vertex 5.5 15.1 49.5
    endloop
  endfacet
  facet normal 0.83205 0 -0.5547
    outer loop
      vertex 7.5 -10.9 52.5
      vertex 5.5 -8.4 49.5
      vertex 7.5 -8.4 52.5
    endloop
  endfacet
  facet normal 0.83205 0 -0.5547
    outer loop
      vertex 5.5 -8.4 49.5
      vertex 7.5 -10.9 52.5
      vertex 5.5 -10.9 49.5
    endloop
  endfacet
  facet normal -0.83205 0 -0.5547
    outer loop
      vertex 9.5 15.1 49.5
      vertex 7.5 17.6 52.5
      vertex 9.5 17.6 49.5
    endloop
  endfacet
  facet normal -0.83205 -0 -0.5547
    outer loop
      vertex 7.5 17.6 52.5
      vertex 9.5 15.1 49.5
      vertex 7.5 15.1 52.5
    endloop
  endfacet
  facet normal -0.83205 0 -0.5547
    outer loop
      vertex 9.5 -10.9 49.5
      vertex 7.5 -8.4 52.5
      vertex 9.5 -8.4 49.5
    endloop
  endfacet
  facet normal -0.83205 -0 -0.5547
    outer loop
      vertex 7.5 -8.4 52.5
      vertex 9.5 -10.9 49.5
      vertex 7.5 -10.9 52.5
    endloop
  endfacet
  facet normal -0.83205 0 0.5547
    outer loop
      vertex 7.5 15.1 46.5
      vertex 9.5 17.6 49.5
      vertex 7.5 17.6 46.5
    endloop
  endfacet
  facet normal -0.83205 0 0.5547
    outer loop
      vertex 9.5 17.6 49.5
      vertex 7.5 15.1 46.5
      vertex 9.5 15.1 49.5
    endloop
  endfacet
  facet normal -0.83205 0 0.5547
    outer loop
      vertex 7.5 -10.9 46.5
      vertex 9.5 -8.4 49.5
      vertex 7.5 -8.4 46.5
    endloop
  endfacet
  facet normal -0.83205 0 0.5547
    outer loop
      vertex 9.5 -8.4 49.5
      vertex 7.5 -10.9 46.5
      vertex 9.5 -10.9 49.5
    endloop
  endfacet
  facet normal 0.83205 -0 0.5547
    outer loop
      vertex -9.5 15.1 49.5
      vertex -7.5 17.6 46.5
      vertex -9.5 17.6 49.5
    endloop
  endfacet
  facet normal 0.83205 0 0.5547
    outer loop
      vertex -7.5 17.6 46.5
      vertex -9.5 15.1 49.5
      vertex -7.5 15.1 46.5
    endloop
  endfacet
  facet normal 0.83205 -0 0.5547
    outer loop
      vertex -9.5 -10.9 49.5
      vertex -7.5 -8.4 46.5
      vertex -9.5 -8.4 49.5
    endloop
  endfacet
  facet normal 0.83205 0 0.5547
    outer loop
      vertex -7.5 -8.4 46.5
      vertex -9.5 -10.9 49.5
      vertex -7.5 -10.9 46.5
    endloop
  endfacet
  facet normal 0.83205 0 -0.5547
    outer loop
      vertex -7.5 15.1 52.5
      vertex -9.5 17.6 49.5
      vertex -7.5 17.6 52.5
    endloop
  endfacet
  facet normal 0.83205 0 -0.5547
    outer loop
      vertex -9.5 17.6 49.5
      vertex -7.5 15.1 52.5
      vertex -9.5 15.1 49.5
    endloop
  endfacet
  facet normal 0.83205 0 -0.5547
    outer loop
      vertex -7.5 -10.9 52.5
      vertex -9.5 -8.4 49.5
      vertex -7.5 -8.4 52.5
    endloop
  endfacet
  facet normal 0.83205 0 -0.5547
    outer loop
      vertex -9.5 -8.4 49.5
      vertex -7.5 -10.9 52.5
      vertex -9.5 -10.9 49.5
    endloop
  endfacet
  facet normal -0.83205 0 -0.5547
    outer loop
      vertex -5.5 15.1 49.5
      vertex -7.5 17.6 52.5
      vertex -5.5 17.6 49.5
    endloop
  endfacet
  facet normal -0.83205 -0 -0.5547
    outer loop
      vertex -7.5 17.6 52.5
      vertex -5.5 15.1 49.5
      vertex -7.5 15.1 52.5
    endloop
  endfacet
  facet normal -0.83205 0 -0.5547
    outer loop
      vertex -5.5 -10.9 49.5
      vertex -7.5 -8.4 52.5
      vertex -5.5 -8.4 49.5
    endloop
  endfacet
  facet normal -0.83205 -0 -0.5547
    outer loop
      vertex -7.5 -8.4 52.5
      vertex -5.5 -10.9 49.5
      vertex -7.5 -10.9 52.5
    endloop
  endfacet
  facet normal -0.83205 0 0.5547
    outer loop
      vertex -7.5 15.1 46.5
      vertex -5.5 17.6 49.5
      vertex -7.5 17.6 46.5
    endloop
  endfacet
  facet normal -0.83205 0 0.5547
    outer loop
      vertex -5.5 17.6 49.5
      vertex -7.5 15.1 46.5
      vertex -5.5 15.1 49.5
    endloop
  endfacet
  facet normal -0.83205 0 0.5547
    outer loop
      vertex -7.5 -10.9 46.5
      vertex -5.5 -8.4 49.5
      vertex -7.5 -8.4 46.5
    endloop
  endfacet
  facet normal -0.83205 0 0.5547
    outer loop
      vertex -5.5 -8.4 49.5
      vertex -7.5 -10.9 46.5
      vertex -5.5 -10.9 49.5
    endloop
  endfacet
  facet normal 0.0654066 0 0.997859
    outer loop
      vertex -0.234946 16.5 35.7154
      vertex 0 15.51 35.7
      vertex 0 16.5 35.7
    endloop
  endfacet
  facet normal 0.0654066 0 0.997859
    outer loop
      vertex 0 15.51 35.7
      vertex -0.234946 16.5 35.7154
      vertex -0.234946 15.51 35.7154
    endloop
  endfacet
  facet normal 0.0655272 0 -0.997851
    outer loop
      vertex -0.365473 15.51 50.776
      vertex 0 16.5 50.8
      vertex 0 15.51 50.8
    endloop
  endfacet
  facet normal 0.0655272 0 -0.997851
    outer loop
      vertex 0 16.5 50.8
      vertex -0.365473 15.51 50.776
      vertex -0.365473 16.5 50.776
    endloop
  endfacet
  facet normal 0.946924 0 -0.321457
    outer loop
      vertex -2.58686 15.51 49.0715
      vertex -2.70459 16.5 48.7247
      vertex -2.58686 16.5 49.0715
    endloop
  endfacet
  facet normal 0.946924 0 -0.321457
    outer loop
      vertex -2.70459 16.5 48.7247
      vertex -2.58686 15.51 49.0715
      vertex -2.70459 15.51 48.7247
    endloop
  endfacet
  facet normal 0.659244 0 0.751929
    outer loop
      vertex -1.27279 16.5 36.2272
      vertex -1.09577 15.51 36.072
      vertex -1.09577 16.5 36.072
    endloop
  endfacet
  facet normal 0.659244 0 0.751929
    outer loop
      vertex -1.09577 15.51 36.072
      vertex -1.27279 16.5 36.2272
      vertex -1.27279 15.51 36.2272
    endloop
  endfacet
  facet normal -0.980785 0 -0.195092
    outer loop
      vertex 2.77604 15.51 48.3655
      vertex 2.70459 16.5 48.7247
      vertex 2.77604 16.5 48.3655
    endloop
  endfacet
  facet normal -0.980785 -0 -0.195092
    outer loop
      vertex 2.70459 16.5 48.7247
      vertex 2.77604 15.51 48.3655
      vertex 2.70459 15.51 48.7247
    endloop
  endfacet
  facet normal 0.4425 0 0.896768
    outer loop
      vertex -0.9 16.5 35.9412
      vertex -0.688829 15.51 35.837
      vertex -0.688829 16.5 35.837
    endloop
  endfacet
  facet normal 0.4425 0 0.896768
    outer loop
      vertex -0.688829 15.51 35.837
      vertex -0.9 16.5 35.9412
      vertex -0.9 15.51 35.9412
    endloop
  endfacet
  facet normal 0.831445 0 -0.555607
    outer loop
      vertex -2.22139 15.51 49.7045
      vertex -2.42487 16.5 49.4
      vertex -2.22139 16.5 49.7045
    endloop
  endfacet
  facet normal 0.831445 0 -0.555607
    outer loop
      vertex -2.42487 16.5 49.4
      vertex -2.22139 15.51 49.7045
      vertex -2.42487 15.51 49.4
    endloop
  endfacet
  facet normal -0.896882 0 -0.442271
    outer loop
      vertex 2.58686 15.51 49.0715
      vertex 2.42487 16.5 49.4
      vertex 2.58686 16.5 49.0715
    endloop
  endfacet
  facet normal -0.896882 -0 -0.442271
    outer loop
      vertex 2.42487 16.5 49.4
      vertex 2.58686 15.51 49.0715
      vertex 2.42487 15.51 49.4
    endloop
  endfacet
  facet normal -0.0654066 0 0.997859
    outer loop
      vertex 0 16.5 35.7
      vertex 0.234946 15.51 35.7154
      vertex 0.234946 16.5 35.7154
    endloop
  endfacet
  facet normal -0.0654066 0 0.997859
    outer loop
      vertex 0.234946 15.51 35.7154
      vertex 0 16.5 35.7
      vertex 0 15.51 35.7
    endloop
  endfacet
  facet normal -0.32137 0 -0.946954
    outer loop
      vertex 0.724693 15.51 50.7046
      vertex 1.07151 16.5 50.5869
      vertex 1.07151 15.51 50.5869
    endloop
  endfacet
  facet normal -0.32137 0 -0.946954
    outer loop
      vertex 1.07151 16.5 50.5869
      vertex 0.724693 15.51 50.7046
      vertex 0.724693 16.5 50.7046
    endloop
  endfacet
  facet normal -0.946897 0 0.321537
    outer loop
      vertex 1.66298 15.51 36.8112
      vertex 1.73867 16.5 37.0341
      vertex 1.66298 16.5 36.8112
    endloop
  endfacet
  facet normal -0.946897 0 0.321537
    outer loop
      vertex 1.73867 16.5 37.0341
      vertex 1.66298 15.51 36.8112
      vertex 1.73867 15.51 37.0341
    endloop
  endfacet
  facet normal -0.0655272 0 -0.997851
    outer loop
      vertex 0 15.51 50.8
      vertex 0.365473 16.5 50.776
      vertex 0.365473 15.51 50.776
    endloop
  endfacet
  facet normal -0.0655272 0 -0.997851
    outer loop
      vertex 0.365473 16.5 50.776
      vertex 0 15.51 50.8
      vertex 0 16.5 50.8
    endloop
  endfacet
  facet normal 0.659357 0 -0.75183
    outer loop
      vertex -1.9799 15.51 49.9799
      vertex -1.70453 16.5 50.2214
      vertex -1.70453 15.51 50.2214
    endloop
  endfacet
  facet normal 0.659357 0 -0.75183
    outer loop
      vertex -1.70453 16.5 50.2214
      vertex -1.9799 15.51 49.9799
      vertex -1.9799 16.5 49.9799
    endloop
  endfacet
  facet normal 0.896882 0 -0.442271
    outer loop
      vertex -2.42487 15.51 49.4
      vertex -2.58686 16.5 49.0715
      vertex -2.42487 16.5 49.4
    endloop
  endfacet
  facet normal 0.896882 0 -0.442271
    outer loop
      vertex -2.58686 16.5 49.0715
      vertex -2.42487 15.51 49.4
      vertex -2.58686 15.51 49.0715
    endloop
  endfacet
  facet normal 0.997858 0 -0.0654136
    outer loop
      vertex -2.77604 15.51 48.3655
      vertex -2.8 16.5 48
      vertex -2.77604 16.5 48.3655
    endloop
  endfacet
  facet normal 0.997858 0 -0.0654136
    outer loop
      vertex -2.8 16.5 48
      vertex -2.77604 15.51 48.3655
      vertex -2.8 15.51 48
    endloop
  endfacet
  facet normal -0.997858 0 0.0654136
    outer loop
      vertex 2.77604 15.51 47.6345
      vertex 2.8 16.5 48
      vertex 2.77604 16.5 47.6345
    endloop
  endfacet
  facet normal -0.997858 0 0.0654136
    outer loop
      vertex 2.8 16.5 48
      vertex 2.77604 15.51 47.6345
      vertex 2.8 15.51 48
    endloop
  endfacet
  facet normal -0.751879 0 -0.659301
    outer loop
      vertex 2.22139 15.51 49.7045
      vertex 1.9799 16.5 49.9799
      vertex 2.22139 16.5 49.7045
    endloop
  endfacet
  facet normal -0.751879 -0 -0.659301
    outer loop
      vertex 1.9799 16.5 49.9799
      vertex 2.22139 15.51 49.7045
      vertex 1.9799 15.51 49.9799
    endloop
  endfacet
  facet normal 0.555607 0 -0.831445
    outer loop
      vertex -1.70453 15.51 50.2214
      vertex -1.4 16.5 50.4249
      vertex -1.4 15.51 50.4249
    endloop
  endfacet
  facet normal 0.555607 0 -0.831445
    outer loop
      vertex -1.4 16.5 50.4249
      vertex -1.70453 15.51 50.2214
      vertex -1.70453 16.5 50.2214
    endloop
  endfacet
  facet normal -0.751787 0 0.659406
    outer loop
      vertex 1.27279 15.51 36.2272
      vertex 1.42804 16.5 36.4042
      vertex 1.27279 16.5 36.2272
    endloop
  endfacet
  facet normal -0.751787 0 0.659406
    outer loop
      vertex 1.42804 16.5 36.4042
      vertex 1.27279 15.51 36.2272
      vertex 1.42804 15.51 36.4042
    endloop
  endfacet
  facet normal 0 -1 0
    outer loop
      vertex 0 16.5 49
      vertex 0 16.5 50.8
      vertex -0.365473 16.5 50.776
    endloop
  endfacet
  facet normal 0 -1 0
    outer loop
      vertex -0.130526 16.5 48.9914
      vertex -0.365473 16.5 50.776
      vertex -0.724693 16.5 50.7046
    endloop
  endfacet
  facet normal 0 -1 0
    outer loop
      vertex 0 16.5 50.8
      vertex 0 16.5 49
      vertex 0.365473 16.5 50.776
    endloop
  endfacet
  facet normal 0 -1 0
    outer loop
      vertex -0.258819 16.5 48.9659
      vertex -0.724693 16.5 50.7046
      vertex -1.07151 16.5 50.5869
    endloop
  endfacet
  facet normal 0 -1 0
    outer loop
      vertex 0.130526 16.5 48.9914
      vertex 0.365473 16.5 50.776
      vertex 0 16.5 49
    endloop
  endfacet
  facet normal 0 -1 0
    outer loop
      vertex -0.382683 16.5 48.9239
      vertex -1.07151 16.5 50.5869
      vertex -1.4 16.5 50.4249
    endloop
  endfacet
  facet normal 0 -1 -0
    outer loop
      vertex 0.365473 16.5 50.776
      vertex 0.130526 16.5 48.9914
      vertex 0.724693 16.5 50.7046
    endloop
  endfacet
  facet normal 0 -1 0
    outer loop
      vertex -0.5 16.5 48.866
      vertex -1.4 16.5 50.4249
      vertex -1.70453 16.5 50.2214
    endloop
  endfacet
  facet normal 0 -1 0
    outer loop
      vertex 0.258819 16.5 48.9659
      vertex 0.724693 16.5 50.7046
      vertex 0.130526 16.5 48.9914
    endloop
  endfacet
  facet normal 0 -1 0
    outer loop
      vertex -0.608761 16.5 48.7934
      vertex -1.70453 16.5 50.2214
      vertex -1.9799 16.5 49.9799
    endloop
  endfacet
  facet normal 0 -1 -0
    outer loop
      vertex 0.724693 16.5 50.7046
      vertex 0.258819 16.5 48.9659
      vertex 1.07151 16.5 50.5869
    endloop
  endfacet
  facet normal 0 -1 0
    outer loop
      vertex -0.707107 16.5 48.7071
      vertex -1.9799 16.5 49.9799
      vertex -2.22139 16.5 49.7045
    endloop
  endfacet
  facet normal 0 -1 0
    outer loop
      vertex 0.382683 16.5 48.9239
      vertex 1.07151 16.5 50.5869
      vertex 0.258819 16.5 48.9659
    endloop
  endfacet
  facet normal 0 -1 0
    outer loop
      vertex -0.793353 16.5 48.6088
      vertex -2.22139 16.5 49.7045
      vertex -2.42487 16.5 49.4
    endloop
  endfacet
  facet normal 0 -1 -0
    outer loop
      vertex 1.07151 16.5 50.5869
      vertex 0.382683 16.5 48.9239
      vertex 1.4 16.5 50.4249
    endloop
  endfacet
  facet normal 0 -1 0
    outer loop
      vertex -0.866025 16.5 48.5
      vertex -2.42487 16.5 49.4
      vertex -2.58686 16.5 49.0715
    endloop
  endfacet
  facet normal 0 -1 0
    outer loop
      vertex 0.5 16.5 48.866
      vertex 1.4 16.5 50.4249
      vertex 0.382683 16.5 48.9239
    endloop
  endfacet
  facet normal 0 -1 -0
    outer loop
      vertex 1.4 16.5 50.4249
      vertex 0.5 16.5 48.866
      vertex 1.70453 16.5 50.2214
    endloop
  endfacet
  facet normal 0 -1 0
    outer loop
      vertex -0.365473 16.5 50.776
      vertex -0.130526 16.5 48.9914
      vertex 0 16.5 49
    endloop
  endfacet
  facet normal 0 -1 0
    outer loop
      vertex -0.724693 16.5 50.7046
      vertex -0.258819 16.5 48.9659
      vertex -0.130526 16.5 48.9914
    endloop
  endfacet
  facet normal 0 -1 0
    outer loop
      vertex -1.07151 16.5 50.5869
      vertex -0.382683 16.5 48.9239
      vertex -0.258819 16.5 48.9659
    endloop
  endfacet
  facet normal 0 -1 0
    outer loop
      vertex -1.4 16.5 50.4249
      vertex -0.5 16.5 48.866
      vertex -0.382683 16.5 48.9239
    endloop
  endfacet
  facet normal 0 -1 0
    outer loop
      vertex -1.70453 16.5 50.2214
      vertex -0.608761 16.5 48.7934
      vertex -0.5 16.5 48.866
    endloop
  endfacet
  facet normal 0 -1 0
    outer loop
      vertex -0.923879 16.5 48.3827
      vertex -2.58686 16.5 49.0715
      vertex -2.70459 16.5 48.7247
    endloop
  endfacet
  facet normal 0 -1 0
    outer loop
      vertex -1.9799 16.5 49.9799
      vertex -0.707107 16.5 48.7071
      vertex -0.608761 16.5 48.7934
    endloop
  endfacet
  facet normal 0 -1 0
    outer loop
      vertex -2.22139 16.5 49.7045
      vertex -0.793353 16.5 48.6088
      vertex -0.707107 16.5 48.7071
    endloop
  endfacet
  facet normal 0 -1 0
    outer loop
      vertex -2.42487 16.5 49.4
      vertex -0.866025 16.5 48.5
      vertex -0.793353 16.5 48.6088
    endloop
  endfacet
  facet normal 0 -1 0
    outer loop
      vertex -2.58686 16.5 49.0715
      vertex -0.923879 16.5 48.3827
      vertex -0.866025 16.5 48.5
    endloop
  endfacet
  facet normal 0 -1 0
    outer loop
      vertex -0.965925 16.5 48.2588
      vertex -2.70459 16.5 48.7247
      vertex -2.77604 16.5 48.3655
    endloop
  endfacet
  facet normal 0 -1 0
    outer loop
      vertex -2.70459 16.5 48.7247
      vertex -0.965925 16.5 48.2588
      vertex -0.923879 16.5 48.3827
    endloop
  endfacet
  facet normal 0 -1 0
    outer loop
      vertex -2.77604 16.5 48.3655
      vertex -0.991445 16.5 48.1305
      vertex -0.965925 16.5 48.2588
    endloop
  endfacet
  facet normal 0 -1 0
    outer loop
      vertex -2.8 16.5 48
      vertex -0.991445 16.5 48.1305
      vertex -2.77604 16.5 48.3655
    endloop
  endfacet
  facet normal 0 -1 0
    outer loop
      vertex -2.8 16.5 48
      vertex -1 16.5 48
      vertex -0.991445 16.5 48.1305
    endloop
  endfacet
  facet normal 0 -1 0
    outer loop
      vertex -2.8 16.5 48
      vertex -0.991445 16.5 47.8695
      vertex -1 16.5 48
    endloop
  endfacet
  facet normal 0 -1 0
    outer loop
      vertex -2.77604 16.5 47.6345
      vertex -0.991445 16.5 47.8695
      vertex -2.8 16.5 48
    endloop
  endfacet
  facet normal 0 -1 -0
    outer loop
      vertex -0.991445 16.5 47.8695
      vertex -2.77604 16.5 47.6345
      vertex -0.965925 16.5 47.7412
    endloop
  endfacet
  facet normal 0 -1 0
    outer loop
      vertex -2.77604 16.5 47.6345
      vertex -0.923879 16.5 47.6173
      vertex -0.965925 16.5 47.7412
    endloop
  endfacet
  facet normal 0 -1 0
    outer loop
      vertex -2.77604 16.5 47.6345
      vertex -0.866025 16.5 47.5
      vertex -0.923879 16.5 47.6173
    endloop
  endfacet
  facet normal 0 -1 0
    outer loop
      vertex -2.77604 16.5 47.6345
      vertex -0.793353 16.5 47.3912
      vertex -0.866025 16.5 47.5
    endloop
  endfacet
  facet normal 0 -1 0
    outer loop
      vertex -2.77604 16.5 47.6345
      vertex -0.707107 16.5 47.2929
      vertex -0.793353 16.5 47.3912
    endloop
  endfacet
  facet normal 0 -1 0
    outer loop
      vertex -2.77604 16.5 47.6345
      vertex -0.608761 16.5 47.2066
      vertex -0.707107 16.5 47.2929
    endloop
  endfacet
  facet normal 0 -1 0
    outer loop
      vertex -2.77604 16.5 47.6345
      vertex -0.5 16.5 47.134
      vertex -0.608761 16.5 47.2066
    endloop
  endfacet
  facet normal 0 -1 0
    outer loop
      vertex -2.77604 16.5 47.6345
      vertex -0.382683 16.5 47.0761
      vertex -0.5 16.5 47.134
    endloop
  endfacet
  facet normal 0 -1 0
    outer loop
      vertex -1.7846 16.5 37.2651
      vertex -0.382683 16.5 47.0761
      vertex -2.77604 16.5 47.6345
    endloop
  endfacet
  facet normal 0 -1 -0
    outer loop
      vertex -0.130526 16.5 47.0086
      vertex -1.7846 16.5 37.2651
      vertex 0 16.5 47
    endloop
  endfacet
  facet normal 0 -1 -0
    outer loop
      vertex -0.258819 16.5 47.0341
      vertex -1.7846 16.5 37.2651
      vertex -0.130526 16.5 47.0086
    endloop
  endfacet
  facet normal 0 -1 -0
    outer loop
      vertex -0.382683 16.5 47.0761
      vertex -1.7846 16.5 37.2651
      vertex -0.258819 16.5 47.0341
    endloop
  endfacet
  facet normal 0 -1 0
    outer loop
      vertex 0.608761 16.5 48.7934
      vertex 1.70453 16.5 50.2214
      vertex 0.5 16.5 48.866
    endloop
  endfacet
  facet normal 0 -1 -0
    outer loop
      vertex 1.70453 16.5 50.2214
      vertex 0.608761 16.5 48.7934
      vertex 1.9799 16.5 49.9799
    endloop
  endfacet
  facet normal 0 -1 0
    outer loop
      vertex 0.707107 16.5 48.7071
      vertex 1.9799 16.5 49.9799
      vertex 0.608761 16.5 48.7934
    endloop
  endfacet
  facet normal 0 -1 -0
    outer loop
      vertex 1.9799 16.5 49.9799
      vertex 0.707107 16.5 48.7071
      vertex 2.22139 16.5 49.7045
    endloop
  endfacet
  facet normal 0 -1 0
    outer loop
      vertex 0.793353 16.5 48.6088
      vertex 2.22139 16.5 49.7045
      vertex 0.707107 16.5 48.7071
    endloop
  endfacet
  facet normal 0 -1 -0
    outer loop
      vertex 2.22139 16.5 49.7045
      vertex 0.793353 16.5 48.6088
      vertex 2.42487 16.5 49.4
    endloop
  endfacet
  facet normal 0 -1 0
    outer loop
      vertex 0.866025 16.5 48.5
      vertex 2.42487 16.5 49.4
      vertex 0.793353 16.5 48.6088
    endloop
  endfacet
  facet normal 0 -1 -0
    outer loop
      vertex 2.42487 16.5 49.4
      vertex 0.866025 16.5 48.5
      vertex 2.58686 16.5 49.0715
    endloop
  endfacet
  facet normal 0 -1 0
    outer loop
      vertex 0.923879 16.5 48.3827
      vertex 2.58686 16.5 49.0715
      vertex 0.866025 16.5 48.5
    endloop
  endfacet
  facet normal 0 -1 -0
    outer loop
      vertex 2.58686 16.5 49.0715
      vertex 0.923879 16.5 48.3827
      vertex 2.70459 16.5 48.7247
    endloop
  endfacet
  facet normal 0 -1 0
    outer loop
      vertex 0.965925 16.5 48.2588
      vertex 2.70459 16.5 48.7247
      vertex 0.923879 16.5 48.3827
    endloop
  endfacet
  facet normal 0 -1 -0
    outer loop
      vertex 2.70459 16.5 48.7247
      vertex 0.965925 16.5 48.2588
      vertex 2.77604 16.5 48.3655
    endloop
  endfacet
  facet normal 0 -1 0
    outer loop
      vertex 0.991445 16.5 48.1305
      vertex 2.77604 16.5 48.3655
      vertex 0.965925 16.5 48.2588
    endloop
  endfacet
  facet normal 0 -1 0
    outer loop
      vertex 1 16.5 48
      vertex 2.77604 16.5 48.3655
      vertex 0.991445 16.5 48.1305
    endloop
  endfacet
  facet normal 0 -1 0
    outer loop
      vertex 1 16.5 48
      vertex 2.8 16.5 48
      vertex 2.77604 16.5 48.3655
    endloop
  endfacet
  facet normal 0 -1 0
    outer loop
      vertex 0.991445 16.5 47.8695
      vertex 2.8 16.5 48
      vertex 1 16.5 48
    endloop
  endfacet
  facet normal 0 -1 0
    outer loop
      vertex 2.77604 16.5 47.6345
      vertex 0.991445 16.5 47.8695
      vertex 0.965925 16.5 47.7412
    endloop
  endfacet
  facet normal 0 -1 0
    outer loop
      vertex 0.991445 16.5 47.8695
      vertex 2.77604 16.5 47.6345
      vertex 2.8 16.5 48
    endloop
  endfacet
  facet normal 0 -1 0
    outer loop
      vertex 0.923879 16.5 47.6173
      vertex 2.77604 16.5 47.6345
      vertex 0.965925 16.5 47.7412
    endloop
  endfacet
  facet normal 0 -1 0
    outer loop
      vertex 0.866025 16.5 47.5
      vertex 2.77604 16.5 47.6345
      vertex 0.923879 16.5 47.6173
    endloop
  endfacet
  facet normal 0 -1 0
    outer loop
      vertex 0.793353 16.5 47.3912
      vertex 2.77604 16.5 47.6345
      vertex 0.866025 16.5 47.5
    endloop
  endfacet
  facet normal 0 -1 0
    outer loop
      vertex 0.707107 16.5 47.2929
      vertex 2.77604 16.5 47.6345
      vertex 0.793353 16.5 47.3912
    endloop
  endfacet
  facet normal 0 -1 0
    outer loop
      vertex 0.608761 16.5 47.2066
      vertex 2.77604 16.5 47.6345
      vertex 0.707107 16.5 47.2929
    endloop
  endfacet
  facet normal 0 -1 0
    outer loop
      vertex 0.5 16.5 47.134
      vertex 2.77604 16.5 47.6345
      vertex 0.608761 16.5 47.2066
    endloop
  endfacet
  facet normal 0 -1 0
    outer loop
      vertex 0.382683 16.5 47.0761
      vertex 2.77604 16.5 47.6345
      vertex 0.5 16.5 47.134
    endloop
  endfacet
  facet normal 0 -1 0
    outer loop
      vertex 1.7846 16.5 37.2651
      vertex 0.382683 16.5 47.0761
      vertex 0.258819 16.5 47.0341
    endloop
  endfacet
  facet normal 0 -1 0
    outer loop
      vertex 1.7846 16.5 37.2651
      vertex 0 16.5 47
      vertex -1.7846 16.5 37.2651
    endloop
  endfacet
  facet normal 0 -1 0
    outer loop
      vertex 0 16.5 47
      vertex 1.7846 16.5 37.2651
      vertex 0.130526 16.5 47.0086
    endloop
  endfacet
  facet normal 0 -1 0
    outer loop
      vertex 0.130526 16.5 47.0086
      vertex 1.7846 16.5 37.2651
      vertex 0.258819 16.5 47.0341
    endloop
  endfacet
  facet normal 0 -1 0
    outer loop
      vertex 0.382683 16.5 47.0761
      vertex 1.7846 16.5 37.2651
      vertex 2.77604 16.5 47.6345
    endloop
  endfacet
  facet normal 0 -1 0
    outer loop
      vertex -1.73867 16.5 37.0341
      vertex 1.7846 16.5 37.2651
      vertex -1.7846 16.5 37.2651
    endloop
  endfacet
  facet normal 0 -1 0
    outer loop
      vertex -1.73867 16.5 37.0341
      vertex 1.73867 16.5 37.0341
      vertex 1.7846 16.5 37.2651
    endloop
  endfacet
  facet normal 0 -1 0
    outer loop
      vertex -1.66298 16.5 36.8112
      vertex 1.73867 16.5 37.0341
      vertex -1.73867 16.5 37.0341
    endloop
  endfacet
  facet normal 0 -1 0
    outer loop
      vertex -1.66298 16.5 36.8112
      vertex 1.66298 16.5 36.8112
      vertex 1.73867 16.5 37.0341
    endloop
  endfacet
  facet normal 0 -1 0
    outer loop
      vertex -1.55885 16.5 36.6
      vertex 1.66298 16.5 36.8112
      vertex -1.66298 16.5 36.8112
    endloop
  endfacet
  facet normal 0 -1 0
    outer loop
      vertex -1.55885 16.5 36.6
      vertex 1.55885 16.5 36.6
      vertex 1.66298 16.5 36.8112
    endloop
  endfacet
  facet normal 0 -1 0
    outer loop
      vertex -1.42804 16.5 36.4042
      vertex 1.55885 16.5 36.6
      vertex -1.55885 16.5 36.6
    endloop
  endfacet
  facet normal 0 -1 0
    outer loop
      vertex -1.42804 16.5 36.4042
      vertex 1.42804 16.5 36.4042
      vertex 1.55885 16.5 36.6
    endloop
  endfacet
  facet normal 0 -1 0
    outer loop
      vertex -1.27279 16.5 36.2272
      vertex 1.42804 16.5 36.4042
      vertex -1.42804 16.5 36.4042
    endloop
  endfacet
  facet normal 0 -1 0
    outer loop
      vertex -1.27279 16.5 36.2272
      vertex 1.27279 16.5 36.2272
      vertex 1.42804 16.5 36.4042
    endloop
  endfacet
  facet normal 0 -1 0
    outer loop
      vertex -1.09577 16.5 36.072
      vertex 1.27279 16.5 36.2272
      vertex -1.27279 16.5 36.2272
    endloop
  endfacet
  facet normal 0 -1 0
    outer loop
      vertex -1.09577 16.5 36.072
      vertex 1.09577 16.5 36.072
      vertex 1.27279 16.5 36.2272
    endloop
  endfacet
  facet normal 0 -1 0
    outer loop
      vertex -0.9 16.5 35.9412
      vertex 1.09577 16.5 36.072
      vertex -1.09577 16.5 36.072
    endloop
  endfacet
  facet normal 0 -1 0
    outer loop
      vertex -0.9 16.5 35.9412
      vertex 0.9 16.5 35.9412
      vertex 1.09577 16.5 36.072
    endloop
  endfacet
  facet normal 0 -1 0
    outer loop
      vertex -0.688829 16.5 35.837
      vertex 0.9 16.5 35.9412
      vertex -0.9 16.5 35.9412
    endloop
  endfacet
  facet normal 0 -1 0
    outer loop
      vertex -0.688829 16.5 35.837
      vertex 0.688829 16.5 35.837
      vertex 0.9 16.5 35.9412
    endloop
  endfacet
  facet normal 0 -1 0
    outer loop
      vertex -0.465874 16.5 35.7613
      vertex 0.688829 16.5 35.837
      vertex -0.688829 16.5 35.837
    endloop
  endfacet
  facet normal 0 -1 0
    outer loop
      vertex -0.465874 16.5 35.7613
      vertex 0.465874 16.5 35.7613
      vertex 0.688829 16.5 35.837
    endloop
  endfacet
  facet normal 0 -1 0
    outer loop
      vertex -0.234946 16.5 35.7154
      vertex 0.465874 16.5 35.7613
      vertex -0.465874 16.5 35.7613
    endloop
  endfacet
  facet normal 0 -1 0
    outer loop
      vertex -0.234946 16.5 35.7154
      vertex 0.234946 16.5 35.7154
      vertex 0.465874 16.5 35.7613
    endloop
  endfacet
  facet normal -0 -1 0
    outer loop
      vertex 0.234946 16.5 35.7154
      vertex -0.234946 16.5 35.7154
      vertex 0 16.5 35.7
    endloop
  endfacet
  facet normal 0.19495 0 -0.980813
    outer loop
      vertex -0.724693 15.51 50.7046
      vertex -0.365473 16.5 50.776
      vertex -0.365473 15.51 50.776
    endloop
  endfacet
  facet normal 0.19495 0 -0.980813
    outer loop
      vertex -0.365473 16.5 50.776
      vertex -0.724693 15.51 50.7046
      vertex -0.724693 16.5 50.7046
    endloop
  endfacet
  facet normal 0.19495 0 0.980813
    outer loop
      vertex -0.465874 16.5 35.7613
      vertex -0.234946 15.51 35.7154
      vertex -0.234946 16.5 35.7154
    endloop
  endfacet
  facet normal 0.19495 0 0.980813
    outer loop
      vertex -0.234946 15.51 35.7154
      vertex -0.465874 16.5 35.7613
      vertex -0.465874 15.51 35.7613
    endloop
  endfacet
  facet normal 0.751787 -0 0.659406
    outer loop
      vertex -1.42804 15.51 36.4042
      vertex -1.27279 16.5 36.2272
      vertex -1.42804 16.5 36.4042
    endloop
  endfacet
  facet normal 0.751787 0 0.659406
    outer loop
      vertex -1.27279 16.5 36.2272
      vertex -1.42804 15.51 36.4042
      vertex -1.27279 15.51 36.2272
    endloop
  endfacet
  facet normal 0.980785 0 -0.195092
    outer loop
      vertex -2.70459 15.51 48.7247
      vertex -2.77604 16.5 48.3655
      vertex -2.70459 16.5 48.7247
    endloop
  endfacet
  facet normal 0.980785 0 -0.195092
    outer loop
      vertex -2.77604 16.5 48.3655
      vertex -2.70459 15.51 48.7247
      vertex -2.77604 15.51 48.3655
    endloop
  endfacet
  facet normal 0.321504 0 0.946908
    outer loop
      vertex -0.688829 16.5 35.837
      vertex -0.465874 15.51 35.7613
      vertex -0.465874 16.5 35.7613
    endloop
  endfacet
  facet normal 0.321504 0 0.946908
    outer loop
      vertex -0.465874 15.51 35.7613
      vertex -0.688829 16.5 35.837
      vertex -0.688829 15.51 35.837
    endloop
  endfacet
  facet normal -0.946924 0 -0.321457
    outer loop
      vertex 2.70459 15.51 48.7247
      vertex 2.58686 16.5 49.0715
      vertex 2.70459 16.5 48.7247
    endloop
  endfacet
  facet normal -0.946924 -0 -0.321457
    outer loop
      vertex 2.58686 16.5 49.0715
      vertex 2.70459 15.51 48.7247
      vertex 2.58686 15.51 49.0715
    endloop
  endfacet
  facet normal 0.980801 -0 0.195014
    outer loop
      vertex -1.7846 15.51 37.2651
      vertex -1.73867 16.5 37.0341
      vertex -1.7846 16.5 37.2651
    endloop
  endfacet
  facet normal 0.980801 0 0.195014
    outer loop
      vertex -1.73867 16.5 37.0341
      vertex -1.7846 15.51 37.2651
      vertex -1.73867 15.51 37.0341
    endloop
  endfacet
  facet normal 0.831508 -0 0.555513
    outer loop
      vertex -1.55885 15.51 36.6
      vertex -1.42804 16.5 36.4042
      vertex -1.55885 16.5 36.6
    endloop
  endfacet
  facet normal 0.831508 0 0.555513
    outer loop
      vertex -1.42804 16.5 36.4042
      vertex -1.55885 15.51 36.6
      vertex -1.42804 15.51 36.4042
    endloop
  endfacet
  facet normal 0.555543 0 0.831488
    outer loop
      vertex -1.09577 16.5 36.072
      vertex -0.9 15.51 35.9412
      vertex -0.9 16.5 35.9412
    endloop
  endfacet
  facet normal 0.555543 0 0.831488
    outer loop
      vertex -0.9 15.51 35.9412
      vertex -1.09577 16.5 36.072
      vertex -1.09577 15.51 36.072
    endloop
  endfacet
  facet normal -0.99546 0 0.095178
    outer loop
      vertex 1.7846 15.51 37.2651
      vertex 2.77604 16.5 47.6345
      vertex 1.7846 16.5 37.2651
    endloop
  endfacet
  facet normal -0.99546 0 0.095178
    outer loop
      vertex 2.77604 16.5 47.6345
      vertex 1.7846 15.51 37.2651
      vertex 2.77604 15.51 47.6345
    endloop
  endfacet
  facet normal 0.32137 0 -0.946954
    outer loop
      vertex -1.07151 15.51 50.5869
      vertex -0.724693 16.5 50.7046
      vertex -0.724693 15.51 50.7046
    endloop
  endfacet
  facet normal 0.32137 0 -0.946954
    outer loop
      vertex -0.724693 16.5 50.7046
      vertex -1.07151 15.51 50.5869
      vertex -1.07151 16.5 50.5869
    endloop
  endfacet
  facet normal 0.99546 -0 0.095178
    outer loop
      vertex -2.77604 15.51 47.6345
      vertex -1.7846 16.5 37.2651
      vertex -2.77604 16.5 47.6345
    endloop
  endfacet
  facet normal 0.99546 0 0.095178
    outer loop
      vertex -1.7846 16.5 37.2651
      vertex -2.77604 15.51 47.6345
      vertex -1.7846 15.51 37.2651
    endloop
  endfacet
  facet normal -0.555607 0 -0.831445
    outer loop
      vertex 1.4 15.51 50.4249
      vertex 1.70453 16.5 50.2214
      vertex 1.70453 15.51 50.2214
    endloop
  endfacet
  facet normal -0.555607 0 -0.831445
    outer loop
      vertex 1.70453 16.5 50.2214
      vertex 1.4 15.51 50.4249
      vertex 1.4 16.5 50.4249
    endloop
  endfacet
  facet normal -0.659244 0 0.751929
    outer loop
      vertex 1.09577 16.5 36.072
      vertex 1.27279 15.51 36.2272
      vertex 1.27279 16.5 36.2272
    endloop
  endfacet
  facet normal -0.659244 0 0.751929
    outer loop
      vertex 1.27279 15.51 36.2272
      vertex 1.09577 16.5 36.072
      vertex 1.09577 15.51 36.072
    endloop
  endfacet
  facet normal 0.442303 0 -0.896866
    outer loop
      vertex -1.4 15.51 50.4249
      vertex -1.07151 16.5 50.5869
      vertex -1.07151 15.51 50.5869
    endloop
  endfacet
  facet normal 0.442303 0 -0.896866
    outer loop
      vertex -1.07151 16.5 50.5869
      vertex -1.4 15.51 50.4249
      vertex -1.4 16.5 50.4249
    endloop
  endfacet
  facet normal -0.997858 0 -0.0654136
    outer loop
      vertex 2.8 15.51 48
      vertex 2.77604 16.5 48.3655
      vertex 2.8 16.5 48
    endloop
  endfacet
  facet normal -0.997858 -0 -0.0654136
    outer loop
      vertex 2.77604 16.5 48.3655
      vertex 2.8 15.51 48
      vertex 2.77604 15.51 48.3655
    endloop
  endfacet
  facet normal -0.4425 0 0.896768
    outer loop
      vertex 0.688829 16.5 35.837
      vertex 0.9 15.51 35.9412
      vertex 0.9 16.5 35.9412
    endloop
  endfacet
  facet normal -0.4425 0 0.896768
    outer loop
      vertex 0.9 15.51 35.9412
      vertex 0.688829 16.5 35.837
      vertex 0.688829 15.51 35.837
    endloop
  endfacet
  facet normal 0.751879 0 -0.659301
    outer loop
      vertex -1.9799 15.51 49.9799
      vertex -2.22139 16.5 49.7045
      vertex -1.9799 16.5 49.9799
    endloop
  endfacet
  facet normal 0.751879 0 -0.659301
    outer loop
      vertex -2.22139 16.5 49.7045
      vertex -1.9799 15.51 49.9799
      vertex -2.22139 15.51 49.7045
    endloop
  endfacet
  facet normal 0.997858 -0 0.0654136
    outer loop
      vertex -2.8 15.51 48
      vertex -2.77604 16.5 47.6345
      vertex -2.8 16.5 48
    endloop
  endfacet
  facet normal 0.997858 0 0.0654136
    outer loop
      vertex -2.77604 16.5 47.6345
      vertex -2.8 15.51 48
      vertex -2.77604 15.51 47.6345
    endloop
  endfacet
  facet normal -0.980801 0 0.195014
    outer loop
      vertex 1.73867 15.51 37.0341
      vertex 1.7846 16.5 37.2651
      vertex 1.73867 16.5 37.0341
    endloop
  endfacet
  facet normal -0.980801 0 0.195014
    outer loop
      vertex 1.7846 16.5 37.2651
      vertex 1.73867 15.51 37.0341
      vertex 1.7846 15.51 37.2651
    endloop
  endfacet
  facet normal -0.89691 0 0.442212
    outer loop
      vertex 1.55885 15.51 36.6
      vertex 1.66298 16.5 36.8112
      vertex 1.55885 16.5 36.6
    endloop
  endfacet
  facet normal -0.89691 0 0.442212
    outer loop
      vertex 1.66298 16.5 36.8112
      vertex 1.55885 15.51 36.6
      vertex 1.66298 15.51 36.8112
    endloop
  endfacet
  facet normal -0.321504 0 0.946908
    outer loop
      vertex 0.465874 16.5 35.7613
      vertex 0.688829 15.51 35.837
      vertex 0.688829 16.5 35.837
    endloop
  endfacet
  facet normal -0.321504 0 0.946908
    outer loop
      vertex 0.688829 15.51 35.837
      vertex 0.465874 16.5 35.7613
      vertex 0.465874 15.51 35.7613
    endloop
  endfacet
  facet normal -0.19495 0 -0.980813
    outer loop
      vertex 0.365473 15.51 50.776
      vertex 0.724693 16.5 50.7046
      vertex 0.724693 15.51 50.7046
    endloop
  endfacet
  facet normal -0.19495 0 -0.980813
    outer loop
      vertex 0.724693 16.5 50.7046
      vertex 0.365473 15.51 50.776
      vertex 0.365473 16.5 50.776
    endloop
  endfacet
  facet normal -0.555543 0 0.831488
    outer loop
      vertex 0.9 16.5 35.9412
      vertex 1.09577 15.51 36.072
      vertex 1.09577 16.5 36.072
    endloop
  endfacet
  facet normal -0.555543 0 0.831488
    outer loop
      vertex 1.09577 15.51 36.072
      vertex 0.9 16.5 35.9412
      vertex 0.9 15.51 35.9412
    endloop
  endfacet
  facet normal -0.831445 0 -0.555607
    outer loop
      vertex 2.42487 15.51 49.4
      vertex 2.22139 16.5 49.7045
      vertex 2.42487 16.5 49.4
    endloop
  endfacet
  facet normal -0.831445 -0 -0.555607
    outer loop
      vertex 2.22139 16.5 49.7045
      vertex 2.42487 15.51 49.4
      vertex 2.22139 15.51 49.7045
    endloop
  endfacet
  facet normal 0.946897 -0 0.321537
    outer loop
      vertex -1.73867 15.51 37.0341
      vertex -1.66298 16.5 36.8112
      vertex -1.73867 16.5 37.0341
    endloop
  endfacet
  facet normal 0.946897 0 0.321537
    outer loop
      vertex -1.66298 16.5 36.8112
      vertex -1.73867 15.51 37.0341
      vertex -1.66298 15.51 36.8112
    endloop
  endfacet
  facet normal -0.442303 0 -0.896866
    outer loop
      vertex 1.07151 15.51 50.5869
      vertex 1.4 16.5 50.4249
      vertex 1.4 15.51 50.4249
    endloop
  endfacet
  facet normal -0.442303 0 -0.896866
    outer loop
      vertex 1.4 16.5 50.4249
      vertex 1.07151 15.51 50.5869
      vertex 1.07151 16.5 50.5869
    endloop
  endfacet
  facet normal -0.659357 0 -0.75183
    outer loop
      vertex 1.70453 15.51 50.2214
      vertex 1.9799 16.5 49.9799
      vertex 1.9799 15.51 49.9799
    endloop
  endfacet
  facet normal -0.659357 0 -0.75183
    outer loop
      vertex 1.9799 16.5 49.9799
      vertex 1.70453 15.51 50.2214
      vertex 1.70453 16.5 50.2214
    endloop
  endfacet
  facet normal -0.19495 0 0.980813
    outer loop
      vertex 0.234946 16.5 35.7154
      vertex 0.465874 15.51 35.7613
      vertex 0.465874 16.5 35.7613
    endloop
  endfacet
  facet normal -0.19495 0 0.980813
    outer loop
      vertex 0.465874 15.51 35.7613
      vertex 0.234946 16.5 35.7154
      vertex 0.234946 15.51 35.7154
    endloop
  endfacet
  facet normal -0.831508 0 0.555513
    outer loop
      vertex 1.42804 15.51 36.4042
      vertex 1.55885 16.5 36.6
      vertex 1.42804 16.5 36.4042
    endloop
  endfacet
  facet normal -0.831508 0 0.555513
    outer loop
      vertex 1.55885 16.5 36.6
      vertex 1.42804 15.51 36.4042
      vertex 1.55885 15.51 36.6
    endloop
  endfacet
  facet normal 0.89691 -0 0.442212
    outer loop
      vertex -1.66298 15.51 36.8112
      vertex -1.55885 16.5 36.6
      vertex -1.66298 16.5 36.8112
    endloop
  endfacet
  facet normal 0.89691 0 0.442212
    outer loop
      vertex -1.55885 16.5 36.6
      vertex -1.66298 15.51 36.8112
      vertex -1.55885 15.51 36.6
    endloop
  endfacet
  facet normal 0 1 0
    outer loop
      vertex 0.287157 15.09 35.3188
      vertex 0 15.09 38
      vertex 0.0245514 15.09 38.0016
    endloop
  endfacet
  facet normal 0 1 -0
    outer loop
      vertex 2.12504 15.09 36.9306
      vertex 0.0245514 15.09 38.0016
      vertex 2.15209 15.09 37.0666
    endloop
  endfacet
  facet normal 0 1 0
    outer loop
      vertex 0.0245514 15.09 38.0016
      vertex 2.12504 15.09 36.9306
      vertex 2.03253 15.09 36.6581
    endloop
  endfacet
  facet normal 0 1 0
    outer loop
      vertex 0 15.09 38
      vertex -2.12504 15.09 36.9306
      vertex -2.18118 15.09 37.2128
    endloop
  endfacet
  facet normal 0 1 0
    outer loop
      vertex 0.0245514 15.09 38.0016
      vertex 2.03253 15.09 36.6581
      vertex 1.90526 15.09 36.4
    endloop
  endfacet
  facet normal 0 1 0
    outer loop
      vertex 0 15.09 38
      vertex -2.03253 15.09 36.6581
      vertex -2.12504 15.09 36.9306
    endloop
  endfacet
  facet normal 0 1 -0
    outer loop
      vertex 1.74538 15.09 36.1607
      vertex 0.0245514 15.09 38.0016
      vertex 1.90526 15.09 36.4
    endloop
  endfacet
  facet normal 0 1 0
    outer loop
      vertex 0 15.09 38
      vertex -1.90526 15.09 36.4
      vertex -2.03253 15.09 36.6581
    endloop
  endfacet
  facet normal 0 1 -0
    outer loop
      vertex 1.55563 15.09 35.9444
      vertex 0.0245514 15.09 38.0016
      vertex 1.74538 15.09 36.1607
    endloop
  endfacet
  facet normal 0 1 0
    outer loop
      vertex 0 15.09 38
      vertex -1.74538 15.09 36.1607
      vertex -1.90526 15.09 36.4
    endloop
  endfacet
  facet normal 0 1 -0
    outer loop
      vertex 1.33927 15.09 35.7546
      vertex 0.0245514 15.09 38.0016
      vertex 1.55563 15.09 35.9444
    endloop
  endfacet
  facet normal 0 1 0
    outer loop
      vertex 0 15.09 38
      vertex -1.55563 15.09 35.9444
      vertex -1.74538 15.09 36.1607
    endloop
  endfacet
  facet normal 0 1 -0
    outer loop
      vertex 1.1 15.09 35.5947
      vertex 0.0245514 15.09 38.0016
      vertex 1.33927 15.09 35.7546
    endloop
  endfacet
  facet normal 0 1 0
    outer loop
      vertex 0 15.09 38
      vertex -1.33927 15.09 35.7546
      vertex -1.55563 15.09 35.9444
    endloop
  endfacet
  facet normal 0 1 -0
    outer loop
      vertex 0.841903 15.09 35.4675
      vertex 0.0245514 15.09 38.0016
      vertex 1.1 15.09 35.5947
    endloop
  endfacet
  facet normal 0 1 0
    outer loop
      vertex 0 15.09 38
      vertex -1.1 15.09 35.5947
      vertex -1.33927 15.09 35.7546
    endloop
  endfacet
  facet normal 0 1 -0
    outer loop
      vertex 0.569402 15.09 35.375
      vertex 0.0245514 15.09 38.0016
      vertex 0.841903 15.09 35.4675
    endloop
  endfacet
  facet normal 0 1 0
    outer loop
      vertex 0 15.09 38
      vertex -0.841903 15.09 35.4675
      vertex -1.1 15.09 35.5947
    endloop
  endfacet
  facet normal 0 1 -0
    outer loop
      vertex 0.287157 15.09 35.3188
      vertex 0.0245514 15.09 38.0016
      vertex 0.569402 15.09 35.375
    endloop
  endfacet
  facet normal 0 1 0
    outer loop
      vertex 0 15.09 38
      vertex -0.569402 15.09 35.375
      vertex -0.841903 15.09 35.4675
    endloop
  endfacet
  facet normal 0 1 0
    outer loop
      vertex 0 15.09 38
      vertex 0.287157 15.09 35.3188
      vertex 0 15.09 35.3
    endloop
  endfacet
  facet normal 0 1 0
    outer loop
      vertex 0 15.09 38
      vertex -0.287157 15.09 35.3188
      vertex -0.569402 15.09 35.375
    endloop
  endfacet
  facet normal 0 1 0
    outer loop
      vertex 0 15.09 38
      vertex 0 15.09 35.3
      vertex -0.287157 15.09 35.3188
    endloop
  endfacet
  facet normal 0 1 0
    outer loop
      vertex -2.18118 15.09 37.2128
      vertex -1.41911 15.09 38.1082
      vertex -1.30526 15.09 38.0856
    endloop
  endfacet
  facet normal 0 1 0
    outer loop
      vertex -2.18118 15.09 37.2128
      vertex -1.17393 15.09 38.0769
      vertex -0.493664 15.09 38.0199
    endloop
  endfacet
  facet normal 0 1 0
    outer loop
      vertex -2.14828 15.09 38.2414
      vertex -2.18118 15.09 37.2128
      vertex -2.28282 15.09 38.2759
    endloop
  endfacet
  facet normal 0 1 0
    outer loop
      vertex -1.66482 15.09 38.1396
      vertex -2.18118 15.09 37.2128
      vertex -2.14828 15.09 38.2414
    endloop
  endfacet
  facet normal 0 1 0
    outer loop
      vertex -1.41911 15.09 38.1082
      vertex -2.18118 15.09 37.2128
      vertex -1.66482 15.09 38.1396
    endloop
  endfacet
  facet normal 0 1 0
    outer loop
      vertex -1.17393 15.09 38.0769
      vertex -2.18118 15.09 37.2128
      vertex -1.30526 15.09 38.0856
    endloop
  endfacet
  facet normal 0 1 0
    outer loop
      vertex -2.18118 15.09 37.2128
      vertex -0.493664 15.09 38.0199
      vertex 0 15.09 38
    endloop
  endfacet
  facet normal -0.678491 -0.697563 0.230338
    outer loop
      vertex 2.03253 15.1 36.6581
      vertex 2.12504 15.1 36.9306
      vertex 1.66298 15.51 36.8112
    endloop
  endfacet
  facet normal -0.714994 -0.697558 -0.0468674
    outer loop
      vertex 3.2 15.1 48
      vertex 3.17262 15.1 48.4177
      vertex 2.77604 15.51 48.3655
    endloop
  endfacet
  facet normal -0.642647 -0.697556 0.316892
    outer loop
      vertex 1.90526 15.1 36.4
      vertex 2.03253 15.1 36.6581
      vertex 1.55885 15.51 36.6
    endloop
  endfacet
  facet normal -0.702742 -0.697574 0.139801
    outer loop
      vertex 2.12504 15.1 36.9306
      vertex 2.18118 15.1 37.2128
      vertex 1.7846 15.51 37.2651
    endloop
  endfacet
  facet normal 0.946921 -0 0.321467
    outer loop
      vertex -2.12504 15.09 36.9306
      vertex -2.03253 15.1 36.6581
      vertex -2.12504 15.1 36.9306
    endloop
  endfacet
  facet normal 0.946921 0 0.321467
    outer loop
      vertex -2.03253 15.1 36.6581
      vertex -2.12504 15.09 36.9306
      vertex -2.03253 15.09 36.6581
    endloop
  endfacet
  facet normal -0.39809 -0.697622 0.595691
    outer loop
      vertex 1.1 15.1 35.5947
      vertex 1.33927 15.1 35.7546
      vertex 0.9 15.51 35.9412
    endloop
  endfacet
  facet normal 0 1 0
    outer loop
      vertex -3.17262 15.1 47.5823
      vertex -2.28282 15.1 38.2759
      vertex -2.18118 15.1 37.2128
    endloop
  endfacet
  facet normal 0.995461 -0 0.0951732
    outer loop
      vertex -2.28282 15.09 38.2759
      vertex -2.18118 15.1 37.2128
      vertex -2.28282 15.1 38.2759
    endloop
  endfacet
  facet normal 0.995461 0 0.0951732
    outer loop
      vertex -2.18118 15.1 37.2128
      vertex -2.28282 15.09 38.2759
      vertex -2.18118 15.09 37.2128
    endloop
  endfacet
  facet normal 0.642653 -0.697568 0.316854
    outer loop
      vertex -1.55885 15.51 36.6
      vertex -1.66298 15.51 36.8112
      vertex -2.03253 15.1 36.6581
    endloop
  endfacet
  facet normal -0.595756 -0.697555 -0.39811
    outer loop
      vertex 2.42487 15.51 49.4
      vertex 2.77128 15.1 49.6
      vertex 2.22139 15.51 49.7045
    endloop
  endfacet
  facet normal -0.946921 0 0.321467
    outer loop
      vertex 2.03253 15.09 36.6581
      vertex 2.12504 15.1 36.9306
      vertex 2.03253 15.1 36.6581
    endloop
  endfacet
  facet normal -0.946921 0 0.321467
    outer loop
      vertex 2.12504 15.1 36.9306
      vertex 2.03253 15.09 36.6581
      vertex 2.12504 15.09 36.9306
    endloop
  endfacet
  facet normal -0.714995 -0.697556 0.0468708
    outer loop
      vertex 3.2 15.1 48
      vertex 2.8 15.51 48
      vertex 2.77604 15.51 47.6345
    endloop
  endfacet
  facet normal -0.595789 -0.697558 0.398056
    outer loop
      vertex 1.74538 15.1 36.1607
      vertex 1.90526 15.1 36.4
      vertex 1.55885 15.51 36.6
    endloop
  endfacet
  facet normal -0.659458 0 0.751741
    outer loop
      vertex 1.33927 15.1 35.7546
      vertex 1.55563 15.09 35.9444
      vertex 1.55563 15.1 35.9444
    endloop
  endfacet
  facet normal -0.659458 0 0.751741
    outer loop
      vertex 1.55563 15.09 35.9444
      vertex 1.33927 15.1 35.7546
      vertex 1.33927 15.09 35.7546
    endloop
  endfacet
  facet normal 0.139684 -0.697579 -0.70276
    outer loop
      vertex -0.365473 15.51 50.776
      vertex -0.417684 15.1 51.1726
      vertex -0.82822 15.1 51.091
    endloop
  endfacet
  facet normal 0.1397 -0.697491 0.702844
    outer loop
      vertex -0.234946 15.51 35.7154
      vertex -0.465874 15.51 35.7613
      vertex -0.569402 15.1 35.375
    endloop
  endfacet
  facet normal 0.678507 -0.697548 -0.230336
    outer loop
      vertex -2.70459 15.51 48.7247
      vertex -2.58686 15.51 49.0715
      vertex -3.09096 15.1 48.8282
    endloop
  endfacet
  facet normal 0.316885 -0.697519 -0.64269
    outer loop
      vertex -1.07151 15.51 50.5869
      vertex -1.22459 15.1 50.9564
      vertex -1.6 15.1 50.7713
    endloop
  endfacet
  facet normal 0.0653296 0 0.997864
    outer loop
      vertex -0.287157 15.1 35.3188
      vertex 0 15.09 35.3
      vertex 0 15.1 35.3
    endloop
  endfacet
  facet normal 0.0653296 0 0.997864
    outer loop
      vertex 0 15.09 35.3
      vertex -0.287157 15.1 35.3188
      vertex -0.287157 15.09 35.3188
    endloop
  endfacet
  facet normal -0.712743 -0.698107 0.0681462
    outer loop
      vertex 3.17262 15.1 47.5823
      vertex 1.7846 15.51 37.2651
      vertex 2.18118 15.1 37.2128
    endloop
  endfacet
  facet normal -0.712751 -0.698098 0.0681477
    outer loop
      vertex 1.7846 15.51 37.2651
      vertex 3.17262 15.1 47.5823
      vertex 2.77604 15.51 47.6345
    endloop
  endfacet
  facet normal 0.472465 -0.697532 -0.538727
    outer loop
      vertex -1.70453 15.51 50.2214
      vertex -1.94804 15.1 50.5387
      vertex -1.9799 15.51 49.9799
    endloop
  endfacet
  facet normal 0.230331 -0.697513 0.678545
    outer loop
      vertex -0.569402 15.1 35.375
      vertex -0.688829 15.51 35.837
      vertex -0.841903 15.1 35.4675
    endloop
  endfacet
  facet normal 0.980781 -0 0.195113
    outer loop
      vertex -2.18118 15.09 37.2128
      vertex -2.12504 15.1 36.9306
      vertex -2.18118 15.1 37.2128
    endloop
  endfacet
  facet normal 0.980781 0 0.195113
    outer loop
      vertex -2.12504 15.1 36.9306
      vertex -2.18118 15.09 37.2128
      vertex -2.12504 15.09 36.9306
    endloop
  endfacet
  facet normal 0.714994 -0.697558 0.0468674
    outer loop
      vertex -3.17262 15.1 47.5823
      vertex -2.77604 15.51 47.6345
      vertex -3.2 15.1 48
    endloop
  endfacet
  facet normal 0.139683 -0.697579 -0.70276
    outer loop
      vertex -0.724693 15.51 50.7046
      vertex -0.365473 15.51 50.776
      vertex -0.82822 15.1 51.091
    endloop
  endfacet
  facet normal -0.230411 -0.697517 -0.678514
    outer loop
      vertex 1.07151 15.51 50.5869
      vertex 1.22459 15.1 50.9564
      vertex 0.82822 15.1 51.091
    endloop
  endfacet
  facet normal 0.831494 -0 0.555534
    outer loop
      vertex -1.90526 15.09 36.4
      vertex -1.74538 15.1 36.1607
      vertex -1.90526 15.1 36.4
    endloop
  endfacet
  facet normal 0.831494 0 0.555534
    outer loop
      vertex -1.74538 15.1 36.1607
      vertex -1.90526 15.09 36.4
      vertex -1.74538 15.09 36.1607
    endloop
  endfacet
  facet normal 0.702742 -0.697574 0.139801
    outer loop
      vertex -2.12504 15.1 36.9306
      vertex -1.7846 15.51 37.2651
      vertex -2.18118 15.1 37.2128
    endloop
  endfacet
  facet normal 0.712751 -0.698098 0.0681477
    outer loop
      vertex -3.17262 15.1 47.5823
      vertex -1.7846 15.51 37.2651
      vertex -2.77604 15.51 47.6345
    endloop
  endfacet
  facet normal 0.712743 -0.698107 0.0681462
    outer loop
      vertex -1.7846 15.51 37.2651
      vertex -3.17262 15.1 47.5823
      vertex -2.18118 15.1 37.2128
    endloop
  endfacet
  facet normal -0.714995 -0.697556 -0.0468708
    outer loop
      vertex 2.8 15.51 48
      vertex 3.2 15.1 48
      vertex 2.77604 15.51 48.3655
    endloop
  endfacet
  facet normal -0.538696 -0.697531 0.4725
    outer loop
      vertex 1.55563 15.1 35.9444
      vertex 1.42804 15.51 36.4042
      vertex 1.27279 15.51 36.2272
    endloop
  endfacet
  facet normal -0.538647 -0.697549 0.47253
    outer loop
      vertex 1.55563 15.1 35.9444
      vertex 1.74538 15.1 36.1607
      vertex 1.42804 15.51 36.4042
    endloop
  endfacet
  facet normal 0.678491 -0.697563 0.230338
    outer loop
      vertex -2.03253 15.1 36.6581
      vertex -1.66298 15.51 36.8112
      vertex -2.12504 15.1 36.9306
    endloop
  endfacet
  facet normal 0.642647 -0.697556 0.316892
    outer loop
      vertex -1.90526 15.1 36.4
      vertex -1.55885 15.51 36.6
      vertex -2.03253 15.1 36.6581
    endloop
  endfacet
  facet normal 0.472475 -0.697527 -0.538724
    outer loop
      vertex -1.9799 15.51 49.9799
      vertex -1.94804 15.1 50.5387
      vertex -2.26274 15.1 50.2627
    endloop
  endfacet
  facet normal -0.70276 -0.697556 -0.139799
    outer loop
      vertex 3.17262 15.1 48.4177
      vertex 3.09096 15.1 48.8282
      vertex 2.77604 15.51 48.3655
    endloop
  endfacet
  facet normal -0.702779 -0.69755 0.139734
    outer loop
      vertex 2.12504 15.1 36.9306
      vertex 1.7846 15.51 37.2651
      vertex 1.73867 15.51 37.0341
    endloop
  endfacet
  facet normal -0.67849 -0.697546 0.230394
    outer loop
      vertex 2.12504 15.1 36.9306
      vertex 1.73867 15.51 37.0341
      vertex 1.66298 15.51 36.8112
    endloop
  endfacet
  facet normal -0.678507 -0.697548 -0.230336
    outer loop
      vertex 2.70459 15.51 48.7247
      vertex 3.09096 15.1 48.8282
      vertex 2.58686 15.51 49.0715
    endloop
  endfacet
  facet normal 0.702766 -0.697552 -0.13979
    outer loop
      vertex -2.77604 15.51 48.3655
      vertex -2.70459 15.51 48.7247
      vertex -3.09096 15.1 48.8282
    endloop
  endfacet
  facet normal 0.39809 -0.697622 0.595691
    outer loop
      vertex -1.1 15.1 35.5947
      vertex -0.9 15.51 35.9412
      vertex -1.33927 15.1 35.7546
    endloop
  endfacet
  facet normal 0.714995 -0.697556 0.0468708
    outer loop
      vertex -2.77604 15.51 47.6345
      vertex -2.8 15.51 48
      vertex -3.2 15.1 48
    endloop
  endfacet
  facet normal 0.538746 -0.697554 -0.47241
    outer loop
      vertex -2.22139 15.51 49.7045
      vertex -1.9799 15.51 49.9799
      vertex -2.53873 15.1 49.948
    endloop
  endfacet
  facet normal 0.659458 0 0.751741
    outer loop
      vertex -1.55563 15.1 35.9444
      vertex -1.33927 15.09 35.7546
      vertex -1.33927 15.1 35.7546
    endloop
  endfacet
  facet normal 0.659458 0 0.751741
    outer loop
      vertex -1.33927 15.09 35.7546
      vertex -1.55563 15.1 35.9444
      vertex -1.55563 15.09 35.9444
    endloop
  endfacet
  facet normal -0.702766 -0.697552 -0.13979
    outer loop
      vertex 2.77604 15.51 48.3655
      vertex 3.09096 15.1 48.8282
      vertex 2.70459 15.51 48.7247
    endloop
  endfacet
  facet normal -0.0468658 -0.697557 0.714995
    outer loop
      vertex 0.234946 15.51 35.7154
      vertex 0 15.51 35.7
      vertex 0 15.1 35.3
    endloop
  endfacet
  facet normal -0.0468094 -0.697575 0.714981
    outer loop
      vertex 0.287157 15.1 35.3188
      vertex 0.234946 15.51 35.7154
      vertex 0 15.1 35.3
    endloop
  endfacet
  facet normal -0.1397 -0.697491 0.702844
    outer loop
      vertex 0.569402 15.1 35.375
      vertex 0.465874 15.51 35.7613
      vertex 0.234946 15.51 35.7154
    endloop
  endfacet
  facet normal 0.538731 -0.69753 -0.472463
    outer loop
      vertex -1.9799 15.51 49.9799
      vertex -2.26274 15.1 50.2627
      vertex -2.53873 15.1 49.948
    endloop
  endfacet
  facet normal -0.47239 -0.697523 0.538804
    outer loop
      vertex 1.55563 15.1 35.9444
      vertex 1.27279 15.51 36.2272
      vertex 1.09577 15.51 36.072
    endloop
  endfacet
  facet normal -0.896888 0 0.442258
    outer loop
      vertex 1.90526 15.09 36.4
      vertex 2.03253 15.1 36.6581
      vertex 1.90526 15.1 36.4
    endloop
  endfacet
  facet normal -0.896888 0 0.442258
    outer loop
      vertex 2.03253 15.1 36.6581
      vertex 1.90526 15.09 36.4
      vertex 2.03253 15.09 36.6581
    endloop
  endfacet
  facet normal 0.316927 -0.697549 -0.642638
    outer loop
      vertex -1.4 15.51 50.4249
      vertex -1.07151 15.51 50.5869
      vertex -1.6 15.1 50.7713
    endloop
  endfacet
  facet normal -0.442067 0 0.896982
    outer loop
      vertex 0.841903 15.1 35.4675
      vertex 1.1 15.09 35.5947
      vertex 1.1 15.1 35.5947
    endloop
  endfacet
  facet normal -0.442067 0 0.896982
    outer loop
      vertex 1.1 15.09 35.5947
      vertex 0.841903 15.1 35.4675
      vertex 0.841903 15.09 35.4675
    endloop
  endfacet
  facet normal 0.751736 -0 0.659464
    outer loop
      vertex -1.74538 15.09 36.1607
      vertex -1.55563 15.1 35.9444
      vertex -1.74538 15.1 36.1607
    endloop
  endfacet
  facet normal 0.751736 0 0.659464
    outer loop
      vertex -1.55563 15.1 35.9444
      vertex -1.74538 15.09 36.1607
      vertex -1.55563 15.09 35.9444
    endloop
  endfacet
  facet normal -0.321434 0 0.946932
    outer loop
      vertex 0.569402 15.1 35.375
      vertex 0.841903 15.09 35.4675
      vertex 0.841903 15.1 35.4675
    endloop
  endfacet
  facet normal -0.321434 0 0.946932
    outer loop
      vertex 0.841903 15.09 35.4675
      vertex 0.569402 15.1 35.375
      vertex 0.569402 15.09 35.375
    endloop
  endfacet
  facet normal 0.230411 -0.697517 -0.678514
    outer loop
      vertex -1.07151 15.51 50.5869
      vertex -0.82822 15.1 51.091
      vertex -1.22459 15.1 50.9564
    endloop
  endfacet
  facet normal -0.714994 -0.697558 0.0468674
    outer loop
      vertex 3.17262 15.1 47.5823
      vertex 3.2 15.1 48
      vertex 2.77604 15.51 47.6345
    endloop
  endfacet
  facet normal -0.195284 0 0.980747
    outer loop
      vertex 0.287157 15.1 35.3188
      vertex 0.569402 15.09 35.375
      vertex 0.569402 15.1 35.375
    endloop
  endfacet
  facet normal -0.195284 0 0.980747
    outer loop
      vertex 0.569402 15.09 35.375
      vertex 0.287157 15.1 35.3188
      vertex 0.287157 15.09 35.3188
    endloop
  endfacet
  facet normal -0.678503 -0.697562 -0.230304
    outer loop
      vertex 3.09096 15.1 48.8282
      vertex 2.95641 15.1 49.2246
      vertex 2.58686 15.51 49.0715
    endloop
  endfacet
  facet normal -0.595804 -0.697552 0.398044
    outer loop
      vertex 1.74538 15.1 36.1607
      vertex 1.55885 15.51 36.6
      vertex 1.42804 15.51 36.4042
    endloop
  endfacet
  facet normal 0.714995 -0.697556 -0.0468708
    outer loop
      vertex -2.8 15.51 48
      vertex -2.77604 15.51 48.3655
      vertex -3.2 15.1 48
    endloop
  endfacet
  facet normal -0.316725 -0.697623 0.642656
    outer loop
      vertex 1.1 15.1 35.5947
      vertex 0.9 15.51 35.9412
      vertex 0.841903 15.1 35.4675
    endloop
  endfacet
  facet normal 0.67849 -0.697546 0.230394
    outer loop
      vertex -1.66298 15.51 36.8112
      vertex -1.73867 15.51 37.0341
      vertex -2.12504 15.1 36.9306
    endloop
  endfacet
  facet normal 0.702779 -0.69755 0.139734
    outer loop
      vertex -1.73867 15.51 37.0341
      vertex -1.7846 15.51 37.2651
      vertex -2.12504 15.1 36.9306
    endloop
  endfacet
  facet normal 0.595804 -0.697552 0.398044
    outer loop
      vertex -1.42804 15.51 36.4042
      vertex -1.55885 15.51 36.6
      vertex -1.74538 15.1 36.1607
    endloop
  endfacet
  facet normal 0.0469524 -0.697554 -0.714993
    outer loop
      vertex 0 15.51 50.8
      vertex 0 15.1 51.2
      vertex -0.365473 15.51 50.776
    endloop
  endfacet
  facet normal 0.317085 -0.69751 0.642602
    outer loop
      vertex -0.841903 15.1 35.4675
      vertex -0.688829 15.51 35.837
      vertex -0.9 15.51 35.9412
    endloop
  endfacet
  facet normal 0.230386 -0.697495 0.678544
    outer loop
      vertex -0.569402 15.1 35.375
      vertex -0.465874 15.51 35.7613
      vertex -0.688829 15.51 35.837
    endloop
  endfacet
  facet normal -0.230331 -0.697513 0.678545
    outer loop
      vertex 0.841903 15.1 35.4675
      vertex 0.688829 15.51 35.837
      vertex 0.569402 15.1 35.375
    endloop
  endfacet
  facet normal -0.0653296 0 0.997864
    outer loop
      vertex 0 15.1 35.3
      vertex 0.287157 15.09 35.3188
      vertex 0.287157 15.1 35.3188
    endloop
  endfacet
  facet normal -0.0653296 0 0.997864
    outer loop
      vertex 0.287157 15.09 35.3188
      vertex 0 15.1 35.3
      vertex 0 15.09 35.3
    endloop
  endfacet
  facet normal -0.230263 -0.697583 -0.678496
    outer loop
      vertex 1.07151 15.51 50.5869
      vertex 0.82822 15.1 51.091
      vertex 0.724693 15.51 50.7046
    endloop
  endfacet
  facet normal 0.896888 -0 0.442258
    outer loop
      vertex -2.03253 15.09 36.6581
      vertex -1.90526 15.1 36.4
      vertex -2.03253 15.1 36.6581
    endloop
  endfacet
  facet normal 0.896888 0 0.442258
    outer loop
      vertex -1.90526 15.1 36.4
      vertex -2.03253 15.09 36.6581
      vertex -1.90526 15.09 36.4
    endloop
  endfacet
  facet normal -0.4725 -0.69759 0.53862
    outer loop
      vertex 1.33927 15.1 35.7546
      vertex 1.55563 15.1 35.9444
      vertex 1.09577 15.51 36.072
    endloop
  endfacet
  facet normal -0.317085 -0.69751 0.642602
    outer loop
      vertex 0.841903 15.1 35.4675
      vertex 0.9 15.51 35.9412
      vertex 0.688829 15.51 35.837
    endloop
  endfacet
  facet normal 0.678503 -0.697562 -0.230304
    outer loop
      vertex -2.58686 15.51 49.0715
      vertex -2.95641 15.1 49.2246
      vertex -3.09096 15.1 48.8282
    endloop
  endfacet
  facet normal 0.595756 -0.697555 -0.39811
    outer loop
      vertex -2.42487 15.51 49.4
      vertex -2.22139 15.51 49.7045
      vertex -2.77128 15.1 49.6
    endloop
  endfacet
  facet normal 0.321434 0 0.946932
    outer loop
      vertex -0.841903 15.1 35.4675
      vertex -0.569402 15.09 35.375
      vertex -0.569402 15.1 35.375
    endloop
  endfacet
  facet normal 0.321434 0 0.946932
    outer loop
      vertex -0.569402 15.09 35.375
      vertex -0.841903 15.1 35.4675
      vertex -0.841903 15.09 35.4675
    endloop
  endfacet
  facet normal -0.139924 -0.697571 0.70272
    outer loop
      vertex 0.287157 15.1 35.3188
      vertex 0.569402 15.1 35.375
      vertex 0.234946 15.51 35.7154
    endloop
  endfacet
  facet normal 0.398152 -0.697531 -0.595756
    outer loop
      vertex -1.70453 15.51 50.2214
      vertex -1.6 15.1 50.7713
      vertex -1.94804 15.1 50.5387
    endloop
  endfacet
  facet normal -0.230386 -0.697495 0.678544
    outer loop
      vertex 0.569402 15.1 35.375
      vertex 0.688829 15.51 35.837
      vertex 0.465874 15.51 35.7613
    endloop
  endfacet
  facet normal 0.230263 -0.697583 -0.678496
    outer loop
      vertex -0.724693 15.51 50.7046
      vertex -0.82822 15.1 51.091
      vertex -1.07151 15.51 50.5869
    endloop
  endfacet
  facet normal -0.55563 0 0.83143
    outer loop
      vertex 1.1 15.1 35.5947
      vertex 1.33927 15.09 35.7546
      vertex 1.33927 15.1 35.7546
    endloop
  endfacet
  facet normal -0.55563 0 0.83143
    outer loop
      vertex 1.33927 15.09 35.7546
      vertex 1.1 15.1 35.5947
      vertex 1.1 15.09 35.5947
    endloop
  endfacet
  facet normal 0.442067 0 0.896982
    outer loop
      vertex -1.1 15.1 35.5947
      vertex -0.841903 15.09 35.4675
      vertex -0.841903 15.1 35.4675
    endloop
  endfacet
  facet normal 0.442067 0 0.896982
    outer loop
      vertex -0.841903 15.09 35.4675
      vertex -1.1 15.1 35.5947
      vertex -1.1 15.09 35.5947
    endloop
  endfacet
  facet normal 0 1 0
    outer loop
      vertex 2.12504 15.1 36.9306
      vertex 2.15209 15.1 37.0666
      vertex 2.18118 15.1 37.2128
    endloop
  endfacet
  facet normal -0.980788 0 0.195076
    outer loop
      vertex 2.12504 15.09 36.9306
      vertex 2.15209 15.1 37.0666
      vertex 2.12504 15.1 36.9306
    endloop
  endfacet
  facet normal -0.980788 0 0.195076
    outer loop
      vertex 2.15209 15.1 37.0666
      vertex 2.12504 15.09 36.9306
      vertex 2.15209 15.09 37.0666
    endloop
  endfacet
  facet normal 0.398041 -0.697597 0.595753
    outer loop
      vertex -0.9 15.51 35.9412
      vertex -1.09577 15.51 36.072
      vertex -1.33927 15.1 35.7546
    endloop
  endfacet
  facet normal -0.398041 -0.697597 0.595753
    outer loop
      vertex 1.33927 15.1 35.7546
      vertex 1.09577 15.51 36.072
      vertex 0.9 15.51 35.9412
    endloop
  endfacet
  facet normal 0.195284 0 0.980747
    outer loop
      vertex -0.569402 15.1 35.375
      vertex -0.287157 15.09 35.3188
      vertex -0.287157 15.1 35.3188
    endloop
  endfacet
  facet normal 0.195284 0 0.980747
    outer loop
      vertex -0.287157 15.09 35.3188
      vertex -0.569402 15.1 35.375
      vertex -0.569402 15.09 35.375
    endloop
  endfacet
  facet normal -0.642653 -0.697568 0.316854
    outer loop
      vertex 2.03253 15.1 36.6581
      vertex 1.66298 15.51 36.8112
      vertex 1.55885 15.51 36.6
    endloop
  endfacet
  facet normal -0.538746 -0.697554 -0.47241
    outer loop
      vertex 2.22139 15.51 49.7045
      vertex 2.53873 15.1 49.948
      vertex 1.9799 15.51 49.9799
    endloop
  endfacet
  facet normal 0.0468094 -0.697575 0.714981
    outer loop
      vertex 0 15.1 35.3
      vertex -0.234946 15.51 35.7154
      vertex -0.287157 15.1 35.3188
    endloop
  endfacet
  facet normal 0.595789 -0.697558 0.398056
    outer loop
      vertex -1.74538 15.1 36.1607
      vertex -1.55885 15.51 36.6
      vertex -1.90526 15.1 36.4
    endloop
  endfacet
  facet normal 0.398114 -0.697548 -0.595762
    outer loop
      vertex -1.4 15.51 50.4249
      vertex -1.6 15.1 50.7713
      vertex -1.70453 15.51 50.2214
    endloop
  endfacet
  facet normal -0.751736 0 0.659464
    outer loop
      vertex 1.55563 15.09 35.9444
      vertex 1.74538 15.1 36.1607
      vertex 1.55563 15.1 35.9444
    endloop
  endfacet
  facet normal -0.751736 0 0.659464
    outer loop
      vertex 1.74538 15.1 36.1607
      vertex 1.55563 15.09 35.9444
      vertex 1.74538 15.09 36.1607
    endloop
  endfacet
  facet normal -0.831494 0 0.555534
    outer loop
      vertex 1.74538 15.09 36.1607
      vertex 1.90526 15.1 36.4
      vertex 1.74538 15.1 36.1607
    endloop
  endfacet
  facet normal -0.831494 0 0.555534
    outer loop
      vertex 1.90526 15.1 36.4
      vertex 1.74538 15.09 36.1607
      vertex 1.90526 15.09 36.4
    endloop
  endfacet
  facet normal -0.316927 -0.697549 -0.642638
    outer loop
      vertex 1.4 15.51 50.4249
      vertex 1.6 15.1 50.7713
      vertex 1.07151 15.51 50.5869
    endloop
  endfacet
  facet normal 0.642643 -0.697556 -0.3169
    outer loop
      vertex -2.58686 15.51 49.0715
      vertex -2.42487 15.51 49.4
      vertex -2.77128 15.1 49.6
    endloop
  endfacet
  facet normal 0.47239 -0.697523 0.538804
    outer loop
      vertex -1.09577 15.51 36.072
      vertex -1.27279 15.51 36.2272
      vertex -1.55563 15.1 35.9444
    endloop
  endfacet
  facet normal 0.4725 -0.69759 0.53862
    outer loop
      vertex -1.33927 15.1 35.7546
      vertex -1.09577 15.51 36.072
      vertex -1.55563 15.1 35.9444
    endloop
  endfacet
  facet normal 0.714994 -0.697558 -0.0468674
    outer loop
      vertex -2.77604 15.51 48.3655
      vertex -3.17262 15.1 48.4177
      vertex -3.2 15.1 48
    endloop
  endfacet
  facet normal 0.70276 -0.697556 -0.139799
    outer loop
      vertex -2.77604 15.51 48.3655
      vertex -3.09096 15.1 48.8282
      vertex -3.17262 15.1 48.4177
    endloop
  endfacet
  facet normal -0.398114 -0.697548 -0.595762
    outer loop
      vertex 1.70453 15.51 50.2214
      vertex 1.6 15.1 50.7713
      vertex 1.4 15.51 50.4249
    endloop
  endfacet
  facet normal 0.0468658 -0.697557 0.714995
    outer loop
      vertex 0 15.1 35.3
      vertex 0 15.51 35.7
      vertex -0.234946 15.51 35.7154
    endloop
  endfacet
  facet normal -0.472465 -0.697532 -0.538727
    outer loop
      vertex 1.9799 15.51 49.9799
      vertex 1.94804 15.1 50.5387
      vertex 1.70453 15.51 50.2214
    endloop
  endfacet
  facet normal 0.595756 -0.697554 -0.398112
    outer loop
      vertex -2.22139 15.51 49.7045
      vertex -2.53873 15.1 49.948
      vertex -2.77128 15.1 49.6
    endloop
  endfacet
  facet normal 0.642626 -0.697566 -0.316914
    outer loop
      vertex -2.58686 15.51 49.0715
      vertex -2.77128 15.1 49.6
      vertex -2.95641 15.1 49.2246
    endloop
  endfacet
  facet normal -0.398152 -0.697531 -0.595756
    outer loop
      vertex 1.70453 15.51 50.2214
      vertex 1.94804 15.1 50.5387
      vertex 1.6 15.1 50.7713
    endloop
  endfacet
  facet normal 0.139924 -0.697571 0.70272
    outer loop
      vertex -0.287157 15.1 35.3188
      vertex -0.234946 15.51 35.7154
      vertex -0.569402 15.1 35.375
    endloop
  endfacet
  facet normal -0.595756 -0.697554 -0.398112
    outer loop
      vertex 2.77128 15.1 49.6
      vertex 2.53873 15.1 49.948
      vertex 2.22139 15.51 49.7045
    endloop
  endfacet
  facet normal 0.538696 -0.697531 0.4725
    outer loop
      vertex -1.27279 15.51 36.2272
      vertex -1.42804 15.51 36.4042
      vertex -1.55563 15.1 35.9444
    endloop
  endfacet
  facet normal 0.538647 -0.697549 0.47253
    outer loop
      vertex -1.55563 15.1 35.9444
      vertex -1.42804 15.51 36.4042
      vertex -1.74538 15.1 36.1607
    endloop
  endfacet
  facet normal -0.642643 -0.697556 -0.3169
    outer loop
      vertex 2.58686 15.51 49.0715
      vertex 2.77128 15.1 49.6
      vertex 2.42487 15.51 49.4
    endloop
  endfacet
  facet normal -0.139683 -0.697579 -0.70276
    outer loop
      vertex 0.724693 15.51 50.7046
      vertex 0.82822 15.1 51.091
      vertex 0.365473 15.51 50.776
    endloop
  endfacet
  facet normal -0.0469021 -0.697578 -0.714972
    outer loop
      vertex 0.365473 15.51 50.776
      vertex 0.417684 15.1 51.1726
      vertex 0 15.1 51.2
    endloop
  endfacet
  facet normal 0.0469021 -0.697578 -0.714972
    outer loop
      vertex -0.365473 15.51 50.776
      vertex 0 15.1 51.2
      vertex -0.417684 15.1 51.1726
    endloop
  endfacet
  facet normal -0.139684 -0.697579 -0.70276
    outer loop
      vertex 0.82822 15.1 51.091
      vertex 0.417684 15.1 51.1726
      vertex 0.365473 15.51 50.776
    endloop
  endfacet
  facet normal -0.0469524 -0.697554 -0.714993
    outer loop
      vertex 0 15.51 50.8
      vertex 0.365473 15.51 50.776
      vertex 0 15.1 51.2
    endloop
  endfacet
  facet normal -0.538731 -0.69753 -0.472463
    outer loop
      vertex 2.53873 15.1 49.948
      vertex 2.26274 15.1 50.2627
      vertex 1.9799 15.51 49.9799
    endloop
  endfacet
  facet normal -0.472475 -0.697527 -0.538724
    outer loop
      vertex 1.9799 15.51 49.9799
      vertex 2.26274 15.1 50.2627
      vertex 1.94804 15.1 50.5387
    endloop
  endfacet
  facet normal 0.55563 0 0.83143
    outer loop
      vertex -1.33927 15.1 35.7546
      vertex -1.1 15.09 35.5947
      vertex -1.1 15.1 35.5947
    endloop
  endfacet
  facet normal 0.55563 0 0.83143
    outer loop
      vertex -1.1 15.09 35.5947
      vertex -1.33927 15.1 35.7546
      vertex -1.33927 15.09 35.7546
    endloop
  endfacet
  facet normal -0.642626 -0.697566 -0.316914
    outer loop
      vertex 2.95641 15.1 49.2246
      vertex 2.77128 15.1 49.6
      vertex 2.58686 15.51 49.0715
    endloop
  endfacet
  facet normal 0.316725 -0.697623 0.642656
    outer loop
      vertex -0.841903 15.1 35.4675
      vertex -0.9 15.51 35.9412
      vertex -1.1 15.1 35.5947
    endloop
  endfacet
  facet normal -0.316885 -0.697519 -0.64269
    outer loop
      vertex 1.6 15.1 50.7713
      vertex 1.22459 15.1 50.9564
      vertex 1.07151 15.51 50.5869
    endloop
  endfacet
  facet normal 0.321123 0 0.947038
    outer loop
      vertex -0.382683 17.3 47.0761
      vertex -0.258819 16.5 47.0341
      vertex -0.258819 17.3 47.0341
    endloop
  endfacet
  facet normal 0.321123 0 0.947038
    outer loop
      vertex -0.258819 16.5 47.0341
      vertex -0.382683 17.3 47.0761
      vertex -0.382683 16.5 47.0761
    endloop
  endfacet
  facet normal 0.19495 0 0.980813
    outer loop
      vertex -0.258819 17.3 47.0341
      vertex -0.130526 16.5 47.0086
      vertex -0.130526 17.3 47.0086
    endloop
  endfacet
  facet normal 0.19495 0 0.980813
    outer loop
      vertex -0.130526 16.5 47.0086
      vertex -0.258819 17.3 47.0341
      vertex -0.258819 16.5 47.0341
    endloop
  endfacet
  facet normal -0.980786 0 0.195087
    outer loop
      vertex 0.965925 16.5 47.7412
      vertex 0.991445 17.3 47.8695
      vertex 0.965925 17.3 47.7412
    endloop
  endfacet
  facet normal -0.980786 0 0.195087
    outer loop
      vertex 0.991445 17.3 47.8695
      vertex 0.965925 16.5 47.7412
      vertex 0.991445 16.5 47.8695
    endloop
  endfacet
  facet normal -0.751691 0 -0.659515
    outer loop
      vertex 0.793353 16.5 48.6088
      vertex 0.707107 17.3 48.7071
      vertex 0.793353 17.3 48.6088
    endloop
  endfacet
  facet normal -0.751691 -0 -0.659515
    outer loop
      vertex 0.707107 17.3 48.7071
      vertex 0.793353 16.5 48.6088
      vertex 0.707107 16.5 48.7071
    endloop
  endfacet
  facet normal 0.751691 -0 0.659515
    outer loop
      vertex -0.793353 16.5 47.3912
      vertex -0.707107 17.3 47.2929
      vertex -0.793353 17.3 47.3912
    endloop
  endfacet
  facet normal 0.751691 0 0.659515
    outer loop
      vertex -0.707107 17.3 47.2929
      vertex -0.793353 16.5 47.3912
      vertex -0.707107 16.5 47.2929
    endloop
  endfacet
  facet normal 0.0657447 0 0.997836
    outer loop
      vertex -0.130526 17.3 47.0086
      vertex 0 16.5 47
      vertex 0 17.3 47
    endloop
  endfacet
  facet normal 0.0657447 0 0.997836
    outer loop
      vertex 0 16.5 47
      vertex -0.130526 17.3 47.0086
      vertex -0.130526 16.5 47.0086
    endloop
  endfacet
  facet normal -0.946959 0 -0.321355
    outer loop
      vertex 0.965925 16.5 48.2588
      vertex 0.923879 17.3 48.3827
      vertex 0.965925 17.3 48.2588
    endloop
  endfacet
  facet normal -0.946959 -0 -0.321355
    outer loop
      vertex 0.923879 17.3 48.3827
      vertex 0.965925 16.5 48.2588
      vertex 0.923879 16.5 48.3827
    endloop
  endfacet
  facet normal 0.980786 0 -0.195087
    outer loop
      vertex -0.965925 16.5 48.2588
      vertex -0.991445 17.3 48.1305
      vertex -0.965925 17.3 48.2588
    endloop
  endfacet
  facet normal 0.980786 0 -0.195087
    outer loop
      vertex -0.991445 17.3 48.1305
      vertex -0.965925 16.5 48.2588
      vertex -0.991445 16.5 48.1305
    endloop
  endfacet
  facet normal -0.321123 0 0.947038
    outer loop
      vertex 0.258819 17.3 47.0341
      vertex 0.382683 16.5 47.0761
      vertex 0.382683 17.3 47.0761
    endloop
  endfacet
  facet normal -0.321123 0 0.947038
    outer loop
      vertex 0.382683 16.5 47.0761
      vertex 0.258819 17.3 47.0341
      vertex 0.258819 16.5 47.0341
    endloop
  endfacet
  facet normal 0.442569 0 0.896734
    outer loop
      vertex -0.5 17.3 47.134
      vertex -0.382683 16.5 47.0761
      vertex -0.382683 17.3 47.0761
    endloop
  endfacet
  facet normal 0.442569 0 0.896734
    outer loop
      vertex -0.382683 16.5 47.0761
      vertex -0.5 17.3 47.134
      vertex -0.5 16.5 47.134
    endloop
  endfacet
  facet normal 0.997858 -0 0.0654151
    outer loop
      vertex -1 16.5 48
      vertex -0.991445 17.3 47.8695
      vertex -1 17.3 48
    endloop
  endfacet
  facet normal 0.997858 0 0.0654151
    outer loop
      vertex -0.991445 17.3 47.8695
      vertex -1 16.5 48
      vertex -0.991445 16.5 47.8695
    endloop
  endfacet
  facet normal 0.659574 0 0.751639
    outer loop
      vertex -0.707107 17.3 47.2929
      vertex -0.608761 16.5 47.2066
      vertex -0.608761 17.3 47.2066
    endloop
  endfacet
  facet normal 0.659574 0 0.751639
    outer loop
      vertex -0.608761 16.5 47.2066
      vertex -0.707107 17.3 47.2929
      vertex -0.707107 16.5 47.2929
    endloop
  endfacet
  facet normal 0.555191 0 -0.831723
    outer loop
      vertex -0.608761 16.5 48.7934
      vertex -0.5 17.3 48.866
      vertex -0.5 16.5 48.866
    endloop
  endfacet
  facet normal 0.555191 0 -0.831723
    outer loop
      vertex -0.5 17.3 48.866
      vertex -0.608761 16.5 48.7934
      vertex -0.608761 17.3 48.7934
    endloop
  endfacet
  facet normal 0.946959 0 -0.321355
    outer loop
      vertex -0.923879 16.5 48.3827
      vertex -0.965925 17.3 48.2588
      vertex -0.923879 17.3 48.3827
    endloop
  endfacet
  facet normal 0.946959 0 -0.321355
    outer loop
      vertex -0.965925 17.3 48.2588
      vertex -0.923879 16.5 48.3827
      vertex -0.965925 16.5 48.2588
    endloop
  endfacet
  facet normal 0.19495 0 -0.980813
    outer loop
      vertex -0.258819 16.5 48.9659
      vertex -0.130526 17.3 48.9914
      vertex -0.130526 16.5 48.9914
    endloop
  endfacet
  facet normal 0.19495 0 -0.980813
    outer loop
      vertex -0.130526 17.3 48.9914
      vertex -0.258819 16.5 48.9659
      vertex -0.258819 17.3 48.9659
    endloop
  endfacet
  facet normal -0.896848 0 -0.442338
    outer loop
      vertex 0.923879 16.5 48.3827
      vertex 0.866025 17.3 48.5
      vertex 0.923879 17.3 48.3827
    endloop
  endfacet
  facet normal -0.896848 -0 -0.442338
    outer loop
      vertex 0.866025 17.3 48.5
      vertex 0.923879 16.5 48.3827
      vertex 0.866025 16.5 48.5
    endloop
  endfacet
  facet normal 0.0657447 0 -0.997836
    outer loop
      vertex -0.130526 16.5 48.9914
      vertex 0 17.3 49
      vertex 0 16.5 49
    endloop
  endfacet
  facet normal 0.0657447 0 -0.997836
    outer loop
      vertex 0 17.3 49
      vertex -0.130526 16.5 48.9914
      vertex -0.130526 17.3 48.9914
    endloop
  endfacet
  facet normal -0.997858 0 0.0654151
    outer loop
      vertex 0.991445 16.5 47.8695
      vertex 1 17.3 48
      vertex 0.991445 17.3 47.8695
    endloop
  endfacet
  facet normal -0.997858 0 0.0654151
    outer loop
      vertex 1 17.3 48
      vertex 0.991445 16.5 47.8695
      vertex 1 16.5 48
    endloop
  endfacet
  facet normal -0.659574 0 0.751639
    outer loop
      vertex 0.608761 17.3 47.2066
      vertex 0.707107 16.5 47.2929
      vertex 0.707107 17.3 47.2929
    endloop
  endfacet
  facet normal -0.659574 0 0.751639
    outer loop
      vertex 0.707107 16.5 47.2929
      vertex 0.608761 17.3 47.2066
      vertex 0.608761 16.5 47.2066
    endloop
  endfacet
  facet normal -0.555191 0 0.831723
    outer loop
      vertex 0.5 17.3 47.134
      vertex 0.608761 16.5 47.2066
      vertex 0.608761 17.3 47.2066
    endloop
  endfacet
  facet normal -0.555191 0 0.831723
    outer loop
      vertex 0.608761 16.5 47.2066
      vertex 0.5 17.3 47.134
      vertex 0.5 16.5 47.134
    endloop
  endfacet
  facet normal -0.946959 0 0.321355
    outer loop
      vertex 0.923879 16.5 47.6173
      vertex 0.965925 17.3 47.7412
      vertex 0.923879 17.3 47.6173
    endloop
  endfacet
  facet normal -0.946959 0 0.321355
    outer loop
      vertex 0.965925 17.3 47.7412
      vertex 0.923879 16.5 47.6173
      vertex 0.965925 16.5 47.7412
    endloop
  endfacet
  facet normal 0.555191 0 0.831723
    outer loop
      vertex -0.608761 17.3 47.2066
      vertex -0.5 16.5 47.134
      vertex -0.5 17.3 47.134
    endloop
  endfacet
  facet normal 0.555191 0 0.831723
    outer loop
      vertex -0.5 16.5 47.134
      vertex -0.608761 17.3 47.2066
      vertex -0.608761 16.5 47.2066
    endloop
  endfacet
  facet normal 0.831561 -0 0.555434
    outer loop
      vertex -0.866025 16.5 47.5
      vertex -0.793353 17.3 47.3912
      vertex -0.866025 17.3 47.5
    endloop
  endfacet
  facet normal 0.831561 0 0.555434
    outer loop
      vertex -0.793353 17.3 47.3912
      vertex -0.866025 16.5 47.5
      vertex -0.793353 16.5 47.3912
    endloop
  endfacet
  facet normal 0.659574 0 -0.751639
    outer loop
      vertex -0.707107 16.5 48.7071
      vertex -0.608761 17.3 48.7934
      vertex -0.608761 16.5 48.7934
    endloop
  endfacet
  facet normal 0.659574 0 -0.751639
    outer loop
      vertex -0.608761 17.3 48.7934
      vertex -0.707107 16.5 48.7071
      vertex -0.707107 17.3 48.7071
    endloop
  endfacet
  facet normal 0.896848 -0 0.442338
    outer loop
      vertex -0.923879 16.5 47.6173
      vertex -0.866025 17.3 47.5
      vertex -0.923879 17.3 47.6173
    endloop
  endfacet
  facet normal 0.896848 0 0.442338
    outer loop
      vertex -0.866025 17.3 47.5
      vertex -0.923879 16.5 47.6173
      vertex -0.866025 16.5 47.5
    endloop
  endfacet
  facet normal 0.997858 0 -0.0654151
    outer loop
      vertex -0.991445 16.5 48.1305
      vertex -1 17.3 48
      vertex -0.991445 17.3 48.1305
    endloop
  endfacet
  facet normal 0.997858 0 -0.0654151
    outer loop
      vertex -1 17.3 48
      vertex -0.991445 16.5 48.1305
      vertex -1 16.5 48
    endloop
  endfacet
  facet normal 0.751691 0 -0.659515
    outer loop
      vertex -0.707107 16.5 48.7071
      vertex -0.793353 17.3 48.6088
      vertex -0.707107 17.3 48.7071
    endloop
  endfacet
  facet normal 0.751691 0 -0.659515
    outer loop
      vertex -0.793353 17.3 48.6088
      vertex -0.707107 16.5 48.7071
      vertex -0.793353 16.5 48.6088
    endloop
  endfacet
  facet normal -0.0657447 0 0.997836
    outer loop
      vertex 0 17.3 47
      vertex 0.130526 16.5 47.0086
      vertex 0.130526 17.3 47.0086
    endloop
  endfacet
  facet normal -0.0657447 0 0.997836
    outer loop
      vertex 0.130526 16.5 47.0086
      vertex 0 17.3 47
      vertex 0 16.5 47
    endloop
  endfacet
  facet normal 0.896848 0 -0.442338
    outer loop
      vertex -0.866025 16.5 48.5
      vertex -0.923879 17.3 48.3827
      vertex -0.866025 17.3 48.5
    endloop
  endfacet
  facet normal 0.896848 0 -0.442338
    outer loop
      vertex -0.923879 17.3 48.3827
      vertex -0.866025 16.5 48.5
      vertex -0.923879 16.5 48.3827
    endloop
  endfacet
  facet normal -0.442569 0 0.896734
    outer loop
      vertex 0.382683 17.3 47.0761
      vertex 0.5 16.5 47.134
      vertex 0.5 17.3 47.134
    endloop
  endfacet
  facet normal -0.442569 0 0.896734
    outer loop
      vertex 0.5 16.5 47.134
      vertex 0.382683 17.3 47.0761
      vertex 0.382683 16.5 47.0761
    endloop
  endfacet
  facet normal 0.946959 -0 0.321355
    outer loop
      vertex -0.965925 16.5 47.7412
      vertex -0.923879 17.3 47.6173
      vertex -0.965925 17.3 47.7412
    endloop
  endfacet
  facet normal 0.946959 0 0.321355
    outer loop
      vertex -0.923879 17.3 47.6173
      vertex -0.965925 16.5 47.7412
      vertex -0.923879 16.5 47.6173
    endloop
  endfacet
  facet normal -0.442569 0 -0.896734
    outer loop
      vertex 0.382683 16.5 48.9239
      vertex 0.5 17.3 48.866
      vertex 0.5 16.5 48.866
    endloop
  endfacet
  facet normal -0.442569 0 -0.896734
    outer loop
      vertex 0.5 17.3 48.866
      vertex 0.382683 16.5 48.9239
      vertex 0.382683 17.3 48.9239
    endloop
  endfacet
  facet normal -0.321123 0 -0.947038
    outer loop
      vertex 0.258819 16.5 48.9659
      vertex 0.382683 17.3 48.9239
      vertex 0.382683 16.5 48.9239
    endloop
  endfacet
  facet normal -0.321123 0 -0.947038
    outer loop
      vertex 0.382683 17.3 48.9239
      vertex 0.258819 16.5 48.9659
      vertex 0.258819 17.3 48.9659
    endloop
  endfacet
  facet normal 0.321123 0 -0.947038
    outer loop
      vertex -0.382683 16.5 48.9239
      vertex -0.258819 17.3 48.9659
      vertex -0.258819 16.5 48.9659
    endloop
  endfacet
  facet normal 0.321123 0 -0.947038
    outer loop
      vertex -0.258819 17.3 48.9659
      vertex -0.382683 16.5 48.9239
      vertex -0.382683 17.3 48.9239
    endloop
  endfacet
  facet normal -0.896848 0 0.442338
    outer loop
      vertex 0.866025 16.5 47.5
      vertex 0.923879 17.3 47.6173
      vertex 0.866025 17.3 47.5
    endloop
  endfacet
  facet normal -0.896848 0 0.442338
    outer loop
      vertex 0.923879 17.3 47.6173
      vertex 0.866025 16.5 47.5
      vertex 0.923879 16.5 47.6173
    endloop
  endfacet
  facet normal -0.19495 0 0.980813
    outer loop
      vertex 0.130526 17.3 47.0086
      vertex 0.258819 16.5 47.0341
      vertex 0.258819 17.3 47.0341
    endloop
  endfacet
  facet normal -0.19495 0 0.980813
    outer loop
      vertex 0.258819 16.5 47.0341
      vertex 0.130526 17.3 47.0086
      vertex 0.130526 16.5 47.0086
    endloop
  endfacet
  facet normal -0.19495 0 -0.980813
    outer loop
      vertex 0.130526 16.5 48.9914
      vertex 0.258819 17.3 48.9659
      vertex 0.258819 16.5 48.9659
    endloop
  endfacet
  facet normal -0.19495 0 -0.980813
    outer loop
      vertex 0.258819 17.3 48.9659
      vertex 0.130526 16.5 48.9914
      vertex 0.130526 17.3 48.9914
    endloop
  endfacet
  facet normal -0.831561 0 0.555434
    outer loop
      vertex 0.793353 16.5 47.3912
      vertex 0.866025 17.3 47.5
      vertex 0.793353 17.3 47.3912
    endloop
  endfacet
  facet normal -0.831561 0 0.555434
    outer loop
      vertex 0.866025 17.3 47.5
      vertex 0.793353 16.5 47.3912
      vertex 0.866025 16.5 47.5
    endloop
  endfacet
  facet normal -0.997858 0 -0.0654151
    outer loop
      vertex 1 16.5 48
      vertex 0.991445 17.3 48.1305
      vertex 1 17.3 48
    endloop
  endfacet
  facet normal -0.997858 -0 -0.0654151
    outer loop
      vertex 0.991445 17.3 48.1305
      vertex 1 16.5 48
      vertex 0.991445 16.5 48.1305
    endloop
  endfacet
  facet normal 0.831561 0 -0.555434
    outer loop
      vertex -0.793353 16.5 48.6088
      vertex -0.866025 17.3 48.5
      vertex -0.793353 17.3 48.6088
    endloop
  endfacet
  facet normal 0.831561 0 -0.555434
    outer loop
      vertex -0.866025 17.3 48.5
      vertex -0.793353 16.5 48.6088
      vertex -0.866025 16.5 48.5
    endloop
  endfacet
  facet normal -0.659574 0 -0.751639
    outer loop
      vertex 0.608761 16.5 48.7934
      vertex 0.707107 17.3 48.7071
      vertex 0.707107 16.5 48.7071
    endloop
  endfacet
  facet normal -0.659574 0 -0.751639
    outer loop
      vertex 0.707107 17.3 48.7071
      vertex 0.608761 16.5 48.7934
      vertex 0.608761 17.3 48.7934
    endloop
  endfacet
  facet normal -0.555191 0 -0.831723
    outer loop
      vertex 0.5 16.5 48.866
      vertex 0.608761 17.3 48.7934
      vertex 0.608761 16.5 48.7934
    endloop
  endfacet
  facet normal -0.555191 0 -0.831723
    outer loop
      vertex 0.608761 17.3 48.7934
      vertex 0.5 16.5 48.866
      vertex 0.5 17.3 48.866
    endloop
  endfacet
  facet normal -0.0657447 0 -0.997836
    outer loop
      vertex 0 16.5 49
      vertex 0.130526 17.3 48.9914
      vertex 0.130526 16.5 48.9914
    endloop
  endfacet
  facet normal -0.0657447 0 -0.997836
    outer loop
      vertex 0.130526 17.3 48.9914
      vertex 0 16.5 49
      vertex 0 17.3 49
    endloop
  endfacet
  facet normal -0.751691 0 0.659515
    outer loop
      vertex 0.707107 16.5 47.2929
      vertex 0.793353 17.3 47.3912
      vertex 0.707107 17.3 47.2929
    endloop
  endfacet
  facet normal -0.751691 0 0.659515
    outer loop
      vertex 0.793353 17.3 47.3912
      vertex 0.707107 16.5 47.2929
      vertex 0.793353 16.5 47.3912
    endloop
  endfacet
  facet normal 0.980786 -0 0.195087
    outer loop
      vertex -0.991445 16.5 47.8695
      vertex -0.965925 17.3 47.7412
      vertex -0.991445 17.3 47.8695
    endloop
  endfacet
  facet normal 0.980786 0 0.195087
    outer loop
      vertex -0.965925 17.3 47.7412
      vertex -0.991445 16.5 47.8695
      vertex -0.965925 16.5 47.7412
    endloop
  endfacet
  facet normal 0.442569 0 -0.896734
    outer loop
      vertex -0.5 16.5 48.866
      vertex -0.382683 17.3 48.9239
      vertex -0.382683 16.5 48.9239
    endloop
  endfacet
  facet normal 0.442569 0 -0.896734
    outer loop
      vertex -0.382683 17.3 48.9239
      vertex -0.5 16.5 48.866
      vertex -0.5 17.3 48.866
    endloop
  endfacet
  facet normal -0.831561 0 -0.555434
    outer loop
      vertex 0.866025 16.5 48.5
      vertex 0.793353 17.3 48.6088
      vertex 0.866025 17.3 48.5
    endloop
  endfacet
  facet normal -0.831561 -0 -0.555434
    outer loop
      vertex 0.793353 17.3 48.6088
      vertex 0.866025 16.5 48.5
      vertex 0.793353 16.5 48.6088
    endloop
  endfacet
  facet normal -0.980786 0 -0.195087
    outer loop
      vertex 0.991445 16.5 48.1305
      vertex 0.965925 17.3 48.2588
      vertex 0.991445 17.3 48.1305
    endloop
  endfacet
  facet normal -0.980786 -0 -0.195087
    outer loop
      vertex 0.965925 17.3 48.2588
      vertex 0.991445 16.5 48.1305
      vertex 0.965925 16.5 48.2588
    endloop
  endfacet
  facet normal -0.4425 0 -0.896768
    outer loop
      vertex 0.688829 17.3 49.663
      vertex 0.9 17.6 49.5588
      vertex 0.9 17.3 49.5588
    endloop
  endfacet
  facet normal -0.4425 0 -0.896768
    outer loop
      vertex 0.9 17.6 49.5588
      vertex 0.688829 17.3 49.663
      vertex 0.688829 17.6 49.663
    endloop
  endfacet
  facet normal 0.19495 0 0.980813
    outer loop
      vertex -0.465874 17.6 46.2613
      vertex -0.234946 17.3 46.2154
      vertex -0.234946 17.6 46.2154
    endloop
  endfacet
  facet normal 0.19495 0 0.980813
    outer loop
      vertex -0.234946 17.3 46.2154
      vertex -0.465874 17.6 46.2613
      vertex -0.465874 17.3 46.2613
    endloop
  endfacet
  facet normal 0.0654066 0 0.997859
    outer loop
      vertex -0.234946 17.6 46.2154
      vertex 0 17.3 46.2
      vertex 0 17.6 46.2
    endloop
  endfacet
  facet normal 0.0654066 0 0.997859
    outer loop
      vertex 0 17.3 46.2
      vertex -0.234946 17.6 46.2154
      vertex -0.234946 17.3 46.2154
    endloop
  endfacet
  facet normal 0.321504 0 0.946908
    outer loop
      vertex -0.688829 17.6 46.337
      vertex -0.465874 17.3 46.2613
      vertex -0.465874 17.6 46.2613
    endloop
  endfacet
  facet normal 0.321504 0 0.946908
    outer loop
      vertex -0.465874 17.3 46.2613
      vertex -0.688829 17.6 46.337
      vertex -0.688829 17.3 46.337
    endloop
  endfacet
  facet normal 0.4425 0 -0.896768
    outer loop
      vertex -0.9 17.3 49.5588
      vertex -0.688829 17.6 49.663
      vertex -0.688829 17.3 49.663
    endloop
  endfacet
  facet normal 0.4425 0 -0.896768
    outer loop
      vertex -0.688829 17.6 49.663
      vertex -0.9 17.3 49.5588
      vertex -0.9 17.6 49.5588
    endloop
  endfacet
  facet normal -0.751787 0 0.659406
    outer loop
      vertex 1.27279 17.3 46.7272
      vertex 1.42804 17.6 46.9042
      vertex 1.27279 17.6 46.7272
    endloop
  endfacet
  facet normal -0.751787 0 0.659406
    outer loop
      vertex 1.42804 17.6 46.9042
      vertex 1.27279 17.3 46.7272
      vertex 1.42804 17.3 46.9042
    endloop
  endfacet
  facet normal -0.659244 0 -0.751929
    outer loop
      vertex 1.09577 17.3 49.428
      vertex 1.27279 17.6 49.2728
      vertex 1.27279 17.3 49.2728
    endloop
  endfacet
  facet normal -0.659244 0 -0.751929
    outer loop
      vertex 1.27279 17.6 49.2728
      vertex 1.09577 17.3 49.428
      vertex 1.09577 17.6 49.428
    endloop
  endfacet
  facet normal 0.946897 -0 0.321537
    outer loop
      vertex -1.73867 17.3 47.5341
      vertex -1.66298 17.6 47.3112
      vertex -1.73867 17.6 47.5341
    endloop
  endfacet
  facet normal 0.946897 0 0.321537
    outer loop
      vertex -1.66298 17.6 47.3112
      vertex -1.73867 17.3 47.5341
      vertex -1.66298 17.3 47.3112
    endloop
  endfacet
  facet normal -0.0654066 0 0.997859
    outer loop
      vertex 0 17.6 46.2
      vertex 0.234946 17.3 46.2154
      vertex 0.234946 17.6 46.2154
    endloop
  endfacet
  facet normal -0.0654066 0 0.997859
    outer loop
      vertex 0.234946 17.3 46.2154
      vertex 0 17.6 46.2
      vertex 0 17.3 46.2
    endloop
  endfacet
  facet normal -0.946897 0 0.321537
    outer loop
      vertex 1.66298 17.3 47.3112
      vertex 1.73867 17.6 47.5341
      vertex 1.66298 17.6 47.3112
    endloop
  endfacet
  facet normal -0.946897 0 0.321537
    outer loop
      vertex 1.73867 17.6 47.5341
      vertex 1.66298 17.3 47.3112
      vertex 1.73867 17.3 47.5341
    endloop
  endfacet
  facet normal -0.831508 0 0.555513
    outer loop
      vertex 1.42804 17.3 46.9042
      vertex 1.55885 17.6 47.1
      vertex 1.42804 17.6 46.9042
    endloop
  endfacet
  facet normal -0.831508 0 0.555513
    outer loop
      vertex 1.55885 17.6 47.1
      vertex 1.42804 17.3 46.9042
      vertex 1.55885 17.3 47.1
    endloop
  endfacet
  facet normal 0.4425 0 0.896768
    outer loop
      vertex -0.9 17.6 46.4412
      vertex -0.688829 17.3 46.337
      vertex -0.688829 17.6 46.337
    endloop
  endfacet
  facet normal 0.4425 0 0.896768
    outer loop
      vertex -0.688829 17.3 46.337
      vertex -0.9 17.6 46.4412
      vertex -0.9 17.3 46.4412
    endloop
  endfacet
  facet normal -0.555543 0 0.831488
    outer loop
      vertex 0.9 17.6 46.4412
      vertex 1.09577 17.3 46.572
      vertex 1.09577 17.6 46.572
    endloop
  endfacet
  facet normal -0.555543 0 0.831488
    outer loop
      vertex 1.09577 17.3 46.572
      vertex 0.9 17.6 46.4412
      vertex 0.9 17.3 46.4412
    endloop
  endfacet
  facet normal 0.89691 -0 0.442212
    outer loop
      vertex -1.66298 17.3 47.3112
      vertex -1.55885 17.6 47.1
      vertex -1.66298 17.6 47.3112
    endloop
  endfacet
  facet normal 0.89691 0 0.442212
    outer loop
      vertex -1.55885 17.6 47.1
      vertex -1.66298 17.3 47.3112
      vertex -1.55885 17.3 47.1
    endloop
  endfacet
  facet normal -0.19495 0 0.980813
    outer loop
      vertex 0.234946 17.6 46.2154
      vertex 0.465874 17.3 46.2613
      vertex 0.465874 17.6 46.2613
    endloop
  endfacet
  facet normal -0.19495 0 0.980813
    outer loop
      vertex 0.465874 17.3 46.2613
      vertex 0.234946 17.6 46.2154
      vertex 0.234946 17.3 46.2154
    endloop
  endfacet
  facet normal -0.659244 0 0.751929
    outer loop
      vertex 1.09577 17.6 46.572
      vertex 1.27279 17.3 46.7272
      vertex 1.27279 17.6 46.7272
    endloop
  endfacet
  facet normal -0.659244 0 0.751929
    outer loop
      vertex 1.27279 17.3 46.7272
      vertex 1.09577 17.6 46.572
      vertex 1.09577 17.3 46.572
    endloop
  endfacet
  facet normal 0.980801 0 -0.195014
    outer loop
      vertex -1.73867 17.3 48.4659
      vertex -1.7846 17.6 48.2349
      vertex -1.73867 17.6 48.4659
    endloop
  endfacet
  facet normal 0.980801 0 -0.195014
    outer loop
      vertex -1.7846 17.6 48.2349
      vertex -1.73867 17.3 48.4659
      vertex -1.7846 17.3 48.2349
    endloop
  endfacet
  facet normal 0.751787 0 -0.659406
    outer loop
      vertex -1.27279 17.3 49.2728
      vertex -1.42804 17.6 49.0958
      vertex -1.27279 17.6 49.2728
    endloop
  endfacet
  facet normal 0.751787 0 -0.659406
    outer loop
      vertex -1.42804 17.6 49.0958
      vertex -1.27279 17.3 49.2728
      vertex -1.42804 17.3 49.0958
    endloop
  endfacet
  facet normal 0.89691 0 -0.442212
    outer loop
      vertex -1.55885 17.3 48.9
      vertex -1.66298 17.6 48.6888
      vertex -1.55885 17.6 48.9
    endloop
  endfacet
  facet normal 0.89691 0 -0.442212
    outer loop
      vertex -1.66298 17.6 48.6888
      vertex -1.55885 17.3 48.9
      vertex -1.66298 17.3 48.6888
    endloop
  endfacet
  facet normal 0.555543 0 -0.831488
    outer loop
      vertex -1.09577 17.3 49.428
      vertex -0.9 17.6 49.5588
      vertex -0.9 17.3 49.5588
    endloop
  endfacet
  facet normal 0.555543 0 -0.831488
    outer loop
      vertex -0.9 17.6 49.5588
      vertex -1.09577 17.3 49.428
      vertex -1.09577 17.6 49.428
    endloop
  endfacet
  facet normal 0.555543 0 0.831488
    outer loop
      vertex -1.09577 17.6 46.572
      vertex -0.9 17.3 46.4412
      vertex -0.9 17.6 46.4412
    endloop
  endfacet
  facet normal 0.555543 0 0.831488
    outer loop
      vertex -0.9 17.3 46.4412
      vertex -1.09577 17.6 46.572
      vertex -1.09577 17.3 46.572
    endloop
  endfacet
  facet normal -0.980801 0 0.195014
    outer loop
      vertex 1.73867 17.3 47.5341
      vertex 1.7846 17.6 47.7651
      vertex 1.73867 17.6 47.5341
    endloop
  endfacet
  facet normal -0.980801 0 0.195014
    outer loop
      vertex 1.7846 17.6 47.7651
      vertex 1.73867 17.3 47.5341
      vertex 1.7846 17.3 47.7651
    endloop
  endfacet
  facet normal -0.980801 0 -0.195014
    outer loop
      vertex 1.7846 17.3 48.2349
      vertex 1.73867 17.6 48.4659
      vertex 1.7846 17.6 48.2349
    endloop
  endfacet
  facet normal -0.980801 -0 -0.195014
    outer loop
      vertex 1.73867 17.6 48.4659
      vertex 1.7846 17.3 48.2349
      vertex 1.73867 17.3 48.4659
    endloop
  endfacet
  facet normal 0.321504 0 -0.946908
    outer loop
      vertex -0.688829 17.3 49.663
      vertex -0.465874 17.6 49.7387
      vertex -0.465874 17.3 49.7387
    endloop
  endfacet
  facet normal 0.321504 0 -0.946908
    outer loop
      vertex -0.465874 17.6 49.7387
      vertex -0.688829 17.3 49.663
      vertex -0.688829 17.6 49.663
    endloop
  endfacet
  facet normal 0.751787 -0 0.659406
    outer loop
      vertex -1.42804 17.3 46.9042
      vertex -1.27279 17.6 46.7272
      vertex -1.42804 17.6 46.9042
    endloop
  endfacet
  facet normal 0.751787 0 0.659406
    outer loop
      vertex -1.27279 17.6 46.7272
      vertex -1.42804 17.3 46.9042
      vertex -1.27279 17.3 46.7272
    endloop
  endfacet
  facet normal 0.831508 0 -0.555513
    outer loop
      vertex -1.42804 17.3 49.0958
      vertex -1.55885 17.6 48.9
      vertex -1.42804 17.6 49.0958
    endloop
  endfacet
  facet normal 0.831508 0 -0.555513
    outer loop
      vertex -1.55885 17.6 48.9
      vertex -1.42804 17.3 49.0958
      vertex -1.55885 17.3 48.9
    endloop
  endfacet
  facet normal 0.19495 0 -0.980813
    outer loop
      vertex -0.465874 17.3 49.7387
      vertex -0.234946 17.6 49.7846
      vertex -0.234946 17.3 49.7846
    endloop
  endfacet
  facet normal 0.19495 0 -0.980813
    outer loop
      vertex -0.234946 17.6 49.7846
      vertex -0.465874 17.3 49.7387
      vertex -0.465874 17.6 49.7387
    endloop
  endfacet
  facet normal 0 1 0
    outer loop
      vertex 0 17.3 49
      vertex 0 17.3 49.8
      vertex 0.234946 17.3 49.7846
    endloop
  endfacet
  facet normal 0 1 0
    outer loop
      vertex 0.130526 17.3 48.9914
      vertex 0.234946 17.3 49.7846
      vertex 0.465874 17.3 49.7387
    endloop
  endfacet
  facet normal 0 1 0
    outer loop
      vertex 0 17.3 49.8
      vertex 0 17.3 49
      vertex -0.234946 17.3 49.7846
    endloop
  endfacet
  facet normal 0 1 0
    outer loop
      vertex 0.258819 17.3 48.9659
      vertex 0.465874 17.3 49.7387
      vertex 0.688829 17.3 49.663
    endloop
  endfacet
  facet normal 0 1 -0
    outer loop
      vertex -0.130526 17.3 48.9914
      vertex -0.234946 17.3 49.7846
      vertex 0 17.3 49
    endloop
  endfacet
  facet normal 0 1 0
    outer loop
      vertex 0.382683 17.3 48.9239
      vertex 0.688829 17.3 49.663
      vertex 0.9 17.3 49.5588
    endloop
  endfacet
  facet normal 0 1 0
    outer loop
      vertex -0.234946 17.3 49.7846
      vertex -0.130526 17.3 48.9914
      vertex -0.465874 17.3 49.7387
    endloop
  endfacet
  facet normal 0 1 0
    outer loop
      vertex 0.5 17.3 48.866
      vertex 0.9 17.3 49.5588
      vertex 1.09577 17.3 49.428
    endloop
  endfacet
  facet normal 0 1 -0
    outer loop
      vertex -0.258819 17.3 48.9659
      vertex -0.465874 17.3 49.7387
      vertex -0.130526 17.3 48.9914
    endloop
  endfacet
  facet normal 0 1 0
    outer loop
      vertex 0.608761 17.3 48.7934
      vertex 1.09577 17.3 49.428
      vertex 1.27279 17.3 49.2728
    endloop
  endfacet
  facet normal 0 1 0
    outer loop
      vertex -0.465874 17.3 49.7387
      vertex -0.258819 17.3 48.9659
      vertex -0.688829 17.3 49.663
    endloop
  endfacet
  facet normal 0 1 0
    outer loop
      vertex 0.707107 17.3 48.7071
      vertex 1.27279 17.3 49.2728
      vertex 1.42804 17.3 49.0958
    endloop
  endfacet
  facet normal 0 1 -0
    outer loop
      vertex -0.382683 17.3 48.9239
      vertex -0.688829 17.3 49.663
      vertex -0.258819 17.3 48.9659
    endloop
  endfacet
  facet normal 0 1 0
    outer loop
      vertex -0.688829 17.3 49.663
      vertex -0.382683 17.3 48.9239
      vertex -0.9 17.3 49.5588
    endloop
  endfacet
  facet normal 0 1 0
    outer loop
      vertex 0.234946 17.3 49.7846
      vertex 0.130526 17.3 48.9914
      vertex 0 17.3 49
    endloop
  endfacet
  facet normal 0 1 0
    outer loop
      vertex 0.465874 17.3 49.7387
      vertex 0.258819 17.3 48.9659
      vertex 0.130526 17.3 48.9914
    endloop
  endfacet
  facet normal 0 1 0
    outer loop
      vertex 0.688829 17.3 49.663
      vertex 0.382683 17.3 48.9239
      vertex 0.258819 17.3 48.9659
    endloop
  endfacet
  facet normal 0 1 0
    outer loop
      vertex 0.793353 17.3 48.6088
      vertex 1.42804 17.3 49.0958
      vertex 1.55885 17.3 48.9
    endloop
  endfacet
  facet normal 0 1 0
    outer loop
      vertex 0.9 17.3 49.5588
      vertex 0.5 17.3 48.866
      vertex 0.382683 17.3 48.9239
    endloop
  endfacet
  facet normal 0 1 0
    outer loop
      vertex 1.09577 17.3 49.428
      vertex 0.608761 17.3 48.7934
      vertex 0.5 17.3 48.866
    endloop
  endfacet
  facet normal 0 1 0
    outer loop
      vertex 1.27279 17.3 49.2728
      vertex 0.707107 17.3 48.7071
      vertex 0.608761 17.3 48.7934
    endloop
  endfacet
  facet normal 0 1 0
    outer loop
      vertex 0.866025 17.3 48.5
      vertex 1.55885 17.3 48.9
      vertex 1.66298 17.3 48.6888
    endloop
  endfacet
  facet normal 0 1 0
    outer loop
      vertex 1.42804 17.3 49.0958
      vertex 0.793353 17.3 48.6088
      vertex 0.707107 17.3 48.7071
    endloop
  endfacet
  facet normal 0 1 0
    outer loop
      vertex 1.55885 17.3 48.9
      vertex 0.866025 17.3 48.5
      vertex 0.793353 17.3 48.6088
    endloop
  endfacet
  facet normal 0 1 0
    outer loop
      vertex 0.923879 17.3 48.3827
      vertex 1.66298 17.3 48.6888
      vertex 1.73867 17.3 48.4659
    endloop
  endfacet
  facet normal 0 1 0
    outer loop
      vertex 1.66298 17.3 48.6888
      vertex 0.923879 17.3 48.3827
      vertex 0.866025 17.3 48.5
    endloop
  endfacet
  facet normal 0 1 0
    outer loop
      vertex 1.73867 17.3 48.4659
      vertex 0.965925 17.3 48.2588
      vertex 0.923879 17.3 48.3827
    endloop
  endfacet
  facet normal 0 1 0
    outer loop
      vertex 1.7846 17.3 48.2349
      vertex 0.965925 17.3 48.2588
      vertex 1.73867 17.3 48.4659
    endloop
  endfacet
  facet normal 0 1 0
    outer loop
      vertex 1.7846 17.3 48.2349
      vertex 0.991445 17.3 48.1305
      vertex 0.965925 17.3 48.2588
    endloop
  endfacet
  facet normal 0 1 0
    outer loop
      vertex 1.8 17.3 48
      vertex 0.991445 17.3 48.1305
      vertex 1.7846 17.3 48.2349
    endloop
  endfacet
  facet normal 0 1 0
    outer loop
      vertex 1.8 17.3 48
      vertex 1 17.3 48
      vertex 0.991445 17.3 48.1305
    endloop
  endfacet
  facet normal 0 1 0
    outer loop
      vertex 1.8 17.3 48
      vertex 0.991445 17.3 47.8695
      vertex 1 17.3 48
    endloop
  endfacet
  facet normal 0 1 -0
    outer loop
      vertex 1.7846 17.3 47.7651
      vertex 0.991445 17.3 47.8695
      vertex 1.8 17.3 48
    endloop
  endfacet
  facet normal 0 1 0
    outer loop
      vertex 1.7846 17.3 47.7651
      vertex 0.965925 17.3 47.7412
      vertex 0.991445 17.3 47.8695
    endloop
  endfacet
  facet normal 0 1 -0
    outer loop
      vertex 1.73867 17.3 47.5341
      vertex 0.965925 17.3 47.7412
      vertex 1.7846 17.3 47.7651
    endloop
  endfacet
  facet normal 0 1 0
    outer loop
      vertex 0.965925 17.3 47.7412
      vertex 1.73867 17.3 47.5341
      vertex 0.923879 17.3 47.6173
    endloop
  endfacet
  facet normal 0 1 -0
    outer loop
      vertex 1.66298 17.3 47.3112
      vertex 0.923879 17.3 47.6173
      vertex 1.73867 17.3 47.5341
    endloop
  endfacet
  facet normal 0 1 0
    outer loop
      vertex 0.923879 17.3 47.6173
      vertex 1.66298 17.3 47.3112
      vertex 0.866025 17.3 47.5
    endloop
  endfacet
  facet normal 0 1 -0
    outer loop
      vertex 1.55885 17.3 47.1
      vertex 0.866025 17.3 47.5
      vertex 1.66298 17.3 47.3112
    endloop
  endfacet
  facet normal 0 1 0
    outer loop
      vertex 0.866025 17.3 47.5
      vertex 1.55885 17.3 47.1
      vertex 0.793353 17.3 47.3912
    endloop
  endfacet
  facet normal 0 1 -0
    outer loop
      vertex 1.42804 17.3 46.9042
      vertex 0.793353 17.3 47.3912
      vertex 1.55885 17.3 47.1
    endloop
  endfacet
  facet normal 0 1 0
    outer loop
      vertex 0.793353 17.3 47.3912
      vertex 1.42804 17.3 46.9042
      vertex 0.707107 17.3 47.2929
    endloop
  endfacet
  facet normal 0 1 -0
    outer loop
      vertex 1.27279 17.3 46.7272
      vertex 0.707107 17.3 47.2929
      vertex 1.42804 17.3 46.9042
    endloop
  endfacet
  facet normal 0 1 0
    outer loop
      vertex 0.707107 17.3 47.2929
      vertex 1.27279 17.3 46.7272
      vertex 0.608761 17.3 47.2066
    endloop
  endfacet
  facet normal 0 1 -0
    outer loop
      vertex 1.09577 17.3 46.572
      vertex 0.608761 17.3 47.2066
      vertex 1.27279 17.3 46.7272
    endloop
  endfacet
  facet normal 0 1 0
    outer loop
      vertex 0.608761 17.3 47.2066
      vertex 1.09577 17.3 46.572
      vertex 0.5 17.3 47.134
    endloop
  endfacet
  facet normal 0 1 -0
    outer loop
      vertex 0.9 17.3 46.4412
      vertex 0.5 17.3 47.134
      vertex 1.09577 17.3 46.572
    endloop
  endfacet
  facet normal 0 1 0
    outer loop
      vertex 0.5 17.3 47.134
      vertex 0.9 17.3 46.4412
      vertex 0.382683 17.3 47.0761
    endloop
  endfacet
  facet normal 0 1 -0
    outer loop
      vertex -0.5 17.3 48.866
      vertex -0.9 17.3 49.5588
      vertex -0.382683 17.3 48.9239
    endloop
  endfacet
  facet normal 0 1 0
    outer loop
      vertex -0.9 17.3 49.5588
      vertex -0.5 17.3 48.866
      vertex -1.09577 17.3 49.428
    endloop
  endfacet
  facet normal 0 1 -0
    outer loop
      vertex -0.608761 17.3 48.7934
      vertex -1.09577 17.3 49.428
      vertex -0.5 17.3 48.866
    endloop
  endfacet
  facet normal 0 1 0
    outer loop
      vertex -1.09577 17.3 49.428
      vertex -0.608761 17.3 48.7934
      vertex -1.27279 17.3 49.2728
    endloop
  endfacet
  facet normal 0 1 -0
    outer loop
      vertex -0.707107 17.3 48.7071
      vertex -1.27279 17.3 49.2728
      vertex -0.608761 17.3 48.7934
    endloop
  endfacet
  facet normal 0 1 0
    outer loop
      vertex -1.27279 17.3 49.2728
      vertex -0.707107 17.3 48.7071
      vertex -1.42804 17.3 49.0958
    endloop
  endfacet
  facet normal 0 1 -0
    outer loop
      vertex -0.793353 17.3 48.6088
      vertex -1.42804 17.3 49.0958
      vertex -0.707107 17.3 48.7071
    endloop
  endfacet
  facet normal 0 1 0
    outer loop
      vertex -1.42804 17.3 49.0958
      vertex -0.793353 17.3 48.6088
      vertex -1.55885 17.3 48.9
    endloop
  endfacet
  facet normal 0 1 -0
    outer loop
      vertex -0.866025 17.3 48.5
      vertex -1.55885 17.3 48.9
      vertex -0.793353 17.3 48.6088
    endloop
  endfacet
  facet normal 0 1 0
    outer loop
      vertex -1.55885 17.3 48.9
      vertex -0.866025 17.3 48.5
      vertex -1.66298 17.3 48.6888
    endloop
  endfacet
  facet normal 0 1 -0
    outer loop
      vertex -0.923879 17.3 48.3827
      vertex -1.66298 17.3 48.6888
      vertex -0.866025 17.3 48.5
    endloop
  endfacet
  facet normal 0 1 0
    outer loop
      vertex -1.66298 17.3 48.6888
      vertex -0.923879 17.3 48.3827
      vertex -1.73867 17.3 48.4659
    endloop
  endfacet
  facet normal 0 1 -0
    outer loop
      vertex -0.965925 17.3 48.2588
      vertex -1.73867 17.3 48.4659
      vertex -0.923879 17.3 48.3827
    endloop
  endfacet
  facet normal 0 1 0
    outer loop
      vertex -0.965925 17.3 48.2588
      vertex -1.7846 17.3 48.2349
      vertex -1.73867 17.3 48.4659
    endloop
  endfacet
  facet normal 0 1 -0
    outer loop
      vertex -0.991445 17.3 48.1305
      vertex -1.7846 17.3 48.2349
      vertex -0.965925 17.3 48.2588
    endloop
  endfacet
  facet normal 0 1 -0
    outer loop
      vertex -1 17.3 48
      vertex -1.7846 17.3 48.2349
      vertex -0.991445 17.3 48.1305
    endloop
  endfacet
  facet normal 0 1 0
    outer loop
      vertex -1 17.3 48
      vertex -1.8 17.3 48
      vertex -1.7846 17.3 48.2349
    endloop
  endfacet
  facet normal 0 1 0
    outer loop
      vertex -0.991445 17.3 47.8695
      vertex -1.8 17.3 48
      vertex -1 17.3 48
    endloop
  endfacet
  facet normal 0 1 0
    outer loop
      vertex -0.991445 17.3 47.8695
      vertex -1.7846 17.3 47.7651
      vertex -1.8 17.3 48
    endloop
  endfacet
  facet normal 0 1 0
    outer loop
      vertex -0.965925 17.3 47.7412
      vertex -1.7846 17.3 47.7651
      vertex -0.991445 17.3 47.8695
    endloop
  endfacet
  facet normal 0 1 0
    outer loop
      vertex -1.73867 17.3 47.5341
      vertex -0.965925 17.3 47.7412
      vertex -0.923879 17.3 47.6173
    endloop
  endfacet
  facet normal 0 1 0
    outer loop
      vertex -0.965925 17.3 47.7412
      vertex -1.73867 17.3 47.5341
      vertex -1.7846 17.3 47.7651
    endloop
  endfacet
  facet normal 0 1 0
    outer loop
      vertex -1.66298 17.3 47.3112
      vertex -0.923879 17.3 47.6173
      vertex -0.866025 17.3 47.5
    endloop
  endfacet
  facet normal 0 1 0
    outer loop
      vertex -1.55885 17.3 47.1
      vertex -0.866025 17.3 47.5
      vertex -0.793353 17.3 47.3912
    endloop
  endfacet
  facet normal 0 1 0
    outer loop
      vertex -0.923879 17.3 47.6173
      vertex -1.66298 17.3 47.3112
      vertex -1.73867 17.3 47.5341
    endloop
  endfacet
  facet normal 0 1 0
    outer loop
      vertex -1.42804 17.3 46.9042
      vertex -0.793353 17.3 47.3912
      vertex -0.707107 17.3 47.2929
    endloop
  endfacet
  facet normal 0 1 0
    outer loop
      vertex -1.27279 17.3 46.7272
      vertex -0.707107 17.3 47.2929
      vertex -0.608761 17.3 47.2066
    endloop
  endfacet
  facet normal 0 1 0
    outer loop
      vertex -1.09577 17.3 46.572
      vertex -0.608761 17.3 47.2066
      vertex -0.5 17.3 47.134
    endloop
  endfacet
  facet normal 0 1 0
    outer loop
      vertex -0.866025 17.3 47.5
      vertex -1.55885 17.3 47.1
      vertex -1.66298 17.3 47.3112
    endloop
  endfacet
  facet normal 0 1 0
    outer loop
      vertex -0.9 17.3 46.4412
      vertex -0.5 17.3 47.134
      vertex -0.382683 17.3 47.0761
    endloop
  endfacet
  facet normal 0 1 0
    outer loop
      vertex -0.688829 17.3 46.337
      vertex -0.382683 17.3 47.0761
      vertex -0.258819 17.3 47.0341
    endloop
  endfacet
  facet normal 0 1 0
    outer loop
      vertex -0.465874 17.3 46.2613
      vertex -0.258819 17.3 47.0341
      vertex -0.130526 17.3 47.0086
    endloop
  endfacet
  facet normal 0 1 0
    outer loop
      vertex -0.234946 17.3 46.2154
      vertex -0.130526 17.3 47.0086
      vertex 0 17.3 47
    endloop
  endfacet
  facet normal 0 1 -0
    outer loop
      vertex 0.688829 17.3 46.337
      vertex 0.382683 17.3 47.0761
      vertex 0.9 17.3 46.4412
    endloop
  endfacet
  facet normal 0 1 0
    outer loop
      vertex -0.793353 17.3 47.3912
      vertex -1.42804 17.3 46.9042
      vertex -1.55885 17.3 47.1
    endloop
  endfacet
  facet normal 0 1 0
    outer loop
      vertex 0.382683 17.3 47.0761
      vertex 0.688829 17.3 46.337
      vertex 0.258819 17.3 47.0341
    endloop
  endfacet
  facet normal 0 1 0
    outer loop
      vertex -0.707107 17.3 47.2929
      vertex -1.27279 17.3 46.7272
      vertex -1.42804 17.3 46.9042
    endloop
  endfacet
  facet normal 0 1 -0
    outer loop
      vertex 0.465874 17.3 46.2613
      vertex 0.258819 17.3 47.0341
      vertex 0.688829 17.3 46.337
    endloop
  endfacet
  facet normal 0 1 0
    outer loop
      vertex -0.608761 17.3 47.2066
      vertex -1.09577 17.3 46.572
      vertex -1.27279 17.3 46.7272
    endloop
  endfacet
  facet normal 0 1 0
    outer loop
      vertex 0.258819 17.3 47.0341
      vertex 0.465874 17.3 46.2613
      vertex 0.130526 17.3 47.0086
    endloop
  endfacet
  facet normal 0 1 0
    outer loop
      vertex -0.5 17.3 47.134
      vertex -0.9 17.3 46.4412
      vertex -1.09577 17.3 46.572
    endloop
  endfacet
  facet normal 0 1 -0
    outer loop
      vertex 0.234946 17.3 46.2154
      vertex 0.130526 17.3 47.0086
      vertex 0.465874 17.3 46.2613
    endloop
  endfacet
  facet normal 0 1 0
    outer loop
      vertex -0.382683 17.3 47.0761
      vertex -0.688829 17.3 46.337
      vertex -0.9 17.3 46.4412
    endloop
  endfacet
  facet normal 0 1 0
    outer loop
      vertex 0.130526 17.3 47.0086
      vertex 0.234946 17.3 46.2154
      vertex 0 17.3 47
    endloop
  endfacet
  facet normal 0 1 0
    outer loop
      vertex -0.258819 17.3 47.0341
      vertex -0.465874 17.3 46.2613
      vertex -0.688829 17.3 46.337
    endloop
  endfacet
  facet normal 0 1 0
    outer loop
      vertex 0 17.3 46.2
      vertex 0 17.3 47
      vertex 0.234946 17.3 46.2154
    endloop
  endfacet
  facet normal 0 1 0
    outer loop
      vertex -0.130526 17.3 47.0086
      vertex -0.234946 17.3 46.2154
      vertex -0.465874 17.3 46.2613
    endloop
  endfacet
  facet normal 0 1 0
    outer loop
      vertex 0 17.3 47
      vertex 0 17.3 46.2
      vertex -0.234946 17.3 46.2154
    endloop
  endfacet
  facet normal -0.321504 0 -0.946908
    outer loop
      vertex 0.465874 17.3 49.7387
      vertex 0.688829 17.6 49.663
      vertex 0.688829 17.3 49.663
    endloop
  endfacet
  facet normal -0.321504 0 -0.946908
    outer loop
      vertex 0.688829 17.6 49.663
      vertex 0.465874 17.3 49.7387
      vertex 0.465874 17.6 49.7387
    endloop
  endfacet
  facet normal 0.659244 0 0.751929
    outer loop
      vertex -1.27279 17.6 46.7272
      vertex -1.09577 17.3 46.572
      vertex -1.09577 17.6 46.572
    endloop
  endfacet
  facet normal 0.659244 0 0.751929
    outer loop
      vertex -1.09577 17.3 46.572
      vertex -1.27279 17.6 46.7272
      vertex -1.27279 17.3 46.7272
    endloop
  endfacet
  facet normal -0.89691 0 0.442212
    outer loop
      vertex 1.55885 17.3 47.1
      vertex 1.66298 17.6 47.3112
      vertex 1.55885 17.6 47.1
    endloop
  endfacet
  facet normal -0.89691 0 0.442212
    outer loop
      vertex 1.66298 17.6 47.3112
      vertex 1.55885 17.3 47.1
      vertex 1.66298 17.3 47.3112
    endloop
  endfacet
  facet normal -0.997858 0 -0.0654194
    outer loop
      vertex 1.8 17.3 48
      vertex 1.7846 17.6 48.2349
      vertex 1.8 17.6 48
    endloop
  endfacet
  facet normal -0.997858 -0 -0.0654194
    outer loop
      vertex 1.7846 17.6 48.2349
      vertex 1.8 17.3 48
      vertex 1.7846 17.3 48.2349
    endloop
  endfacet
  facet normal 0.831508 -0 0.555513
    outer loop
      vertex -1.55885 17.3 47.1
      vertex -1.42804 17.6 46.9042
      vertex -1.55885 17.6 47.1
    endloop
  endfacet
  facet normal 0.831508 0 0.555513
    outer loop
      vertex -1.42804 17.6 46.9042
      vertex -1.55885 17.3 47.1
      vertex -1.42804 17.3 46.9042
    endloop
  endfacet
  facet normal 0.0654066 0 -0.997859
    outer loop
      vertex -0.234946 17.3 49.7846
      vertex 0 17.6 49.8
      vertex 0 17.3 49.8
    endloop
  endfacet
  facet normal 0.0654066 0 -0.997859
    outer loop
      vertex 0 17.6 49.8
      vertex -0.234946 17.3 49.7846
      vertex -0.234946 17.6 49.7846
    endloop
  endfacet
  facet normal -0.0654066 0 -0.997859
    outer loop
      vertex 0 17.3 49.8
      vertex 0.234946 17.6 49.7846
      vertex 0.234946 17.3 49.7846
    endloop
  endfacet
  facet normal -0.0654066 0 -0.997859
    outer loop
      vertex 0.234946 17.6 49.7846
      vertex 0 17.3 49.8
      vertex 0 17.6 49.8
    endloop
  endfacet
  facet normal 0.980801 -0 0.195014
    outer loop
      vertex -1.7846 17.3 47.7651
      vertex -1.73867 17.6 47.5341
      vertex -1.7846 17.6 47.7651
    endloop
  endfacet
  facet normal 0.980801 0 0.195014
    outer loop
      vertex -1.73867 17.6 47.5341
      vertex -1.7846 17.3 47.7651
      vertex -1.73867 17.3 47.5341
    endloop
  endfacet
  facet normal -0.321504 0 0.946908
    outer loop
      vertex 0.465874 17.6 46.2613
      vertex 0.688829 17.3 46.337
      vertex 0.688829 17.6 46.337
    endloop
  endfacet
  facet normal -0.321504 0 0.946908
    outer loop
      vertex 0.688829 17.3 46.337
      vertex 0.465874 17.6 46.2613
      vertex 0.465874 17.3 46.2613
    endloop
  endfacet
  facet normal -0.4425 0 0.896768
    outer loop
      vertex 0.688829 17.6 46.337
      vertex 0.9 17.3 46.4412
      vertex 0.9 17.6 46.4412
    endloop
  endfacet
  facet normal -0.4425 0 0.896768
    outer loop
      vertex 0.9 17.3 46.4412
      vertex 0.688829 17.6 46.337
      vertex 0.688829 17.3 46.337
    endloop
  endfacet
  facet normal 0.946897 0 -0.321537
    outer loop
      vertex -1.66298 17.3 48.6888
      vertex -1.73867 17.6 48.4659
      vertex -1.66298 17.6 48.6888
    endloop
  endfacet
  facet normal 0.946897 0 -0.321537
    outer loop
      vertex -1.73867 17.6 48.4659
      vertex -1.66298 17.3 48.6888
      vertex -1.73867 17.3 48.4659
    endloop
  endfacet
  facet normal 0.997858 -0 0.0654194
    outer loop
      vertex -1.8 17.3 48
      vertex -1.7846 17.6 47.7651
      vertex -1.8 17.6 48
    endloop
  endfacet
  facet normal 0.997858 0 0.0654194
    outer loop
      vertex -1.7846 17.6 47.7651
      vertex -1.8 17.3 48
      vertex -1.7846 17.3 47.7651
    endloop
  endfacet
  facet normal -0.946897 0 -0.321537
    outer loop
      vertex 1.73867 17.3 48.4659
      vertex 1.66298 17.6 48.6888
      vertex 1.73867 17.6 48.4659
    endloop
  endfacet
  facet normal -0.946897 -0 -0.321537
    outer loop
      vertex 1.66298 17.6 48.6888
      vertex 1.73867 17.3 48.4659
      vertex 1.66298 17.3 48.6888
    endloop
  endfacet
  facet normal -0.19495 0 -0.980813
    outer loop
      vertex 0.234946 17.3 49.7846
      vertex 0.465874 17.6 49.7387
      vertex 0.465874 17.3 49.7387
    endloop
  endfacet
  facet normal -0.19495 0 -0.980813
    outer loop
      vertex 0.465874 17.6 49.7387
      vertex 0.234946 17.3 49.7846
      vertex 0.234946 17.6 49.7846
    endloop
  endfacet
  facet normal -0.997858 0 0.0654194
    outer loop
      vertex 1.7846 17.3 47.7651
      vertex 1.8 17.6 48
      vertex 1.7846 17.6 47.7651
    endloop
  endfacet
  facet normal -0.997858 0 0.0654194
    outer loop
      vertex 1.8 17.6 48
      vertex 1.7846 17.3 47.7651
      vertex 1.8 17.3 48
    endloop
  endfacet
  facet normal 0.997858 0 -0.0654194
    outer loop
      vertex -1.7846 17.3 48.2349
      vertex -1.8 17.6 48
      vertex -1.7846 17.6 48.2349
    endloop
  endfacet
  facet normal 0.997858 0 -0.0654194
    outer loop
      vertex -1.8 17.6 48
      vertex -1.7846 17.3 48.2349
      vertex -1.8 17.3 48
    endloop
  endfacet
  facet normal -0.89691 0 -0.442212
    outer loop
      vertex 1.66298 17.3 48.6888
      vertex 1.55885 17.6 48.9
      vertex 1.66298 17.6 48.6888
    endloop
  endfacet
  facet normal -0.89691 -0 -0.442212
    outer loop
      vertex 1.55885 17.6 48.9
      vertex 1.66298 17.3 48.6888
      vertex 1.55885 17.3 48.9
    endloop
  endfacet
  facet normal -0.555543 0 -0.831488
    outer loop
      vertex 0.9 17.3 49.5588
      vertex 1.09577 17.6 49.428
      vertex 1.09577 17.3 49.428
    endloop
  endfacet
  facet normal -0.555543 0 -0.831488
    outer loop
      vertex 1.09577 17.6 49.428
      vertex 0.9 17.3 49.5588
      vertex 0.9 17.6 49.5588
    endloop
  endfacet
  facet normal -0.751787 0 -0.659406
    outer loop
      vertex 1.42804 17.3 49.0958
      vertex 1.27279 17.6 49.2728
      vertex 1.42804 17.6 49.0958
    endloop
  endfacet
  facet normal -0.751787 -0 -0.659406
    outer loop
      vertex 1.27279 17.6 49.2728
      vertex 1.42804 17.3 49.0958
      vertex 1.27279 17.3 49.2728
    endloop
  endfacet
  facet normal -0.831508 0 -0.555513
    outer loop
      vertex 1.55885 17.3 48.9
      vertex 1.42804 17.6 49.0958
      vertex 1.55885 17.6 48.9
    endloop
  endfacet
  facet normal -0.831508 -0 -0.555513
    outer loop
      vertex 1.42804 17.6 49.0958
      vertex 1.55885 17.3 48.9
      vertex 1.42804 17.3 49.0958
    endloop
  endfacet
  facet normal 0.659244 0 -0.751929
    outer loop
      vertex -1.27279 17.3 49.2728
      vertex -1.09577 17.6 49.428
      vertex -1.09577 17.3 49.428
    endloop
  endfacet
  facet normal 0.659244 0 -0.751929
    outer loop
      vertex -1.09577 17.6 49.428
      vertex -1.27279 17.3 49.2728
      vertex -1.27279 17.6 49.2728
    endloop
  endfacet
  facet normal -0.634867 -0.706344 0.313085
    outer loop
      vertex -9.95929 -10.9 53.75
      vertex -10.8253 -9.9 54.25
      vertex -10.6246 -10.9 52.4009
    endloop
  endfacet
  facet normal 0.0462795 -0.706349 0.706349
    outer loop
      vertex 0 -9.9 60.5
      vertex 0 -10.9 59.5
      vertex 1.63158 -9.9 60.3931
    endloop
  endfacet
  facet normal 0.22752 -0.706355 0.670297
    outer loop
      vertex 4.78354 -9.9 59.5485
      vertex 2.97642 -10.9 59.1081
      vertex 4.40086 -10.9 58.6246
    endloop
  endfacet
  facet normal -0.690457 0.690457 -0.21573
    outer loop
      vertex -6 9 1
      vertex -12.0741 16.6 44.7648
      vertex -5 10 1
    endloop
  endfacet
  facet normal 0.432734 0.875899 -0.213403
    outer loop
      vertex 10.6246 17.6 43.5991
      vertex 5 10 1
      vertex 9.95929 17.6 42.25
    endloop
  endfacet
  facet normal -0.63487 -0.706342 0.313084
    outer loop
      vertex -10.8253 -9.9 54.25
      vertex -11.5485 -9.9 52.7835
      vertex -10.6246 -10.9 52.4009
    endloop
  endfacet
  facet normal 0.588578 -0.706338 0.393271
    outer loop
      vertex 9.91692 -9.9 55.6095
      vertex 9.12356 -10.9 55.0008
      vertex 10.8253 -9.9 54.25
    endloop
  endfacet
  facet normal -0.706349 0.706349 0.0462789
    outer loop
      vertex -11.5 17.6 48
      vertex -12.5 16.6 48
      vertex -12.3931 16.6 49.6316
    endloop
  endfacet
  facet normal 0.670274 -0.706371 -0.227537
    outer loop
      vertex 12.0741 -9.9 44.7648
      vertex 11.1081 -10.9 45.0236
      vertex 11.5485 -9.9 43.2165
    endloop
  endfacet
  facet normal 0.251049 0.942603 -0.220167
    outer loop
      vertex 5.5 16.407 29
      vertex 5.44975 17.6 34.0503
      vertex 6.05347 17.6 34.7387
    endloop
  endfacet
  facet normal 0.250839 0.942656 -0.220182
    outer loop
      vertex 5.44975 17.6 34.0503
      vertex 5.5 16.407 29
      vertex 5.38278 16.4683 29.1289
    endloop
  endfacet
  facet normal 0.250858 0.942651 -0.220178
    outer loop
      vertex 5.5 16.407 29
      vertex 5 10 1
      vertex 5.37922 16.4081 28.8671
    endloop
  endfacet
  facet normal 0.251092 0.942591 -0.220169
    outer loop
      vertex 5 10 1
      vertex 5.5 16.407 29
      vertex 6.05347 17.6 34.7387
    endloop
  endfacet
  facet normal 0.393262 0.706341 0.58858
    outer loop
      vertex 7.00076 17.6 57.1236
      vertex 5.75 17.6 57.9593
      vertex 6.25 16.6 58.8253
    endloop
  endfacet
  facet normal 0.694236 0.706373 -0.138103
    outer loop
      vertex 12.0741 16.6 44.7648
      vertex 11.1081 17.6 45.0236
      vertex 12.3931 16.6 46.3684
    endloop
  endfacet
  facet normal 0.393276 0.706333 0.588581
    outer loop
      vertex 7.00076 17.6 57.1236
      vertex 6.25 16.6 58.8253
      vertex 7.60952 16.6 57.9169
    endloop
  endfacet
  facet normal 6.8985e-06 0.971239 -0.238108
    outer loop
      vertex 3.05806 13.2797 14.3778
      vertex 5 10 1
      vertex 0.5 12.5742 11.5
    endloop
  endfacet
  facet normal 0 0.971238 -0.238111
    outer loop
      vertex -5 10 1
      vertex 0.5 12.5742 11.5
      vertex 5 10 1
    endloop
  endfacet
  facet normal -4.58368e-06 0.971239 -0.238108
    outer loop
      vertex 0.5 12.5742 11.5
      vertex -5 10 1
      vertex -2.53193 13.4104 14.9109
    endloop
  endfacet
  facet normal -5.19707e-05 0.971237 -0.238115
    outer loop
      vertex 1.56398 15.8031 24.6704
      vertex 0.5 14.7806 20.5
      vertex 0.5 15.5161 23.5
    endloop
  endfacet
  facet normal -4.98293e-05 0.971237 -0.238115
    outer loop
      vertex 0.5 14.7806 20.5
      vertex 1.56398 15.8031 24.6704
      vertex 2.49518 14.2304 18.2554
    endloop
  endfacet
  facet normal 6.67089e-06 0.971237 -0.238115
    outer loop
      vertex 0.5 14.7806 20.5
      vertex -0.761808 15.8564 24.888
      vertex 0.5 15.5161 23.5
    endloop
  endfacet
  facet normal 2.72422e-05 0.971238 -0.238109
    outer loop
      vertex -0.761808 15.8564 24.888
      vertex 0.5 14.7806 20.5
      vertex -2.04912 14.0776 17.6322
    endloop
  endfacet
  facet normal 0.246604 -0.927433 -0.281165
    outer loop
      vertex 4.78828 -9.78216 29.7829
      vertex 5.44975 -10.9 34.0503
      vertex 4.76133 -10.9 33.4465
    endloop
  endfacet
  facet normal 0.246558 -0.927447 -0.281161
    outer loop
      vertex 5.44975 -10.9 34.0503
      vertex 4.78828 -9.78216 29.7829
      vertex 5.38278 -9.42585 29.1289
    endloop
  endfacet
  facet normal 0.246546 -0.927448 -0.281167
    outer loop
      vertex 5.37922 -9.34743 28.8671
      vertex 4.7997 -9.30825 28.2297
      vertex 5 -1 1
    endloop
  endfacet
  facet normal 0.707107 0 -0.707107
    outer loop
      vertex 6 0 1
      vertex 5 9 0
      vertex 6 9 1
    endloop
  endfacet
  facet normal 0.707107 0 -0.707107
    outer loop
      vertex 5 9 0
      vertex 6 0 1
      vertex 5 0 0
    endloop
  endfacet
  facet normal -0.949052 -0.252306 -0.188792
    outer loop
      vertex -12.0741 -9.9 44.7648
      vertex -12.3931 -9.9 46.3684
      vertex -6 0 1
    endloop
  endfacet
  facet normal -0.138108 -0.706368 0.694241
    outer loop
      vertex -1.63158 -9.9 60.3931
      vertex -2.97642 -10.9 59.1081
      vertex -1.50105 -10.9 59.4016
    endloop
  endfacet
  facet normal -0.694242 -0.706365 0.138114
    outer loop
      vertex -11.1081 -10.9 50.9764
      vertex -12.3931 -9.9 49.6316
      vertex -11.4016 -10.9 49.5011
    endloop
  endfacet
  facet normal -0.707107 0 -0.707107
    outer loop
      vertex -5 0 0
      vertex -6 9 1
      vertex -5 9 0
    endloop
  endfacet
  facet normal -0.707107 -0 -0.707107
    outer loop
      vertex -6 9 1
      vertex -5 0 0
      vertex -6 0 1
    endloop
  endfacet
  facet normal 0.313076 -0.70634 0.634876
    outer loop
      vertex 6.25 -9.9 58.8253
      vertex 4.40086 -10.9 58.6246
      vertex 5.75 -10.9 57.9593
    endloop
  endfacet
  facet normal 0.725075 -0.643186 -0.246128
    outer loop
      vertex 10.2713 -7.62107 33.4985
      vertex 6 0 1
      vertex 10.4967 -7.32905 33.3994
    endloop
  endfacet
  facet normal 0.725036 -0.643229 -0.246127
    outer loop
      vertex 11.5485 -9.9 43.2165
      vertex 11.1538 -8.4 38.1337
      vertex 12.0741 -9.9 44.7648
    endloop
  endfacet
  facet normal 0.724998 -0.643269 -0.246136
    outer loop
      vertex 11.1538 -8.4 38.1337
      vertex 11.5485 -9.9 43.2165
      vertex 10.7078 -8.4 36.82
    endloop
  endfacet
  facet normal -0.432734 0.875899 -0.213403
    outer loop
      vertex -5 10 1
      vertex -10.6246 17.6 43.5991
      vertex -9.95929 17.6 42.25
    endloop
  endfacet
  facet normal -0.393276 0.706333 0.588581
    outer loop
      vertex -7.00076 17.6 57.1236
      vertex -7.60952 16.6 57.9169
      vertex -6.25 16.6 58.8253
    endloop
  endfacet
  facet normal 0.997861 0 -0.0653783
    outer loop
      vertex 12.5 15.1 48
      vertex 12.3931 16.6 46.3684
      vertex 12.5 16.6 48
    endloop
  endfacet
  facet normal 0.997861 0 -0.0653783
    outer loop
      vertex 12.3931 16.6 46.3684
      vertex 12.5 15.1 48
      vertex 12.3931 15.1 46.3684
    endloop
  endfacet
  facet normal 0.997861 0 -0.0653783
    outer loop
      vertex 12.5 -9.9 48
      vertex 12.3931 -8.4 46.3684
      vertex 12.5 -8.4 48
    endloop
  endfacet
  facet normal 0.997861 0 -0.0653783
    outer loop
      vertex 12.3931 -8.4 46.3684
      vertex 12.5 -9.9 48
      vertex 12.3931 -9.9 46.3684
    endloop
  endfacet
  facet normal 0.706329 -0.706368 0.0463012
    outer loop
      vertex 12.3931 -9.9 49.6316
      vertex 11.4016 -10.9 49.5011
      vertex 11.5 -10.9 48
    endloop
  endfacet
  facet normal -0.321452 0 0.946926
    outer loop
      vertex -4.78354 16.6 59.5485
      vertex -3.23524 15.1 60.0741
      vertex -3.23524 16.6 60.0741
    endloop
  endfacet
  facet normal -0.321452 0 0.946926
    outer loop
      vertex -3.23524 15.1 60.0741
      vertex -4.78354 16.6 59.5485
      vertex -4.78354 15.1 59.5485
    endloop
  endfacet
  facet normal -0.321452 0 0.946926
    outer loop
      vertex -4.78354 -8.4 59.5485
      vertex -3.23524 -9.9 60.0741
      vertex -3.23524 -8.4 60.0741
    endloop
  endfacet
  facet normal -0.321452 0 0.946926
    outer loop
      vertex -3.23524 -9.9 60.0741
      vertex -4.78354 -8.4 59.5485
      vertex -4.78354 -9.9 59.5485
    endloop
  endfacet
  facet normal -0.522875 -0.812473 -0.257856
    outer loop
      vertex -9.95929 -10.9 42.25
      vertex -10.6246 -10.9 43.5991
      vertex -5 -1 1
    endloop
  endfacet
  facet normal 0.706349 0.706349 0.0462789
    outer loop
      vertex 12.5 16.6 48
      vertex 11.5 17.6 48
      vertex 12.3931 16.6 49.6316
    endloop
  endfacet
  facet normal -0.190322 0.95744 -0.216994
    outer loop
      vertex -3.90614 16.7115 29.6532
      vertex -4.44975 17.6 34.0503
      vertex -3.76133 17.6 33.4465
    endloop
  endfacet
  facet normal -0.190335 0.957437 -0.216995
    outer loop
      vertex -4.5 16.4454 29
      vertex -4.44975 17.6 34.0503
      vertex -3.90614 16.7115 29.6532
    endloop
  endfacet
  facet normal -0.190434 0.957419 -0.21699
    outer loop
      vertex -4.5 16.4454 29
      vertex -5 10 1
      vertex -4.44975 17.6 34.0503
    endloop
  endfacet
  facet normal -0.190303 0.957443 -0.216998
    outer loop
      vertex -5 10 1
      vertex -4.5 16.4454 29
      vertex -3.95401 16.4178 28.3994
    endloop
  endfacet
  facet normal 0.706329 0.706368 -0.0463012
    outer loop
      vertex 12.3931 16.6 46.3684
      vertex 11.4016 17.6 46.4989
      vertex 11.5 17.6 48
    endloop
  endfacet
  facet normal 0.57735 -0.57735 -0.57735
    outer loop
      vertex 6 0 1
      vertex 5 -1 1
      vertex 5 0 0
    endloop
  endfacet
  facet normal -0.532189 0.706346 0.466744
    outer loop
      vertex -8.13173 17.6 56.1317
      vertex -9.12356 17.6 55.0008
      vertex -8.83883 16.6 56.8388
    endloop
  endfacet
  facet normal -0.694236 -0.706373 0.138103
    outer loop
      vertex -12.0741 -9.9 51.2352
      vertex -12.3931 -9.9 49.6316
      vertex -11.1081 -10.9 50.9764
    endloop
  endfacet
  facet normal 0.694242 -0.706365 0.138114
    outer loop
      vertex 12.3931 -9.9 49.6316
      vertex 11.1081 -10.9 50.9764
      vertex 11.4016 -10.9 49.5011
    endloop
  endfacet
  facet normal 0.706349 -0.706349 0.0462789
    outer loop
      vertex 12.3931 -9.9 49.6316
      vertex 11.5 -10.9 48
      vertex 12.5 -9.9 48
    endloop
  endfacet
  facet normal 0.0463027 -0.706368 0.706328
    outer loop
      vertex 1.63158 -9.9 60.3931
      vertex 0 -10.9 59.5
      vertex 1.50105 -10.9 59.4016
    endloop
  endfacet
  facet normal -0.706329 0.706368 -0.0463012
    outer loop
      vertex -11.4016 17.6 46.4989
      vertex -12.3931 16.6 46.3684
      vertex -11.5 17.6 48
    endloop
  endfacet
  facet normal 0.442299 0 0.896867
    outer loop
      vertex 4.78354 -8.4 59.5485
      vertex 6.25 -9.9 58.8253
      vertex 6.25 -8.4 58.8253
    endloop
  endfacet
  facet normal 0.442299 0 0.896867
    outer loop
      vertex 6.25 -9.9 58.8253
      vertex 4.78354 -8.4 59.5485
      vertex 4.78354 -9.9 59.5485
    endloop
  endfacet
  facet normal 0.442299 0 0.896867
    outer loop
      vertex 4.78354 16.6 59.5485
      vertex 6.25 15.1 58.8253
      vertex 6.25 16.6 58.8253
    endloop
  endfacet
  facet normal 0.442299 0 0.896867
    outer loop
      vertex 6.25 15.1 58.8253
      vertex 4.78354 16.6 59.5485
      vertex 4.78354 15.1 59.5485
    endloop
  endfacet
  facet normal 0.946926 -0 0.321452
    outer loop
      vertex 11.5485 15.1 52.7835
      vertex 12.0741 16.6 51.2352
      vertex 11.5485 16.6 52.7835
    endloop
  endfacet
  facet normal 0.946926 0 0.321452
    outer loop
      vertex 12.0741 16.6 51.2352
      vertex 11.5485 15.1 52.7835
      vertex 12.0741 15.1 51.2352
    endloop
  endfacet
  facet normal 0.946926 -0 0.321452
    outer loop
      vertex 11.5485 -9.9 52.7835
      vertex 12.0741 -8.4 51.2352
      vertex 11.5485 -8.4 52.7835
    endloop
  endfacet
  facet normal 0.946926 0 0.321452
    outer loop
      vertex 12.0741 -8.4 51.2352
      vertex 11.5485 -9.9 52.7835
      vertex 12.0741 -9.9 51.2352
    endloop
  endfacet
  facet normal -0.138108 0.706368 0.694241
    outer loop
      vertex -1.50105 17.6 59.4016
      vertex -2.97642 17.6 59.1081
      vertex -1.63158 16.6 60.3931
    endloop
  endfacet
  facet normal -0.980782 0 0.195105
    outer loop
      vertex -12.3931 -9.9 49.6316
      vertex -12.0741 -8.4 51.2352
      vertex -12.3931 -8.4 49.6316
    endloop
  endfacet
  facet normal -0.980782 0 0.195105
    outer loop
      vertex -12.0741 -8.4 51.2352
      vertex -12.3931 -9.9 49.6316
      vertex -12.0741 -9.9 51.2352
    endloop
  endfacet
  facet normal -0.980782 0 0.195105
    outer loop
      vertex -12.3931 15.1 49.6316
      vertex -12.0741 16.6 51.2352
      vertex -12.3931 16.6 49.6316
    endloop
  endfacet
  facet normal -0.980782 0 0.195105
    outer loop
      vertex -12.0741 16.6 51.2352
      vertex -12.3931 15.1 49.6316
      vertex -12.0741 15.1 51.2352
    endloop
  endfacet
  facet normal 0.690513 0.690399 -0.215733
    outer loop
      vertex 10.8752 15.1 36.127
      vertex 10.4663 15.1 34.8182
      vertex 12.0741 16.6 44.7648
    endloop
  endfacet
  facet normal 0.690457 0.690457 -0.215729
    outer loop
      vertex 5 10 1
      vertex 10.4967 14.6263 33.3994
      vertex 6 9 1
    endloop
  endfacet
  facet normal 0.690489 0.690424 -0.21573
    outer loop
      vertex 10.4967 14.6263 33.3994
      vertex 5 10 1
      vertex 10.2542 14.9021 33.5059
    endloop
  endfacet
  facet normal -0.57735 0.57735 -0.57735
    outer loop
      vertex -5 9 0
      vertex -6 9 1
      vertex -5 10 1
    endloop
  endfacet
  facet normal -0.22752 -0.706355 0.670297
    outer loop
      vertex -2.97642 -10.9 59.1081
      vertex -4.78354 -9.9 59.5485
      vertex -4.40086 -10.9 58.6246
    endloop
  endfacet
  facet normal 0.706349 -0.706349 -0.0462789
    outer loop
      vertex 12.5 -9.9 48
      vertex 11.5 -10.9 48
      vertex 12.3931 -9.9 46.3684
    endloop
  endfacet
  facet normal -0.706349 -0.706349 0.0462789
    outer loop
      vertex -12.3931 -9.9 49.6316
      vertex -12.5 -9.9 48
      vertex -11.5 -10.9 48
    endloop
  endfacet
  facet normal -0.57735 -0.57735 -0.57735
    outer loop
      vertex -5 -1 1
      vertex -6 0 1
      vertex -5 0 0
    endloop
  endfacet
  facet normal -0.896872 0 0.44229
    outer loop
      vertex -11.5485 -9.9 52.7835
      vertex -10.8253 -8.4 54.25
      vertex -11.5485 -8.4 52.7835
    endloop
  endfacet
  facet normal -0.896872 0 0.44229
    outer loop
      vertex -10.8253 -8.4 54.25
      vertex -11.5485 -9.9 52.7835
      vertex -10.8253 -9.9 54.25
    endloop
  endfacet
  facet normal -0.896872 0 0.44229
    outer loop
      vertex -11.5485 15.1 52.7835
      vertex -10.8253 16.6 54.25
      vertex -11.5485 16.6 52.7835
    endloop
  endfacet
  facet normal -0.896872 0 0.44229
    outer loop
      vertex -10.8253 16.6 54.25
      vertex -11.5485 15.1 52.7835
      vertex -10.8253 15.1 54.25
    endloop
  endfacet
  facet normal -0.659354 0 0.751833
    outer loop
      vertex -8.83883 16.6 56.8388
      vertex -7.60952 15.1 57.9169
      vertex -7.60952 16.6 57.9169
    endloop
  endfacet
  facet normal -0.659354 0 0.751833
    outer loop
      vertex -7.60952 15.1 57.9169
      vertex -8.83883 16.6 56.8388
      vertex -8.83883 15.1 56.8388
    endloop
  endfacet
  facet normal -0.659354 0 0.751833
    outer loop
      vertex -8.83883 -8.4 56.8388
      vertex -7.60952 -9.9 57.9169
      vertex -7.60952 -8.4 57.9169
    endloop
  endfacet
  facet normal -0.659354 0 0.751833
    outer loop
      vertex -7.60952 -9.9 57.9169
      vertex -8.83883 -8.4 56.8388
      vertex -8.83883 -9.9 56.8388
    endloop
  endfacet
  facet normal 0.194987 0.955278 -0.222314
    outer loop
      vertex 5.44975 17.6 34.0503
      vertex 4.78828 16.7419 29.7829
      vertex 4.76133 17.6 33.4465
    endloop
  endfacet
  facet normal 0.195057 0.955262 -0.222322
    outer loop
      vertex 4.78828 16.7419 29.7829
      vertex 5.44975 17.6 34.0503
      vertex 5.38278 16.4683 29.1289
    endloop
  endfacet
  facet normal 0.194911 0.955291 -0.222324
    outer loop
      vertex 5 10 1
      vertex 4.7997 16.378 28.2297
      vertex 5.37922 16.4081 28.8671
    endloop
  endfacet
  facet normal 0.532189 0.706346 0.466744
    outer loop
      vertex 9.12356 17.6 55.0008
      vertex 8.13173 17.6 56.1317
      vertex 8.83883 16.6 56.8388
    endloop
  endfacet
  facet normal -0.241024 -0.930801 -0.274802
    outer loop
      vertex -4.44975 -10.9 34.0503
      vertex -3.90614 -9.7426 29.6532
      vertex -3.76133 -10.9 33.4465
    endloop
  endfacet
  facet normal -0.24101 -0.930805 -0.274801
    outer loop
      vertex -4.44975 -10.9 34.0503
      vertex -4.5 -9.39599 29
      vertex -3.90614 -9.7426 29.6532
    endloop
  endfacet
  facet normal -0.241003 -0.930806 -0.274805
    outer loop
      vertex -4.5 -9.39599 29
      vertex -5 -1 1
      vertex -3.95401 -9.36004 28.3994
    endloop
  endfacet
  facet normal -0.241379 -0.930718 -0.274772
    outer loop
      vertex -5 -1 1
      vertex -4.5 -9.39599 29
      vertex -4.44975 -10.9 34.0503
    endloop
  endfacet
  facet normal -0.928677 0.321606 -0.184739
    outer loop
      vertex -6 9 1
      vertex -12.3931 16.6 46.3684
      vertex -12.0741 16.6 44.7648
    endloop
  endfacet
  facet normal 0.588577 -0.706344 0.393262
    outer loop
      vertex 10.8253 -9.9 54.25
      vertex 9.12356 -10.9 55.0008
      vertex 9.95929 -10.9 53.75
    endloop
  endfacet
  facet normal 0.532205 -0.706336 0.466741
    outer loop
      vertex 9.91692 -9.9 55.6095
      vertex 8.83883 -9.9 56.8388
      vertex 9.12356 -10.9 55.0008
    endloop
  endfacet
  facet normal 0.325423 0.920225 -0.217452
    outer loop
      vertex 6.56218 17.6 35.5
      vertex 5 10 1
      vertex 6.05347 17.6 34.7387
    endloop
  endfacet
  facet normal 0.0462795 0.706349 0.706349
    outer loop
      vertex 0 17.6 59.5
      vertex 0 16.6 60.5
      vertex 1.63158 16.6 60.3931
    endloop
  endfacet
  facet normal -0.706349 -0.706349 -0.0462789
    outer loop
      vertex -11.5 -10.9 48
      vertex -12.5 -9.9 48
      vertex -12.3931 -9.9 46.3684
    endloop
  endfacet
  facet normal 0.670309 0.706345 0.227514
    outer loop
      vertex 11.1081 17.6 50.9764
      vertex 10.6246 17.6 52.4009
      vertex 11.5485 16.6 52.7835
    endloop
  endfacet
  facet normal -0.636751 0.740162 -0.216124
    outer loop
      vertex -5 10 1
      vertex -11.1081 17.6 45.0236
      vertex -10.6246 17.6 43.5991
    endloop
  endfacet
  facet normal 0.393276 -0.706333 0.588581
    outer loop
      vertex 7.60952 -9.9 57.9169
      vertex 6.25 -9.9 58.8253
      vertex 7.00076 -10.9 57.1236
    endloop
  endfacet
  facet normal -0.694242 0.706365 -0.138114
    outer loop
      vertex -11.1081 17.6 45.0236
      vertex -12.3931 16.6 46.3684
      vertex -11.4016 17.6 46.4989
    endloop
  endfacet
  facet normal 0.466743 0.706334 0.532206
    outer loop
      vertex 8.83883 16.6 56.8388
      vertex 7.00076 17.6 57.1236
      vertex 7.60952 16.6 57.9169
    endloop
  endfacet
  facet normal 0.111825 0.967513 -0.226747
    outer loop
      vertex 4 17.6 32.9378
      vertex 3.23919 17.3479 31.4869
      vertex 3.17878 17.6 32.5328
    endloop
  endfacet
  facet normal 0.111775 0.967524 -0.226723
    outer loop
      vertex 3.23919 17.3479 31.4869
      vertex 4 17.6 32.9378
      vertex 4.07419 17.0362 30.5684
    endloop
  endfacet
  facet normal 0.111719 0.967527 -0.226738
    outer loop
      vertex 4.16913 16.3146 27.536
      vertex 4.1082 13.7215 16.4408
      vertex 3.5093 16.2207 26.8102
    endloop
  endfacet
  facet normal 0.111862 0.967511 -0.226735
    outer loop
      vertex 4.16913 16.3146 27.536
      vertex 4.5 13.5729 16
      vertex 4.1082 13.7215 16.4408
    endloop
  endfacet
  facet normal 0.11191 0.967508 -0.226724
    outer loop
      vertex 4.5 13.5729 16
      vertex 5 10 1
      vertex 4.15601 13.522 15.613
    endloop
  endfacet
  facet normal 0.10997 0.967705 -0.226835
    outer loop
      vertex 5 10 1
      vertex 4.5 13.5729 16
      vertex 4.16913 16.3146 27.536
    endloop
  endfacet
  facet normal 0.694242 -0.706365 -0.138114
    outer loop
      vertex 11.4016 -10.9 46.4989
      vertex 11.1081 -10.9 45.0236
      vertex 12.3931 -9.9 46.3684
    endloop
  endfacet
  facet normal 0.423495 0.880469 -0.213135
    outer loop
      vertex 9.95929 17.6 42.25
      vertex 5 10 1
      vertex 6.56218 17.6 35.5
    endloop
  endfacet
  facet normal 0.466747 0.706346 0.532187
    outer loop
      vertex 8.13173 17.6 56.1317
      vertex 7.00076 17.6 57.1236
      vertex 8.83883 16.6 56.8388
    endloop
  endfacet
  facet normal -0.694236 0.706373 -0.138103
    outer loop
      vertex -12.0741 16.6 44.7648
      vertex -12.3931 16.6 46.3684
      vertex -11.1081 17.6 45.0236
    endloop
  endfacet
  facet normal 0 0 -1
    outer loop
      vertex 3.15 7.65 0
      vertex 5 0 0
      vertex 3.15 0.849999 0
    endloop
  endfacet
  facet normal 0 0 -1
    outer loop
      vertex 5 0 0
      vertex -3.15 0.849999 0
      vertex 3.15 0.849999 0
    endloop
  endfacet
  facet normal -0 0 -1
    outer loop
      vertex -3.15 0.849999 0
      vertex -5 0 0
      vertex -3.15 7.65 0
    endloop
  endfacet
  facet normal 0 0 -1
    outer loop
      vertex -5 0 0
      vertex -3.15 0.849999 0
      vertex 5 0 0
    endloop
  endfacet
  facet normal 0 0 -1
    outer loop
      vertex 5 0 0
      vertex 3.15 7.65 0
      vertex 5 9 0
    endloop
  endfacet
  facet normal 0 0 -1
    outer loop
      vertex -3.15 7.65 0
      vertex 5 9 0
      vertex 3.15 7.65 0
    endloop
  endfacet
  facet normal 0 0 -1
    outer loop
      vertex -3.15 7.65 0
      vertex -5 9 0
      vertex 5 9 0
    endloop
  endfacet
  facet normal 0 0 -1
    outer loop
      vertex -5 9 0
      vertex -3.15 7.65 0
      vertex -5 0 0
    endloop
  endfacet
  facet normal 0 0.707107 -0.707107
    outer loop
      vertex 5 9 0
      vertex -5 10 1
      vertex 5 10 1
    endloop
  endfacet
  facet normal 0 0.707107 -0.707107
    outer loop
      vertex -5 10 1
      vertex 5 9 0
      vertex -5 9 0
    endloop
  endfacet
  facet normal -0.0153272 0.97175 -0.235515
    outer loop
      vertex -2.53193 13.4104 14.9109
      vertex -5 10 1
      vertex -2.88693 13.5016 15.3103
    endloop
  endfacet
  facet normal -0.015444 0.971754 -0.235491
    outer loop
      vertex -2.04912 14.0776 17.6322
      vertex -1.37336 16.0097 25.5607
      vertex -0.761808 15.8564 24.888
    endloop
  endfacet
  facet normal -0.0155507 0.971754 -0.235482
    outer loop
      vertex -1.37336 16.0097 25.5607
      vertex -2.04912 14.0776 17.6322
      vertex -2.64268 13.9063 16.9645
    endloop
  endfacet
  facet normal -0.661005 -0.706954 -0.251572
    outer loop
      vertex -10.6246 -10.9 43.5991
      vertex -11.5485 -9.9 43.2165
      vertex -5 -1 1
    endloop
  endfacet
  facet normal -0.684561 -0.684561 -0.250505
    outer loop
      vertex -5 -1 1
      vertex -11.5485 -9.9 43.2165
      vertex -6 0 1
    endloop
  endfacet
  facet normal -0.725045 -0.643218 -0.246131
    outer loop
      vertex -11.5485 -9.9 43.2165
      vertex -12.0741 -9.9 44.7648
      vertex -6 0 1
    endloop
  endfacet
  facet normal -0.0197475 -0.953427 -0.300978
    outer loop
      vertex -2.88693 -5.56125 15.3103
      vertex -5 -1 1
      vertex -2.53193 -5.44252 14.9109
    endloop
  endfacet
  facet normal -0.0197346 -0.953427 -0.300978
    outer loop
      vertex -1.37336 -8.82845 25.5607
      vertex -2.04912 -6.31159 17.6322
      vertex -0.761808 -8.62875 24.888
    endloop
  endfacet
  facet normal -0.01976 -0.953427 -0.300976
    outer loop
      vertex -2.04912 -6.31159 17.6322
      vertex -1.37336 -8.82845 25.5607
      vertex -2.64268 -6.08851 16.9645
    endloop
  endfacet
  facet normal -0.670309 -0.706345 -0.227514
    outer loop
      vertex -11.1081 -10.9 45.0236
      vertex -11.5485 -9.9 43.2165
      vertex -10.6246 -10.9 43.5991
    endloop
  endfacet
  facet normal 0.670309 -0.706345 0.227514
    outer loop
      vertex 11.5485 -9.9 52.7835
      vertex 10.6246 -10.9 52.4009
      vertex 11.1081 -10.9 50.9764
    endloop
  endfacet
  facet normal 0.661005 -0.706954 -0.251572
    outer loop
      vertex 10.6246 -10.9 43.5991
      vertex 10.4448 -8.4 36.1013
      vertex 11.5485 -9.9 43.2165
    endloop
  endfacet
  facet normal 0.661 -0.706958 -0.251573
    outer loop
      vertex 10.6246 -10.9 43.5991
      vertex 9.57126 -8.4 33.8061
      vertex 10.4448 -8.4 36.1013
    endloop
  endfacet
  facet normal 0.660977 -0.70698 -0.251574
    outer loop
      vertex 9.57126 -8.4 33.8061
      vertex 5 -1 1
      vertex 10.0558 -7.87123 33.5932
    endloop
  endfacet
  facet normal 0.661017 -0.706944 -0.251571
    outer loop
      vertex 5 -1 1
      vertex 9.57126 -8.4 33.8061
      vertex 10.6246 -10.9 43.5991
    endloop
  endfacet
  facet normal 0.684561 -0.684561 -0.250505
    outer loop
      vertex 10.2713 -7.62107 33.4985
      vertex 5 -1 1
      vertex 6 0 1
    endloop
  endfacet
  facet normal 0.68457 -0.684552 -0.250505
    outer loop
      vertex 5 -1 1
      vertex 10.2713 -7.62107 33.4985
      vertex 10.0558 -7.87123 33.5932
    endloop
  endfacet
  facet normal 0.684555 -0.684567 -0.250505
    outer loop
      vertex 11.5485 -9.9 43.2165
      vertex 10.4448 -8.4 36.1013
      vertex 10.7078 -8.4 36.82
    endloop
  endfacet
  facet normal 0.670309 -0.706345 -0.227514
    outer loop
      vertex 11.1081 -10.9 45.0236
      vertex 10.6246 -10.9 43.5991
      vertex 11.5485 -9.9 43.2165
    endloop
  endfacet
  facet normal 0.990217 0 -0.139537
    outer loop
      vertex 12.3931 15.1 46.3684
      vertex 11.1313 15.1 37.4141
      vertex 12.3931 16.6 46.3684
    endloop
  endfacet
  facet normal 0.990218 0 -0.139531
    outer loop
      vertex 10.5615 -0.718524 33.3709
      vertex 10.5615 -7.06376 33.3709
      vertex 9.9456 -3.5 29
    endloop
  endfacet
  facet normal 0.990217 4.98222e-07 -0.139536
    outer loop
      vertex 9.17057 8.5 23.5
      vertex 9.9456 3.5 29
      vertex 8.74783 4 20.5
    endloop
  endfacet
  facet normal 0.990218 0 -0.139531
    outer loop
      vertex 10.5615 7.88412 33.3709
      vertex 9.9456 3.5 29
      vertex 9.9456 5.5 29
    endloop
  endfacet
  facet normal 0.990218 0 -0.139531
    outer loop
      vertex 9.9456 3.5 29
      vertex 10.5615 7.88412 33.3709
      vertex 10.5615 0.718524 33.3709
    endloop
  endfacet
  facet normal 0.990217 0 -0.139536
    outer loop
      vertex 9.9456 3.5 29
      vertex 9.17057 8.5 23.5
      vertex 9.9456 5.5 29
    endloop
  endfacet
  facet normal 0.990217 8.58039e-17 -0.139535
    outer loop
      vertex 9.17057 8.5 23.5
      vertex 8.74783 4 20.5
      vertex 8.11372 7.5 16
    endloop
  endfacet
  facet normal 0.990218 0 -0.139531
    outer loop
      vertex 10.5615 14.4227 33.3709
      vertex 10.5615 9.11588 33.3709
      vertex 9.9456 11.5 29
    endloop
  endfacet
  facet normal 0.990217 1.2759e-05 -0.139539
    outer loop
      vertex 8.11372 7.5 16
      vertex 10.5615 14.4227 33.3709
      vertex 9.9456 11.5 29
    endloop
  endfacet
  facet normal 0.990217 -2.9124e-06 -0.139534
    outer loop
      vertex 8.11372 7.5 16
      vertex 9.9456 11.5 29
      vertex 9.17057 8.5 23.5
    endloop
  endfacet
  facet normal 0.990217 3.95447e-06 -0.139536
    outer loop
      vertex 10.5615 14.4227 33.3709
      vertex 8.11372 7.5 16
      vertex 6 9 1
    endloop
  endfacet
  facet normal 0.990217 -1.00275e-06 -0.139536
    outer loop
      vertex 7.4796 4 11.5
      vertex 6 9 1
      vertex 8.11372 7.5 16
    endloop
  endfacet
  facet normal 0.990217 1.08517e-06 -0.139536
    outer loop
      vertex 6 0 1
      vertex 7.4796 4 11.5
      vertex 8.11372 0.5 16
    endloop
  endfacet
  facet normal 0.990217 0 -0.139536
    outer loop
      vertex 7.4796 4 11.5
      vertex 6 0 1
      vertex 6 9 1
    endloop
  endfacet
  facet normal 0.990217 2.10685e-06 -0.139535
    outer loop
      vertex 9.9456 -3.5 29
      vertex 8.11372 0.5 16
      vertex 9.17057 0 23.5
    endloop
  endfacet
  facet normal 0.990217 -9.07276e-06 -0.139538
    outer loop
      vertex 10.5615 -7.06376 33.3709
      vertex 8.11372 0.5 16
      vertex 9.9456 -3.5 29
    endloop
  endfacet
  facet normal 0.990217 -4.20555e-06 -0.139536
    outer loop
      vertex 8.11372 0.5 16
      vertex 10.5615 -7.06376 33.3709
      vertex 6 0 1
    endloop
  endfacet
  facet normal 0.990217 -6.09364e-07 -0.139536
    outer loop
      vertex 9.17057 0 23.5
      vertex 8.74783 4 20.5
      vertex 9.9456 3.5 29
    endloop
  endfacet
  facet normal 0.990217 -9.25778e-17 -0.139535
    outer loop
      vertex 8.74783 4 20.5
      vertex 9.17057 0 23.5
      vertex 8.11372 0.5 16
    endloop
  endfacet
  facet normal 0.990216 0 -0.139544
    outer loop
      vertex 12.3931 -9.9 46.3684
      vertex 11.4244 -8.4 39.4944
      vertex 12.3931 -8.4 46.3684
    endloop
  endfacet
  facet normal 0.313085 -0.706354 0.634855
    outer loop
      vertex 4.78354 -9.9 59.5485
      vertex 4.40086 -10.9 58.6246
      vertex 6.25 -9.9 58.8253
    endloop
  endfacet
  facet normal 0.195097 0 0.980784
    outer loop
      vertex 1.63158 -8.4 60.3931
      vertex 3.23524 -9.9 60.0741
      vertex 3.23524 -8.4 60.0741
    endloop
  endfacet
  facet normal 0.195097 0 0.980784
    outer loop
      vertex 3.23524 -9.9 60.0741
      vertex 1.63158 -8.4 60.3931
      vertex 1.63158 -9.9 60.3931
    endloop
  endfacet
  facet normal 0.195097 0 0.980784
    outer loop
      vertex 1.63158 16.6 60.3931
      vertex 3.23524 15.1 60.0741
      vertex 3.23524 16.6 60.0741
    endloop
  endfacet
  facet normal 0.195097 0 0.980784
    outer loop
      vertex 3.23524 15.1 60.0741
      vertex 1.63158 16.6 60.3931
      vertex 1.63158 15.1 60.3931
    endloop
  endfacet
  facet normal -0.694236 -0.706373 -0.138103
    outer loop
      vertex -11.1081 -10.9 45.0236
      vertex -12.3931 -9.9 46.3684
      vertex -12.0741 -9.9 44.7648
    endloop
  endfacet
  facet normal 0.190575 -0.939325 -0.285218
    outer loop
      vertex 4.07419 -10.1655 30.5684
      vertex 4.76133 -10.9 33.4465
      vertex 4 -10.9 32.9378
    endloop
  endfacet
  facet normal 0.190527 -0.939337 -0.28521
    outer loop
      vertex 4.76133 -10.9 33.4465
      vertex 4.07419 -10.1655 30.5684
      vertex 4.78828 -9.78216 29.7829
    endloop
  endfacet
  facet normal 0.190592 -0.939326 -0.285203
    outer loop
      vertex 4.7997 -9.30825 28.2297
      vertex 4.16913 -9.22557 27.536
      vertex 5 -1 1
    endloop
  endfacet
  facet normal 0.138108 -0.706368 0.694241
    outer loop
      vertex 1.63158 -9.9 60.3931
      vertex 1.50105 -10.9 59.4016
      vertex 2.97642 -10.9 59.1081
    endloop
  endfacet
  facet normal -0.0463027 -0.706368 0.706328
    outer loop
      vertex 0 -10.9 59.5
      vertex -1.63158 -9.9 60.3931
      vertex -1.50105 -10.9 59.4016
    endloop
  endfacet
  facet normal -0.195097 0 0.980784
    outer loop
      vertex -3.23524 16.6 60.0741
      vertex -1.63158 15.1 60.3931
      vertex -1.63158 16.6 60.3931
    endloop
  endfacet
  facet normal -0.195097 0 0.980784
    outer loop
      vertex -1.63158 15.1 60.3931
      vertex -3.23524 16.6 60.0741
      vertex -3.23524 15.1 60.0741
    endloop
  endfacet
  facet normal -0.195097 0 0.980784
    outer loop
      vertex -3.23524 -8.4 60.0741
      vertex -1.63158 -9.9 60.3931
      vertex -1.63158 -8.4 60.3931
    endloop
  endfacet
  facet normal -0.195097 0 0.980784
    outer loop
      vertex -1.63158 -9.9 60.3931
      vertex -3.23524 -8.4 60.0741
      vertex -3.23524 -9.9 60.0741
    endloop
  endfacet
  facet normal -0.0462795 -0.706349 0.706349
    outer loop
      vertex 0 -9.9 60.5
      vertex -1.63158 -9.9 60.3931
      vertex 0 -10.9 59.5
    endloop
  endfacet
  facet normal -0.138097 -0.706375 0.694236
    outer loop
      vertex -1.63158 -9.9 60.3931
      vertex -3.23524 -9.9 60.0741
      vertex -2.97642 -10.9 59.1081
    endloop
  endfacet
  facet normal -0.990217 -1.2365e-05 -0.139535
    outer loop
      vertex -6 9 1
      vertex -9.9456 11.5 29
      vertex -12.3931 16.6 46.3684
    endloop
  endfacet
  facet normal -0.990217 1.99289e-06 -0.139536
    outer loop
      vertex -8.11372 7.5 16
      vertex -9.9456 11.5 29
      vertex -6 9 1
    endloop
  endfacet
  facet normal -0.990217 -2.9124e-06 -0.139534
    outer loop
      vertex -9.9456 11.5 29
      vertex -8.11372 7.5 16
      vertex -9.17057 8.5 23.5
    endloop
  endfacet
  facet normal -0.990217 -1.00275e-06 -0.139536
    outer loop
      vertex -6 9 1
      vertex -7.4796 4 11.5
      vertex -8.11372 7.5 16
    endloop
  endfacet
  facet normal -0.990217 0 -0.139536
    outer loop
      vertex -6 0 1
      vertex -7.4796 4 11.5
      vertex -6 9 1
    endloop
  endfacet
  facet normal -0.990217 1.08517e-06 -0.139536
    outer loop
      vertex -7.4796 4 11.5
      vertex -6 0 1
      vertex -8.11372 0.5 16
    endloop
  endfacet
  facet normal -0.990217 -9.14177e-06 -0.139536
    outer loop
      vertex -10.7206 8.5 34.5
      vertex -12.3931 16.6 46.3684
      vertex -9.9456 11.5 29
    endloop
  endfacet
  facet normal -0.990217 0 -0.139536
    outer loop
      vertex -9.17057 8.5 23.5
      vertex -9.9456 3.5 29
      vertex -9.9456 5.5 29
    endloop
  endfacet
  facet normal -0.990218 0 -0.139531
    outer loop
      vertex -9.9456 3.5 29
      vertex -10.7206 8.5 34.5
      vertex -9.9456 5.5 29
    endloop
  endfacet
  facet normal -0.990218 0 -0.139531
    outer loop
      vertex -10.7206 0 34.5
      vertex -10.7206 8.5 34.5
      vertex -9.9456 3.5 29
    endloop
  endfacet
  facet normal -0.990216 -0 -0.139542
    outer loop
      vertex -10.7206 8.5 34.5
      vertex -10.7206 0 34.5
      vertex -12.3931 16.6 46.3684
    endloop
  endfacet
  facet normal -0.990216 0 -0.139542
    outer loop
      vertex -10.7206 0 34.5
      vertex -12.3931 -9.9 46.3684
      vertex -12.3931 16.6 46.3684
    endloop
  endfacet
  facet normal -0.990217 7.63377e-06 -0.139535
    outer loop
      vertex -12.3931 -9.9 46.3684
      vertex -10.7206 0 34.5
      vertex -9.9456 -3.5 29
    endloop
  endfacet
  facet normal -0.990217 8.58039e-17 -0.139535
    outer loop
      vertex -8.74783 4 20.5
      vertex -9.17057 8.5 23.5
      vertex -8.11372 7.5 16
    endloop
  endfacet
  facet normal -0.990217 4.98222e-07 -0.139536
    outer loop
      vertex -9.9456 3.5 29
      vertex -9.17057 8.5 23.5
      vertex -8.74783 4 20.5
    endloop
  endfacet
  facet normal -0.990217 -9.25778e-17 -0.139535
    outer loop
      vertex -9.17057 0 23.5
      vertex -8.74783 4 20.5
      vertex -8.11372 0.5 16
    endloop
  endfacet
  facet normal -0.990217 -6.09364e-07 -0.139536
    outer loop
      vertex -8.74783 4 20.5
      vertex -9.17057 0 23.5
      vertex -9.9456 3.5 29
    endloop
  endfacet
  facet normal -0.990217 -2.38248e-06 -0.139536
    outer loop
      vertex -9.9456 -3.5 29
      vertex -8.11372 0.5 16
      vertex -6 0 1
    endloop
  endfacet
  facet normal -0.990217 2.10685e-06 -0.139535
    outer loop
      vertex -8.11372 0.5 16
      vertex -9.9456 -3.5 29
      vertex -9.17057 0 23.5
    endloop
  endfacet
  facet normal -0.990217 1.03776e-05 -0.139534
    outer loop
      vertex -9.9456 -3.5 29
      vertex -6 0 1
      vertex -12.3931 -9.9 46.3684
    endloop
  endfacet
  facet normal -0.706349 0.706349 -0.0462789
    outer loop
      vertex -12.3931 16.6 46.3684
      vertex -12.5 16.6 48
      vertex -11.5 17.6 48
    endloop
  endfacet
  facet normal -0.670274 -0.706371 0.227537
    outer loop
      vertex -11.5485 -9.9 52.7835
      vertex -12.0741 -9.9 51.2352
      vertex -11.1081 -10.9 50.9764
    endloop
  endfacet
  facet normal 0.313076 0.70634 0.634876
    outer loop
      vertex 5.75 17.6 57.9593
      vertex 4.40086 17.6 58.6246
      vertex 6.25 16.6 58.8253
    endloop
  endfacet
  facet normal 0.313085 0.706354 0.634855
    outer loop
      vertex 6.25 16.6 58.8253
      vertex 4.40086 17.6 58.6246
      vertex 4.78354 16.6 59.5485
    endloop
  endfacet
  facet normal -0.147171 0.964278 -0.220246
    outer loop
      vertex -3.32737 16.356 27.7101
      vertex -5 10 1
      vertex -3.95401 16.4178 28.3994
    endloop
  endfacet
  facet normal -0.147163 0.964279 -0.220247
    outer loop
      vertex -3.15387 17.0153 30.4807
      vertex -3.76133 17.6 33.4465
      vertex -3 17.6 32.9378
    endloop
  endfacet
  facet normal -0.147149 0.964282 -0.220245
    outer loop
      vertex -3.76133 17.6 33.4465
      vertex -3.15387 17.0153 30.4807
      vertex -3.90614 16.7115 29.6532
    endloop
  endfacet
  facet normal -0.0462795 0.706349 0.706349
    outer loop
      vertex 0 17.6 59.5
      vertex -1.63158 16.6 60.3931
      vertex 0 16.6 60.5
    endloop
  endfacet
  facet normal 0.532189 -0.706346 0.466744
    outer loop
      vertex 8.83883 -9.9 56.8388
      vertex 8.13173 -10.9 56.1317
      vertex 9.12356 -10.9 55.0008
    endloop
  endfacet
  facet normal -0.670309 -0.706345 0.227514
    outer loop
      vertex -10.6246 -10.9 52.4009
      vertex -11.5485 -9.9 52.7835
      vertex -11.1081 -10.9 50.9764
    endloop
  endfacet
  facet normal 0.997861 -0 0.0653783
    outer loop
      vertex 12.3931 -9.9 49.6316
      vertex 12.5 -8.4 48
      vertex 12.3931 -8.4 49.6316
    endloop
  endfacet
  facet normal 0.997861 0 0.0653783
    outer loop
      vertex 12.5 -8.4 48
      vertex 12.3931 -9.9 49.6316
      vertex 12.5 -9.9 48
    endloop
  endfacet
  facet normal 0.997861 -0 0.0653783
    outer loop
      vertex 12.3931 15.1 49.6316
      vertex 12.5 16.6 48
      vertex 12.3931 16.6 49.6316
    endloop
  endfacet
  facet normal 0.997861 0 0.0653783
    outer loop
      vertex 12.5 16.6 48
      vertex 12.3931 15.1 49.6316
      vertex 12.5 15.1 48
    endloop
  endfacet
  facet normal -0.670274 -0.706371 -0.227537
    outer loop
      vertex -11.1081 -10.9 45.0236
      vertex -12.0741 -9.9 44.7648
      vertex -11.5485 -9.9 43.2165
    endloop
  endfacet
  facet normal 0.706349 0.706349 -0.0462789
    outer loop
      vertex 12.3931 16.6 46.3684
      vertex 11.5 17.6 48
      vertex 12.5 16.6 48
    endloop
  endfacet
  facet normal 0.532205 0.706336 0.466741
    outer loop
      vertex 9.12356 17.6 55.0008
      vertex 8.83883 16.6 56.8388
      vertex 9.91692 16.6 55.6095
    endloop
  endfacet
  facet normal 0.896872 -0 0.44229
    outer loop
      vertex 10.8253 15.1 54.25
      vertex 11.5485 16.6 52.7835
      vertex 10.8253 16.6 54.25
    endloop
  endfacet
  facet normal 0.896872 0 0.44229
    outer loop
      vertex 11.5485 16.6 52.7835
      vertex 10.8253 15.1 54.25
      vertex 11.5485 15.1 52.7835
    endloop
  endfacet
  facet normal 0.896872 -0 0.44229
    outer loop
      vertex 10.8253 -9.9 54.25
      vertex 11.5485 -8.4 52.7835
      vertex 10.8253 -8.4 54.25
    endloop
  endfacet
  facet normal 0.896872 0 0.44229
    outer loop
      vertex 11.5485 -8.4 52.7835
      vertex 10.8253 -9.9 54.25
      vertex 11.5485 -9.9 52.7835
    endloop
  endfacet
  facet normal 0.831472 -0 0.555566
    outer loop
      vertex 9.91692 -9.9 55.6095
      vertex 10.8253 -8.4 54.25
      vertex 9.91692 -8.4 55.6095
    endloop
  endfacet
  facet normal 0.831472 0 0.555566
    outer loop
      vertex 10.8253 -8.4 54.25
      vertex 9.91692 -9.9 55.6095
      vertex 10.8253 -9.9 54.25
    endloop
  endfacet
  facet normal 0.831472 -0 0.555566
    outer loop
      vertex 9.91692 15.1 55.6095
      vertex 10.8253 16.6 54.25
      vertex 9.91692 16.6 55.6095
    endloop
  endfacet
  facet normal 0.831472 0 0.555566
    outer loop
      vertex 10.8253 16.6 54.25
      vertex 9.91692 15.1 55.6095
      vertex 10.8253 15.1 54.25
    endloop
  endfacet
  facet normal 0.670274 -0.706371 0.227537
    outer loop
      vertex 11.5485 -9.9 52.7835
      vertex 11.1081 -10.9 50.9764
      vertex 12.0741 -9.9 51.2352
    endloop
  endfacet
  facet normal 0.694236 -0.706373 0.138103
    outer loop
      vertex 12.0741 -9.9 51.2352
      vertex 11.1081 -10.9 50.9764
      vertex 12.3931 -9.9 49.6316
    endloop
  endfacet
  facet normal -0.997861 0 0.0653783
    outer loop
      vertex -12.5 -9.9 48
      vertex -12.3931 -8.4 49.6316
      vertex -12.5 -8.4 48
    endloop
  endfacet
  facet normal -0.997861 0 0.0653783
    outer loop
      vertex -12.3931 -8.4 49.6316
      vertex -12.5 -9.9 48
      vertex -12.3931 -9.9 49.6316
    endloop
  endfacet
  facet normal -0.997861 0 0.0653783
    outer loop
      vertex -12.5 15.1 48
      vertex -12.3931 16.6 49.6316
      vertex -12.5 16.6 48
    endloop
  endfacet
  facet normal -0.997861 0 0.0653783
    outer loop
      vertex -12.3931 16.6 49.6316
      vertex -12.5 15.1 48
      vertex -12.3931 15.1 49.6316
    endloop
  endfacet
  facet normal 0.149954 0.962885 -0.224424
    outer loop
      vertex 4.76133 17.6 33.4465
      vertex 4.07419 17.0362 30.5684
      vertex 4 17.6 32.9378
    endloop
  endfacet
  facet normal 0.149966 0.962883 -0.224426
    outer loop
      vertex 4.07419 17.0362 30.5684
      vertex 4.76133 17.6 33.4465
      vertex 4.78828 16.7419 29.7829
    endloop
  endfacet
  facet normal 0.150086 0.962864 -0.224427
    outer loop
      vertex 5 10 1
      vertex 4.16913 16.3146 27.536
      vertex 4.7997 16.378 28.2297
    endloop
  endfacet
  facet normal -0.313046 0.926415 -0.209181
    outer loop
      vertex -5 10 1
      vertex -5.56218 17.6 35.5
      vertex -5.05347 17.6 34.7387
    endloop
  endfacet
  facet normal 0.0463027 0.706368 0.706328
    outer loop
      vertex 1.50105 17.6 59.4016
      vertex 0 17.6 59.5
      vertex 1.63158 16.6 60.3931
    endloop
  endfacet
  facet normal 0.138097 0.706375 0.694236
    outer loop
      vertex 2.97642 17.6 59.1081
      vertex 1.63158 16.6 60.3931
      vertex 3.23524 16.6 60.0741
    endloop
  endfacet
  facet normal -0.694236 0.706373 0.138103
    outer loop
      vertex -11.1081 17.6 50.9764
      vertex -12.3931 16.6 49.6316
      vertex -12.0741 16.6 51.2352
    endloop
  endfacet
  facet normal 0.0778288 0.970224 -0.229364
    outer loop
      vertex 3.23919 17.3479 31.4869
      vertex 2.49831 17.6 32.3019
      vertex 3.17878 17.6 32.5328
    endloop
  endfacet
  facet normal 0.077898 0.970224 -0.229343
    outer loop
      vertex 5 10 1
      vertex 3.77896 13.452 15.1888
      vertex 4.15601 13.522 15.613
    endloop
  endfacet
  facet normal 0.0779403 0.970221 -0.229341
    outer loop
      vertex 3.5093 16.2207 26.8102
      vertex 3.62439 13.889 16.9851
      vertex 2.84204 16.1008 26.0762
    endloop
  endfacet
  facet normal 0.0778854 0.970225 -0.229342
    outer loop
      vertex 3.62439 13.889 16.9851
      vertex 3.5093 16.2207 26.8102
      vertex 4.1082 13.7215 16.4408
    endloop
  endfacet
  facet normal 0.57735 0.57735 -0.57735
    outer loop
      vertex 6 9 1
      vertex 5 9 0
      vertex 5 10 1
    endloop
  endfacet
  facet normal 0.928677 0.321605 -0.184739
    outer loop
      vertex 11.1313 15.1 37.4141
      vertex 12.0741 16.6 44.7648
      vertex 12.3931 16.6 46.3684
    endloop
  endfacet
  facet normal 0.928606 0.321794 -0.184769
    outer loop
      vertex 12.0741 16.6 44.7648
      vertex 11.1313 15.1 37.4141
      vertex 10.8752 15.1 36.127
    endloop
  endfacet
  facet normal 0.928736 0.321447 -0.18472
    outer loop
      vertex 10.5615 14.4227 33.3709
      vertex 6 9 1
      vertex 10.4967 14.6263 33.3994
    endloop
  endfacet
  facet normal 0.512946 -0.818684 -0.258153
    outer loop
      vertex 6.56218 -10.9 35.5
      vertex 5 -1 1
      vertex 9.95929 -10.9 42.25
    endloop
  endfacet
  facet normal 0.138097 -0.706375 0.694236
    outer loop
      vertex 3.23524 -9.9 60.0741
      vertex 1.63158 -9.9 60.3931
      vertex 2.97642 -10.9 59.1081
    endloop
  endfacet
  facet normal 0 -0.707107 -0.707107
    outer loop
      vertex -5 0 0
      vertex 5 -1 1
      vertex -5 -1 1
    endloop
  endfacet
  facet normal 0 -0.707107 -0.707107
    outer loop
      vertex 5 -1 1
      vertex -5 0 0
      vertex 5 0 0
    endloop
  endfacet
  facet normal 2.40865e-07 -0.952602 -0.304219
    outer loop
      vertex -2.53193 -5.44252 14.9109
      vertex -5 -1 1
      vertex 0.5 -4.35323 11.5
    endloop
  endfacet
  facet normal -0 -0.952602 -0.304219
    outer loop
      vertex 5 -1 1
      vertex 0.5 -4.35323 11.5
      vertex -5 -1 1
    endloop
  endfacet
  facet normal 1.26679e-07 -0.952602 -0.304218
    outer loop
      vertex 0.5 -4.35323 11.5
      vertex 5 -1 1
      vertex 3.05806 -5.27227 14.3778
    endloop
  endfacet
  facet normal 5.71749e-06 -0.952603 -0.304217
    outer loop
      vertex -0.761808 -8.62875 24.888
      vertex 0.5 -7.22742 20.5
      vertex 0.5 -8.18548 23.5
    endloop
  endfacet
  facet normal 4.64161e-06 -0.952603 -0.304217
    outer loop
      vertex 0.5 -7.22742 20.5
      vertex -0.761808 -8.62875 24.888
      vertex -2.04912 -6.31159 17.6322
    endloop
  endfacet
  facet normal 1.02186e-06 -0.952603 -0.304217
    outer loop
      vertex 0.5 -7.22742 20.5
      vertex 1.56398 -8.55925 24.6704
      vertex 0.5 -8.18548 23.5
    endloop
  endfacet
  facet normal 4.53667e-08 -0.952603 -0.304217
    outer loop
      vertex 1.56398 -8.55925 24.6704
      vertex 0.5 -7.22742 20.5
      vertex 2.49518 -6.5106 18.2554
    endloop
  endfacet
  facet normal 0.522875 -0.812473 -0.257856
    outer loop
      vertex 9.95929 -10.9 42.25
      vertex 5 -1 1
      vertex 10.6246 -10.9 43.5991
    endloop
  endfacet
  facet normal 0.706329 -0.706368 -0.0463012
    outer loop
      vertex 11.5 -10.9 48
      vertex 11.4016 -10.9 46.4989
      vertex 12.3931 -9.9 46.3684
    endloop
  endfacet
  facet normal -0.694242 -0.706365 -0.138114
    outer loop
      vertex -11.4016 -10.9 46.4989
      vertex -12.3931 -9.9 46.3684
      vertex -11.1081 -10.9 45.0236
    endloop
  endfacet
  facet normal -0.706329 -0.706368 0.0463012
    outer loop
      vertex -11.4016 -10.9 49.5011
      vertex -12.3931 -9.9 49.6316
      vertex -11.5 -10.9 48
    endloop
  endfacet
  facet normal 0.0994 -0.950984 -0.292829
    outer loop
      vertex 4.15601 -5.58788 15.613
      vertex 3.77896 -5.49667 15.1888
      vertex 5 -1 1
    endloop
  endfacet
  facet normal 0.0993732 -0.950979 -0.292856
    outer loop
      vertex 3.17878 -10.9 32.5328
      vertex 2.49831 -10.9 32.3019
      vertex 3.23919 -10.5716 31.4869
    endloop
  endfacet
  facet normal 0.0994024 -0.950983 -0.29283
    outer loop
      vertex 3.62439 -6.06593 16.9851
      vertex 3.5093 -9.10334 26.8102
      vertex 2.84204 -8.94707 26.0762
    endloop
  endfacet
  facet normal 0.0993955 -0.950984 -0.292831
    outer loop
      vertex 3.5093 -9.10334 26.8102
      vertex 3.62439 -6.06593 16.9851
      vertex 4.1082 -5.84776 16.4408
    endloop
  endfacet
  facet normal 0.634867 -0.706344 0.313085
    outer loop
      vertex 10.8253 -9.9 54.25
      vertex 9.95929 -10.9 53.75
      vertex 10.6246 -10.9 52.4009
    endloop
  endfacet
  facet normal -0.397679 -0.880194 -0.259057
    outer loop
      vertex -5.56218 -10.9 35.5
      vertex -9.95929 -10.9 42.25
      vertex -5 -1 1
    endloop
  endfacet
  facet normal 0.0653791 0 0.99786
    outer loop
      vertex 0 -8.4 60.5
      vertex 1.63158 -9.9 60.3931
      vertex 1.63158 -8.4 60.3931
    endloop
  endfacet
  facet normal 0.0653791 0 0.99786
    outer loop
      vertex 1.63158 -9.9 60.3931
      vertex 0 -8.4 60.5
      vertex 0 -9.9 60.5
    endloop
  endfacet
  facet normal 0.0653791 0 0.99786
    outer loop
      vertex 0 16.6 60.5
      vertex 1.63158 15.1 60.3931
      vertex 1.63158 16.6 60.3931
    endloop
  endfacet
  facet normal 0.0653791 0 0.99786
    outer loop
      vertex 1.63158 15.1 60.3931
      vertex 0 16.6 60.5
      vertex 0 15.1 60.5
    endloop
  endfacet
  facet normal -0.634867 0.706344 0.313085
    outer loop
      vertex -10.6246 17.6 52.4009
      vertex -10.8253 16.6 54.25
      vertex -9.95929 17.6 53.75
    endloop
  endfacet
  facet normal 0.138108 0.706368 0.694241
    outer loop
      vertex 2.97642 17.6 59.1081
      vertex 1.50105 17.6 59.4016
      vertex 1.63158 16.6 60.3931
    endloop
  endfacet
  facet normal 0.555569 0 0.83147
    outer loop
      vertex 6.25 16.6 58.8253
      vertex 7.60952 15.1 57.9169
      vertex 7.60952 16.6 57.9169
    endloop
  endfacet
  facet normal 0.555569 0 0.83147
    outer loop
      vertex 7.60952 15.1 57.9169
      vertex 6.25 16.6 58.8253
      vertex 6.25 15.1 58.8253
    endloop
  endfacet
  facet normal 0.555569 0 0.83147
    outer loop
      vertex 6.25 -8.4 58.8253
      vertex 7.60952 -9.9 57.9169
      vertex 7.60952 -8.4 57.9169
    endloop
  endfacet
  facet normal 0.555569 0 0.83147
    outer loop
      vertex 7.60952 -9.9 57.9169
      vertex 6.25 -8.4 58.8253
      vertex 6.25 -9.9 58.8253
    endloop
  endfacet
  facet normal 0.393262 -0.706341 0.58858
    outer loop
      vertex 6.25 -9.9 58.8253
      vertex 5.75 -10.9 57.9593
      vertex 7.00076 -10.9 57.1236
    endloop
  endfacet
  facet normal 0.466743 -0.706334 0.532206
    outer loop
      vertex 7.60952 -9.9 57.9169
      vertex 7.00076 -10.9 57.1236
      vertex 8.83883 -9.9 56.8388
    endloop
  endfacet
  facet normal 0.659354 0 0.751833
    outer loop
      vertex 7.60952 16.6 57.9169
      vertex 8.83883 15.1 56.8388
      vertex 8.83883 16.6 56.8388
    endloop
  endfacet
  facet normal 0.659354 0 0.751833
    outer loop
      vertex 8.83883 15.1 56.8388
      vertex 7.60952 16.6 57.9169
      vertex 7.60952 15.1 57.9169
    endloop
  endfacet
  facet normal 0.659354 0 0.751833
    outer loop
      vertex 7.60952 -8.4 57.9169
      vertex 8.83883 -9.9 56.8388
      vertex 8.83883 -8.4 56.8388
    endloop
  endfacet
  facet normal 0.659354 0 0.751833
    outer loop
      vertex 8.83883 -9.9 56.8388
      vertex 7.60952 -8.4 57.9169
      vertex 7.60952 -9.9 57.9169
    endloop
  endfacet
  facet normal 0.0462028 0.971525 -0.232387
    outer loop
      vertex 5 10 1
      vertex 3.40966 13.3702 14.7734
      vertex 3.77896 13.452 15.1888
    endloop
  endfacet
  facet normal 0.0461049 0.971529 -0.232391
    outer loop
      vertex 2.84204 16.1008 26.0762
      vertex 3.08411 14.0601 17.5929
      vertex 2.18769 15.9597 25.3565
    endloop
  endfacet
  facet normal 0.0462425 0.971524 -0.232385
    outer loop
      vertex 3.08411 14.0601 17.5929
      vertex 2.84204 16.1008 26.0762
      vertex 3.62439 13.889 16.9851
    endloop
  endfacet
  facet normal -0.0463027 0.706368 0.706328
    outer loop
      vertex -1.50105 17.6 59.4016
      vertex -1.63158 16.6 60.3931
      vertex 0 17.6 59.5
    endloop
  endfacet
  facet normal -0.110166 0.968445 -0.223555
    outer loop
      vertex -2.67452 16.2645 26.992
      vertex -5 10 1
      vertex -3.32737 16.356 27.7101
    endloop
  endfacet
  facet normal -0.11023 0.968448 -0.223513
    outer loop
      vertex -2.27599 17.3382 31.4464
      vertex -3 17.6 32.9378
      vertex -2.17878 17.6 32.5328
    endloop
  endfacet
  facet normal -0.1103 0.968433 -0.223544
    outer loop
      vertex -3 17.6 32.9378
      vertex -2.27599 17.3382 31.4464
      vertex -3.15387 17.0153 30.4807
    endloop
  endfacet
  facet normal 0.0154057 0.971638 -0.23597
    outer loop
      vertex 5 10 1
      vertex 3.05806 13.2797 14.3778
      vertex 3.40966 13.3702 14.7734
    endloop
  endfacet
  facet normal 0.0155883 0.971641 -0.235945
    outer loop
      vertex 2.18769 15.9597 25.3565
      vertex 2.49518 14.2304 18.2554
      vertex 1.56398 15.8031 24.6704
    endloop
  endfacet
  facet normal 0.0155469 0.971642 -0.235946
    outer loop
      vertex 2.49518 14.2304 18.2554
      vertex 2.18769 15.9597 25.3565
      vertex 3.08411 14.0601 17.5929
    endloop
  endfacet
  facet normal -0.0653791 0 0.99786
    outer loop
      vertex -1.63158 16.6 60.3931
      vertex 0 15.1 60.5
      vertex 0 16.6 60.5
    endloop
  endfacet
  facet normal -0.0653791 0 0.99786
    outer loop
      vertex 0 15.1 60.5
      vertex -1.63158 16.6 60.3931
      vertex -1.63158 15.1 60.3931
    endloop
  endfacet
  facet normal -0.0653791 0 0.99786
    outer loop
      vertex -1.63158 -8.4 60.3931
      vertex 0 -9.9 60.5
      vertex 0 -8.4 60.5
    endloop
  endfacet
  facet normal -0.0653791 0 0.99786
    outer loop
      vertex 0 -9.9 60.5
      vertex -1.63158 -8.4 60.3931
      vertex -1.63158 -9.9 60.3931
    endloop
  endfacet
  facet normal 0.694236 -0.706373 -0.138103
    outer loop
      vertex 12.3931 -9.9 46.3684
      vertex 11.1081 -10.9 45.0236
      vertex 12.0741 -9.9 44.7648
    endloop
  endfacet
  facet normal 0.949111 -0.252109 -0.188756
    outer loop
      vertex 10.4967 -7.32905 33.3994
      vertex 6 0 1
      vertex 10.5615 -7.06376 33.3709
    endloop
  endfacet
  facet normal 0.949059 -0.252277 -0.188794
    outer loop
      vertex 12.0741 -9.9 44.7648
      vertex 11.4244 -8.4 39.4944
      vertex 12.3931 -9.9 46.3684
    endloop
  endfacet
  facet normal 0.949116 -0.252095 -0.188749
    outer loop
      vertex 11.4244 -8.4 39.4944
      vertex 12.0741 -9.9 44.7648
      vertex 11.1538 -8.4 38.1337
    endloop
  endfacet
  facet normal 0.980782 -0 0.195105
    outer loop
      vertex 12.0741 15.1 51.2352
      vertex 12.3931 16.6 49.6316
      vertex 12.0741 16.6 51.2352
    endloop
  endfacet
  facet normal 0.980782 0 0.195105
    outer loop
      vertex 12.3931 16.6 49.6316
      vertex 12.0741 15.1 51.2352
      vertex 12.3931 15.1 49.6316
    endloop
  endfacet
  facet normal 0.980782 -0 0.195105
    outer loop
      vertex 12.0741 -9.9 51.2352
      vertex 12.3931 -8.4 49.6316
      vertex 12.0741 -8.4 51.2352
    endloop
  endfacet
  facet normal 0.980782 0 0.195105
    outer loop
      vertex 12.3931 -8.4 49.6316
      vertex 12.0741 -9.9 51.2352
      vertex 12.3931 -9.9 49.6316
    endloop
  endfacet
  facet normal 0.673866 0.706727 -0.215504
    outer loop
      vertex 10.4663 15.1 34.8182
      vertex 11.1081 17.6 45.0236
      vertex 12.0741 16.6 44.7648
    endloop
  endfacet
  facet normal 0.673972 0.706631 -0.215487
    outer loop
      vertex 10.0723 15.1 33.5859
      vertex 11.1081 17.6 45.0236
      vertex 10.4663 15.1 34.8182
    endloop
  endfacet
  facet normal 0.673831 0.706761 -0.215503
    outer loop
      vertex 10.0723 15.1 33.5859
      vertex 5 10 1
      vertex 11.1081 17.6 45.0236
    endloop
  endfacet
  facet normal 0.673987 0.706612 -0.215504
    outer loop
      vertex 5 10 1
      vertex 10.0723 15.1 33.5859
      vertex 10.2542 14.9021 33.5059
    endloop
  endfacet
  facet normal 0.636751 0.740162 -0.216124
    outer loop
      vertex 11.1081 17.6 45.0236
      vertex 5 10 1
      vertex 10.6246 17.6 43.5991
    endloop
  endfacet
  facet normal 0.751833 -0 0.659354
    outer loop
      vertex 8.83883 -9.9 56.8388
      vertex 9.91692 -8.4 55.6095
      vertex 8.83883 -8.4 56.8388
    endloop
  endfacet
  facet normal 0.751833 0 0.659354
    outer loop
      vertex 9.91692 -8.4 55.6095
      vertex 8.83883 -9.9 56.8388
      vertex 9.91692 -9.9 55.6095
    endloop
  endfacet
  facet normal 0.751833 -0 0.659354
    outer loop
      vertex 8.83883 15.1 56.8388
      vertex 9.91692 16.6 55.6095
      vertex 8.83883 16.6 56.8388
    endloop
  endfacet
  facet normal 0.751833 0 0.659354
    outer loop
      vertex 9.91692 16.6 55.6095
      vertex 8.83883 15.1 56.8388
      vertex 9.91692 15.1 55.6095
    endloop
  endfacet
  facet normal -0.588578 -0.706338 0.393271
    outer loop
      vertex -9.91692 -9.9 55.6095
      vertex -10.8253 -9.9 54.25
      vertex -9.12356 -10.9 55.0008
    endloop
  endfacet
  facet normal -0.706329 -0.706368 -0.0463012
    outer loop
      vertex -11.5 -10.9 48
      vertex -12.3931 -9.9 46.3684
      vertex -11.4016 -10.9 46.4989
    endloop
  endfacet
  facet normal 0.588577 0.706344 0.393262
    outer loop
      vertex 9.95929 17.6 53.75
      vertex 9.12356 17.6 55.0008
      vertex 10.8253 16.6 54.25
    endloop
  endfacet
  facet normal 0.588578 0.706338 0.393271
    outer loop
      vertex 10.8253 16.6 54.25
      vertex 9.12356 17.6 55.0008
      vertex 9.91692 16.6 55.6095
    endloop
  endfacet
  facet normal -0.320472 0.923968 -0.208763
    outer loop
      vertex -5 10 1
      vertex -9.95929 17.6 42.25
      vertex -5.56218 17.6 35.5
    endloop
  endfacet
  facet normal -0.22752 0.706355 0.670297
    outer loop
      vertex -4.40086 17.6 58.6246
      vertex -4.78354 16.6 59.5485
      vertex -2.97642 17.6 59.1081
    endloop
  endfacet
  facet normal 0.227536 0.706373 0.670272
    outer loop
      vertex 4.78354 16.6 59.5485
      vertex 2.97642 17.6 59.1081
      vertex 3.23524 16.6 60.0741
    endloop
  endfacet
  facet normal 0.22752 0.706355 0.670297
    outer loop
      vertex 4.40086 17.6 58.6246
      vertex 2.97642 17.6 59.1081
      vertex 4.78354 16.6 59.5485
    endloop
  endfacet
  facet normal -0.138097 0.706375 0.694236
    outer loop
      vertex -2.97642 17.6 59.1081
      vertex -3.23524 16.6 60.0741
      vertex -1.63158 16.6 60.3931
    endloop
  endfacet
  facet normal 0.706329 0.706368 0.0463012
    outer loop
      vertex 11.5 17.6 48
      vertex 11.4016 17.6 49.5011
      vertex 12.3931 16.6 49.6316
    endloop
  endfacet
  facet normal -0.0984287 -0.951929 -0.290073
    outer loop
      vertex -2.17878 -10.9 32.5328
      vertex -2.27599 -10.5589 31.4464
      vertex -1.49831 -10.9 32.3019
    endloop
  endfacet
  facet normal -0.0984704 -0.95193 -0.290057
    outer loop
      vertex -2.67452 -9.1604 26.992
      vertex -3.18747 -5.86517 16.3516
      vertex -2.01663 -9.00794 26.2683
    endloop
  endfacet
  facet normal -0.0984614 -0.951931 -0.290057
    outer loop
      vertex -2.67452 -9.1604 26.992
      vertex -3.5 -5.72571 16
      vertex -3.18747 -5.86517 16.3516
    endloop
  endfacet
  facet normal -0.0984275 -0.951933 -0.290061
    outer loop
      vertex -3.5 -5.72571 16
      vertex -5 -1 1
      vertex -3.26076 -5.66845 15.7309
    endloop
  endfacet
  facet normal -0.0984562 -0.951931 -0.290058
    outer loop
      vertex -5 -1 1
      vertex -3.5 -5.72571 16
      vertex -2.67452 -9.1604 26.992
    endloop
  endfacet
  facet normal 0.0590294 -0.953063 -0.296962
    outer loop
      vertex 3.77896 -5.49667 15.1888
      vertex 3.40966 -5.39011 14.7734
      vertex 5 -1 1
    endloop
  endfacet
  facet normal 0.0590438 -0.953063 -0.29696
    outer loop
      vertex 3.08411 -6.2888 17.5929
      vertex 2.84204 -8.94707 26.0762
      vertex 2.18769 -8.76336 25.3565
    endloop
  endfacet
  facet normal 0.0590749 -0.953061 -0.296959
    outer loop
      vertex 2.84204 -8.94707 26.0762
      vertex 3.08411 -6.2888 17.5929
      vertex 3.62439 -6.06593 16.9851
    endloop
  endfacet
  facet normal -0.393262 -0.706341 0.58858
    outer loop
      vertex -6.25 -9.9 58.8253
      vertex -7.00076 -10.9 57.1236
      vertex -5.75 -10.9 57.9593
    endloop
  endfacet
  facet normal -0.306147 -0.913339 -0.268488
    outer loop
      vertex -4.44975 -10.9 34.0503
      vertex -5.05347 -10.9 34.7387
      vertex -5 -1 1
    endloop
  endfacet
  facet normal 0.315104 -0.90796 -0.276257
    outer loop
      vertex 5.5 -9.34595 29
      vertex 5.44975 -10.9 34.0503
      vertex 5.38278 -9.42585 29.1289
    endloop
  endfacet
  facet normal 0.315017 -0.907988 -0.276266
    outer loop
      vertex 5.44975 -10.9 34.0503
      vertex 5.5 -9.34595 29
      vertex 6.05347 -10.9 34.7387
    endloop
  endfacet
  facet normal 0.315043 -0.907978 -0.276267
    outer loop
      vertex 5.5 -9.34595 29
      vertex 5 -1 1
      vertex 6.05347 -10.9 34.7387
    endloop
  endfacet
  facet normal 0.315109 -0.907957 -0.276261
    outer loop
      vertex 5 -1 1
      vertex 5.5 -9.34595 29
      vertex 5.37922 -9.34743 28.8671
    endloop
  endfacet
  facet normal 0.402945 -0.874722 -0.269253
    outer loop
      vertex 6.05347 -10.9 34.7387
      vertex 5 -1 1
      vertex 6.56218 -10.9 35.5
    endloop
  endfacet
  facet normal -0.532205 -0.706336 0.466741
    outer loop
      vertex -8.83883 -9.9 56.8388
      vertex -9.91692 -9.9 55.6095
      vertex -9.12356 -10.9 55.0008
    endloop
  endfacet
  facet normal -0.588577 -0.706344 0.393262
    outer loop
      vertex -9.12356 -10.9 55.0008
      vertex -10.8253 -9.9 54.25
      vertex -9.95929 -10.9 53.75
    endloop
  endfacet
  facet normal 0.63487 -0.706342 0.313084
    outer loop
      vertex 10.8253 -9.9 54.25
      vertex 10.6246 -10.9 52.4009
      vertex 11.5485 -9.9 52.7835
    endloop
  endfacet
  facet normal 0.0198023 -0.953245 -0.301549
    outer loop
      vertex 3.40966 -5.39011 14.7734
      vertex 3.05806 -5.27227 14.3778
      vertex 5 -1 1
    endloop
  endfacet
  facet normal 0.0197661 -0.953245 -0.301552
    outer loop
      vertex 2.49518 -6.5106 18.2554
      vertex 2.18769 -8.76336 25.3565
      vertex 1.56398 -8.55925 24.6704
    endloop
  endfacet
  facet normal 0.0197846 -0.953245 -0.301552
    outer loop
      vertex 2.18769 -8.76336 25.3565
      vertex 2.49518 -6.5106 18.2554
      vertex 3.08411 -6.2888 17.5929
    endloop
  endfacet
  facet normal -0.0771425 0.970816 -0.227079
    outer loop
      vertex -3.18747 13.7349 16.3516
      vertex -2.67452 16.2645 26.992
      vertex -2.01663 16.1475 26.2683
    endloop
  endfacet
  facet normal -0.0772242 0.970811 -0.227073
    outer loop
      vertex -3.5 13.6278 16
      vertex -2.67452 16.2645 26.992
      vertex -3.18747 13.7349 16.3516
    endloop
  endfacet
  facet normal -0.0771483 0.970816 -0.22708
    outer loop
      vertex -3.5 13.6278 16
      vertex -5 10 1
      vertex -2.67452 16.2645 26.992
    endloop
  endfacet
  facet normal -0.0772662 0.970809 -0.227067
    outer loop
      vertex -5 10 1
      vertex -3.5 13.6278 16
      vertex -3.26076 13.5839 15.7309
    endloop
  endfacet
  facet normal -0.0770456 0.970829 -0.227056
    outer loop
      vertex -1.49831 17.6 32.3019
      vertex -2.27599 17.3382 31.4464
      vertex -2.17878 17.6 32.5328
    endloop
  endfacet
  facet normal -0.588578 0.706338 0.393271
    outer loop
      vertex -9.12356 17.6 55.0008
      vertex -10.8253 16.6 54.25
      vertex -9.91692 16.6 55.6095
    endloop
  endfacet
  facet normal 0.227536 -0.706373 0.670272
    outer loop
      vertex 3.23524 -9.9 60.0741
      vertex 2.97642 -10.9 59.1081
      vertex 4.78354 -9.9 59.5485
    endloop
  endfacet
  facet normal 0.321452 0 0.946926
    outer loop
      vertex 3.23524 -8.4 60.0741
      vertex 4.78354 -9.9 59.5485
      vertex 4.78354 -8.4 59.5485
    endloop
  endfacet
  facet normal 0.321452 0 0.946926
    outer loop
      vertex 4.78354 -9.9 59.5485
      vertex 3.23524 -8.4 60.0741
      vertex 3.23524 -9.9 60.0741
    endloop
  endfacet
  facet normal 0.321452 0 0.946926
    outer loop
      vertex 3.23524 16.6 60.0741
      vertex 4.78354 15.1 59.5485
      vertex 4.78354 16.6 59.5485
    endloop
  endfacet
  facet normal 0.321452 0 0.946926
    outer loop
      vertex 4.78354 15.1 59.5485
      vertex 3.23524 16.6 60.0741
      vertex 3.23524 15.1 60.0741
    endloop
  endfacet
  facet normal -0.466743 -0.706334 0.532206
    outer loop
      vertex -7.60952 -9.9 57.9169
      vertex -8.83883 -9.9 56.8388
      vertex -7.00076 -10.9 57.1236
    endloop
  endfacet
  facet normal -0.393276 -0.706333 0.588581
    outer loop
      vertex -6.25 -9.9 58.8253
      vertex -7.60952 -9.9 57.9169
      vertex -7.00076 -10.9 57.1236
    endloop
  endfacet
  facet normal 0.142513 -0.946667 -0.288985
    outer loop
      vertex 4.1082 -5.84776 16.4408
      vertex 4.16913 -9.22557 27.536
      vertex 3.5093 -9.10334 26.8102
    endloop
  endfacet
  facet normal 0.142482 -0.946671 -0.288986
    outer loop
      vertex 4.5 -5.65423 16
      vertex 4.16913 -9.22557 27.536
      vertex 4.1082 -5.84776 16.4408
    endloop
  endfacet
  facet normal 0.142419 -0.946679 -0.28899
    outer loop
      vertex 4.5 -5.65423 16
      vertex 5 -1 1
      vertex 4.16913 -9.22557 27.536
    endloop
  endfacet
  facet normal 0.142519 -0.946666 -0.288983
    outer loop
      vertex 5 -1 1
      vertex 4.5 -5.65423 16
      vertex 4.15601 -5.58788 15.613
    endloop
  endfacet
  facet normal 0.142529 -0.946658 -0.289007
    outer loop
      vertex 3.23919 -10.5716 31.4869
      vertex 4 -10.9 32.9378
      vertex 3.17878 -10.9 32.5328
    endloop
  endfacet
  facet normal 0.14251 -0.946663 -0.288998
    outer loop
      vertex 4 -10.9 32.9378
      vertex 3.23919 -10.5716 31.4869
      vertex 4.07419 -10.1655 30.5684
    endloop
  endfacet
  facet normal -0.751833 0 0.659354
    outer loop
      vertex -9.91692 -9.9 55.6095
      vertex -8.83883 -8.4 56.8388
      vertex -9.91692 -8.4 55.6095
    endloop
  endfacet
  facet normal -0.751833 0 0.659354
    outer loop
      vertex -8.83883 -8.4 56.8388
      vertex -9.91692 -9.9 55.6095
      vertex -8.83883 -9.9 56.8388
    endloop
  endfacet
  facet normal -0.751833 0 0.659354
    outer loop
      vertex -9.91692 15.1 55.6095
      vertex -8.83883 16.6 56.8388
      vertex -9.91692 16.6 55.6095
    endloop
  endfacet
  facet normal -0.751833 0 0.659354
    outer loop
      vertex -8.83883 16.6 56.8388
      vertex -9.91692 15.1 55.6095
      vertex -8.83883 15.1 56.8388
    endloop
  endfacet
  facet normal -0.831472 0 0.555566
    outer loop
      vertex -10.8253 -9.9 54.25
      vertex -9.91692 -8.4 55.6095
      vertex -10.8253 -8.4 54.25
    endloop
  endfacet
  facet normal -0.831472 0 0.555566
    outer loop
      vertex -9.91692 -8.4 55.6095
      vertex -10.8253 -9.9 54.25
      vertex -9.91692 -9.9 55.6095
    endloop
  endfacet
  facet normal -0.831472 0 0.555566
    outer loop
      vertex -10.8253 15.1 54.25
      vertex -9.91692 16.6 55.6095
      vertex -10.8253 16.6 54.25
    endloop
  endfacet
  facet normal -0.831472 0 0.555566
    outer loop
      vertex -9.91692 16.6 55.6095
      vertex -10.8253 15.1 54.25
      vertex -9.91692 15.1 55.6095
    endloop
  endfacet
  facet normal -0.555569 0 0.83147
    outer loop
      vertex -7.60952 16.6 57.9169
      vertex -6.25 15.1 58.8253
      vertex -6.25 16.6 58.8253
    endloop
  endfacet
  facet normal -0.555569 0 0.83147
    outer loop
      vertex -6.25 15.1 58.8253
      vertex -7.60952 16.6 57.9169
      vertex -7.60952 15.1 57.9169
    endloop
  endfacet
  facet normal -0.555569 0 0.83147
    outer loop
      vertex -7.60952 -8.4 57.9169
      vertex -6.25 -9.9 58.8253
      vertex -6.25 -8.4 58.8253
    endloop
  endfacet
  facet normal -0.555569 0 0.83147
    outer loop
      vertex -6.25 -9.9 58.8253
      vertex -7.60952 -8.4 57.9169
      vertex -7.60952 -9.9 57.9169
    endloop
  endfacet
  facet normal -0.227536 0.706373 0.670272
    outer loop
      vertex -2.97642 17.6 59.1081
      vertex -4.78354 16.6 59.5485
      vertex -3.23524 16.6 60.0741
    endloop
  endfacet
  facet normal -0.227536 -0.706373 0.670272
    outer loop
      vertex -3.23524 -9.9 60.0741
      vertex -4.78354 -9.9 59.5485
      vertex -2.97642 -10.9 59.1081
    endloop
  endfacet
  facet normal -0.946926 0 0.321452
    outer loop
      vertex -12.0741 -9.9 51.2352
      vertex -11.5485 -8.4 52.7835
      vertex -12.0741 -8.4 51.2352
    endloop
  endfacet
  facet normal -0.946926 0 0.321452
    outer loop
      vertex -11.5485 -8.4 52.7835
      vertex -12.0741 -9.9 51.2352
      vertex -11.5485 -9.9 52.7835
    endloop
  endfacet
  facet normal -0.946926 0 0.321452
    outer loop
      vertex -12.0741 15.1 51.2352
      vertex -11.5485 16.6 52.7835
      vertex -12.0741 16.6 51.2352
    endloop
  endfacet
  facet normal -0.946926 0 0.321452
    outer loop
      vertex -11.5485 16.6 52.7835
      vertex -12.0741 15.1 51.2352
      vertex -11.5485 15.1 52.7835
    endloop
  endfacet
  facet normal -0.313076 0.70634 0.634876
    outer loop
      vertex -5.75 17.6 57.9593
      vertex -6.25 16.6 58.8253
      vertex -4.40086 17.6 58.6246
    endloop
  endfacet
  facet normal 0.466747 -0.706346 0.532187
    outer loop
      vertex 8.83883 -9.9 56.8388
      vertex 7.00076 -10.9 57.1236
      vertex 8.13173 -10.9 56.1317
    endloop
  endfacet
  facet normal 0.694236 0.706373 0.138103
    outer loop
      vertex 12.3931 16.6 49.6316
      vertex 11.1081 17.6 50.9764
      vertex 12.0741 16.6 51.2352
    endloop
  endfacet
  facet normal 0.670274 0.706371 0.227537
    outer loop
      vertex 12.0741 16.6 51.2352
      vertex 11.1081 17.6 50.9764
      vertex 11.5485 16.6 52.7835
    endloop
  endfacet
  facet normal -0.389022 -0.883792 -0.259949
    outer loop
      vertex -5.05347 -10.9 34.7387
      vertex -5.56218 -10.9 35.5
      vertex -5 -1 1
    endloop
  endfacet
  facet normal 0.694242 0.706365 -0.138114
    outer loop
      vertex 12.3931 16.6 46.3684
      vertex 11.1081 17.6 45.0236
      vertex 11.4016 17.6 46.4989
    endloop
  endfacet
  facet normal 0.634867 0.706344 0.313085
    outer loop
      vertex 10.6246 17.6 52.4009
      vertex 9.95929 17.6 53.75
      vertex 10.8253 16.6 54.25
    endloop
  endfacet
  facet normal -0.0459629 0.971863 -0.231019
    outer loop
      vertex -2.88693 13.5016 15.3103
      vertex -5 10 1
      vertex -3.26076 13.5839 15.7309
    endloop
  endfacet
  facet normal -0.0459347 0.971864 -0.231022
    outer loop
      vertex -2.64268 13.9063 16.9645
      vertex -2.01663 16.1475 26.2683
      vertex -1.37336 16.0097 25.5607
    endloop
  endfacet
  facet normal -0.0458538 0.971866 -0.231028
    outer loop
      vertex -2.01663 16.1475 26.2683
      vertex -2.64268 13.9063 16.9645
      vertex -3.18747 13.7349 16.3516
    endloop
  endfacet
  facet normal -0.393262 0.706341 0.58858
    outer loop
      vertex -5.75 17.6 57.9593
      vertex -7.00076 17.6 57.1236
      vertex -6.25 16.6 58.8253
    endloop
  endfacet
  facet normal -0.670274 0.706371 0.227537
    outer loop
      vertex -11.1081 17.6 50.9764
      vertex -12.0741 16.6 51.2352
      vertex -11.5485 16.6 52.7835
    endloop
  endfacet
  facet normal -0.243457 0.94612 -0.213509
    outer loop
      vertex -5 10 1
      vertex -5.05347 17.6 34.7387
      vertex -4.44975 17.6 34.0503
    endloop
  endfacet
  facet normal -0.466747 -0.706346 0.532187
    outer loop
      vertex -7.00076 -10.9 57.1236
      vertex -8.83883 -9.9 56.8388
      vertex -8.13173 -10.9 56.1317
    endloop
  endfacet
  facet normal -0.140605 -0.948127 -0.285105
    outer loop
      vertex -3 -10.9 32.9378
      vertex -2.27599 -10.5589 31.4464
      vertex -2.17878 -10.9 32.5328
    endloop
  endfacet
  facet normal -0.140553 -0.948142 -0.285083
    outer loop
      vertex -2.27599 -10.5589 31.4464
      vertex -3 -10.9 32.9378
      vertex -3.15387 -10.1384 30.4807
    endloop
  endfacet
  facet normal -0.140579 -0.948134 -0.285097
    outer loop
      vertex -3.32737 -9.27953 27.7101
      vertex -5 -1 1
      vertex -2.67452 -9.1604 26.992
    endloop
  endfacet
  facet normal -0.532189 -0.706346 0.466744
    outer loop
      vertex -8.83883 -9.9 56.8388
      vertex -9.12356 -10.9 55.0008
      vertex -8.13173 -10.9 56.1317
    endloop
  endfacet
  facet normal -0.0587594 -0.953604 -0.295274
    outer loop
      vertex -3.26076 -5.66845 15.7309
      vertex -5 -1 1
      vertex -2.88693 -5.56125 15.3103
    endloop
  endfacet
  facet normal -0.0587263 -0.953605 -0.295279
    outer loop
      vertex -2.01663 -9.00794 26.2683
      vertex -2.64268 -6.08851 16.9645
      vertex -1.37336 -8.82845 25.5607
    endloop
  endfacet
  facet normal -0.0587423 -0.953604 -0.295278
    outer loop
      vertex -2.64268 -6.08851 16.9645
      vertex -2.01663 -9.00794 26.2683
      vertex -3.18747 -5.86517 16.3516
    endloop
  endfacet
  facet normal -0.313076 -0.70634 0.634876
    outer loop
      vertex -4.40086 -10.9 58.6246
      vertex -6.25 -9.9 58.8253
      vertex -5.75 -10.9 57.9593
    endloop
  endfacet
  facet normal 0 -1 0
    outer loop
      vertex 0.5 -10.9 34.5
      vertex 5.44975 -10.9 34.0503
      vertex 6.05347 -10.9 34.7387
    endloop
  endfacet
  facet normal 0 -1 0
    outer loop
      vertex 0.5 -10.9 34.5
      vertex 4.76133 -10.9 33.4465
      vertex 5.44975 -10.9 34.0503
    endloop
  endfacet
  facet normal 0 -1 0
    outer loop
      vertex 0.5 -10.9 34.5
      vertex 4 -10.9 32.9378
      vertex 4.76133 -10.9 33.4465
    endloop
  endfacet
  facet normal 0 -1 0
    outer loop
      vertex 0.5 -10.9 34.5
      vertex 3.17878 -10.9 32.5328
      vertex 4 -10.9 32.9378
    endloop
  endfacet
  facet normal -0 -1 0
    outer loop
      vertex 3.17878 -10.9 32.5328
      vertex 0.5 -10.9 34.5
      vertex 2.49831 -10.9 32.3019
    endloop
  endfacet
  facet normal -0 -1 0
    outer loop
      vertex -0.163157 -10.9 49.2393
      vertex -1.50105 -10.9 59.4016
      vertex -0.323524 -10.9 49.2074
    endloop
  endfacet
  facet normal 0 -1 0
    outer loop
      vertex 0 -10.9 59.5
      vertex 0 -10.9 49.25
      vertex 1.50105 -10.9 59.4016
    endloop
  endfacet
  facet normal 0 -1 0
    outer loop
      vertex 0.323524 -10.9 49.2074
      vertex 1.50105 -10.9 59.4016
      vertex 0.163157 -10.9 49.2393
    endloop
  endfacet
  facet normal 0 -1 0
    outer loop
      vertex 0.163157 -10.9 49.2393
      vertex 1.50105 -10.9 59.4016
      vertex 0 -10.9 49.25
    endloop
  endfacet
  facet normal -0 -1 0
    outer loop
      vertex 0 -10.9 49.25
      vertex 0 -10.9 59.5
      vertex -0.163157 -10.9 49.2393
    endloop
  endfacet
  facet normal 0 -1 0
    outer loop
      vertex -1.50105 -10.9 59.4016
      vertex -0.163157 -10.9 49.2393
      vertex 0 -10.9 59.5
    endloop
  endfacet
  facet normal 0 -1 0
    outer loop
      vertex -5.5 -10.9 49.5
      vertex -0.625 -10.9 49.0825
      vertex -0.478354 -10.9 49.1549
    endloop
  endfacet
  facet normal 0 -1 0
    outer loop
      vertex -5.5 -10.9 49.5
      vertex -0.760951 -10.9 48.9917
      vertex -0.625 -10.9 49.0825
    endloop
  endfacet
  facet normal 0 -1 0
    outer loop
      vertex -5.5 -10.9 49.5
      vertex -0.883883 -10.9 48.8839
      vertex -0.760951 -10.9 48.9917
    endloop
  endfacet
  facet normal 0 -1 0
    outer loop
      vertex -5.5 -10.9 49.5
      vertex -0.991692 -10.9 48.761
      vertex -0.883883 -10.9 48.8839
    endloop
  endfacet
  facet normal 0 -1 0
    outer loop
      vertex -5.5 -10.9 49.5
      vertex -1.08253 -10.9 48.625
      vertex -0.991692 -10.9 48.761
    endloop
  endfacet
  facet normal 0 -1 0
    outer loop
      vertex -5.5 -10.9 49.5
      vertex -1.15485 -10.9 48.4784
      vertex -1.08253 -10.9 48.625
    endloop
  endfacet
  facet normal 0 -1 0
    outer loop
      vertex -5.5 -10.9 49.5
      vertex -1.20741 -10.9 48.3235
      vertex -1.15485 -10.9 48.4784
    endloop
  endfacet
  facet normal 0 -1 0
    outer loop
      vertex -5.5 -10.9 49.5
      vertex -1.23931 -10.9 48.1632
      vertex -1.20741 -10.9 48.3235
    endloop
  endfacet
  facet normal 0 -1 0
    outer loop
      vertex -5.5 -10.9 49.5
      vertex -1.25 -10.9 48
      vertex -1.23931 -10.9 48.1632
    endloop
  endfacet
  facet normal 0 -1 0
    outer loop
      vertex -5.5 -10.9 49.5
      vertex -1.23931 -10.9 47.8368
      vertex -1.25 -10.9 48
    endloop
  endfacet
  facet normal 0 -1 0
    outer loop
      vertex -5.5 -10.9 49.5
      vertex -1.20741 -10.9 47.6765
      vertex -1.23931 -10.9 47.8368
    endloop
  endfacet
  facet normal 0 -1 0
    outer loop
      vertex -5.5 -10.9 49.5
      vertex -1.15485 -10.9 47.5216
      vertex -1.20741 -10.9 47.6765
    endloop
  endfacet
  facet normal 0 -1 0
    outer loop
      vertex -7.5 -10.9 46.5
      vertex -1.15485 -10.9 47.5216
      vertex -5.5 -10.9 49.5
    endloop
  endfacet
  facet normal 0 -1 -0
    outer loop
      vertex -1.15485 -10.9 47.5216
      vertex -7.5 -10.9 46.5
      vertex -1.08253 -10.9 47.375
    endloop
  endfacet
  facet normal 0 -1 -0
    outer loop
      vertex -1.08253 -10.9 47.375
      vertex -7.5 -10.9 46.5
      vertex -0.991692 -10.9 47.239
    endloop
  endfacet
  facet normal 0 -1 -0
    outer loop
      vertex -0.991692 -10.9 47.239
      vertex -7.5 -10.9 46.5
      vertex -0.883883 -10.9 47.1161
    endloop
  endfacet
  facet normal 0 -1 -0
    outer loop
      vertex -0.883883 -10.9 47.1161
      vertex -7.5 -10.9 46.5
      vertex -0.760951 -10.9 47.0083
    endloop
  endfacet
  facet normal 0 -1 -0
    outer loop
      vertex -0.163157 -10.9 46.7607
      vertex -7.5 -10.9 46.5
      vertex 0 -10.9 46.75
    endloop
  endfacet
  facet normal 0 -1 -0
    outer loop
      vertex -0.323524 -10.9 46.7926
      vertex -7.5 -10.9 46.5
      vertex -0.163157 -10.9 46.7607
    endloop
  endfacet
  facet normal 0 -1 -0
    outer loop
      vertex -0.478354 -10.9 46.8451
      vertex -7.5 -10.9 46.5
      vertex -0.323524 -10.9 46.7926
    endloop
  endfacet
  facet normal 0 -1 -0
    outer loop
      vertex -0.625 -10.9 46.9175
      vertex -7.5 -10.9 46.5
      vertex -0.478354 -10.9 46.8451
    endloop
  endfacet
  facet normal 0 -1 -0
    outer loop
      vertex -0.760951 -10.9 47.0083
      vertex -7.5 -10.9 46.5
      vertex -0.625 -10.9 46.9175
    endloop
  endfacet
  facet normal 0 -1 0
    outer loop
      vertex -4.40086 -10.9 58.6246
      vertex -0.478354 -10.9 49.1549
      vertex -2.97642 -10.9 59.1081
    endloop
  endfacet
  facet normal 0 -1 0
    outer loop
      vertex -7.5 -10.9 52.5
      vertex -0.478354 -10.9 49.1549
      vertex -4.40086 -10.9 58.6246
    endloop
  endfacet
  facet normal -0 -1 0
    outer loop
      vertex -0.323524 -10.9 49.2074
      vertex -2.97642 -10.9 59.1081
      vertex -0.478354 -10.9 49.1549
    endloop
  endfacet
  facet normal 0 -1 0
    outer loop
      vertex -0.478354 -10.9 49.1549
      vertex -7.5 -10.9 52.5
      vertex -5.5 -10.9 49.5
    endloop
  endfacet
  facet normal 0 -1 0
    outer loop
      vertex -2.97642 -10.9 59.1081
      vertex -0.323524 -10.9 49.2074
      vertex -1.50105 -10.9 59.4016
    endloop
  endfacet
  facet normal 0 -1 0
    outer loop
      vertex -7.5 -10.9 52.5
      vertex -4.40086 -10.9 58.6246
      vertex -5.75 -10.9 57.9593
    endloop
  endfacet
  facet normal 0 -1 0
    outer loop
      vertex 1.50105 -10.9 59.4016
      vertex 7.5 -10.9 52.5
      vertex 2.97642 -10.9 59.1081
    endloop
  endfacet
  facet normal 0 -1 0
    outer loop
      vertex -7.5 -10.9 52.5
      vertex -5.75 -10.9 57.9593
      vertex -7.00076 -10.9 57.1236
    endloop
  endfacet
  facet normal 0 -1 0
    outer loop
      vertex 2.97642 -10.9 59.1081
      vertex 7.5 -10.9 52.5
      vertex 4.40086 -10.9 58.6246
    endloop
  endfacet
  facet normal 0 -1 0
    outer loop
      vertex -7.5 -10.9 52.5
      vertex -7.00076 -10.9 57.1236
      vertex -8.13173 -10.9 56.1317
    endloop
  endfacet
  facet normal 0 -1 0
    outer loop
      vertex 4.40086 -10.9 58.6246
      vertex 7.5 -10.9 52.5
      vertex 5.75 -10.9 57.9593
    endloop
  endfacet
  facet normal 0 -1 0
    outer loop
      vertex -7.5 -10.9 52.5
      vertex -8.13173 -10.9 56.1317
      vertex -9.12356 -10.9 55.0008
    endloop
  endfacet
  facet normal 0 -1 0
    outer loop
      vertex 5.75 -10.9 57.9593
      vertex 7.5 -10.9 52.5
      vertex 7.00076 -10.9 57.1236
    endloop
  endfacet
  facet normal 0 -1 0
    outer loop
      vertex -7.5 -10.9 52.5
      vertex -9.12356 -10.9 55.0008
      vertex -9.95929 -10.9 53.75
    endloop
  endfacet
  facet normal 0 -1 0
    outer loop
      vertex 7.00076 -10.9 57.1236
      vertex 7.5 -10.9 52.5
      vertex 8.13173 -10.9 56.1317
    endloop
  endfacet
  facet normal 0 -1 -0
    outer loop
      vertex 8.13173 -10.9 56.1317
      vertex 7.5 -10.9 52.5
      vertex 9.12356 -10.9 55.0008
    endloop
  endfacet
  facet normal 0 -1 0
    outer loop
      vertex -10.6246 -10.9 52.4009
      vertex -7.5 -10.9 52.5
      vertex -9.95929 -10.9 53.75
    endloop
  endfacet
  facet normal 0 -1 0
    outer loop
      vertex -9.5 -10.9 49.5
      vertex -10.6246 -10.9 52.4009
      vertex -11.1081 -10.9 50.9764
    endloop
  endfacet
  facet normal 0 -1 0
    outer loop
      vertex -9.5 -10.9 49.5
      vertex -11.1081 -10.9 50.9764
      vertex -11.4016 -10.9 49.5011
    endloop
  endfacet
  facet normal 0 -1 0
    outer loop
      vertex -10.6246 -10.9 52.4009
      vertex -9.5 -10.9 49.5
      vertex -7.5 -10.9 52.5
    endloop
  endfacet
  facet normal 0 -1 0
    outer loop
      vertex -11.5 -10.9 48
      vertex -9.5 -10.9 49.5
      vertex -11.4016 -10.9 49.5011
    endloop
  endfacet
  facet normal 0 -1 0
    outer loop
      vertex -11.5 -10.9 48
      vertex -7.5 -10.9 46.5
      vertex -9.5 -10.9 49.5
    endloop
  endfacet
  facet normal 0 -1 0
    outer loop
      vertex -11.1081 -10.9 45.0236
      vertex -7.5 -10.9 46.5
      vertex -11.4016 -10.9 46.4989
    endloop
  endfacet
  facet normal 0 -1 0
    outer loop
      vertex -11.4016 -10.9 46.4989
      vertex -7.5 -10.9 46.5
      vertex -11.5 -10.9 48
    endloop
  endfacet
  facet normal 0 -1 -0
    outer loop
      vertex 9.12356 -10.9 55.0008
      vertex 7.5 -10.9 52.5
      vertex 9.95929 -10.9 53.75
    endloop
  endfacet
  facet normal 0 -1 0
    outer loop
      vertex 7.5 -10.9 52.5
      vertex 10.6246 -10.9 52.4009
      vertex 9.95929 -10.9 53.75
    endloop
  endfacet
  facet normal 0 -1 0
    outer loop
      vertex 9.5 -10.9 49.5
      vertex 10.6246 -10.9 52.4009
      vertex 7.5 -10.9 52.5
    endloop
  endfacet
  facet normal 0 -1 -0
    outer loop
      vertex 10.6246 -10.9 52.4009
      vertex 9.5 -10.9 49.5
      vertex 11.1081 -10.9 50.9764
    endloop
  endfacet
  facet normal 0 -1 -0
    outer loop
      vertex 11.1081 -10.9 50.9764
      vertex 9.5 -10.9 49.5
      vertex 11.4016 -10.9 49.5011
    endloop
  endfacet
  facet normal 0 -1 0
    outer loop
      vertex 9.5 -10.9 49.5
      vertex 11.5 -10.9 48
      vertex 11.4016 -10.9 49.5011
    endloop
  endfacet
  facet normal 0 -1 0
    outer loop
      vertex 7.5 -10.9 46.5
      vertex 11.5 -10.9 48
      vertex 9.5 -10.9 49.5
    endloop
  endfacet
  facet normal 0 -1 0
    outer loop
      vertex 7.5 -10.9 46.5
      vertex 11.4016 -10.9 46.4989
      vertex 11.5 -10.9 48
    endloop
  endfacet
  facet normal 0 -1 0
    outer loop
      vertex -10.6246 -10.9 43.5991
      vertex -7.5 -10.9 46.5
      vertex -11.1081 -10.9 45.0236
    endloop
  endfacet
  facet normal 0 -1 0
    outer loop
      vertex -9.95929 -10.9 42.25
      vertex -7.5 -10.9 46.5
      vertex -10.6246 -10.9 43.5991
    endloop
  endfacet
  facet normal 0 -1 0
    outer loop
      vertex 7.5 -10.9 46.5
      vertex 11.1081 -10.9 45.0236
      vertex 11.4016 -10.9 46.4989
    endloop
  endfacet
  facet normal 0 -1 0
    outer loop
      vertex -5.56218 -10.9 35.5
      vertex -7.5 -10.9 46.5
      vertex -9.95929 -10.9 42.25
    endloop
  endfacet
  facet normal 0 -1 0
    outer loop
      vertex 7.5 -10.9 46.5
      vertex 10.6246 -10.9 43.5991
      vertex 11.1081 -10.9 45.0236
    endloop
  endfacet
  facet normal 0 -1 0
    outer loop
      vertex -7.5 -10.9 46.5
      vertex 0.5 -10.9 34.5
      vertex 7.5 -10.9 46.5
    endloop
  endfacet
  facet normal 0 -1 0
    outer loop
      vertex 7.5 -10.9 46.5
      vertex 9.95929 -10.9 42.25
      vertex 10.6246 -10.9 43.5991
    endloop
  endfacet
  facet normal 0 -1 0
    outer loop
      vertex -7.5 -10.9 46.5
      vertex -5.56218 -10.9 35.5
      vertex 0.5 -10.9 34.5
    endloop
  endfacet
  facet normal -0 -1 0
    outer loop
      vertex 6.56218 -10.9 35.5
      vertex 7.5 -10.9 46.5
      vertex 0.5 -10.9 34.5
    endloop
  endfacet
  facet normal 0 -1 0
    outer loop
      vertex 0.5 -10.9 34.5
      vertex -5.56218 -10.9 35.5
      vertex -5.05347 -10.9 34.7387
    endloop
  endfacet
  facet normal 0 -1 -0
    outer loop
      vertex 7.5 -10.9 46.5
      vertex 6.56218 -10.9 35.5
      vertex 9.95929 -10.9 42.25
    endloop
  endfacet
  facet normal 0 -1 0
    outer loop
      vertex 6.56218 -10.9 35.5
      vertex 0.5 -10.9 34.5
      vertex 6.05347 -10.9 34.7387
    endloop
  endfacet
  facet normal 0 -1 0
    outer loop
      vertex -4.44975 -10.9 34.0503
      vertex 0.5 -10.9 34.5
      vertex -5.05347 -10.9 34.7387
    endloop
  endfacet
  facet normal 0 -1 0
    outer loop
      vertex -3.76133 -10.9 33.4465
      vertex 0.5 -10.9 34.5
      vertex -4.44975 -10.9 34.0503
    endloop
  endfacet
  facet normal 0 -1 0
    outer loop
      vertex -3 -10.9 32.9378
      vertex 0.5 -10.9 34.5
      vertex -3.76133 -10.9 33.4465
    endloop
  endfacet
  facet normal 0 -1 0
    outer loop
      vertex -2.17878 -10.9 32.5328
      vertex 0.5 -10.9 34.5
      vertex -3 -10.9 32.9378
    endloop
  endfacet
  facet normal 0 -1 0
    outer loop
      vertex 0.5 -10.9 34.5
      vertex -2.17878 -10.9 32.5328
      vertex -1.49831 -10.9 32.3019
    endloop
  endfacet
  facet normal 0 -1 0
    outer loop
      vertex 0.478354 -10.9 49.1549
      vertex 1.50105 -10.9 59.4016
      vertex 0.323524 -10.9 49.2074
    endloop
  endfacet
  facet normal 0 -1 -0
    outer loop
      vertex 1.50105 -10.9 59.4016
      vertex 0.478354 -10.9 49.1549
      vertex 7.5 -10.9 52.5
    endloop
  endfacet
  facet normal 0 -1 0
    outer loop
      vertex 7.5 -10.9 52.5
      vertex 0.478354 -10.9 49.1549
      vertex 5.5 -10.9 49.5
    endloop
  endfacet
  facet normal 0 -1 0
    outer loop
      vertex 0.625 -10.9 49.0825
      vertex 5.5 -10.9 49.5
      vertex 0.478354 -10.9 49.1549
    endloop
  endfacet
  facet normal 0 -1 0
    outer loop
      vertex 0.760951 -10.9 48.9917
      vertex 5.5 -10.9 49.5
      vertex 0.625 -10.9 49.0825
    endloop
  endfacet
  facet normal 0 -1 0
    outer loop
      vertex 0.883883 -10.9 48.8839
      vertex 5.5 -10.9 49.5
      vertex 0.760951 -10.9 48.9917
    endloop
  endfacet
  facet normal 0 -1 0
    outer loop
      vertex 0.991692 -10.9 48.761
      vertex 5.5 -10.9 49.5
      vertex 0.883883 -10.9 48.8839
    endloop
  endfacet
  facet normal 0 -1 0
    outer loop
      vertex 1.08253 -10.9 48.625
      vertex 5.5 -10.9 49.5
      vertex 0.991692 -10.9 48.761
    endloop
  endfacet
  facet normal 0 -1 0
    outer loop
      vertex 1.15485 -10.9 48.4784
      vertex 5.5 -10.9 49.5
      vertex 1.08253 -10.9 48.625
    endloop
  endfacet
  facet normal 0 -1 0
    outer loop
      vertex 1.20741 -10.9 48.3235
      vertex 5.5 -10.9 49.5
      vertex 1.15485 -10.9 48.4784
    endloop
  endfacet
  facet normal 0 -1 0
    outer loop
      vertex 1.23931 -10.9 48.1632
      vertex 5.5 -10.9 49.5
      vertex 1.20741 -10.9 48.3235
    endloop
  endfacet
  facet normal 0 -1 0
    outer loop
      vertex 1.25 -10.9 48
      vertex 5.5 -10.9 49.5
      vertex 1.23931 -10.9 48.1632
    endloop
  endfacet
  facet normal 0 -1 0
    outer loop
      vertex 1.23931 -10.9 47.8368
      vertex 5.5 -10.9 49.5
      vertex 1.25 -10.9 48
    endloop
  endfacet
  facet normal 0 -1 0
    outer loop
      vertex 1.20741 -10.9 47.6765
      vertex 5.5 -10.9 49.5
      vertex 1.23931 -10.9 47.8368
    endloop
  endfacet
  facet normal 0 -1 0
    outer loop
      vertex 1.15485 -10.9 47.5216
      vertex 5.5 -10.9 49.5
      vertex 1.20741 -10.9 47.6765
    endloop
  endfacet
  facet normal 0 -1 0
    outer loop
      vertex 7.5 -10.9 46.5
      vertex 1.15485 -10.9 47.5216
      vertex 1.08253 -10.9 47.375
    endloop
  endfacet
  facet normal 0 -1 0
    outer loop
      vertex 7.5 -10.9 46.5
      vertex 1.08253 -10.9 47.375
      vertex 0.991692 -10.9 47.239
    endloop
  endfacet
  facet normal 0 -1 0
    outer loop
      vertex 7.5 -10.9 46.5
      vertex 0.991692 -10.9 47.239
      vertex 0.883883 -10.9 47.1161
    endloop
  endfacet
  facet normal 0 -1 0
    outer loop
      vertex 7.5 -10.9 46.5
      vertex 0.883883 -10.9 47.1161
      vertex 0.760951 -10.9 47.0083
    endloop
  endfacet
  facet normal 0 -1 0
    outer loop
      vertex 7.5 -10.9 46.5
      vertex 0.760951 -10.9 47.0083
      vertex 0.625 -10.9 46.9175
    endloop
  endfacet
  facet normal 0 -1 0
    outer loop
      vertex 1.15485 -10.9 47.5216
      vertex 7.5 -10.9 46.5
      vertex 5.5 -10.9 49.5
    endloop
  endfacet
  facet normal 0 -1 0
    outer loop
      vertex 0.478354 -10.9 46.8451
      vertex 7.5 -10.9 46.5
      vertex 0.625 -10.9 46.9175
    endloop
  endfacet
  facet normal 0 -1 0
    outer loop
      vertex 0.323524 -10.9 46.7926
      vertex 7.5 -10.9 46.5
      vertex 0.478354 -10.9 46.8451
    endloop
  endfacet
  facet normal 0 -1 0
    outer loop
      vertex 0.163157 -10.9 46.7607
      vertex 7.5 -10.9 46.5
      vertex 0.323524 -10.9 46.7926
    endloop
  endfacet
  facet normal 0 -1 0
    outer loop
      vertex 0 -10.9 46.75
      vertex 7.5 -10.9 46.5
      vertex 0.163157 -10.9 46.7607
    endloop
  endfacet
  facet normal 0 -1 0
    outer loop
      vertex 7.5 -10.9 46.5
      vertex 0 -10.9 46.75
      vertex -7.5 -10.9 46.5
    endloop
  endfacet
  facet normal -0.313085 -0.706354 0.634855
    outer loop
      vertex -4.78354 -9.9 59.5485
      vertex -6.25 -9.9 58.8253
      vertex -4.40086 -10.9 58.6246
    endloop
  endfacet
  facet normal -0.187168 -0.941542 -0.280118
    outer loop
      vertex -3.76133 -10.9 33.4465
      vertex -3.15387 -10.1384 30.4807
      vertex -3 -10.9 32.9378
    endloop
  endfacet
  facet normal -0.187234 -0.941526 -0.280128
    outer loop
      vertex -3.15387 -10.1384 30.4807
      vertex -3.76133 -10.9 33.4465
      vertex -3.90614 -9.7426 29.6532
    endloop
  endfacet
  facet normal -0.187178 -0.941536 -0.280134
    outer loop
      vertex -3.95401 -9.36004 28.3994
      vertex -5 -1 1
      vertex -3.32737 -9.27953 27.7101
    endloop
  endfacet
  facet normal -0.673866 0.706727 -0.215502
    outer loop
      vertex -5 10 1
      vertex -12.0741 16.6 44.7648
      vertex -11.1081 17.6 45.0236
    endloop
  endfacet
  facet normal -0.466743 0.706334 0.532206
    outer loop
      vertex -7.00076 17.6 57.1236
      vertex -8.83883 16.6 56.8388
      vertex -7.60952 16.6 57.9169
    endloop
  endfacet
  facet normal -0.313085 0.706354 0.634855
    outer loop
      vertex -4.40086 17.6 58.6246
      vertex -6.25 16.6 58.8253
      vertex -4.78354 16.6 59.5485
    endloop
  endfacet
  facet normal -0.442299 0 0.896867
    outer loop
      vertex -6.25 16.6 58.8253
      vertex -4.78354 15.1 59.5485
      vertex -4.78354 16.6 59.5485
    endloop
  endfacet
  facet normal -0.442299 0 0.896867
    outer loop
      vertex -4.78354 15.1 59.5485
      vertex -6.25 16.6 58.8253
      vertex -6.25 15.1 58.8253
    endloop
  endfacet
  facet normal -0.442299 0 0.896867
    outer loop
      vertex -6.25 -8.4 58.8253
      vertex -4.78354 -9.9 59.5485
      vertex -4.78354 -8.4 59.5485
    endloop
  endfacet
  facet normal -0.442299 0 0.896867
    outer loop
      vertex -4.78354 -9.9 59.5485
      vertex -6.25 -8.4 58.8253
      vertex -6.25 -9.9 58.8253
    endloop
  endfacet
  facet normal 0.694242 0.706365 0.138114
    outer loop
      vertex 11.4016 17.6 49.5011
      vertex 11.1081 17.6 50.9764
      vertex 12.3931 16.6 49.6316
    endloop
  endfacet
  facet normal -0.588577 0.706344 0.393262
    outer loop
      vertex -9.95929 17.6 53.75
      vertex -10.8253 16.6 54.25
      vertex -9.12356 17.6 55.0008
    endloop
  endfacet
  facet normal 0.63487 0.706342 0.313084
    outer loop
      vertex 11.5485 16.6 52.7835
      vertex 10.6246 17.6 52.4009
      vertex 10.8253 16.6 54.25
    endloop
  endfacet
  facet normal -0.466747 0.706346 0.532187
    outer loop
      vertex -8.13173 17.6 56.1317
      vertex -8.83883 16.6 56.8388
      vertex -7.00076 17.6 57.1236
    endloop
  endfacet
  facet normal -0.670309 0.706345 0.227514
    outer loop
      vertex -11.1081 17.6 50.9764
      vertex -11.5485 16.6 52.7835
      vertex -10.6246 17.6 52.4009
    endloop
  endfacet
  facet normal -0.63487 0.706342 0.313084
    outer loop
      vertex -10.6246 17.6 52.4009
      vertex -11.5485 16.6 52.7835
      vertex -10.8253 16.6 54.25
    endloop
  endfacet
  facet normal -0.532205 0.706336 0.466741
    outer loop
      vertex -9.12356 17.6 55.0008
      vertex -9.91692 16.6 55.6095
      vertex -8.83883 16.6 56.8388
    endloop
  endfacet
  facet normal -0.706329 0.706368 0.0463012
    outer loop
      vertex -11.5 17.6 48
      vertex -12.3931 16.6 49.6316
      vertex -11.4016 17.6 49.5011
    endloop
  endfacet
  facet normal -0.694242 0.706365 0.138114
    outer loop
      vertex -11.4016 17.6 49.5011
      vertex -12.3931 16.6 49.6316
      vertex -11.1081 17.6 50.9764
    endloop
  endfacet
  facet normal -0.997861 0 -0.0653783
    outer loop
      vertex -12.3931 16.6 46.3684
      vertex -12.5 15.1 48
      vertex -12.5 16.6 48
    endloop
  endfacet
  facet normal -0.997861 0 -0.0653783
    outer loop
      vertex -12.3931 16.6 46.3684
      vertex -12.5 -8.4 48
      vertex -12.5 15.1 48
    endloop
  endfacet
  facet normal -0.997861 0 -0.0653783
    outer loop
      vertex -12.3931 -9.9 46.3684
      vertex -12.5 -8.4 48
      vertex -12.3931 16.6 46.3684
    endloop
  endfacet
  facet normal -0.997861 -0 -0.0653783
    outer loop
      vertex -12.5 -8.4 48
      vertex -12.3931 -9.9 46.3684
      vertex -12.5 -9.9 48
    endloop
  endfacet
  facet normal 0 1 0
    outer loop
      vertex 0.5 17.6 34.5
      vertex -4.44975 17.6 34.0503
      vertex -5.05347 17.6 34.7387
    endloop
  endfacet
  facet normal 0 1 0
    outer loop
      vertex 0.5 17.6 34.5
      vertex -3.76133 17.6 33.4465
      vertex -4.44975 17.6 34.0503
    endloop
  endfacet
  facet normal 0 1 0
    outer loop
      vertex 0.5 17.6 34.5
      vertex -3 17.6 32.9378
      vertex -3.76133 17.6 33.4465
    endloop
  endfacet
  facet normal 0 1 0
    outer loop
      vertex 0.5 17.6 34.5
      vertex -2.17878 17.6 32.5328
      vertex -3 17.6 32.9378
    endloop
  endfacet
  facet normal -0 1 0
    outer loop
      vertex -2.17878 17.6 32.5328
      vertex 0.5 17.6 34.5
      vertex -1.49831 17.6 32.3019
    endloop
  endfacet
  facet normal 0 1 -0
    outer loop
      vertex -0.465874 17.6 49.7387
      vertex -2.97642 17.6 59.1081
      vertex -0.234946 17.6 49.7846
    endloop
  endfacet
  facet normal 0 1 0
    outer loop
      vertex 4.40086 17.6 58.6246
      vertex 0.234946 17.6 49.7846
      vertex 0 17.6 49.8
    endloop
  endfacet
  facet normal 0 1 0
    outer loop
      vertex 4.40086 17.6 58.6246
      vertex 0.465874 17.6 49.7387
      vertex 0.234946 17.6 49.7846
    endloop
  endfacet
  facet normal 0 1 0
    outer loop
      vertex 4.40086 17.6 58.6246
      vertex 0.688829 17.6 49.663
      vertex 0.465874 17.6 49.7387
    endloop
  endfacet
  facet normal 0 1 0
    outer loop
      vertex 7.5 17.6 52.5
      vertex 0.9 17.6 49.5588
      vertex 0.688829 17.6 49.663
    endloop
  endfacet
  facet normal 0 1 -0
    outer loop
      vertex 5.5 17.6 49.5
      vertex 0.9 17.6 49.5588
      vertex 7.5 17.6 52.5
    endloop
  endfacet
  facet normal 0 1 0
    outer loop
      vertex 5.5 17.6 49.5
      vertex 1.09577 17.6 49.428
      vertex 0.9 17.6 49.5588
    endloop
  endfacet
  facet normal 0 1 0
    outer loop
      vertex 5.5 17.6 49.5
      vertex 1.27279 17.6 49.2728
      vertex 1.09577 17.6 49.428
    endloop
  endfacet
  facet normal 0 1 0
    outer loop
      vertex 5.5 17.6 49.5
      vertex 1.42804 17.6 49.0958
      vertex 1.27279 17.6 49.2728
    endloop
  endfacet
  facet normal 0 1 0
    outer loop
      vertex 5.5 17.6 49.5
      vertex 1.55885 17.6 48.9
      vertex 1.42804 17.6 49.0958
    endloop
  endfacet
  facet normal 0 1 0
    outer loop
      vertex 5.5 17.6 49.5
      vertex 1.66298 17.6 48.6888
      vertex 1.55885 17.6 48.9
    endloop
  endfacet
  facet normal 0 1 0
    outer loop
      vertex 5.5 17.6 49.5
      vertex 1.73867 17.6 48.4659
      vertex 1.66298 17.6 48.6888
    endloop
  endfacet
  facet normal 0 1 0
    outer loop
      vertex 5.5 17.6 49.5
      vertex 1.7846 17.6 48.2349
      vertex 1.73867 17.6 48.4659
    endloop
  endfacet
  facet normal 0 1 0
    outer loop
      vertex 5.5 17.6 49.5
      vertex 1.8 17.6 48
      vertex 1.7846 17.6 48.2349
    endloop
  endfacet
  facet normal 0 1 0
    outer loop
      vertex 5.5 17.6 49.5
      vertex 1.7846 17.6 47.7651
      vertex 1.8 17.6 48
    endloop
  endfacet
  facet normal 0 1 0
    outer loop
      vertex 5.5 17.6 49.5
      vertex 1.73867 17.6 47.5341
      vertex 1.7846 17.6 47.7651
    endloop
  endfacet
  facet normal 0 1 0
    outer loop
      vertex 7.5 17.6 46.5
      vertex 1.73867 17.6 47.5341
      vertex 5.5 17.6 49.5
    endloop
  endfacet
  facet normal 0 1 0
    outer loop
      vertex 1.73867 17.6 47.5341
      vertex 7.5 17.6 46.5
      vertex 1.66298 17.6 47.3112
    endloop
  endfacet
  facet normal 0 1 0
    outer loop
      vertex 1.66298 17.6 47.3112
      vertex 7.5 17.6 46.5
      vertex 1.55885 17.6 47.1
    endloop
  endfacet
  facet normal 0 1 0
    outer loop
      vertex 1.55885 17.6 47.1
      vertex 7.5 17.6 46.5
      vertex 1.42804 17.6 46.9042
    endloop
  endfacet
  facet normal 0 1 0
    outer loop
      vertex 1.42804 17.6 46.9042
      vertex 7.5 17.6 46.5
      vertex 1.27279 17.6 46.7272
    endloop
  endfacet
  facet normal 0 1 0
    outer loop
      vertex 1.27279 17.6 46.7272
      vertex 7.5 17.6 46.5
      vertex 1.09577 17.6 46.572
    endloop
  endfacet
  facet normal 0 1 0
    outer loop
      vertex 9.95929 17.6 42.25
      vertex 1.09577 17.6 46.572
      vertex 7.5 17.6 46.5
    endloop
  endfacet
  facet normal 0 1 -0
    outer loop
      vertex 11.1081 17.6 45.0236
      vertex 7.5 17.6 46.5
      vertex 11.4016 17.6 46.4989
    endloop
  endfacet
  facet normal 0 1 -0
    outer loop
      vertex 10.6246 17.6 43.5991
      vertex 7.5 17.6 46.5
      vertex 11.1081 17.6 45.0236
    endloop
  endfacet
  facet normal 0 1 -0
    outer loop
      vertex 9.95929 17.6 42.25
      vertex 7.5 17.6 46.5
      vertex 10.6246 17.6 43.5991
    endloop
  endfacet
  facet normal 0 1 0
    outer loop
      vertex 1.09577 17.6 46.572
      vertex 9.95929 17.6 42.25
      vertex 0.9 17.6 46.4412
    endloop
  endfacet
  facet normal 0 1 -0
    outer loop
      vertex 6.56218 17.6 35.5
      vertex 0.9 17.6 46.4412
      vertex 9.95929 17.6 42.25
    endloop
  endfacet
  facet normal 0 1 0
    outer loop
      vertex 0.9 17.6 46.4412
      vertex 6.56218 17.6 35.5
      vertex 0.688829 17.6 46.337
    endloop
  endfacet
  facet normal 0 1 0
    outer loop
      vertex 2.97642 17.6 59.1081
      vertex 0 17.6 49.8
      vertex 1.50105 17.6 59.4016
    endloop
  endfacet
  facet normal 0 1 0
    outer loop
      vertex 4.40086 17.6 58.6246
      vertex 0 17.6 49.8
      vertex 2.97642 17.6 59.1081
    endloop
  endfacet
  facet normal 0 1 0
    outer loop
      vertex 1.50105 17.6 59.4016
      vertex 0 17.6 49.8
      vertex 0 17.6 59.5
    endloop
  endfacet
  facet normal 0 1 0
    outer loop
      vertex 0.688829 17.6 49.663
      vertex 4.40086 17.6 58.6246
      vertex 7.5 17.6 52.5
    endloop
  endfacet
  facet normal 0 1 -0
    outer loop
      vertex 0 17.6 49.8
      vertex -1.50105 17.6 59.4016
      vertex 0 17.6 59.5
    endloop
  endfacet
  facet normal 0 1 0
    outer loop
      vertex 7.5 17.6 52.5
      vertex 4.40086 17.6 58.6246
      vertex 5.75 17.6 57.9593
    endloop
  endfacet
  facet normal 0 1 -0
    outer loop
      vertex -0.234946 17.6 49.7846
      vertex -1.50105 17.6 59.4016
      vertex 0 17.6 49.8
    endloop
  endfacet
  facet normal 0 1 0
    outer loop
      vertex 7.5 17.6 52.5
      vertex 5.75 17.6 57.9593
      vertex 7.00076 17.6 57.1236
    endloop
  endfacet
  facet normal 0 1 0
    outer loop
      vertex -1.50105 17.6 59.4016
      vertex -0.234946 17.6 49.7846
      vertex -2.97642 17.6 59.1081
    endloop
  endfacet
  facet normal 0 1 -0
    outer loop
      vertex 7.5 17.6 52.5
      vertex 7.00076 17.6 57.1236
      vertex 8.13173 17.6 56.1317
    endloop
  endfacet
  facet normal 0 1 0
    outer loop
      vertex -4.40086 17.6 58.6246
      vertex -7.5 17.6 52.5
      vertex -5.75 17.6 57.9593
    endloop
  endfacet
  facet normal 0 1 0
    outer loop
      vertex 7.5 17.6 52.5
      vertex 8.13173 17.6 56.1317
      vertex 9.12356 17.6 55.0008
    endloop
  endfacet
  facet normal 0 1 0
    outer loop
      vertex -5.75 17.6 57.9593
      vertex -7.5 17.6 52.5
      vertex -7.00076 17.6 57.1236
    endloop
  endfacet
  facet normal 0 1 0
    outer loop
      vertex 7.5 17.6 52.5
      vertex 9.12356 17.6 55.0008
      vertex 9.95929 17.6 53.75
    endloop
  endfacet
  facet normal 0 1 0
    outer loop
      vertex -7.00076 17.6 57.1236
      vertex -7.5 17.6 52.5
      vertex -8.13173 17.6 56.1317
    endloop
  endfacet
  facet normal 0 1 0
    outer loop
      vertex -8.13173 17.6 56.1317
      vertex -7.5 17.6 52.5
      vertex -9.12356 17.6 55.0008
    endloop
  endfacet
  facet normal 0 1 0
    outer loop
      vertex 10.6246 17.6 52.4009
      vertex 7.5 17.6 52.5
      vertex 9.95929 17.6 53.75
    endloop
  endfacet
  facet normal 0 1 0
    outer loop
      vertex 9.5 17.6 49.5
      vertex 10.6246 17.6 52.4009
      vertex 11.1081 17.6 50.9764
    endloop
  endfacet
  facet normal 0 1 0
    outer loop
      vertex 9.5 17.6 49.5
      vertex 11.1081 17.6 50.9764
      vertex 11.4016 17.6 49.5011
    endloop
  endfacet
  facet normal 0 1 0
    outer loop
      vertex 10.6246 17.6 52.4009
      vertex 9.5 17.6 49.5
      vertex 7.5 17.6 52.5
    endloop
  endfacet
  facet normal 0 1 0
    outer loop
      vertex 11.5 17.6 48
      vertex 9.5 17.6 49.5
      vertex 11.4016 17.6 49.5011
    endloop
  endfacet
  facet normal 0 1 0
    outer loop
      vertex 11.5 17.6 48
      vertex 7.5 17.6 46.5
      vertex 9.5 17.6 49.5
    endloop
  endfacet
  facet normal -0 1 0
    outer loop
      vertex 7.5 17.6 46.5
      vertex 11.5 17.6 48
      vertex 11.4016 17.6 46.4989
    endloop
  endfacet
  facet normal 0 1 0
    outer loop
      vertex -9.12356 17.6 55.0008
      vertex -7.5 17.6 52.5
      vertex -9.95929 17.6 53.75
    endloop
  endfacet
  facet normal 0 1 0
    outer loop
      vertex -7.5 17.6 52.5
      vertex -10.6246 17.6 52.4009
      vertex -9.95929 17.6 53.75
    endloop
  endfacet
  facet normal 0 1 -0
    outer loop
      vertex -9.5 17.6 49.5
      vertex -10.6246 17.6 52.4009
      vertex -7.5 17.6 52.5
    endloop
  endfacet
  facet normal 0 1 0
    outer loop
      vertex -10.6246 17.6 52.4009
      vertex -9.5 17.6 49.5
      vertex -11.1081 17.6 50.9764
    endloop
  endfacet
  facet normal 0 1 0
    outer loop
      vertex -11.1081 17.6 50.9764
      vertex -9.5 17.6 49.5
      vertex -11.4016 17.6 49.5011
    endloop
  endfacet
  facet normal 0 1 0
    outer loop
      vertex -9.5 17.6 49.5
      vertex -11.5 17.6 48
      vertex -11.4016 17.6 49.5011
    endloop
  endfacet
  facet normal 0 1 0
    outer loop
      vertex -7.5 17.6 46.5
      vertex -11.5 17.6 48
      vertex -9.5 17.6 49.5
    endloop
  endfacet
  facet normal 0 1 0
    outer loop
      vertex -11.5 17.6 48
      vertex -7.5 17.6 46.5
      vertex -11.4016 17.6 46.4989
    endloop
  endfacet
  facet normal 0 1 0
    outer loop
      vertex -2.97642 17.6 59.1081
      vertex -0.465874 17.6 49.7387
      vertex -4.40086 17.6 58.6246
    endloop
  endfacet
  facet normal 0 1 -0
    outer loop
      vertex -0.688829 17.6 49.663
      vertex -4.40086 17.6 58.6246
      vertex -0.465874 17.6 49.7387
    endloop
  endfacet
  facet normal 0 1 0
    outer loop
      vertex -4.40086 17.6 58.6246
      vertex -0.688829 17.6 49.663
      vertex -7.5 17.6 52.5
    endloop
  endfacet
  facet normal 0 1 -0
    outer loop
      vertex -0.9 17.6 49.5588
      vertex -7.5 17.6 52.5
      vertex -0.688829 17.6 49.663
    endloop
  endfacet
  facet normal 0 1 0
    outer loop
      vertex -0.9 17.6 49.5588
      vertex -5.5 17.6 49.5
      vertex -7.5 17.6 52.5
    endloop
  endfacet
  facet normal 0 1 -0
    outer loop
      vertex -1.09577 17.6 49.428
      vertex -5.5 17.6 49.5
      vertex -0.9 17.6 49.5588
    endloop
  endfacet
  facet normal 0 1 -0
    outer loop
      vertex -1.27279 17.6 49.2728
      vertex -5.5 17.6 49.5
      vertex -1.09577 17.6 49.428
    endloop
  endfacet
  facet normal 0 1 -0
    outer loop
      vertex -1.42804 17.6 49.0958
      vertex -5.5 17.6 49.5
      vertex -1.27279 17.6 49.2728
    endloop
  endfacet
  facet normal 0 1 -0
    outer loop
      vertex -1.55885 17.6 48.9
      vertex -5.5 17.6 49.5
      vertex -1.42804 17.6 49.0958
    endloop
  endfacet
  facet normal 0 1 -0
    outer loop
      vertex -1.66298 17.6 48.6888
      vertex -5.5 17.6 49.5
      vertex -1.55885 17.6 48.9
    endloop
  endfacet
  facet normal 0 1 -0
    outer loop
      vertex -1.73867 17.6 48.4659
      vertex -5.5 17.6 49.5
      vertex -1.66298 17.6 48.6888
    endloop
  endfacet
  facet normal 0 1 -0
    outer loop
      vertex -1.7846 17.6 48.2349
      vertex -5.5 17.6 49.5
      vertex -1.73867 17.6 48.4659
    endloop
  endfacet
  facet normal 0 1 -0
    outer loop
      vertex -1.8 17.6 48
      vertex -5.5 17.6 49.5
      vertex -1.7846 17.6 48.2349
    endloop
  endfacet
  facet normal 0 1 0
    outer loop
      vertex -1.7846 17.6 47.7651
      vertex -5.5 17.6 49.5
      vertex -1.8 17.6 48
    endloop
  endfacet
  facet normal 0 1 0
    outer loop
      vertex -1.73867 17.6 47.5341
      vertex -5.5 17.6 49.5
      vertex -1.7846 17.6 47.7651
    endloop
  endfacet
  facet normal 0 1 0
    outer loop
      vertex -7.5 17.6 46.5
      vertex -1.73867 17.6 47.5341
      vertex -1.66298 17.6 47.3112
    endloop
  endfacet
  facet normal 0 1 0
    outer loop
      vertex -7.5 17.6 46.5
      vertex -1.66298 17.6 47.3112
      vertex -1.55885 17.6 47.1
    endloop
  endfacet
  facet normal 0 1 0
    outer loop
      vertex -7.5 17.6 46.5
      vertex -1.55885 17.6 47.1
      vertex -1.42804 17.6 46.9042
    endloop
  endfacet
  facet normal 0 1 0
    outer loop
      vertex -7.5 17.6 46.5
      vertex -1.42804 17.6 46.9042
      vertex -1.27279 17.6 46.7272
    endloop
  endfacet
  facet normal 0 1 0
    outer loop
      vertex -7.5 17.6 46.5
      vertex -1.27279 17.6 46.7272
      vertex -1.09577 17.6 46.572
    endloop
  endfacet
  facet normal 0 1 0
    outer loop
      vertex -1.73867 17.6 47.5341
      vertex -7.5 17.6 46.5
      vertex -5.5 17.6 49.5
    endloop
  endfacet
  facet normal 0 1 0
    outer loop
      vertex -9.95929 17.6 42.25
      vertex -1.09577 17.6 46.572
      vertex -0.9 17.6 46.4412
    endloop
  endfacet
  facet normal 0 1 0
    outer loop
      vertex -1.09577 17.6 46.572
      vertex -9.95929 17.6 42.25
      vertex -7.5 17.6 46.5
    endloop
  endfacet
  facet normal 0 1 0
    outer loop
      vertex -5.56218 17.6 35.5
      vertex -0.9 17.6 46.4412
      vertex -0.688829 17.6 46.337
    endloop
  endfacet
  facet normal 0 1 0
    outer loop
      vertex -5.56218 17.6 35.5
      vertex -0.688829 17.6 46.337
      vertex -0.465874 17.6 46.2613
    endloop
  endfacet
  facet normal 0 1 0
    outer loop
      vertex 0.5 17.6 34.5
      vertex -0.465874 17.6 46.2613
      vertex -0.234946 17.6 46.2154
    endloop
  endfacet
  facet normal 0 1 0
    outer loop
      vertex 0.5 17.6 34.5
      vertex -0.234946 17.6 46.2154
      vertex 0 17.6 46.2
    endloop
  endfacet
  facet normal 0 1 0
    outer loop
      vertex 0.688829 17.6 46.337
      vertex 6.56218 17.6 35.5
      vertex 0.465874 17.6 46.2613
    endloop
  endfacet
  facet normal 0 1 0
    outer loop
      vertex -7.5 17.6 46.5
      vertex -11.1081 17.6 45.0236
      vertex -11.4016 17.6 46.4989
    endloop
  endfacet
  facet normal 0 1 -0
    outer loop
      vertex 0.5 17.6 34.5
      vertex 0.465874 17.6 46.2613
      vertex 6.56218 17.6 35.5
    endloop
  endfacet
  facet normal 0 1 0
    outer loop
      vertex -7.5 17.6 46.5
      vertex -10.6246 17.6 43.5991
      vertex -11.1081 17.6 45.0236
    endloop
  endfacet
  facet normal 0 1 0
    outer loop
      vertex 0.465874 17.6 46.2613
      vertex 0.5 17.6 34.5
      vertex 0.234946 17.6 46.2154
    endloop
  endfacet
  facet normal 0 1 0
    outer loop
      vertex -7.5 17.6 46.5
      vertex -9.95929 17.6 42.25
      vertex -10.6246 17.6 43.5991
    endloop
  endfacet
  facet normal 0 1 0
    outer loop
      vertex 0.234946 17.6 46.2154
      vertex 0.5 17.6 34.5
      vertex 0 17.6 46.2
    endloop
  endfacet
  facet normal 0 1 0
    outer loop
      vertex -0.465874 17.6 46.2613
      vertex 0.5 17.6 34.5
      vertex -5.56218 17.6 35.5
    endloop
  endfacet
  facet normal 0 1 0
    outer loop
      vertex 0.5 17.6 34.5
      vertex 6.56218 17.6 35.5
      vertex 6.05347 17.6 34.7387
    endloop
  endfacet
  facet normal 0 1 0
    outer loop
      vertex -0.9 17.6 46.4412
      vertex -5.56218 17.6 35.5
      vertex -9.95929 17.6 42.25
    endloop
  endfacet
  facet normal 0 1 0
    outer loop
      vertex -5.56218 17.6 35.5
      vertex 0.5 17.6 34.5
      vertex -5.05347 17.6 34.7387
    endloop
  endfacet
  facet normal 0 1 -0
    outer loop
      vertex 5.44975 17.6 34.0503
      vertex 0.5 17.6 34.5
      vertex 6.05347 17.6 34.7387
    endloop
  endfacet
  facet normal 0 1 -0
    outer loop
      vertex 4.76133 17.6 33.4465
      vertex 0.5 17.6 34.5
      vertex 5.44975 17.6 34.0503
    endloop
  endfacet
  facet normal 0 1 -0
    outer loop
      vertex 4 17.6 32.9378
      vertex 0.5 17.6 34.5
      vertex 4.76133 17.6 33.4465
    endloop
  endfacet
  facet normal 0 1 -0
    outer loop
      vertex 3.17878 17.6 32.5328
      vertex 0.5 17.6 34.5
      vertex 4 17.6 32.9378
    endloop
  endfacet
  facet normal 0 1 0
    outer loop
      vertex 0.5 17.6 34.5
      vertex 3.17878 17.6 32.5328
      vertex 2.49831 17.6 32.3019
    endloop
  endfacet
  facet normal 0.997857 -0 0.0654252
    outer loop
      vertex -10 -8.4 48
      vertex -9.99067 15.1 47.8577
      vertex -10 15.1 48
    endloop
  endfacet
  facet normal 0.997857 0 0.0654252
    outer loop
      vertex -9.99067 15.1 47.8577
      vertex -10 -8.4 48
      vertex -9.99067 -8.4 47.8577
    endloop
  endfacet
  facet normal 0.997862 -0 0.0653554
    outer loop
      vertex -9.92377 -8.4 46.837
      vertex -9.91445 15.1 46.6947
      vertex -9.92377 15.1 46.837
    endloop
  endfacet
  facet normal 0.997862 0 0.0653554
    outer loop
      vertex -9.91445 15.1 46.6947
      vertex -9.92377 -8.4 46.837
      vertex -9.91445 -8.4 46.6947
    endloop
  endfacet
  facet normal -0.0650315 0 0.997883
    outer loop
      vertex 0 15.09 38
      vertex 0.0245514 -8.4 38.0016
      vertex 0.0245514 15.09 38.0016
    endloop
  endfacet
  facet normal -0.0650315 0 0.997883
    outer loop
      vertex 0.0245514 -8.4 38.0016
      vertex 0 15.09 38
      vertex 0 -8.4 38
    endloop
  endfacet
  facet normal 0.555611 0 0.831442
    outer loop
      vertex -5.11373 15.1 39.4157
      vertex -5 -8.4 39.3397
      vertex -5 15.1 39.3397
    endloop
  endfacet
  facet normal 0.555611 0 0.831442
    outer loop
      vertex -5 -8.4 39.3397
      vertex -5.11373 15.1 39.4157
      vertex -5.11373 -8.4 39.4157
    endloop
  endfacet
  facet normal 0.555842 0 0.831288
    outer loop
      vertex -6.08761 15.1 40.0665
      vertex -5.98681 -8.4 39.9991
      vertex -5.98681 15.1 39.9991
    endloop
  endfacet
  facet normal 0.555842 0 0.831288
    outer loop
      vertex -5.98681 -8.4 39.9991
      vertex -6.08761 15.1 40.0665
      vertex -6.08761 -8.4 40.0665
    endloop
  endfacet
  facet normal 0.897204 -0 0.441616
    outer loop
      vertex -9.2388 -8.4 44.1732
      vertex -9.22679 15.1 44.1488
      vertex -9.2388 15.1 44.1732
    endloop
  endfacet
  facet normal 0.897204 0 0.441616
    outer loop
      vertex -9.22679 15.1 44.1488
      vertex -9.2388 -8.4 44.1732
      vertex -9.22679 -8.4 44.1488
    endloop
  endfacet
  facet normal 0.896829 -0 0.442378
    outer loop
      vertex -8.75698 -8.4 43.1961
      vertex -8.66025 15.1 43
      vertex -8.75698 15.1 43.1961
    endloop
  endfacet
  facet normal 0.896829 0 0.442378
    outer loop
      vertex -8.66025 15.1 43
      vertex -8.75698 -8.4 43.1961
      vertex -8.66025 -8.4 43
    endloop
  endfacet
  facet normal 0.0661005 0 0.997813
    outer loop
      vertex -1.30526 15.09 38.0856
      vertex -1.17393 -8.4 38.0769
      vertex -1.17393 15.09 38.0769
    endloop
  endfacet
  facet normal 0.0661005 0 0.997813
    outer loop
      vertex -1.17393 -8.4 38.0769
      vertex -1.30526 15.09 38.0856
      vertex -1.30526 -8.4 38.0856
    endloop
  endfacet
  facet normal 0.195049 0 0.980794
    outer loop
      vertex -2.58819 15.1 38.3407
      vertex -2.35487 -8.4 38.2943
      vertex -2.35487 15.1 38.2943
    endloop
  endfacet
  facet normal 0.195049 0 0.980794
    outer loop
      vertex -2.35487 -8.4 38.2943
      vertex -2.58819 15.1 38.3407
      vertex -2.58819 -8.4 38.3407
    endloop
  endfacet
  facet normal 0.194708 0 0.980861
    outer loop
      vertex -1.41911 15.09 38.1082
      vertex -1.30526 -8.4 38.0856
      vertex -1.30526 15.09 38.0856
    endloop
  endfacet
  facet normal 0.194708 0 0.980861
    outer loop
      vertex -1.30526 -8.4 38.0856
      vertex -1.41911 15.09 38.1082
      vertex -1.41911 -8.4 38.1082
    endloop
  endfacet
  facet normal 0.980777 -0 0.195134
    outer loop
      vertex -9.67836 -8.4 45.5078
      vertex -9.65926 15.1 45.4118
      vertex -9.67836 15.1 45.5078
    endloop
  endfacet
  facet normal 0.980777 0 0.195134
    outer loop
      vertex -9.65926 15.1 45.4118
      vertex -9.67836 -8.4 45.5078
      vertex -9.65926 -8.4 45.4118
    endloop
  endfacet
  facet normal 0.980779 -0 0.195124
    outer loop
      vertex -9.91445 -8.4 46.6947
      vertex -9.86527 15.1 46.4475
      vertex -9.91445 15.1 46.6947
    endloop
  endfacet
  facet normal 0.980779 0 0.195124
    outer loop
      vertex -9.86527 15.1 46.4475
      vertex -9.91445 -8.4 46.6947
      vertex -9.86527 -8.4 46.4475
    endloop
  endfacet
  facet normal 0.751854 -0 0.65933
    outer loop
      vertex -7.93353 -8.4 41.9124
      vertex -7.80462 15.1 41.7654
      vertex -7.93353 15.1 41.9124
    endloop
  endfacet
  facet normal 0.751854 0 0.65933
    outer loop
      vertex -7.80462 15.1 41.7654
      vertex -7.93353 -8.4 41.9124
      vertex -7.80462 -8.4 41.7654
    endloop
  endfacet
  facet normal 0.75184 -0 0.659345
    outer loop
      vertex -7.1621 -8.4 41.0327
      vertex -7.07107 15.1 40.9289
      vertex -7.1621 15.1 41.0327
    endloop
  endfacet
  facet normal 0.75184 0 0.659345
    outer loop
      vertex -7.07107 15.1 40.9289
      vertex -7.1621 -8.4 41.0327
      vertex -7.07107 -8.4 40.9289
    endloop
  endfacet
  facet normal 0.442296 0 0.896869
    outer loop
      vertex -4.0584 15.1 38.8754
      vertex -3.82683 -8.4 38.7612
      vertex -3.82683 15.1 38.7612
    endloop
  endfacet
  facet normal 0.442296 0 0.896869
    outer loop
      vertex -3.82683 -8.4 38.7612
      vertex -4.0584 15.1 38.8754
      vertex -4.0584 -8.4 38.8754
    endloop
  endfacet
  facet normal 0.441768 0 0.897129
    outer loop
      vertex -5 15.1 39.3397
      vertex -4.93136 -8.4 39.3059
      vertex -4.93136 15.1 39.3059
    endloop
  endfacet
  facet normal 0.441768 0 0.897129
    outer loop
      vertex -4.93136 -8.4 39.3059
      vertex -5 15.1 39.3397
      vertex -5 -8.4 39.3397
    endloop
  endfacet
  facet normal 0.946958 -0 0.321359
    outer loop
      vertex -9.65926 -8.4 45.4118
      vertex -9.61477 15.1 45.2807
      vertex -9.65926 15.1 45.4118
    endloop
  endfacet
  facet normal 0.946958 0 0.321359
    outer loop
      vertex -9.61477 15.1 45.2807
      vertex -9.65926 -8.4 45.4118
      vertex -9.61477 -8.4 45.2807
    endloop
  endfacet
  facet normal 0.946921 -0 0.321467
    outer loop
      vertex -9.26528 -8.4 44.2512
      vertex -9.2388 15.1 44.1732
      vertex -9.26528 15.1 44.2512
    endloop
  endfacet
  facet normal 0.946921 0 0.321467
    outer loop
      vertex -9.2388 15.1 44.1732
      vertex -9.26528 -8.4 44.2512
      vertex -9.2388 -8.4 44.1732
    endloop
  endfacet
  facet normal 0.321728 0 0.946832
    outer loop
      vertex -2.74917 15.1 38.3954
      vertex -2.58819 -8.4 38.3407
      vertex -2.58819 15.1 38.3407
    endloop
  endfacet
  facet normal 0.321728 0 0.946832
    outer loop
      vertex -2.58819 -8.4 38.3407
      vertex -2.74917 15.1 38.3954
      vertex -2.74917 -8.4 38.3954
    endloop
  endfacet
  facet normal 0.321637 0 0.946863
    outer loop
      vertex -3.82683 15.1 38.7612
      vertex -3.69671 -8.4 38.717
      vertex -3.69671 15.1 38.717
    endloop
  endfacet
  facet normal 0.321637 0 0.946863
    outer loop
      vertex -3.69671 -8.4 38.717
      vertex -3.82683 15.1 38.7612
      vertex -3.82683 -8.4 38.7612
    endloop
  endfacet
  facet normal 0.659457 0 0.751743
    outer loop
      vertex -6.12728 15.1 40.1013
      vertex -6.08761 -8.4 40.0665
      vertex -6.08761 15.1 40.0665
    endloop
  endfacet
  facet normal 0.659457 0 0.751743
    outer loop
      vertex -6.08761 -8.4 40.0665
      vertex -6.12728 15.1 40.1013
      vertex -6.12728 -8.4 40.1013
    endloop
  endfacet
  facet normal 0.659272 0 0.751905
    outer loop
      vertex -7.07107 15.1 40.9289
      vertex -6.88243 -8.4 40.7635
      vertex -6.88243 15.1 40.7635
    endloop
  endfacet
  facet normal 0.659272 0 0.751905
    outer loop
      vertex -6.88243 -8.4 40.7635
      vertex -7.07107 15.1 40.9289
      vertex -7.07107 -8.4 40.9289
    endloop
  endfacet
  facet normal 0.831399 -0 0.555676
    outer loop
      vertex -8.66025 -8.4 43
      vertex -8.588 15.1 42.8919
      vertex -8.66025 15.1 43
    endloop
  endfacet
  facet normal 0.831399 0 0.555676
    outer loop
      vertex -8.588 15.1 42.8919
      vertex -8.66025 -8.4 43
      vertex -8.588 -8.4 42.8919
    endloop
  endfacet
  facet normal 0.831508 -0 0.555513
    outer loop
      vertex -8.05492 -8.4 42.0941
      vertex -7.93353 15.1 41.9124
      vertex -8.05492 15.1 42.0941
    endloop
  endfacet
  facet normal 0.831508 0 0.555513
    outer loop
      vertex -7.93353 15.1 41.9124
      vertex -8.05492 -8.4 42.0941
      vertex -7.93353 -8.4 41.9124
    endloop
  endfacet
  facet normal -0 0 1
    outer loop
      vertex -12.5 15.1 48
      vertex -10 -8.4 48
      vertex -10 15.1 48
    endloop
  endfacet
  facet normal 0 0 1
    outer loop
      vertex -10 -8.4 48
      vertex -12.5 15.1 48
      vertex -12.5 -8.4 48
    endloop
  endfacet
  facet normal -0.980768 0 -0.195175
    outer loop
      vertex 1.23931 -10.9 48.1632
      vertex 1.20741 -8.4 48.3235
      vertex 1.23931 -8.4 48.1632
    endloop
  endfacet
  facet normal -0.980768 -0 -0.195175
    outer loop
      vertex 1.20741 -8.4 48.3235
      vertex 1.23931 -10.9 48.1632
      vertex 1.20741 -10.9 48.3235
    endloop
  endfacet
  facet normal -0.980768 0 0.195175
    outer loop
      vertex 1.20741 -10.9 47.6765
      vertex 1.23931 -8.4 47.8368
      vertex 1.20741 -8.4 47.6765
    endloop
  endfacet
  facet normal -0.980768 0 0.195175
    outer loop
      vertex 1.23931 -8.4 47.8368
      vertex 1.20741 -10.9 47.6765
      vertex 1.23931 -10.9 47.8368
    endloop
  endfacet
  facet normal -0.997862 0 0.0653624
    outer loop
      vertex 1.23931 -10.9 47.8368
      vertex 1.25 -8.4 48
      vertex 1.23931 -8.4 47.8368
    endloop
  endfacet
  facet normal -0.997862 0 0.0653624
    outer loop
      vertex 1.25 -8.4 48
      vertex 1.23931 -10.9 47.8368
      vertex 1.25 -10.9 48
    endloop
  endfacet
  facet normal -0.94697 0 0.321322
    outer loop
      vertex 1.15485 -10.9 47.5216
      vertex 1.20741 -8.4 47.6765
      vertex 1.15485 -8.4 47.5216
    endloop
  endfacet
  facet normal -0.94697 0 0.321322
    outer loop
      vertex 1.20741 -8.4 47.6765
      vertex 1.15485 -10.9 47.5216
      vertex 1.20741 -10.9 47.6765
    endloop
  endfacet
  facet normal 0.997862 -0 0.0653624
    outer loop
      vertex -1.25 -10.9 48
      vertex -1.23931 -8.4 47.8368
      vertex -1.25 -8.4 48
    endloop
  endfacet
  facet normal 0.997862 0 0.0653624
    outer loop
      vertex -1.23931 -8.4 47.8368
      vertex -1.25 -10.9 48
      vertex -1.23931 -10.9 47.8368
    endloop
  endfacet
  facet normal -0.442693 0 -0.896673
    outer loop
      vertex 0.478354 -10.9 49.1549
      vertex 0.625 -8.4 49.0825
      vertex 0.625 -10.9 49.0825
    endloop
  endfacet
  facet normal -0.442693 0 -0.896673
    outer loop
      vertex 0.625 -8.4 49.0825
      vertex 0.478354 -10.9 49.1549
      vertex 0.478354 -8.4 49.1549
    endloop
  endfacet
  facet normal -0.195096 0 0.980784
    outer loop
      vertex 0.163157 -8.4 46.7607
      vertex 0.323524 -10.9 46.7926
      vertex 0.323524 -8.4 46.7926
    endloop
  endfacet
  facet normal -0.195096 0 0.980784
    outer loop
      vertex 0.323524 -10.9 46.7926
      vertex 0.163157 -8.4 46.7607
      vertex 0.163157 -10.9 46.7607
    endloop
  endfacet
  facet normal -0.195096 0 -0.980784
    outer loop
      vertex 0.163157 -10.9 49.2393
      vertex 0.323524 -8.4 49.2074
      vertex 0.323524 -10.9 49.2074
    endloop
  endfacet
  facet normal -0.195096 0 -0.980784
    outer loop
      vertex 0.323524 -8.4 49.2074
      vertex 0.163157 -10.9 49.2393
      vertex 0.163157 -8.4 49.2393
    endloop
  endfacet
  facet normal -0.0654404 0 -0.997856
    outer loop
      vertex 0 -10.9 49.25
      vertex 0.163157 -8.4 49.2393
      vertex 0.163157 -10.9 49.2393
    endloop
  endfacet
  facet normal -0.0654404 0 -0.997856
    outer loop
      vertex 0.163157 -8.4 49.2393
      vertex 0 -10.9 49.25
      vertex 0 -8.4 49.25
    endloop
  endfacet
  facet normal 0.659317 0 0.751865
    outer loop
      vertex -0.883883 -8.4 47.1161
      vertex -0.760951 -10.9 47.0083
      vertex -0.760951 -8.4 47.0083
    endloop
  endfacet
  facet normal 0.659317 0 0.751865
    outer loop
      vertex -0.760951 -10.9 47.0083
      vertex -0.883883 -8.4 47.1161
      vertex -0.883883 -10.9 47.1161
    endloop
  endfacet
  facet normal 0.831566 -0 0.555425
    outer loop
      vertex -1.08253 -10.9 47.375
      vertex -0.991692 -8.4 47.239
      vertex -1.08253 -8.4 47.375
    endloop
  endfacet
  facet normal 0.831566 0 0.555425
    outer loop
      vertex -0.991692 -8.4 47.239
      vertex -1.08253 -10.9 47.375
      vertex -0.991692 -10.9 47.239
    endloop
  endfacet
  facet normal -0.321123 0 0.947038
    outer loop
      vertex 0.323524 -8.4 46.7926
      vertex 0.478354 -10.9 46.8451
      vertex 0.478354 -8.4 46.8451
    endloop
  endfacet
  facet normal -0.321123 0 0.947038
    outer loop
      vertex 0.478354 -10.9 46.8451
      vertex 0.323524 -8.4 46.7926
      vertex 0.323524 -10.9 46.7926
    endloop
  endfacet
  facet normal -0.659317 0 -0.751865
    outer loop
      vertex 0.760951 -10.9 48.9917
      vertex 0.883883 -8.4 48.8839
      vertex 0.883883 -10.9 48.8839
    endloop
  endfacet
  facet normal -0.659317 0 -0.751865
    outer loop
      vertex 0.883883 -8.4 48.8839
      vertex 0.760951 -10.9 48.9917
      vertex 0.760951 -8.4 48.9917
    endloop
  endfacet
  facet normal 0.442693 0 0.896673
    outer loop
      vertex -0.625 -8.4 46.9175
      vertex -0.478354 -10.9 46.8451
      vertex -0.478354 -8.4 46.8451
    endloop
  endfacet
  facet normal 0.442693 0 0.896673
    outer loop
      vertex -0.478354 -10.9 46.8451
      vertex -0.625 -8.4 46.9175
      vertex -0.625 -10.9 46.9175
    endloop
  endfacet
  facet normal 0.0654404 0 -0.997856
    outer loop
      vertex -0.163157 -10.9 49.2393
      vertex 0 -8.4 49.25
      vertex 0 -10.9 49.25
    endloop
  endfacet
  facet normal 0.0654404 0 -0.997856
    outer loop
      vertex 0 -8.4 49.25
      vertex -0.163157 -10.9 49.2393
      vertex -0.163157 -8.4 49.2393
    endloop
  endfacet
  facet normal -0.751753 0 -0.659445
    outer loop
      vertex 0.991692 -10.9 48.761
      vertex 0.883883 -8.4 48.8839
      vertex 0.991692 -8.4 48.761
    endloop
  endfacet
  facet normal -0.751753 -0 -0.659445
    outer loop
      vertex 0.883883 -8.4 48.8839
      vertex 0.991692 -10.9 48.761
      vertex 0.883883 -10.9 48.8839
    endloop
  endfacet
  facet normal 0.94697 0 -0.321322
    outer loop
      vertex -1.15485 -10.9 48.4784
      vertex -1.20741 -8.4 48.3235
      vertex -1.15485 -8.4 48.4784
    endloop
  endfacet
  facet normal 0.94697 0 -0.321322
    outer loop
      vertex -1.20741 -8.4 48.3235
      vertex -1.15485 -10.9 48.4784
      vertex -1.20741 -10.9 48.3235
    endloop
  endfacet
  facet normal -0.321123 0 -0.947038
    outer loop
      vertex 0.323524 -10.9 49.2074
      vertex 0.478354 -8.4 49.1549
      vertex 0.478354 -10.9 49.1549
    endloop
  endfacet
  facet normal -0.321123 0 -0.947038
    outer loop
      vertex 0.478354 -8.4 49.1549
      vertex 0.323524 -10.9 49.2074
      vertex 0.323524 -8.4 49.2074
    endloop
  endfacet
  facet normal 0.321123 0 0.947038
    outer loop
      vertex -0.478354 -8.4 46.8451
      vertex -0.323524 -10.9 46.7926
      vertex -0.323524 -8.4 46.7926
    endloop
  endfacet
  facet normal 0.321123 0 0.947038
    outer loop
      vertex -0.323524 -10.9 46.7926
      vertex -0.478354 -8.4 46.8451
      vertex -0.478354 -10.9 46.8451
    endloop
  endfacet
  facet normal 0.555403 0 0.831581
    outer loop
      vertex -0.760951 -8.4 47.0083
      vertex -0.625 -10.9 46.9175
      vertex -0.625 -8.4 46.9175
    endloop
  endfacet
  facet normal 0.555403 0 0.831581
    outer loop
      vertex -0.625 -10.9 46.9175
      vertex -0.760951 -8.4 47.0083
      vertex -0.760951 -10.9 47.0083
    endloop
  endfacet
  facet normal 0.94697 -0 0.321322
    outer loop
      vertex -1.20741 -10.9 47.6765
      vertex -1.15485 -8.4 47.5216
      vertex -1.20741 -8.4 47.6765
    endloop
  endfacet
  facet normal 0.94697 0 0.321322
    outer loop
      vertex -1.15485 -8.4 47.5216
      vertex -1.20741 -10.9 47.6765
      vertex -1.15485 -10.9 47.5216
    endloop
  endfacet
  facet normal -0.896812 0 0.442411
    outer loop
      vertex 1.08253 -10.9 47.375
      vertex 1.15485 -8.4 47.5216
      vertex 1.08253 -8.4 47.375
    endloop
  endfacet
  facet normal -0.896812 0 0.442411
    outer loop
      vertex 1.15485 -8.4 47.5216
      vertex 1.08253 -10.9 47.375
      vertex 1.15485 -10.9 47.5216
    endloop
  endfacet
  facet normal 0.195096 0 0.980784
    outer loop
      vertex -0.323524 -8.4 46.7926
      vertex -0.163157 -10.9 46.7607
      vertex -0.163157 -8.4 46.7607
    endloop
  endfacet
  facet normal 0.195096 0 0.980784
    outer loop
      vertex -0.163157 -10.9 46.7607
      vertex -0.323524 -8.4 46.7926
      vertex -0.323524 -10.9 46.7926
    endloop
  endfacet
  facet normal -0.659317 0 0.751865
    outer loop
      vertex 0.760951 -8.4 47.0083
      vertex 0.883883 -10.9 47.1161
      vertex 0.883883 -8.4 47.1161
    endloop
  endfacet
  facet normal -0.659317 0 0.751865
    outer loop
      vertex 0.883883 -10.9 47.1161
      vertex 0.760951 -8.4 47.0083
      vertex 0.760951 -10.9 47.0083
    endloop
  endfacet
  facet normal -0.997862 0 -0.0653624
    outer loop
      vertex 1.25 -10.9 48
      vertex 1.23931 -8.4 48.1632
      vertex 1.25 -8.4 48
    endloop
  endfacet
  facet normal -0.997862 -0 -0.0653624
    outer loop
      vertex 1.23931 -8.4 48.1632
      vertex 1.25 -10.9 48
      vertex 1.23931 -10.9 48.1632
    endloop
  endfacet
  facet normal -0.442693 0 0.896673
    outer loop
      vertex 0.478354 -8.4 46.8451
      vertex 0.625 -10.9 46.9175
      vertex 0.625 -8.4 46.9175
    endloop
  endfacet
  facet normal -0.442693 0 0.896673
    outer loop
      vertex 0.625 -10.9 46.9175
      vertex 0.478354 -8.4 46.8451
      vertex 0.478354 -10.9 46.8451
    endloop
  endfacet
  facet normal 0.321123 0 -0.947038
    outer loop
      vertex -0.478354 -10.9 49.1549
      vertex -0.323524 -8.4 49.2074
      vertex -0.323524 -10.9 49.2074
    endloop
  endfacet
  facet normal 0.321123 0 -0.947038
    outer loop
      vertex -0.323524 -8.4 49.2074
      vertex -0.478354 -10.9 49.1549
      vertex -0.478354 -8.4 49.1549
    endloop
  endfacet
  facet normal 0.980768 -0 0.195175
    outer loop
      vertex -1.23931 -10.9 47.8368
      vertex -1.20741 -8.4 47.6765
      vertex -1.23931 -8.4 47.8368
    endloop
  endfacet
  facet normal 0.980768 0 0.195175
    outer loop
      vertex -1.20741 -8.4 47.6765
      vertex -1.23931 -10.9 47.8368
      vertex -1.20741 -10.9 47.6765
    endloop
  endfacet
  facet normal 0.0654404 0 0.997856
    outer loop
      vertex -0.163157 -8.4 46.7607
      vertex 0 -10.9 46.75
      vertex 0 -8.4 46.75
    endloop
  endfacet
  facet normal 0.0654404 0 0.997856
    outer loop
      vertex 0 -10.9 46.75
      vertex -0.163157 -8.4 46.7607
      vertex -0.163157 -10.9 46.7607
    endloop
  endfacet
  facet normal 0.195096 0 -0.980784
    outer loop
      vertex -0.323524 -10.9 49.2074
      vertex -0.163157 -8.4 49.2393
      vertex -0.163157 -10.9 49.2393
    endloop
  endfacet
  facet normal 0.195096 0 -0.980784
    outer loop
      vertex -0.163157 -8.4 49.2393
      vertex -0.323524 -10.9 49.2074
      vertex -0.323524 -8.4 49.2074
    endloop
  endfacet
  facet normal -0.94697 0 -0.321322
    outer loop
      vertex 1.20741 -10.9 48.3235
      vertex 1.15485 -8.4 48.4784
      vertex 1.20741 -8.4 48.3235
    endloop
  endfacet
  facet normal -0.94697 -0 -0.321322
    outer loop
      vertex 1.15485 -8.4 48.4784
      vertex 1.20741 -10.9 48.3235
      vertex 1.15485 -10.9 48.4784
    endloop
  endfacet
  facet normal -0.831566 0 0.555425
    outer loop
      vertex 0.991692 -10.9 47.239
      vertex 1.08253 -8.4 47.375
      vertex 0.991692 -8.4 47.239
    endloop
  endfacet
  facet normal -0.831566 0 0.555425
    outer loop
      vertex 1.08253 -8.4 47.375
      vertex 0.991692 -10.9 47.239
      vertex 1.08253 -10.9 47.375
    endloop
  endfacet
  facet normal -0.751753 0 0.659445
    outer loop
      vertex 0.883883 -10.9 47.1161
      vertex 0.991692 -8.4 47.239
      vertex 0.883883 -8.4 47.1161
    endloop
  endfacet
  facet normal -0.751753 0 0.659445
    outer loop
      vertex 0.991692 -8.4 47.239
      vertex 0.883883 -10.9 47.1161
      vertex 0.991692 -10.9 47.239
    endloop
  endfacet
  facet normal 0.896812 0 -0.442411
    outer loop
      vertex -1.08253 -10.9 48.625
      vertex -1.15485 -8.4 48.4784
      vertex -1.08253 -8.4 48.625
    endloop
  endfacet
  facet normal 0.896812 0 -0.442411
    outer loop
      vertex -1.15485 -8.4 48.4784
      vertex -1.08253 -10.9 48.625
      vertex -1.15485 -10.9 48.4784
    endloop
  endfacet
  facet normal -0.896812 0 -0.442411
    outer loop
      vertex 1.15485 -10.9 48.4784
      vertex 1.08253 -8.4 48.625
      vertex 1.15485 -8.4 48.4784
    endloop
  endfacet
  facet normal -0.896812 -0 -0.442411
    outer loop
      vertex 1.08253 -8.4 48.625
      vertex 1.15485 -10.9 48.4784
      vertex 1.08253 -10.9 48.625
    endloop
  endfacet
  facet normal 0.751753 0 -0.659445
    outer loop
      vertex -0.883883 -10.9 48.8839
      vertex -0.991692 -8.4 48.761
      vertex -0.883883 -8.4 48.8839
    endloop
  endfacet
  facet normal 0.751753 0 -0.659445
    outer loop
      vertex -0.991692 -8.4 48.761
      vertex -0.883883 -10.9 48.8839
      vertex -0.991692 -10.9 48.761
    endloop
  endfacet
  facet normal -0.831566 0 -0.555425
    outer loop
      vertex 1.08253 -10.9 48.625
      vertex 0.991692 -8.4 48.761
      vertex 1.08253 -8.4 48.625
    endloop
  endfacet
  facet normal -0.831566 -0 -0.555425
    outer loop
      vertex 0.991692 -8.4 48.761
      vertex 1.08253 -10.9 48.625
      vertex 0.991692 -10.9 48.761
    endloop
  endfacet
  facet normal 0.751753 -0 0.659445
    outer loop
      vertex -0.991692 -10.9 47.239
      vertex -0.883883 -8.4 47.1161
      vertex -0.991692 -8.4 47.239
    endloop
  endfacet
  facet normal 0.751753 0 0.659445
    outer loop
      vertex -0.883883 -8.4 47.1161
      vertex -0.991692 -10.9 47.239
      vertex -0.883883 -10.9 47.1161
    endloop
  endfacet
  facet normal -0.0654404 0 0.997856
    outer loop
      vertex 0 -8.4 46.75
      vertex 0.163157 -10.9 46.7607
      vertex 0.163157 -8.4 46.7607
    endloop
  endfacet
  facet normal -0.0654404 0 0.997856
    outer loop
      vertex 0.163157 -10.9 46.7607
      vertex 0 -8.4 46.75
      vertex 0 -10.9 46.75
    endloop
  endfacet
  facet normal -0.555403 0 0.831581
    outer loop
      vertex 0.625 -8.4 46.9175
      vertex 0.760951 -10.9 47.0083
      vertex 0.760951 -8.4 47.0083
    endloop
  endfacet
  facet normal -0.555403 0 0.831581
    outer loop
      vertex 0.760951 -10.9 47.0083
      vertex 0.625 -8.4 46.9175
      vertex 0.625 -10.9 46.9175
    endloop
  endfacet
  facet normal 0.442693 0 -0.896673
    outer loop
      vertex -0.625 -10.9 49.0825
      vertex -0.478354 -8.4 49.1549
      vertex -0.478354 -10.9 49.1549
    endloop
  endfacet
  facet normal 0.442693 0 -0.896673
    outer loop
      vertex -0.478354 -8.4 49.1549
      vertex -0.625 -10.9 49.0825
      vertex -0.625 -8.4 49.0825
    endloop
  endfacet
  facet normal 0.831566 0 -0.555425
    outer loop
      vertex -0.991692 -10.9 48.761
      vertex -1.08253 -8.4 48.625
      vertex -0.991692 -8.4 48.761
    endloop
  endfacet
  facet normal 0.831566 0 -0.555425
    outer loop
      vertex -1.08253 -8.4 48.625
      vertex -0.991692 -10.9 48.761
      vertex -1.08253 -10.9 48.625
    endloop
  endfacet
  facet normal 0.980768 0 -0.195175
    outer loop
      vertex -1.20741 -10.9 48.3235
      vertex -1.23931 -8.4 48.1632
      vertex -1.20741 -8.4 48.3235
    endloop
  endfacet
  facet normal 0.980768 0 -0.195175
    outer loop
      vertex -1.23931 -8.4 48.1632
      vertex -1.20741 -10.9 48.3235
      vertex -1.23931 -10.9 48.1632
    endloop
  endfacet
  facet normal 0.659317 0 -0.751865
    outer loop
      vertex -0.883883 -10.9 48.8839
      vertex -0.760951 -8.4 48.9917
      vertex -0.760951 -10.9 48.9917
    endloop
  endfacet
  facet normal 0.659317 0 -0.751865
    outer loop
      vertex -0.760951 -8.4 48.9917
      vertex -0.883883 -10.9 48.8839
      vertex -0.883883 -8.4 48.8839
    endloop
  endfacet
  facet normal 0.896812 -0 0.442411
    outer loop
      vertex -1.15485 -10.9 47.5216
      vertex -1.08253 -8.4 47.375
      vertex -1.15485 -8.4 47.5216
    endloop
  endfacet
  facet normal 0.896812 0 0.442411
    outer loop
      vertex -1.08253 -8.4 47.375
      vertex -1.15485 -10.9 47.5216
      vertex -1.08253 -10.9 47.375
    endloop
  endfacet
  facet normal 0.997862 0 -0.0653624
    outer loop
      vertex -1.23931 -10.9 48.1632
      vertex -1.25 -8.4 48
      vertex -1.23931 -8.4 48.1632
    endloop
  endfacet
  facet normal 0.997862 0 -0.0653624
    outer loop
      vertex -1.25 -8.4 48
      vertex -1.23931 -10.9 48.1632
      vertex -1.25 -10.9 48
    endloop
  endfacet
  facet normal -0.555403 0 -0.831581
    outer loop
      vertex 0.625 -10.9 49.0825
      vertex 0.760951 -8.4 48.9917
      vertex 0.760951 -10.9 48.9917
    endloop
  endfacet
  facet normal -0.555403 0 -0.831581
    outer loop
      vertex 0.760951 -8.4 48.9917
      vertex 0.625 -10.9 49.0825
      vertex 0.625 -8.4 49.0825
    endloop
  endfacet
  facet normal 0.555403 0 -0.831581
    outer loop
      vertex -0.760951 -10.9 48.9917
      vertex -0.625 -8.4 49.0825
      vertex -0.625 -10.9 49.0825
    endloop
  endfacet
  facet normal 0.555403 0 -0.831581
    outer loop
      vertex -0.625 -8.4 49.0825
      vertex -0.760951 -10.9 48.9917
      vertex -0.760951 -8.4 48.9917
    endloop
  endfacet
  facet normal -1 0 0
    outer loop
      vertex 2.75 1.25 0.400001
      vertex 2.75 7.25 5.99
      vertex 2.75 7.25 0.400001
    endloop
  endfacet
  facet normal -1 -0 0
    outer loop
      vertex 2.75 7.25 5.99
      vertex 2.75 1.25 0.400001
      vertex 2.75 1.25 5.99
    endloop
  endfacet
  facet normal 0 0 -1
    outer loop
      vertex -2.75 1.25 5.99
      vertex 2.75 7.25 5.99
      vertex 2.75 1.25 5.99
    endloop
  endfacet
  facet normal -0 0 -1
    outer loop
      vertex 2.75 7.25 5.99
      vertex -2.75 1.25 5.99
      vertex -2.75 7.25 5.99
    endloop
  endfacet
  facet normal 1 -0 0
    outer loop
      vertex -2.75 1.25 5.99
      vertex -2.75 7.25 0.400001
      vertex -2.75 7.25 5.99
    endloop
  endfacet
  facet normal 1 0 0
    outer loop
      vertex -2.75 7.25 0.400001
      vertex -2.75 1.25 5.99
      vertex -2.75 1.25 0.400001
    endloop
  endfacet
  facet normal 0 -1 0
    outer loop
      vertex -2.75 7.25 0.400001
      vertex 2.75 7.25 5.99
      vertex -2.75 7.25 5.99
    endloop
  endfacet
  facet normal 0 -1 -0
    outer loop
      vertex 2.75 7.25 5.99
      vertex -2.75 7.25 0.400001
      vertex 2.75 7.25 0.400001
    endloop
  endfacet
  facet normal 0 1 -0
    outer loop
      vertex 2.75 1.25 0.400001
      vertex -2.75 1.25 5.99
      vertex 2.75 1.25 5.99
    endloop
  endfacet
  facet normal 0 1 0
    outer loop
      vertex -2.75 1.25 5.99
      vertex 2.75 1.25 0.400001
      vertex -2.75 1.25 0.400001
    endloop
  endfacet
  facet normal 0 -0.707108 -0.707106
    outer loop
      vertex -3.15 7.65 0
      vertex 2.75 7.25 0.400001
      vertex -2.75 7.25 0.400001
    endloop
  endfacet
  facet normal 0 -0.707108 -0.707106
    outer loop
      vertex 2.75 7.25 0.400001
      vertex -3.15 7.65 0
      vertex 3.15 7.65 0
    endloop
  endfacet
  facet normal -0.707108 0 -0.707106
    outer loop
      vertex 3.15 7.65 0
      vertex 2.75 1.25 0.400001
      vertex 2.75 7.25 0.400001
    endloop
  endfacet
  facet normal -0.707108 0 -0.707106
    outer loop
      vertex 2.75 1.25 0.400001
      vertex 3.15 7.65 0
      vertex 3.15 0.849999 0
    endloop
  endfacet
  facet normal 0.707108 0 -0.707106
    outer loop
      vertex -2.75 1.25 0.400001
      vertex -3.15 7.65 0
      vertex -2.75 7.25 0.400001
    endloop
  endfacet
  facet normal 0.707108 0 -0.707106
    outer loop
      vertex -3.15 7.65 0
      vertex -2.75 1.25 0.400001
      vertex -3.15 0.849999 0
    endloop
  endfacet
  facet normal 0 0.707107 -0.707107
    outer loop
      vertex 3.15 0.849999 0
      vertex -2.75 1.25 0.400001
      vertex 2.75 1.25 0.400001
    endloop
  endfacet
  facet normal 0 0.707107 -0.707107
    outer loop
      vertex -2.75 1.25 0.400001
      vertex 3.15 0.849999 0
      vertex -3.15 0.849999 0
    endloop
  endfacet
endsolid OpenSCAD_Model
