solid OpenSCAD_Model
  facet normal 0.857807 0.513971 0
    outer loop
      vertex 3.96853 -19.0556 8
      vertex 3.91808 -18.9714 0
      vertex 3.91808 -18.9714 8
    endloop
  endfacet
  facet normal 0.857807 0.513971 0
    outer loop
      vertex 3.91808 -18.9714 0
      vertex 3.96853 -19.0556 8
      vertex 3.96853 -19.0556 0
    endloop
  endfacet
  facet normal 0.513731 0.857951 -0
    outer loop
      vertex 4.3286 -19.3819 0
      vertex 4.24443 -19.3315 8
      vertex 4.3286 -19.3819 8
    endloop
  endfacet
  facet normal 0.513731 0.857951 0
    outer loop
      vertex 4.24443 -19.3315 8
      vertex 4.3286 -19.3819 0
      vertex 4.24443 -19.3315 0
    endloop
  endfacet
  facet normal -0.803192 -0.59572 0
    outer loop
      vertex 5.63147 -7.94443 3.93181
      vertex 5.57301 -7.86561 7.9748
      vertex 5.57301 -7.86561 3.93135
    endloop
  endfacet
  facet normal -0.803192 -0.59572 0
    outer loop
      vertex 5.57301 -7.86561 7.9748
      vertex 5.63147 -7.94443 3.93181
      vertex 5.63147 -7.94443 7.98958
    endloop
  endfacet
  facet normal -0.803192 -0.59572 -0
    outer loop
      vertex 5.63147 -7.94443 0.753936
      vertex 5.57301 -7.86561 0.0251988
      vertex 5.63147 -7.94443 0.0104195
    endloop
  endfacet
  facet normal -0.803192 -0.59572 0
    outer loop
      vertex 5.57301 -7.86561 0.0251988
      vertex 5.63147 -7.94443 0.753936
      vertex 5.57301 -7.86561 0.763305
    endloop
  endfacet
  facet normal 0.903958 0.427622 0
    outer loop
      vertex 3.91808 -18.9714 8
      vertex 3.87612 -18.8827 0
      vertex 3.87612 -18.8827 8
    endloop
  endfacet
  facet normal 0.903958 0.427622 0
    outer loop
      vertex 3.87612 -18.8827 0
      vertex 3.91808 -18.9714 8
      vertex 3.91808 -18.9714 0
    endloop
  endfacet
  facet normal -0.857807 0.513971 0
    outer loop
      vertex 5.63147 -19.0556 0
      vertex 5.68192 -18.9714 8
      vertex 5.68192 -18.9714 0
    endloop
  endfacet
  facet normal -0.857807 0.513971 0
    outer loop
      vertex 5.68192 -18.9714 8
      vertex 5.63147 -19.0556 0
      vertex 5.63147 -19.0556 8
    endloop
  endfacet
  facet normal -0.998793 0.0491243 0
    outer loop
      vertex 5.79518 -18.598 0
      vertex 5.8 -18.5 8
      vertex 5.8 -18.5 0
    endloop
  endfacet
  facet normal -0.998793 0.0491243 0
    outer loop
      vertex 5.8 -18.5 8
      vertex 5.79518 -18.598 0
      vertex 5.79518 -18.598 8
    endloop
  endfacet
  facet normal -0.243518 0.969896 0
    outer loop
      vertex 5.09028 -19.4569 0
      vertex 4.99509 -19.4808 8
      vertex 5.09028 -19.4569 8
    endloop
  endfacet
  facet normal -0.243518 0.969896 0
    outer loop
      vertex 4.99509 -19.4808 8
      vertex 5.09028 -19.4569 0
      vertex 4.99509 -19.4808 0
    endloop
  endfacet
  facet normal 0.803192 -0.59572 0
    outer loop
      vertex 3.96853 -7.94443 7.98958
      vertex 4.02699 -7.86561 0.0251988
      vertex 4.02699 -7.86561 7.9748
    endloop
  endfacet
  facet normal 0.803192 -0.59572 0
    outer loop
      vertex 4.02699 -7.86561 0.0251988
      vertex 3.96853 -7.94443 7.98958
      vertex 3.96853 -7.94443 0.0104195
    endloop
  endfacet
  facet normal -0.513731 0.857951 0
    outer loop
      vertex 5.35557 -19.3315 0
      vertex 5.2714 -19.3819 8
      vertex 5.35557 -19.3315 8
    endloop
  endfacet
  facet normal -0.513731 0.857951 0
    outer loop
      vertex 5.2714 -19.3819 8
      vertex 5.35557 -19.3315 0
      vertex 5.2714 -19.3819 0
    endloop
  endfacet
  facet normal 0.595983 0.802997 -0
    outer loop
      vertex 4.24443 -19.3315 0
      vertex 4.16561 -19.273 8
      vertex 4.24443 -19.3315 8
    endloop
  endfacet
  facet normal 0.595983 0.802997 0
    outer loop
      vertex 4.16561 -19.273 8
      vertex 4.24443 -19.3315 0
      vertex 4.16561 -19.273 0
    endloop
  endfacet
  facet normal 0.146741 0.989175 -0
    outer loop
      vertex 4.70198 -19.4952 0
      vertex 4.60491 -19.4808 8
      vertex 4.70198 -19.4952 8
    endloop
  endfacet
  facet normal 0.146741 0.989175 0
    outer loop
      vertex 4.60491 -19.4808 8
      vertex 4.70198 -19.4952 0
      vertex 4.60491 -19.4808 0
    endloop
  endfacet
  facet normal 0.970023 0.243015 0
    outer loop
      vertex 3.84306 -18.7903 8
      vertex 3.81921 -18.6951 0
      vertex 3.81921 -18.6951 8
    endloop
  endfacet
  facet normal 0.970023 0.243015 0
    outer loop
      vertex 3.81921 -18.6951 0
      vertex 3.84306 -18.7903 8
      vertex 3.84306 -18.7903 0
    endloop
  endfacet
  facet normal -0.903995 -0.427543 -0
    outer loop
      vertex 5.72388 -8.11732 8
      vertex 5.68192 -8.0286 3.92259
      vertex 5.72388 -8.11732 3.90377
    endloop
  endfacet
  facet normal -0.903995 -0.427543 0
    outer loop
      vertex 5.68192 -8.0286 3.92259
      vertex 5.72388 -8.11732 8
      vertex 5.68192 -8.0286 8
    endloop
  endfacet
  facet normal -0.903995 -0.427543 0
    outer loop
      vertex 5.72388 -8.11732 0
      vertex 5.68192 -8.0286 0.754188
      vertex 5.68192 -8.0286 0
    endloop
  endfacet
  facet normal -0.903995 -0.427543 0
    outer loop
      vertex 5.68192 -8.0286 0.754188
      vertex 5.72388 -8.11732 0
      vertex 5.72388 -8.11732 0.76406
    endloop
  endfacet
  facet normal 0.671505 0.741 -0
    outer loop
      vertex 4.16561 -19.273 0
      vertex 4.09289 -19.2071 8
      vertex 4.16561 -19.273 8
    endloop
  endfacet
  facet normal 0.671505 0.741 0
    outer loop
      vertex 4.09289 -19.2071 8
      vertex 4.16561 -19.273 0
      vertex 4.09289 -19.2071 0
    endloop
  endfacet
  facet normal -0.427543 -0.903995 0
    outer loop
      vertex 5.18268 -7.57612 7.92052
      vertex 5.2714 -7.61808 3.83421
      vertex 5.2714 -7.61808 7.92839
    endloop
  endfacet
  facet normal -0.427543 -0.903995 0
    outer loop
      vertex 5.2714 -7.61808 3.83421
      vertex 5.18268 -7.57612 7.92052
      vertex 5.18268 -7.57612 3.78727
    endloop
  endfacet
  facet normal -0.427543 -0.903995 0
    outer loop
      vertex 5.18268 -7.57612 0.0794774
      vertex 5.2714 -7.61808 0.893831
      vertex 5.18268 -7.57612 0.948153
    endloop
  endfacet
  facet normal -0.427543 -0.903995 -0
    outer loop
      vertex 5.2714 -7.61808 0.893831
      vertex 5.18268 -7.57612 0.0794774
      vertex 5.2714 -7.61808 0.0716103
    endloop
  endfacet
  facet normal 0.80312 0.595817 0
    outer loop
      vertex 4.02699 -19.1344 8
      vertex 3.96853 -19.0556 0
      vertex 3.96853 -19.0556 8
    endloop
  endfacet
  facet normal 0.80312 0.595817 0
    outer loop
      vertex 3.96853 -19.0556 0
      vertex 4.02699 -19.1344 8
      vertex 4.02699 -19.1344 0
    endloop
  endfacet
  facet normal -1 0 0
    outer loop
      vertex 5.8 -8.5 0
      vertex 5.8 -9.354 1.33748
      vertex 5.8 -8.5 0.896476
    endloop
  endfacet
  facet normal -1 -0 0
    outer loop
      vertex 5.8 -9.354 1.33748
      vertex 5.8 -18.5 0
      vertex 5.8 -9.354 3.22895
    endloop
  endfacet
  facet normal -1 0 0
    outer loop
      vertex 5.8 -18.5 0
      vertex 5.8 -9.354 1.33748
      vertex 5.8 -8.5 0
    endloop
  endfacet
  facet normal -1 0 0
    outer loop
      vertex 5.8 -9.354 3.22895
      vertex 5.8 -8.5 8
      vertex 5.8 -8.5 3.73758
    endloop
  endfacet
  facet normal -1 0 0
    outer loop
      vertex 5.8 -18.5 8
      vertex 5.8 -9.354 3.22895
      vertex 5.8 -18.5 0
    endloop
  endfacet
  facet normal -1 0 0
    outer loop
      vertex 5.8 -9.354 3.22895
      vertex 5.8 -18.5 8
      vertex 5.8 -8.5 8
    endloop
  endfacet
  facet normal 1 -0 0
    outer loop
      vertex 3.8 -18.5 8
      vertex 3.8 -8.5 0
      vertex 3.8 -8.5 8
    endloop
  endfacet
  facet normal 1 0 0
    outer loop
      vertex 3.8 -8.5 0
      vertex 3.8 -18.5 8
      vertex 3.8 -18.5 0
    endloop
  endfacet
  facet normal -0.970047 -0.242919 -0
    outer loop
      vertex 5.78078 -8.30491 8
      vertex 5.75694 -8.20971 3.87555
      vertex 5.78078 -8.30491 3.83819
    endloop
  endfacet
  facet normal -0.970047 -0.242919 0
    outer loop
      vertex 5.75694 -8.20971 3.87555
      vertex 5.78078 -8.30491 8
      vertex 5.75694 -8.20971 8
    endloop
  endfacet
  facet normal -0.970047 -0.242919 0
    outer loop
      vertex 5.78078 -8.30491 0
      vertex 5.75694 -8.20971 0.783456
      vertex 5.75694 -8.20971 0
    endloop
  endfacet
  facet normal -0.970047 -0.242919 0
    outer loop
      vertex 5.75694 -8.20971 0.783456
      vertex 5.78078 -8.30491 0
      vertex 5.78078 -8.30491 0.812189
    endloop
  endfacet
  facet normal 0.0491143 -0.998793 0
    outer loop
      vertex 4.70198 -7.50482 7.90715
      vertex 4.8 -7.5 3.52231
      vertex 4.8 -7.5 7.90625
    endloop
  endfacet
  facet normal 0.0491143 -0.998793 0
    outer loop
      vertex 4.8 -7.5 3.52231
      vertex 4.70198 -7.50482 7.90715
      vertex 4.70198 -7.50482 3.43997
    endloop
  endfacet
  facet normal 0.0491143 -0.998793 0
    outer loop
      vertex 4.70198 -7.50482 0.0928472
      vertex 4.8 -7.5 1.23663
      vertex 4.70198 -7.50482 1.32308
    endloop
  endfacet
  facet normal 0.0491143 -0.998793 0
    outer loop
      vertex 4.8 -7.5 1.23663
      vertex 4.70198 -7.50482 0.0928472
      vertex 4.8 -7.5 0.09375
    endloop
  endfacet
  facet normal 0.336879 -0.941548 0
    outer loop
      vertex 4.41732 -7.57612 7.92052
      vertex 4.50972 -7.54306 0.0856764
      vertex 4.50972 -7.54306 7.91432
    endloop
  endfacet
  facet normal 0.336879 -0.941548 0
    outer loop
      vertex 4.50972 -7.54306 0.0856764
      vertex 4.41732 -7.57612 7.92052
      vertex 4.41732 -7.57612 0.0794774
    endloop
  endfacet
  facet normal 0.998798 0.0490226 0
    outer loop
      vertex 3.80481 -18.598 8
      vertex 3.8 -18.5 0
      vertex 3.8 -18.5 8
    endloop
  endfacet
  facet normal 0.998798 0.0490226 0
    outer loop
      vertex 3.8 -18.5 0
      vertex 3.80481 -18.598 8
      vertex 3.80481 -18.598 0
    endloop
  endfacet
  facet normal -0.671505 -0.741 0
    outer loop
      vertex 5.43439 -7.72699 7.94881
      vertex 5.50711 -7.79289 3.92122
      vertex 5.50711 -7.79289 7.96117
    endloop
  endfacet
  facet normal -0.671505 -0.741 0
    outer loop
      vertex 5.50711 -7.79289 3.92122
      vertex 5.43439 -7.72699 7.94881
      vertex 5.43439 -7.72699 3.90151
    endloop
  endfacet
  facet normal -0.671505 -0.741 0
    outer loop
      vertex 5.43439 -7.72699 0.0511896
      vertex 5.50711 -7.79289 0.782206
      vertex 5.43439 -7.72699 0.810457
    endloop
  endfacet
  facet normal -0.671505 -0.741 -0
    outer loop
      vertex 5.50711 -7.79289 0.782206
      vertex 5.43439 -7.72699 0.0511896
      vertex 5.50711 -7.79289 0.0388327
    endloop
  endfacet
  facet normal 0.740908 0.671607 0
    outer loop
      vertex 4.09289 -19.2071 8
      vertex 4.02699 -19.1344 0
      vertex 4.02699 -19.1344 8
    endloop
  endfacet
  facet normal 0.740908 0.671607 0
    outer loop
      vertex 4.02699 -19.1344 0
      vertex 4.09289 -19.2071 8
      vertex 4.09289 -19.2071 0
    endloop
  endfacet
  facet normal 0.998798 -0.0490126 0
    outer loop
      vertex 3.8 -8.5 8
      vertex 3.80481 -8.40198 0
      vertex 3.80481 -8.40198 8
    endloop
  endfacet
  facet normal 0.998798 -0.0490126 0
    outer loop
      vertex 3.80481 -8.40198 0
      vertex 3.8 -8.5 8
      vertex 3.8 -8.5 0
    endloop
  endfacet
  facet normal -0.671505 0.741 0
    outer loop
      vertex 5.50711 -19.2071 0
      vertex 5.43439 -19.273 8
      vertex 5.50711 -19.2071 8
    endloop
  endfacet
  facet normal -0.671505 0.741 0
    outer loop
      vertex 5.43439 -19.273 8
      vertex 5.50711 -19.2071 0
      vertex 5.43439 -19.273 0
    endloop
  endfacet
  facet normal 0.989182 0.146696 0
    outer loop
      vertex 3.81921 -18.6951 8
      vertex 3.80481 -18.598 0
      vertex 3.80481 -18.598 8
    endloop
  endfacet
  facet normal 0.989182 0.146696 0
    outer loop
      vertex 3.80481 -18.598 0
      vertex 3.81921 -18.6951 8
      vertex 3.81921 -18.6951 0
    endloop
  endfacet
  facet normal -0.146641 -0.98919 0
    outer loop
      vertex 4.89802 -7.50482 7.90715
      vertex 4.99509 -7.51921 3.66905
      vertex 4.99509 -7.51921 7.90985
    endloop
  endfacet
  facet normal -0.146641 -0.98919 0
    outer loop
      vertex 4.99509 -7.51921 3.66905
      vertex 4.89802 -7.50482 7.90715
      vertex 4.89802 -7.50482 3.59892
    endloop
  endfacet
  facet normal -0.146641 -0.98919 0
    outer loop
      vertex 4.89802 -7.50482 0.0928472
      vertex 4.99509 -7.51921 1.07945
      vertex 4.89802 -7.50482 1.15516
    endloop
  endfacet
  facet normal -0.146641 -0.98919 -0
    outer loop
      vertex 4.99509 -7.51921 1.07945
      vertex 4.89802 -7.50482 0.0928472
      vertex 4.99509 -7.51921 0.0901473
    endloop
  endfacet
  facet normal 0.59572 -0.803192 0
    outer loop
      vertex 4.16561 -7.72699 7.94881
      vertex 4.24443 -7.66853 0.0621507
      vertex 4.24443 -7.66853 7.93785
    endloop
  endfacet
  facet normal 0.59572 -0.803192 0
    outer loop
      vertex 4.24443 -7.66853 0.0621507
      vertex 4.16561 -7.72699 7.94881
      vertex 4.16561 -7.72699 0.0511896
    endloop
  endfacet
  facet normal -0.741 -0.671505 0
    outer loop
      vertex 5.57301 -7.86561 3.93135
      vertex 5.50711 -7.79289 7.96117
      vertex 5.50711 -7.79289 3.92122
    endloop
  endfacet
  facet normal -0.741 -0.671505 0
    outer loop
      vertex 5.50711 -7.79289 7.96117
      vertex 5.57301 -7.86561 3.93135
      vertex 5.57301 -7.86561 7.9748
    endloop
  endfacet
  facet normal -0.741 -0.671505 -0
    outer loop
      vertex 5.57301 -7.86561 0.763305
      vertex 5.50711 -7.79289 0.0388327
      vertex 5.57301 -7.86561 0.0251988
    endloop
  endfacet
  facet normal -0.741 -0.671505 0
    outer loop
      vertex 5.50711 -7.79289 0.0388327
      vertex 5.57301 -7.86561 0.763305
      vertex 5.50711 -7.79289 0.782206
    endloop
  endfacet
  facet normal 0.857757 -0.514055 0.000564715
    outer loop
      vertex 3.91808 -8.0286 8
      vertex 3.96853 -7.94443 7.98958
      vertex 3.93522 -8 8
    endloop
  endfacet
  facet normal 0.857727 -0.514106 0
    outer loop
      vertex 3.96853 -7.94443 7.98958
      vertex 3.91808 -8.0286 8
      vertex 3.96853 -7.94443 0.0104195
    endloop
  endfacet
  facet normal 0.857727 -0.514106 0
    outer loop
      vertex 3.91808 -8.0286 0
      vertex 3.96853 -7.94443 0.0104195
      vertex 3.91808 -8.0286 8
    endloop
  endfacet
  facet normal 0.857757 -0.514055 -0.000564743
    outer loop
      vertex 3.96853 -7.94443 0.0104195
      vertex 3.91808 -8.0286 0
      vertex 3.93522 -8 0
    endloop
  endfacet
  facet normal -0.427876 0.903837 0
    outer loop
      vertex 5.2714 -19.3819 0
      vertex 5.18268 -19.4239 8
      vertex 5.2714 -19.3819 8
    endloop
  endfacet
  facet normal -0.427876 0.903837 0
    outer loop
      vertex 5.18268 -19.4239 8
      vertex 5.2714 -19.3819 0
      vertex 5.18268 -19.4239 0
    endloop
  endfacet
  facet normal 0.048911 0.998803 -0
    outer loop
      vertex 4.8 -19.5 0
      vertex 4.70198 -19.4952 8
      vertex 4.8 -19.5 8
    endloop
  endfacet
  facet normal 0.048911 0.998803 0
    outer loop
      vertex 4.70198 -19.4952 8
      vertex 4.8 -19.5 0
      vertex 4.70198 -19.4952 0
    endloop
  endfacet
  facet normal -0.998793 -0.0491143 -0
    outer loop
      vertex 5.8 -8.5 8
      vertex 5.79518 -8.40198 3.79205
      vertex 5.8 -8.5 3.73758
    endloop
  endfacet
  facet normal -0.998793 -0.0491143 0
    outer loop
      vertex 5.79518 -8.40198 3.79205
      vertex 5.8 -8.5 8
      vertex 5.79518 -8.40198 8
    endloop
  endfacet
  facet normal -0.998793 -0.0491143 0
    outer loop
      vertex 5.8 -8.5 0
      vertex 5.79518 -8.40198 0.849984
      vertex 5.79518 -8.40198 0
    endloop
  endfacet
  facet normal -0.998793 -0.0491143 0
    outer loop
      vertex 5.79518 -8.40198 0.849984
      vertex 5.8 -8.5 0
      vertex 5.8 -8.5 0.896476
    endloop
  endfacet
  facet normal -0.80312 0.595817 0
    outer loop
      vertex 5.57301 -19.1344 0
      vertex 5.63147 -19.0556 8
      vertex 5.63147 -19.0556 0
    endloop
  endfacet
  facet normal -0.80312 0.595817 0
    outer loop
      vertex 5.63147 -19.0556 8
      vertex 5.57301 -19.1344 0
      vertex 5.57301 -19.1344 8
    endloop
  endfacet
  facet normal -0.048911 0.998803 0
    outer loop
      vertex 4.89802 -19.4952 0
      vertex 4.8 -19.5 8
      vertex 4.89802 -19.4952 8
    endloop
  endfacet
  facet normal -0.048911 0.998803 0
    outer loop
      vertex 4.8 -19.5 8
      vertex 4.89802 -19.4952 0
      vertex 4.8 -19.5 0
    endloop
  endfacet
  facet normal 0.146641 -0.98919 0
    outer loop
      vertex 4.60491 -7.51921 7.90985
      vertex 4.70198 -7.50482 3.43997
      vertex 4.70198 -7.50482 7.90715
    endloop
  endfacet
  facet normal 0.146659 -0.989187 3.92253e-07
    outer loop
      vertex 4.60491 -7.51921 7.90985
      vertex 4.62401 -7.51638 3.36985
      vertex 4.70198 -7.50482 3.43997
    endloop
  endfacet
  facet normal 0.146567 -0.989201 0
    outer loop
      vertex 4.60491 -7.51921 0.0901473
      vertex 4.62401 -7.51638 3.36985
      vertex 4.60491 -7.51921 7.90985
    endloop
  endfacet
  facet normal 0.146658 -0.989187 -1.35062e-06
    outer loop
      vertex 4.60491 -7.51921 0.0901473
      vertex 4.70198 -7.50482 1.32308
      vertex 4.62401 -7.51638 1.39584
    endloop
  endfacet
  facet normal 0.146641 -0.98919 0
    outer loop
      vertex 4.70198 -7.50482 1.32308
      vertex 4.60491 -7.51921 0.0901473
      vertex 4.70198 -7.50482 0.0928472
    endloop
  endfacet
  facet normal 0.146567 -0.989201 0
    outer loop
      vertex 4.62401 -7.51638 3.36985
      vertex 4.60491 -7.51921 0.0901473
      vertex 4.62401 -7.51638 1.39584
    endloop
  endfacet
  facet normal -0.989175 -0.146741 -0
    outer loop
      vertex 5.79518 -8.40198 8
      vertex 5.78078 -8.30491 3.83819
      vertex 5.79518 -8.40198 3.79205
    endloop
  endfacet
  facet normal -0.989175 -0.146741 0
    outer loop
      vertex 5.78078 -8.30491 3.83819
      vertex 5.79518 -8.40198 8
      vertex 5.78078 -8.30491 8
    endloop
  endfacet
  facet normal -0.989175 -0.146741 0
    outer loop
      vertex 5.79518 -8.40198 0
      vertex 5.78078 -8.30491 0.812189
      vertex 5.78078 -8.30491 0
    endloop
  endfacet
  facet normal -0.989175 -0.146741 0
    outer loop
      vertex 5.78078 -8.30491 0.812189
      vertex 5.79518 -8.40198 0
      vertex 5.79518 -8.40198 0.849984
    endloop
  endfacet
  facet normal 0.427543 -0.903995 0
    outer loop
      vertex 4.3286 -7.61808 7.92839
      vertex 4.41732 -7.57612 0.0794774
      vertex 4.41732 -7.57612 7.92052
    endloop
  endfacet
  facet normal 0.427543 -0.903995 0
    outer loop
      vertex 4.41732 -7.57612 0.0794774
      vertex 4.3286 -7.61808 7.92839
      vertex 4.3286 -7.61808 0.0716103
    endloop
  endfacet
  facet normal 0.243518 0.969896 -0
    outer loop
      vertex 4.60491 -19.4808 0
      vertex 4.50972 -19.4569 8
      vertex 4.60491 -19.4808 8
    endloop
  endfacet
  facet normal 0.243518 0.969896 0
    outer loop
      vertex 4.50972 -19.4569 8
      vertex 4.60491 -19.4808 0
      vertex 4.50972 -19.4569 0
    endloop
  endfacet
  facet normal -0.970047 0.242919 0
    outer loop
      vertex 5.75694 -18.7903 0
      vertex 5.78078 -18.6951 8
      vertex 5.78078 -18.6951 0
    endloop
  endfacet
  facet normal -0.970047 0.242919 0
    outer loop
      vertex 5.78078 -18.6951 8
      vertex 5.75694 -18.7903 0
      vertex 5.75694 -18.7903 8
    endloop
  endfacet
  facet normal 0.941548 0.336879 0
    outer loop
      vertex 3.87612 -18.8827 8
      vertex 3.84306 -18.7903 0
      vertex 3.84306 -18.7903 8
    endloop
  endfacet
  facet normal 0.941548 0.336879 0
    outer loop
      vertex 3.84306 -18.7903 0
      vertex 3.87612 -18.8827 8
      vertex 3.87612 -18.8827 0
    endloop
  endfacet
  facet normal -0.243039 -0.970016 0
    outer loop
      vertex 4.99509 -7.51921 7.90985
      vertex 5.09028 -7.54306 3.73204
      vertex 5.09028 -7.54306 7.91432
    endloop
  endfacet
  facet normal -0.243039 -0.970016 0
    outer loop
      vertex 5.09028 -7.54306 3.73204
      vertex 4.99509 -7.51921 7.90985
      vertex 4.99509 -7.51921 3.66905
    endloop
  endfacet
  facet normal -0.243039 -0.970016 0
    outer loop
      vertex 4.99509 -7.51921 0.0901473
      vertex 5.09028 -7.54306 1.01022
      vertex 4.99509 -7.51921 1.07945
    endloop
  endfacet
  facet normal -0.243039 -0.970016 -0
    outer loop
      vertex 5.09028 -7.54306 1.01022
      vertex 4.99509 -7.51921 0.0901473
      vertex 5.09028 -7.54306 0.0856764
    endloop
  endfacet
  facet normal -0.941537 -0.336911 -0
    outer loop
      vertex 5.75694 -8.20971 8
      vertex 5.72388 -8.11732 3.90377
      vertex 5.75694 -8.20971 3.87555
    endloop
  endfacet
  facet normal -0.941537 -0.336911 0
    outer loop
      vertex 5.72388 -8.11732 3.90377
      vertex 5.75694 -8.20971 8
      vertex 5.72388 -8.11732 8
    endloop
  endfacet
  facet normal -0.941537 -0.336911 0
    outer loop
      vertex 5.75694 -8.20971 0
      vertex 5.72388 -8.11732 0.76406
      vertex 5.72388 -8.11732 0
    endloop
  endfacet
  facet normal -0.941537 -0.336911 0
    outer loop
      vertex 5.72388 -8.11732 0.76406
      vertex 5.75694 -8.20971 0
      vertex 5.75694 -8.20971 0.783456
    endloop
  endfacet
  facet normal -0.59572 -0.803192 0
    outer loop
      vertex 5.35557 -7.66853 7.93785
      vertex 5.43439 -7.72699 3.90151
      vertex 5.43439 -7.72699 7.94881
    endloop
  endfacet
  facet normal -0.59572 -0.803192 0
    outer loop
      vertex 5.43439 -7.72699 3.90151
      vertex 5.35557 -7.66853 7.93785
      vertex 5.35557 -7.66853 3.87242
    endloop
  endfacet
  facet normal -0.59572 -0.803192 0
    outer loop
      vertex 5.35557 -7.66853 0.0621507
      vertex 5.43439 -7.72699 0.810457
      vertex 5.35557 -7.66853 0.847785
    endloop
  endfacet
  facet normal -0.59572 -0.803192 -0
    outer loop
      vertex 5.43439 -7.72699 0.810457
      vertex 5.35557 -7.66853 0.0621507
      vertex 5.43439 -7.72699 0.0511896
    endloop
  endfacet
  facet normal -0.0491143 -0.998793 0
    outer loop
      vertex 4.8 -7.5 7.90625
      vertex 4.89802 -7.50482 3.59892
      vertex 4.89802 -7.50482 7.90715
    endloop
  endfacet
  facet normal -0.0491143 -0.998793 0
    outer loop
      vertex 4.89802 -7.50482 3.59892
      vertex 4.8 -7.5 7.90625
      vertex 4.8 -7.5 3.52231
    endloop
  endfacet
  facet normal -0.0491143 -0.998793 0
    outer loop
      vertex 4.8 -7.5 0.09375
      vertex 4.89802 -7.50482 1.15516
      vertex 4.8 -7.5 1.23663
    endloop
  endfacet
  facet normal -0.0491143 -0.998793 -0
    outer loop
      vertex 4.89802 -7.50482 1.15516
      vertex 4.8 -7.5 0.09375
      vertex 4.89802 -7.50482 0.0928472
    endloop
  endfacet
  facet normal -0.595983 0.802997 0
    outer loop
      vertex 5.43439 -19.273 0
      vertex 5.35557 -19.3315 8
      vertex 5.43439 -19.273 8
    endloop
  endfacet
  facet normal -0.595983 0.802997 0
    outer loop
      vertex 5.35557 -19.3315 8
      vertex 5.43439 -19.273 0
      vertex 5.35557 -19.3315 0
    endloop
  endfacet
  facet normal 0.243039 -0.970016 0
    outer loop
      vertex 4.50972 -7.54306 7.91432
      vertex 4.60491 -7.51921 0.0901473
      vertex 4.60491 -7.51921 7.90985
    endloop
  endfacet
  facet normal 0.243039 -0.970016 0
    outer loop
      vertex 4.60491 -7.51921 0.0901473
      vertex 4.50972 -7.54306 7.91432
      vertex 4.50972 -7.54306 0.0856764
    endloop
  endfacet
  facet normal -0.903958 0.427622 0
    outer loop
      vertex 5.68192 -18.9714 0
      vertex 5.72388 -18.8827 8
      vertex 5.72388 -18.8827 0
    endloop
  endfacet
  facet normal -0.903958 0.427622 0
    outer loop
      vertex 5.72388 -18.8827 8
      vertex 5.68192 -18.9714 0
      vertex 5.68192 -18.9714 8
    endloop
  endfacet
  facet normal 0.941537 -0.336911 0
    outer loop
      vertex 3.84306 -8.20971 8
      vertex 3.87612 -8.11732 0
      vertex 3.87612 -8.11732 8
    endloop
  endfacet
  facet normal 0.941537 -0.336911 0
    outer loop
      vertex 3.87612 -8.11732 0
      vertex 3.84306 -8.20971 8
      vertex 3.84306 -8.20971 0
    endloop
  endfacet
  facet normal 0.903995 -0.427543 0
    outer loop
      vertex 3.87612 -8.11732 8
      vertex 3.91808 -8.0286 0
      vertex 3.91808 -8.0286 8
    endloop
  endfacet
  facet normal 0.903995 -0.427543 0
    outer loop
      vertex 3.91808 -8.0286 0
      vertex 3.87612 -8.11732 8
      vertex 3.87612 -8.11732 0
    endloop
  endfacet
  facet normal -0.941548 0.336879 0
    outer loop
      vertex 5.72388 -18.8827 0
      vertex 5.75694 -18.7903 8
      vertex 5.75694 -18.7903 0
    endloop
  endfacet
  facet normal -0.941548 0.336879 0
    outer loop
      vertex 5.75694 -18.7903 8
      vertex 5.72388 -18.8827 0
      vertex 5.72388 -18.8827 8
    endloop
  endfacet
  facet normal 0.989175 -0.146741 0
    outer loop
      vertex 3.80481 -8.40198 8
      vertex 3.81921 -8.30491 0
      vertex 3.81921 -8.30491 8
    endloop
  endfacet
  facet normal 0.989175 -0.146741 0
    outer loop
      vertex 3.81921 -8.30491 0
      vertex 3.80481 -8.40198 8
      vertex 3.80481 -8.40198 0
    endloop
  endfacet
  facet normal -0.336879 -0.941548 0
    outer loop
      vertex 5.09028 -7.54306 7.91432
      vertex 5.18268 -7.57612 3.78727
      vertex 5.18268 -7.57612 7.92052
    endloop
  endfacet
  facet normal -0.336879 -0.941548 0
    outer loop
      vertex 5.18268 -7.57612 3.78727
      vertex 5.09028 -7.54306 7.91432
      vertex 5.09028 -7.54306 3.73204
    endloop
  endfacet
  facet normal -0.336879 -0.941548 0
    outer loop
      vertex 5.09028 -7.54306 0.0856764
      vertex 5.18268 -7.57612 0.948153
      vertex 5.09028 -7.54306 1.01022
    endloop
  endfacet
  facet normal -0.336879 -0.941548 -0
    outer loop
      vertex 5.18268 -7.57612 0.948153
      vertex 5.09028 -7.54306 0.0856764
      vertex 5.18268 -7.57612 0.0794774
    endloop
  endfacet
  facet normal 0.671505 -0.741 0
    outer loop
      vertex 4.09289 -7.79289 7.96117
      vertex 4.16561 -7.72699 0.0511896
      vertex 4.16561 -7.72699 7.94881
    endloop
  endfacet
  facet normal 0.671505 -0.741 0
    outer loop
      vertex 4.16561 -7.72699 0.0511896
      vertex 4.09289 -7.79289 7.96117
      vertex 4.09289 -7.79289 0.0388327
    endloop
  endfacet
  facet normal -0.989182 0.146696 0
    outer loop
      vertex 5.78078 -18.6951 0
      vertex 5.79518 -18.598 8
      vertex 5.79518 -18.598 0
    endloop
  endfacet
  facet normal -0.989182 0.146696 0
    outer loop
      vertex 5.79518 -18.598 8
      vertex 5.78078 -18.6951 0
      vertex 5.78078 -18.6951 8
    endloop
  endfacet
  facet normal -0.336336 0.941742 0
    outer loop
      vertex 5.18268 -19.4239 0
      vertex 5.09028 -19.4569 8
      vertex 5.18268 -19.4239 8
    endloop
  endfacet
  facet normal -0.336336 0.941742 0
    outer loop
      vertex 5.09028 -19.4569 8
      vertex 5.18268 -19.4239 0
      vertex 5.09028 -19.4569 0
    endloop
  endfacet
  facet normal 0.336336 0.941742 -0
    outer loop
      vertex 4.50972 -19.4569 0
      vertex 4.41732 -19.4239 8
      vertex 4.50972 -19.4569 8
    endloop
  endfacet
  facet normal 0.336336 0.941742 0
    outer loop
      vertex 4.41732 -19.4239 8
      vertex 4.50972 -19.4569 0
      vertex 4.41732 -19.4239 0
    endloop
  endfacet
  facet normal 0.427876 0.903837 -0
    outer loop
      vertex 4.41732 -19.4239 0
      vertex 4.3286 -19.3819 8
      vertex 4.41732 -19.4239 8
    endloop
  endfacet
  facet normal 0.427876 0.903837 0
    outer loop
      vertex 4.3286 -19.3819 8
      vertex 4.41732 -19.4239 0
      vertex 4.3286 -19.3819 0
    endloop
  endfacet
  facet normal -0.146741 0.989175 0
    outer loop
      vertex 4.99509 -19.4808 0
      vertex 4.89802 -19.4952 8
      vertex 4.99509 -19.4808 8
    endloop
  endfacet
  facet normal -0.146741 0.989175 0
    outer loop
      vertex 4.89802 -19.4952 8
      vertex 4.99509 -19.4808 0
      vertex 4.89802 -19.4952 0
    endloop
  endfacet
  facet normal 0.741 -0.671505 0
    outer loop
      vertex 4.02699 -7.86561 7.9748
      vertex 4.09289 -7.79289 0.0388327
      vertex 4.09289 -7.79289 7.96117
    endloop
  endfacet
  facet normal 0.741 -0.671505 0
    outer loop
      vertex 4.09289 -7.79289 0.0388327
      vertex 4.02699 -7.86561 7.9748
      vertex 4.02699 -7.86561 0.0251988
    endloop
  endfacet
  facet normal 0.970023 -0.243015 0
    outer loop
      vertex 3.81921 -8.30491 8
      vertex 3.84306 -8.20971 0
      vertex 3.84306 -8.20971 8
    endloop
  endfacet
  facet normal 0.970023 -0.243015 0
    outer loop
      vertex 3.84306 -8.20971 0
      vertex 3.81921 -8.30491 8
      vertex 3.81921 -8.30491 0
    endloop
  endfacet
  facet normal -0.740908 0.671607 0
    outer loop
      vertex 5.50711 -19.2071 0
      vertex 5.57301 -19.1344 8
      vertex 5.57301 -19.1344 0
    endloop
  endfacet
  facet normal -0.740908 0.671607 0
    outer loop
      vertex 5.57301 -19.1344 8
      vertex 5.50711 -19.2071 0
      vertex 5.50711 -19.2071 8
    endloop
  endfacet
  facet normal 0.514106 -0.857727 0
    outer loop
      vertex 4.24443 -7.66853 7.93785
      vertex 4.3286 -7.61808 0.0716103
      vertex 4.3286 -7.61808 7.92839
    endloop
  endfacet
  facet normal 0.514106 -0.857727 0
    outer loop
      vertex 4.3286 -7.61808 0.0716103
      vertex 4.24443 -7.66853 7.93785
      vertex 4.24443 -7.66853 0.0621507
    endloop
  endfacet
  facet normal -0.857757 -0.514055 -0.000564743
    outer loop
      vertex 5.68192 -8.0286 0
      vertex 5.63147 -7.94443 0.0104195
      vertex 5.66478 -8 0
    endloop
  endfacet
  facet normal -0.857727 -0.514106 0
    outer loop
      vertex 5.63147 -7.94443 0.0104195
      vertex 5.68192 -8.0286 0
      vertex 5.68192 -8.0286 0.754188
    endloop
  endfacet
  facet normal -0.857727 -0.514106 0
    outer loop
      vertex 5.63147 -7.94443 0.0104195
      vertex 5.68192 -8.0286 0.754188
      vertex 5.63147 -7.94443 0.753936
    endloop
  endfacet
  facet normal -0.857727 -0.514106 0
    outer loop
      vertex 5.68192 -8.0286 3.92259
      vertex 5.63147 -7.94443 7.98958
      vertex 5.63147 -7.94443 3.93181
    endloop
  endfacet
  facet normal -0.857727 -0.514106 0
    outer loop
      vertex 5.63147 -7.94443 7.98958
      vertex 5.68192 -8.0286 3.92259
      vertex 5.68192 -8.0286 8
    endloop
  endfacet
  facet normal -0.857757 -0.514055 0.000564715
    outer loop
      vertex 5.63147 -7.94443 7.98958
      vertex 5.68192 -8.0286 8
      vertex 5.66478 -8 8
    endloop
  endfacet
  facet normal -0.514106 -0.857727 0
    outer loop
      vertex 5.2714 -7.61808 7.92839
      vertex 5.35557 -7.66853 3.87242
      vertex 5.35557 -7.66853 7.93785
    endloop
  endfacet
  facet normal -0.514106 -0.857727 0
    outer loop
      vertex 5.35557 -7.66853 3.87242
      vertex 5.2714 -7.61808 7.92839
      vertex 5.2714 -7.61808 3.83421
    endloop
  endfacet
  facet normal -0.514106 -0.857727 0
    outer loop
      vertex 5.2714 -7.61808 0.0716103
      vertex 5.35557 -7.66853 0.847785
      vertex 5.2714 -7.61808 0.893831
    endloop
  endfacet
  facet normal -0.514106 -0.857727 -0
    outer loop
      vertex 5.35557 -7.66853 0.847785
      vertex 5.2714 -7.61808 0.0716103
      vertex 5.35557 -7.66853 0.0621507
    endloop
  endfacet
  facet normal 0.740984 -0.671522 0
    outer loop
      vertex -0.77301 -7.86561 7.9748
      vertex -0.707107 -7.79289 0.0388327
      vertex -0.707107 -7.79289 7.96117
    endloop
  endfacet
  facet normal 0.740984 -0.671522 0
    outer loop
      vertex -0.707107 -7.79289 0.0388327
      vertex -0.77301 -7.86561 7.9748
      vertex -0.77301 -7.86561 0.0251988
    endloop
  endfacet
  facet normal -0.998795 0.0490836 0
    outer loop
      vertex 0.995184 -18.598 0
      vertex 1 -18.5 8
      vertex 1 -18.5 0
    endloop
  endfacet
  facet normal -0.998795 0.0490836 0
    outer loop
      vertex 1 -18.5 8
      vertex 0.995184 -18.598 0
      vertex 0.995184 -18.598 8
    endloop
  endfacet
  facet normal -0.989175 -0.146741 0
    outer loop
      vertex 0.995184 -8.40198 0
      vertex 0.980784 -8.30491 8
      vertex 0.980784 -8.30491 0
    endloop
  endfacet
  facet normal -0.989175 -0.146741 0
    outer loop
      vertex 0.980784 -8.30491 8
      vertex 0.995184 -8.40198 0
      vertex 0.995184 -8.40198 8
    endloop
  endfacet
  facet normal 0.243509 0.969899 -0
    outer loop
      vertex -0.19509 -19.4808 0
      vertex -0.290284 -19.4569 8
      vertex -0.19509 -19.4808 8
    endloop
  endfacet
  facet normal 0.243509 0.969899 0
    outer loop
      vertex -0.290284 -19.4569 8
      vertex -0.19509 -19.4808 0
      vertex -0.290284 -19.4569 0
    endloop
  endfacet
  facet normal 0.427904 0.903824 -0
    outer loop
      vertex -0.382683 -19.4239 0
      vertex -0.471396 -19.3819 8
      vertex -0.382683 -19.4239 8
    endloop
  endfacet
  facet normal 0.427904 0.903824 0
    outer loop
      vertex -0.471396 -19.3819 8
      vertex -0.382683 -19.4239 0
      vertex -0.471396 -19.3819 0
    endloop
  endfacet
  facet normal -0.671536 -0.740972 0
    outer loop
      vertex 0.634393 -7.72699 0.0511896
      vertex 0.707107 -7.79289 7.96117
      vertex 0.634393 -7.72699 7.94881
    endloop
  endfacet
  facet normal -0.671536 -0.740972 -0
    outer loop
      vertex 0.707107 -7.79289 7.96117
      vertex 0.634393 -7.72699 0.0511896
      vertex 0.707107 -7.79289 0.0388327
    endloop
  endfacet
  facet normal 0.513713 0.857962 -0
    outer loop
      vertex -0.471396 -19.3819 0
      vertex -0.55557 -19.3315 8
      vertex -0.471396 -19.3819 8
    endloop
  endfacet
  facet normal 0.513713 0.857962 0
    outer loop
      vertex -0.55557 -19.3315 8
      vertex -0.471396 -19.3819 0
      vertex -0.55557 -19.3315 0
    endloop
  endfacet
  facet normal 0.857803 0.513979 0
    outer loop
      vertex -0.83147 -19.0556 8
      vertex -0.881921 -18.9714 0
      vertex -0.881921 -18.9714 8
    endloop
  endfacet
  facet normal 0.857803 0.513979 0
    outer loop
      vertex -0.881921 -18.9714 0
      vertex -0.83147 -19.0556 8
      vertex -0.83147 -19.0556 0
    endloop
  endfacet
  facet normal -1 0 0
    outer loop
      vertex 1 -18.5 0
      vertex 1 -8.5 8
      vertex 1 -8.5 0
    endloop
  endfacet
  facet normal -1 -0 0
    outer loop
      vertex 1 -8.5 8
      vertex 1 -18.5 0
      vertex 1 -18.5 8
    endloop
  endfacet
  facet normal 0.941545 0.336888 0
    outer loop
      vertex -0.923879 -18.8827 8
      vertex -0.95694 -18.7903 0
      vertex -0.95694 -18.7903 8
    endloop
  endfacet
  facet normal 0.941545 0.336888 0
    outer loop
      vertex -0.95694 -18.7903 0
      vertex -0.923879 -18.8827 8
      vertex -0.923879 -18.8827 0
    endloop
  endfacet
  facet normal 0.970037 0.242958 0
    outer loop
      vertex -0.95694 -18.7903 8
      vertex -0.980784 -18.6951 0
      vertex -0.980784 -18.6951 8
    endloop
  endfacet
  facet normal 0.970037 0.242958 0
    outer loop
      vertex -0.980784 -18.6951 0
      vertex -0.95694 -18.7903 8
      vertex -0.95694 -18.7903 0
    endloop
  endfacet
  facet normal -0.989182 0.146696 0
    outer loop
      vertex 0.980784 -18.6951 0
      vertex 0.995184 -18.598 8
      vertex 0.995184 -18.598 0
    endloop
  endfacet
  facet normal -0.989182 0.146696 0
    outer loop
      vertex 0.995184 -18.598 8
      vertex 0.980784 -18.6951 0
      vertex 0.980784 -18.6951 8
    endloop
  endfacet
  facet normal -0.941533 -0.33692 0
    outer loop
      vertex 0.95694 -8.20971 0
      vertex 0.923879 -8.11732 8
      vertex 0.923879 -8.11732 0
    endloop
  endfacet
  facet normal -0.941533 -0.33692 0
    outer loop
      vertex 0.923879 -8.11732 8
      vertex 0.95694 -8.20971 0
      vertex 0.95694 -8.20971 8
    endloop
  endfacet
  facet normal -0.146636 -0.989191 0
    outer loop
      vertex 0.0980167 -7.50482 0.0928472
      vertex 0.19509 -7.51921 7.90985
      vertex 0.0980167 -7.50482 7.90715
    endloop
  endfacet
  facet normal -0.146636 -0.989191 -0
    outer loop
      vertex 0.19509 -7.51921 7.90985
      vertex 0.0980167 -7.50482 0.0928472
      vertex 0.19509 -7.51921 0.0901473
    endloop
  endfacet
  facet normal -0.857705 -0.514143 0.000322016
    outer loop
      vertex 0.881921 -8.0286 0
      vertex 0.83147 -7.94443 0.0104195
      vertex 0.864777 -8 0
    endloop
  endfacet
  facet normal -0.857722 -0.514114 0
    outer loop
      vertex 0.83147 -7.94443 0.0104195
      vertex 0.881921 -8.0286 0
      vertex 0.83147 -7.94443 7.98958
    endloop
  endfacet
  facet normal -0.857722 -0.514114 -0
    outer loop
      vertex 0.881921 -8.0286 8
      vertex 0.83147 -7.94443 7.98958
      vertex 0.881921 -8.0286 0
    endloop
  endfacet
  facet normal -0.857705 -0.514143 -0.000322
    outer loop
      vertex 0.83147 -7.94443 7.98958
      vertex 0.881921 -8.0286 8
      vertex 0.864777 -8 8
    endloop
  endfacet
  facet normal -0.514088 -0.857737 0
    outer loop
      vertex 0.471396 -7.61808 0.0716103
      vertex 0.55557 -7.66853 7.93785
      vertex 0.471396 -7.61808 7.92839
    endloop
  endfacet
  facet normal -0.514088 -0.857737 -0
    outer loop
      vertex 0.55557 -7.66853 7.93785
      vertex 0.471396 -7.61808 0.0716103
      vertex 0.55557 -7.66853 0.0621507
    endloop
  endfacet
  facet normal 0.146636 -0.989191 0
    outer loop
      vertex -0.19509 -7.51921 7.90985
      vertex -0.0980167 -7.50482 0.0928472
      vertex -0.0980167 -7.50482 7.90715
    endloop
  endfacet
  facet normal 0.146636 -0.989191 0
    outer loop
      vertex -0.0980167 -7.50482 0.0928472
      vertex -0.19509 -7.51921 7.90985
      vertex -0.19509 -7.51921 0.0901473
    endloop
  endfacet
  facet normal -0.427571 -0.903982 0
    outer loop
      vertex 0.382683 -7.57612 0.0794774
      vertex 0.471396 -7.61808 7.92839
      vertex 0.382683 -7.57612 7.92052
    endloop
  endfacet
  facet normal -0.427571 -0.903982 -0
    outer loop
      vertex 0.471396 -7.61808 7.92839
      vertex 0.382683 -7.57612 0.0794774
      vertex 0.471396 -7.61808 0.0716103
    endloop
  endfacet
  facet normal 0.33634 0.941741 -0
    outer loop
      vertex -0.290284 -19.4569 0
      vertex -0.382683 -19.4239 8
      vertex -0.290284 -19.4569 8
    endloop
  endfacet
  facet normal 0.33634 0.941741 0
    outer loop
      vertex -0.382683 -19.4239 8
      vertex -0.290284 -19.4569 0
      vertex -0.382683 -19.4239 0
    endloop
  endfacet
  facet normal -0.0491159 -0.998793 0
    outer loop
      vertex 0 -7.5 0.09375
      vertex 0.0980167 -7.50482 7.90715
      vertex 0 -7.5 7.90625
    endloop
  endfacet
  facet normal -0.0491159 -0.998793 -0
    outer loop
      vertex 0.0980167 -7.50482 7.90715
      vertex 0 -7.5 0.09375
      vertex 0.0980167 -7.50482 0.0928472
    endloop
  endfacet
  facet normal 0.903966 0.427605 0
    outer loop
      vertex -0.881921 -18.9714 8
      vertex -0.923879 -18.8827 0
      vertex -0.923879 -18.8827 8
    endloop
  endfacet
  facet normal 0.903966 0.427605 0
    outer loop
      vertex -0.923879 -18.8827 0
      vertex -0.881921 -18.9714 8
      vertex -0.881921 -18.9714 0
    endloop
  endfacet
  facet normal 0.904003 -0.427526 0
    outer loop
      vertex -0.923879 -8.11732 8
      vertex -0.881921 -8.0286 0
      vertex -0.881921 -8.0286 8
    endloop
  endfacet
  facet normal 0.904003 -0.427526 0
    outer loop
      vertex -0.881921 -8.0286 0
      vertex -0.923879 -8.11732 8
      vertex -0.923879 -8.11732 0
    endloop
  endfacet
  facet normal -0.998795 -0.0490736 0
    outer loop
      vertex 1 -8.5 0
      vertex 0.995184 -8.40198 8
      vertex 0.995184 -8.40198 0
    endloop
  endfacet
  facet normal -0.998795 -0.0490736 0
    outer loop
      vertex 0.995184 -8.40198 8
      vertex 1 -8.5 0
      vertex 1 -8.5 8
    endloop
  endfacet
  facet normal -0.904003 -0.427526 0
    outer loop
      vertex 0.923879 -8.11732 0
      vertex 0.881921 -8.0286 8
      vertex 0.881921 -8.0286 0
    endloop
  endfacet
  facet normal -0.904003 -0.427526 0
    outer loop
      vertex 0.881921 -8.0286 8
      vertex 0.923879 -8.11732 0
      vertex 0.923879 -8.11732 8
    endloop
  endfacet
  facet normal -0.336882 -0.941547 0
    outer loop
      vertex 0.290284 -7.54306 0.0856764
      vertex 0.382683 -7.57612 7.92052
      vertex 0.290284 -7.54306 7.91432
    endloop
  endfacet
  facet normal -0.336882 -0.941547 -0
    outer loop
      vertex 0.382683 -7.57612 7.92052
      vertex 0.290284 -7.54306 0.0856764
      vertex 0.382683 -7.57612 0.0794774
    endloop
  endfacet
  facet normal -0.671536 0.740972 0
    outer loop
      vertex 0.707107 -19.2071 0
      vertex 0.634393 -19.273 8
      vertex 0.707107 -19.2071 8
    endloop
  endfacet
  facet normal -0.671536 0.740972 0
    outer loop
      vertex 0.634393 -19.273 8
      vertex 0.707107 -19.2071 0
      vertex 0.634393 -19.273 0
    endloop
  endfacet
  facet normal 0.146736 0.989176 -0
    outer loop
      vertex -0.0980167 -19.4952 0
      vertex -0.19509 -19.4808 8
      vertex -0.0980167 -19.4952 8
    endloop
  endfacet
  facet normal 0.146736 0.989176 0
    outer loop
      vertex -0.19509 -19.4808 8
      vertex -0.0980167 -19.4952 0
      vertex -0.19509 -19.4808 0
    endloop
  endfacet
  facet normal 1 -0 0
    outer loop
      vertex -1 -18.5 8
      vertex -1 -8.5 0
      vertex -1 -8.5 8
    endloop
  endfacet
  facet normal 1 0 0
    outer loop
      vertex -1 -8.5 0
      vertex -1 -18.5 8
      vertex -1 -18.5 0
    endloop
  endfacet
  facet normal 0.427571 -0.903982 0
    outer loop
      vertex -0.471396 -7.61808 7.92839
      vertex -0.382683 -7.57612 0.0794774
      vertex -0.382683 -7.57612 7.92052
    endloop
  endfacet
  facet normal 0.427571 -0.903982 0
    outer loop
      vertex -0.382683 -7.57612 0.0794774
      vertex -0.471396 -7.61808 7.92839
      vertex -0.471396 -7.61808 0.0716103
    endloop
  endfacet
  facet normal -0.970037 -0.242958 0
    outer loop
      vertex 0.980784 -8.30491 0
      vertex 0.95694 -8.20971 8
      vertex 0.95694 -8.20971 0
    endloop
  endfacet
  facet normal -0.970037 -0.242958 0
    outer loop
      vertex 0.95694 -8.20971 8
      vertex 0.980784 -8.30491 0
      vertex 0.980784 -8.30491 8
    endloop
  endfacet
  facet normal 0.803192 -0.59572 0
    outer loop
      vertex -0.83147 -7.94443 7.98958
      vertex -0.77301 -7.86561 0.0251988
      vertex -0.77301 -7.86561 7.9748
    endloop
  endfacet
  facet normal 0.803192 -0.59572 0
    outer loop
      vertex -0.77301 -7.86561 0.0251988
      vertex -0.83147 -7.94443 7.98958
      vertex -0.83147 -7.94443 0.0104195
    endloop
  endfacet
  facet normal 0.336882 -0.941547 0
    outer loop
      vertex -0.382683 -7.57612 7.92052
      vertex -0.290284 -7.54306 0.0856764
      vertex -0.290284 -7.54306 7.91432
    endloop
  endfacet
  facet normal 0.336882 -0.941547 0
    outer loop
      vertex -0.290284 -7.54306 0.0856764
      vertex -0.382683 -7.57612 7.92052
      vertex -0.382683 -7.57612 0.0794774
    endloop
  endfacet
  facet normal 0.0489126 0.998803 -0
    outer loop
      vertex 0 -19.5 0
      vertex -0.0980167 -19.4952 8
      vertex 0 -19.5 8
    endloop
  endfacet
  facet normal 0.0489126 0.998803 0
    outer loop
      vertex -0.0980167 -19.4952 8
      vertex 0 -19.5 0
      vertex -0.0980167 -19.4952 0
    endloop
  endfacet
  facet normal -0.803192 -0.59572 0
    outer loop
      vertex 0.83147 -7.94443 0.0104195
      vertex 0.77301 -7.86561 7.9748
      vertex 0.77301 -7.86561 0.0251988
    endloop
  endfacet
  facet normal -0.803192 -0.59572 0
    outer loop
      vertex 0.77301 -7.86561 7.9748
      vertex 0.83147 -7.94443 0.0104195
      vertex 0.83147 -7.94443 7.98958
    endloop
  endfacet
  facet normal -0.740984 -0.671522 0
    outer loop
      vertex 0.77301 -7.86561 0.0251988
      vertex 0.707107 -7.79289 7.96117
      vertex 0.707107 -7.79289 0.0388327
    endloop
  endfacet
  facet normal -0.740984 -0.671522 0
    outer loop
      vertex 0.707107 -7.79289 7.96117
      vertex 0.77301 -7.86561 0.0251988
      vertex 0.77301 -7.86561 7.9748
    endloop
  endfacet
  facet normal 0.941533 -0.33692 0
    outer loop
      vertex -0.95694 -8.20971 8
      vertex -0.923879 -8.11732 0
      vertex -0.923879 -8.11732 8
    endloop
  endfacet
  facet normal 0.941533 -0.33692 0
    outer loop
      vertex -0.923879 -8.11732 0
      vertex -0.95694 -8.20971 8
      vertex -0.95694 -8.20971 0
    endloop
  endfacet
  facet normal -0.24303 -0.970019 0
    outer loop
      vertex 0.19509 -7.51921 0.0901473
      vertex 0.290284 -7.54306 7.91432
      vertex 0.19509 -7.51921 7.90985
    endloop
  endfacet
  facet normal -0.24303 -0.970019 -0
    outer loop
      vertex 0.290284 -7.54306 7.91432
      vertex 0.19509 -7.51921 0.0901473
      vertex 0.290284 -7.54306 0.0856764
    endloop
  endfacet
  facet normal -0.427904 0.903824 0
    outer loop
      vertex 0.471396 -19.3819 0
      vertex 0.382683 -19.4239 8
      vertex 0.471396 -19.3819 8
    endloop
  endfacet
  facet normal -0.427904 0.903824 0
    outer loop
      vertex 0.382683 -19.4239 8
      vertex 0.471396 -19.3819 0
      vertex 0.382683 -19.4239 0
    endloop
  endfacet
  facet normal -0.595705 -0.803203 0
    outer loop
      vertex 0.55557 -7.66853 0.0621507
      vertex 0.634393 -7.72699 7.94881
      vertex 0.55557 -7.66853 7.93785
    endloop
  endfacet
  facet normal -0.595705 -0.803203 -0
    outer loop
      vertex 0.634393 -7.72699 7.94881
      vertex 0.55557 -7.66853 0.0621507
      vertex 0.634393 -7.72699 0.0511896
    endloop
  endfacet
  facet normal -0.0489126 0.998803 0
    outer loop
      vertex 0.0980167 -19.4952 0
      vertex 0 -19.5 8
      vertex 0.0980167 -19.4952 8
    endloop
  endfacet
  facet normal -0.0489126 0.998803 0
    outer loop
      vertex 0 -19.5 8
      vertex 0.0980167 -19.4952 0
      vertex 0 -19.5 0
    endloop
  endfacet
  facet normal 0.514088 -0.857737 0
    outer loop
      vertex -0.55557 -7.66853 7.93785
      vertex -0.471396 -7.61808 0.0716103
      vertex -0.471396 -7.61808 7.92839
    endloop
  endfacet
  facet normal 0.514088 -0.857737 0
    outer loop
      vertex -0.471396 -7.61808 0.0716103
      vertex -0.55557 -7.66853 7.93785
      vertex -0.55557 -7.66853 0.0621507
    endloop
  endfacet
  facet normal -0.243509 0.969899 0
    outer loop
      vertex 0.290284 -19.4569 0
      vertex 0.19509 -19.4808 8
      vertex 0.290284 -19.4569 8
    endloop
  endfacet
  facet normal -0.243509 0.969899 0
    outer loop
      vertex 0.19509 -19.4808 8
      vertex 0.290284 -19.4569 0
      vertex 0.19509 -19.4808 0
    endloop
  endfacet
  facet normal 0.0491159 -0.998793 0
    outer loop
      vertex -0.0980167 -7.50482 7.90715
      vertex 0 -7.5 0.09375
      vertex 0 -7.5 7.90625
    endloop
  endfacet
  facet normal 0.0491159 -0.998793 0
    outer loop
      vertex 0 -7.5 0.09375
      vertex -0.0980167 -7.50482 7.90715
      vertex -0.0980167 -7.50482 0.0928472
    endloop
  endfacet
  facet normal -0.857803 0.513979 0
    outer loop
      vertex 0.83147 -19.0556 0
      vertex 0.881921 -18.9714 8
      vertex 0.881921 -18.9714 0
    endloop
  endfacet
  facet normal -0.857803 0.513979 0
    outer loop
      vertex 0.881921 -18.9714 8
      vertex 0.83147 -19.0556 0
      vertex 0.83147 -19.0556 8
    endloop
  endfacet
  facet normal 0.24303 -0.970019 0
    outer loop
      vertex -0.290284 -7.54306 7.91432
      vertex -0.19509 -7.51921 0.0901473
      vertex -0.19509 -7.51921 7.90985
    endloop
  endfacet
  facet normal 0.24303 -0.970019 0
    outer loop
      vertex -0.19509 -7.51921 0.0901473
      vertex -0.290284 -7.54306 7.91432
      vertex -0.290284 -7.54306 0.0856764
    endloop
  endfacet
  facet normal 0.740892 0.671624 0
    outer loop
      vertex -0.707107 -19.2071 8
      vertex -0.77301 -19.1344 0
      vertex -0.77301 -19.1344 8
    endloop
  endfacet
  facet normal 0.740892 0.671624 0
    outer loop
      vertex -0.77301 -19.1344 0
      vertex -0.707107 -19.2071 8
      vertex -0.707107 -19.2071 0
    endloop
  endfacet
  facet normal 0.970037 -0.242958 0
    outer loop
      vertex -0.980784 -8.30491 8
      vertex -0.95694 -8.20971 0
      vertex -0.95694 -8.20971 8
    endloop
  endfacet
  facet normal 0.970037 -0.242958 0
    outer loop
      vertex -0.95694 -8.20971 0
      vertex -0.980784 -8.30491 8
      vertex -0.980784 -8.30491 0
    endloop
  endfacet
  facet normal 0.989175 -0.146741 0
    outer loop
      vertex -0.995184 -8.40198 8
      vertex -0.980784 -8.30491 0
      vertex -0.980784 -8.30491 8
    endloop
  endfacet
  facet normal 0.989175 -0.146741 0
    outer loop
      vertex -0.980784 -8.30491 0
      vertex -0.995184 -8.40198 8
      vertex -0.995184 -8.40198 0
    endloop
  endfacet
  facet normal 0.595705 -0.803203 0
    outer loop
      vertex -0.634393 -7.72699 7.94881
      vertex -0.55557 -7.66853 0.0621507
      vertex -0.55557 -7.66853 7.93785
    endloop
  endfacet
  facet normal 0.595705 -0.803203 0
    outer loop
      vertex -0.55557 -7.66853 0.0621507
      vertex -0.634393 -7.72699 7.94881
      vertex -0.634393 -7.72699 0.0511896
    endloop
  endfacet
  facet normal -0.513713 0.857962 0
    outer loop
      vertex 0.55557 -19.3315 0
      vertex 0.471396 -19.3819 8
      vertex 0.55557 -19.3315 8
    endloop
  endfacet
  facet normal -0.513713 0.857962 0
    outer loop
      vertex 0.471396 -19.3819 8
      vertex 0.55557 -19.3315 0
      vertex 0.471396 -19.3819 0
    endloop
  endfacet
  facet normal -0.970037 0.242958 0
    outer loop
      vertex 0.95694 -18.7903 0
      vertex 0.980784 -18.6951 8
      vertex 0.980784 -18.6951 0
    endloop
  endfacet
  facet normal -0.970037 0.242958 0
    outer loop
      vertex 0.980784 -18.6951 8
      vertex 0.95694 -18.7903 0
      vertex 0.95694 -18.7903 8
    endloop
  endfacet
  facet normal 0.857705 -0.514143 -0.000322
    outer loop
      vertex -0.881921 -8.0286 8
      vertex -0.83147 -7.94443 7.98958
      vertex -0.864777 -8 8
    endloop
  endfacet
  facet normal 0.857722 -0.514114 0
    outer loop
      vertex -0.83147 -7.94443 7.98958
      vertex -0.881921 -8.0286 8
      vertex -0.83147 -7.94443 0.0104195
    endloop
  endfacet
  facet normal 0.857722 -0.514114 0
    outer loop
      vertex -0.881921 -8.0286 0
      vertex -0.83147 -7.94443 0.0104195
      vertex -0.881921 -8.0286 8
    endloop
  endfacet
  facet normal 0.857705 -0.514143 0.000322016
    outer loop
      vertex -0.83147 -7.94443 0.0104195
      vertex -0.881921 -8.0286 0
      vertex -0.864777 -8 0
    endloop
  endfacet
  facet normal 0.998795 -0.0490736 0
    outer loop
      vertex -1 -8.5 8
      vertex -0.995184 -8.40198 0
      vertex -0.995184 -8.40198 8
    endloop
  endfacet
  facet normal 0.998795 -0.0490736 0
    outer loop
      vertex -0.995184 -8.40198 0
      vertex -1 -8.5 8
      vertex -1 -8.5 0
    endloop
  endfacet
  facet normal 0.595968 0.803008 -0
    outer loop
      vertex -0.55557 -19.3315 0
      vertex -0.634393 -19.273 8
      vertex -0.55557 -19.3315 8
    endloop
  endfacet
  facet normal 0.595968 0.803008 0
    outer loop
      vertex -0.634393 -19.273 8
      vertex -0.55557 -19.3315 0
      vertex -0.634393 -19.273 0
    endloop
  endfacet
  facet normal -0.595968 0.803008 0
    outer loop
      vertex 0.634393 -19.273 0
      vertex 0.55557 -19.3315 8
      vertex 0.634393 -19.273 8
    endloop
  endfacet
  facet normal -0.595968 0.803008 0
    outer loop
      vertex 0.55557 -19.3315 8
      vertex 0.634393 -19.273 0
      vertex 0.55557 -19.3315 0
    endloop
  endfacet
  facet normal -0.903966 0.427605 0
    outer loop
      vertex 0.881921 -18.9714 0
      vertex 0.923879 -18.8827 8
      vertex 0.923879 -18.8827 0
    endloop
  endfacet
  facet normal -0.903966 0.427605 0
    outer loop
      vertex 0.923879 -18.8827 8
      vertex 0.881921 -18.9714 0
      vertex 0.881921 -18.9714 8
    endloop
  endfacet
  facet normal -0.941545 0.336888 0
    outer loop
      vertex 0.923879 -18.8827 0
      vertex 0.95694 -18.7903 8
      vertex 0.95694 -18.7903 0
    endloop
  endfacet
  facet normal -0.941545 0.336888 0
    outer loop
      vertex 0.95694 -18.7903 8
      vertex 0.923879 -18.8827 0
      vertex 0.923879 -18.8827 8
    endloop
  endfacet
  facet normal 0.671536 -0.740972 0
    outer loop
      vertex -0.707107 -7.79289 7.96117
      vertex -0.634393 -7.72699 0.0511896
      vertex -0.634393 -7.72699 7.94881
    endloop
  endfacet
  facet normal 0.671536 -0.740972 0
    outer loop
      vertex -0.634393 -7.72699 0.0511896
      vertex -0.707107 -7.79289 7.96117
      vertex -0.707107 -7.79289 0.0388327
    endloop
  endfacet
  facet normal -0.146736 0.989176 0
    outer loop
      vertex 0.19509 -19.4808 0
      vertex 0.0980167 -19.4952 8
      vertex 0.19509 -19.4808 8
    endloop
  endfacet
  facet normal -0.146736 0.989176 0
    outer loop
      vertex 0.0980167 -19.4952 8
      vertex 0.19509 -19.4808 0
      vertex 0.0980167 -19.4952 0
    endloop
  endfacet
  facet normal 0.989182 0.146696 0
    outer loop
      vertex -0.980784 -18.6951 8
      vertex -0.995184 -18.598 0
      vertex -0.995184 -18.598 8
    endloop
  endfacet
  facet normal 0.989182 0.146696 0
    outer loop
      vertex -0.995184 -18.598 0
      vertex -0.980784 -18.6951 8
      vertex -0.980784 -18.6951 0
    endloop
  endfacet
  facet normal 0.998795 0.0490836 0
    outer loop
      vertex -0.995184 -18.598 8
      vertex -1 -18.5 0
      vertex -1 -18.5 8
    endloop
  endfacet
  facet normal 0.998795 0.0490836 0
    outer loop
      vertex -1 -18.5 0
      vertex -0.995184 -18.598 8
      vertex -0.995184 -18.598 0
    endloop
  endfacet
  facet normal -0.80312 0.595817 0
    outer loop
      vertex 0.77301 -19.1344 0
      vertex 0.83147 -19.0556 8
      vertex 0.83147 -19.0556 0
    endloop
  endfacet
  facet normal -0.80312 0.595817 0
    outer loop
      vertex 0.83147 -19.0556 8
      vertex 0.77301 -19.1344 0
      vertex 0.77301 -19.1344 8
    endloop
  endfacet
  facet normal 0.671536 0.740972 -0
    outer loop
      vertex -0.634393 -19.273 0
      vertex -0.707107 -19.2071 8
      vertex -0.634393 -19.273 8
    endloop
  endfacet
  facet normal 0.671536 0.740972 0
    outer loop
      vertex -0.707107 -19.2071 8
      vertex -0.634393 -19.273 0
      vertex -0.707107 -19.2071 0
    endloop
  endfacet
  facet normal -0.740892 0.671624 0
    outer loop
      vertex 0.707107 -19.2071 0
      vertex 0.77301 -19.1344 8
      vertex 0.77301 -19.1344 0
    endloop
  endfacet
  facet normal -0.740892 0.671624 0
    outer loop
      vertex 0.77301 -19.1344 8
      vertex 0.707107 -19.2071 0
      vertex 0.707107 -19.2071 8
    endloop
  endfacet
  facet normal -0.33634 0.941741 0
    outer loop
      vertex 0.382683 -19.4239 0
      vertex 0.290284 -19.4569 8
      vertex 0.382683 -19.4239 8
    endloop
  endfacet
  facet normal -0.33634 0.941741 0
    outer loop
      vertex 0.290284 -19.4569 8
      vertex 0.382683 -19.4239 0
      vertex 0.290284 -19.4569 0
    endloop
  endfacet
  facet normal 0.80312 0.595817 0
    outer loop
      vertex -0.77301 -19.1344 8
      vertex -0.83147 -19.0556 0
      vertex -0.83147 -19.0556 8
    endloop
  endfacet
  facet normal 0.80312 0.595817 0
    outer loop
      vertex -0.83147 -19.0556 0
      vertex -0.77301 -19.1344 8
      vertex -0.77301 -19.1344 0
    endloop
  endfacet
  facet normal 0.80312 0.595817 0
    outer loop
      vertex -5.57301 -19.1344 8
      vertex -5.63147 -19.0556 0
      vertex -5.63147 -19.0556 8
    endloop
  endfacet
  facet normal 0.80312 0.595817 0
    outer loop
      vertex -5.63147 -19.0556 0
      vertex -5.57301 -19.1344 8
      vertex -5.57301 -19.1344 0
    endloop
  endfacet
  facet normal -0.941548 0.336879 0
    outer loop
      vertex -3.87612 -18.8827 0
      vertex -3.84306 -18.7903 8
      vertex -3.84306 -18.7903 0
    endloop
  endfacet
  facet normal -0.941548 0.336879 0
    outer loop
      vertex -3.84306 -18.7903 8
      vertex -3.87612 -18.8827 0
      vertex -3.87612 -18.8827 8
    endloop
  endfacet
  facet normal 0.146741 0.989175 -0
    outer loop
      vertex -4.89802 -19.4952 0
      vertex -4.99509 -19.4808 8
      vertex -4.89802 -19.4952 8
    endloop
  endfacet
  facet normal 0.146741 0.989175 0
    outer loop
      vertex -4.99509 -19.4808 8
      vertex -4.89802 -19.4952 0
      vertex -4.99509 -19.4808 0
    endloop
  endfacet
  facet normal 0.427876 0.903837 -0
    outer loop
      vertex -5.18268 -19.4239 0
      vertex -5.2714 -19.3819 8
      vertex -5.18268 -19.4239 8
    endloop
  endfacet
  facet normal 0.427876 0.903837 0
    outer loop
      vertex -5.2714 -19.3819 8
      vertex -5.18268 -19.4239 0
      vertex -5.2714 -19.3819 0
    endloop
  endfacet
  facet normal -0.80312 0.595817 0
    outer loop
      vertex -4.02699 -19.1344 0
      vertex -3.96853 -19.0556 8
      vertex -3.96853 -19.0556 0
    endloop
  endfacet
  facet normal -0.80312 0.595817 0
    outer loop
      vertex -3.96853 -19.0556 8
      vertex -4.02699 -19.1344 0
      vertex -4.02699 -19.1344 8
    endloop
  endfacet
  facet normal -0.740908 0.671607 0
    outer loop
      vertex -4.09289 -19.2071 0
      vertex -4.02699 -19.1344 8
      vertex -4.02699 -19.1344 0
    endloop
  endfacet
  facet normal -0.740908 0.671607 0
    outer loop
      vertex -4.02699 -19.1344 8
      vertex -4.09289 -19.2071 0
      vertex -4.09289 -19.2071 8
    endloop
  endfacet
  facet normal 1 -0 0
    outer loop
      vertex -5.8 -18.5 8
      vertex -5.8 -8.5 0
      vertex -5.8 -8.5 8
    endloop
  endfacet
  facet normal 1 0 0
    outer loop
      vertex -5.8 -8.5 0
      vertex -5.8 -18.5 8
      vertex -5.8 -18.5 0
    endloop
  endfacet
  facet normal 0.989175 -0.146741 0
    outer loop
      vertex -5.79518 -8.40198 8
      vertex -5.78078 -8.30491 0
      vertex -5.78078 -8.30491 8
    endloop
  endfacet
  facet normal 0.989175 -0.146741 0
    outer loop
      vertex -5.78078 -8.30491 0
      vertex -5.79518 -8.40198 8
      vertex -5.79518 -8.40198 0
    endloop
  endfacet
  facet normal 0.59572 -0.803192 0
    outer loop
      vertex -5.43439 -7.72699 7.94881
      vertex -5.35557 -7.66853 0.0621507
      vertex -5.35557 -7.66853 7.93785
    endloop
  endfacet
  facet normal 0.59572 -0.803192 0
    outer loop
      vertex -5.35557 -7.66853 0.0621507
      vertex -5.43439 -7.72699 7.94881
      vertex -5.43439 -7.72699 0.0511896
    endloop
  endfacet
  facet normal 0.336879 -0.941548 0
    outer loop
      vertex -5.18268 -7.57612 7.92052
      vertex -5.09028 -7.54306 0.0856764
      vertex -5.09028 -7.54306 7.91432
    endloop
  endfacet
  facet normal 0.336879 -0.941548 0
    outer loop
      vertex -5.09028 -7.54306 0.0856764
      vertex -5.18268 -7.57612 7.92052
      vertex -5.18268 -7.57612 0.0794774
    endloop
  endfacet
  facet normal 0.998793 -0.0491143 0
    outer loop
      vertex -5.8 -8.5 8
      vertex -5.79518 -8.40198 0
      vertex -5.79518 -8.40198 8
    endloop
  endfacet
  facet normal 0.998793 -0.0491143 0
    outer loop
      vertex -5.79518 -8.40198 0
      vertex -5.8 -8.5 8
      vertex -5.8 -8.5 0
    endloop
  endfacet
  facet normal -1 0 0
    outer loop
      vertex -3.8 -18.5 0
      vertex -3.8 -8.5 8
      vertex -3.8 -8.5 0
    endloop
  endfacet
  facet normal -1 -0 0
    outer loop
      vertex -3.8 -8.5 8
      vertex -3.8 -18.5 0
      vertex -3.8 -18.5 8
    endloop
  endfacet
  facet normal -0.998798 0.0490226 0
    outer loop
      vertex -3.80481 -18.598 0
      vertex -3.8 -18.5 8
      vertex -3.8 -18.5 0
    endloop
  endfacet
  facet normal -0.998798 0.0490226 0
    outer loop
      vertex -3.8 -18.5 8
      vertex -3.80481 -18.598 0
      vertex -3.80481 -18.598 8
    endloop
  endfacet
  facet normal -0.671505 0.741 0
    outer loop
      vertex -4.09289 -19.2071 0
      vertex -4.16561 -19.273 8
      vertex -4.09289 -19.2071 8
    endloop
  endfacet
  facet normal -0.671505 0.741 0
    outer loop
      vertex -4.16561 -19.273 8
      vertex -4.09289 -19.2071 0
      vertex -4.16561 -19.273 0
    endloop
  endfacet
  facet normal 0.513731 0.857951 -0
    outer loop
      vertex -5.2714 -19.3819 0
      vertex -5.35557 -19.3315 8
      vertex -5.2714 -19.3819 8
    endloop
  endfacet
  facet normal 0.513731 0.857951 0
    outer loop
      vertex -5.35557 -19.3315 8
      vertex -5.2714 -19.3819 0
      vertex -5.35557 -19.3315 0
    endloop
  endfacet
  facet normal -0.427876 0.903837 0
    outer loop
      vertex -4.3286 -19.3819 0
      vertex -4.41732 -19.4239 8
      vertex -4.3286 -19.3819 8
    endloop
  endfacet
  facet normal -0.427876 0.903837 0
    outer loop
      vertex -4.41732 -19.4239 8
      vertex -4.3286 -19.3819 0
      vertex -4.41732 -19.4239 0
    endloop
  endfacet
  facet normal -0.243518 0.969896 0
    outer loop
      vertex -4.50972 -19.4569 0
      vertex -4.60491 -19.4808 8
      vertex -4.50972 -19.4569 8
    endloop
  endfacet
  facet normal -0.243518 0.969896 0
    outer loop
      vertex -4.60491 -19.4808 8
      vertex -4.50972 -19.4569 0
      vertex -4.60491 -19.4808 0
    endloop
  endfacet
  facet normal 0.336336 0.941742 -0
    outer loop
      vertex -5.09028 -19.4569 0
      vertex -5.18268 -19.4239 8
      vertex -5.09028 -19.4569 8
    endloop
  endfacet
  facet normal 0.336336 0.941742 0
    outer loop
      vertex -5.18268 -19.4239 8
      vertex -5.09028 -19.4569 0
      vertex -5.18268 -19.4239 0
    endloop
  endfacet
  facet normal 0.970047 -0.242919 0
    outer loop
      vertex -5.78078 -8.30491 8
      vertex -5.75694 -8.20971 0
      vertex -5.75694 -8.20971 8
    endloop
  endfacet
  facet normal 0.970047 -0.242919 0
    outer loop
      vertex -5.75694 -8.20971 0
      vertex -5.78078 -8.30491 8
      vertex -5.78078 -8.30491 0
    endloop
  endfacet
  facet normal -0.741 -0.671505 0
    outer loop
      vertex -4.02699 -7.86561 0.0251988
      vertex -4.09289 -7.79289 7.96117
      vertex -4.09289 -7.79289 0.0388327
    endloop
  endfacet
  facet normal -0.741 -0.671505 0
    outer loop
      vertex -4.09289 -7.79289 7.96117
      vertex -4.02699 -7.86561 0.0251988
      vertex -4.02699 -7.86561 7.9748
    endloop
  endfacet
  facet normal 0.998793 0.0491243 0
    outer loop
      vertex -5.79518 -18.598 8
      vertex -5.8 -18.5 0
      vertex -5.8 -18.5 8
    endloop
  endfacet
  facet normal 0.998793 0.0491243 0
    outer loop
      vertex -5.8 -18.5 0
      vertex -5.79518 -18.598 8
      vertex -5.79518 -18.598 0
    endloop
  endfacet
  facet normal -0.048911 0.998803 0
    outer loop
      vertex -4.70198 -19.4952 0
      vertex -4.8 -19.5 8
      vertex -4.70198 -19.4952 8
    endloop
  endfacet
  facet normal -0.048911 0.998803 0
    outer loop
      vertex -4.8 -19.5 8
      vertex -4.70198 -19.4952 0
      vertex -4.8 -19.5 0
    endloop
  endfacet
  facet normal -0.336336 0.941742 0
    outer loop
      vertex -4.41732 -19.4239 0
      vertex -4.50972 -19.4569 8
      vertex -4.41732 -19.4239 8
    endloop
  endfacet
  facet normal -0.336336 0.941742 0
    outer loop
      vertex -4.50972 -19.4569 8
      vertex -4.41732 -19.4239 0
      vertex -4.50972 -19.4569 0
    endloop
  endfacet
  facet normal 0.857757 -0.514055 0.000564715
    outer loop
      vertex -5.68192 -8.0286 8
      vertex -5.63147 -7.94443 7.98958
      vertex -5.66478 -8 8
    endloop
  endfacet
  facet normal 0.857727 -0.514106 0
    outer loop
      vertex -5.63147 -7.94443 7.98958
      vertex -5.68192 -8.0286 8
      vertex -5.63147 -7.94443 0.0104195
    endloop
  endfacet
  facet normal 0.857727 -0.514106 0
    outer loop
      vertex -5.68192 -8.0286 0
      vertex -5.63147 -7.94443 0.0104195
      vertex -5.68192 -8.0286 8
    endloop
  endfacet
  facet normal 0.857757 -0.514055 -0.000564743
    outer loop
      vertex -5.63147 -7.94443 0.0104195
      vertex -5.68192 -8.0286 0
      vertex -5.66478 -8 0
    endloop
  endfacet
  facet normal -0.595983 0.802997 0
    outer loop
      vertex -4.16561 -19.273 0
      vertex -4.24443 -19.3315 8
      vertex -4.16561 -19.273 8
    endloop
  endfacet
  facet normal -0.595983 0.802997 0
    outer loop
      vertex -4.24443 -19.3315 8
      vertex -4.16561 -19.273 0
      vertex -4.24443 -19.3315 0
    endloop
  endfacet
  facet normal -0.0491143 -0.998793 0
    outer loop
      vertex -4.8 -7.5 0.09375
      vertex -4.70198 -7.50482 7.90715
      vertex -4.8 -7.5 7.90625
    endloop
  endfacet
  facet normal -0.0491143 -0.998793 -0
    outer loop
      vertex -4.70198 -7.50482 7.90715
      vertex -4.8 -7.5 0.09375
      vertex -4.70198 -7.50482 0.0928472
    endloop
  endfacet
  facet normal 0.740908 0.671607 0
    outer loop
      vertex -5.50711 -19.2071 8
      vertex -5.57301 -19.1344 0
      vertex -5.57301 -19.1344 8
    endloop
  endfacet
  facet normal 0.740908 0.671607 0
    outer loop
      vertex -5.57301 -19.1344 0
      vertex -5.50711 -19.2071 8
      vertex -5.50711 -19.2071 0
    endloop
  endfacet
  facet normal -0.989175 -0.146741 0
    outer loop
      vertex -3.80481 -8.40198 0
      vertex -3.81921 -8.30491 8
      vertex -3.81921 -8.30491 0
    endloop
  endfacet
  facet normal -0.989175 -0.146741 0
    outer loop
      vertex -3.81921 -8.30491 8
      vertex -3.80481 -8.40198 0
      vertex -3.80481 -8.40198 8
    endloop
  endfacet
  facet normal -0.427543 -0.903995 0
    outer loop
      vertex -4.41732 -7.57612 0.0794774
      vertex -4.3286 -7.61808 7.92839
      vertex -4.41732 -7.57612 7.92052
    endloop
  endfacet
  facet normal -0.427543 -0.903995 -0
    outer loop
      vertex -4.3286 -7.61808 7.92839
      vertex -4.41732 -7.57612 0.0794774
      vertex -4.3286 -7.61808 0.0716103
    endloop
  endfacet
  facet normal 0.048911 0.998803 -0
    outer loop
      vertex -4.8 -19.5 0
      vertex -4.89802 -19.4952 8
      vertex -4.8 -19.5 8
    endloop
  endfacet
  facet normal 0.048911 0.998803 0
    outer loop
      vertex -4.89802 -19.4952 8
      vertex -4.8 -19.5 0
      vertex -4.89802 -19.4952 0
    endloop
  endfacet
  facet normal -0.970023 0.243015 0
    outer loop
      vertex -3.84306 -18.7903 0
      vertex -3.81921 -18.6951 8
      vertex -3.81921 -18.6951 0
    endloop
  endfacet
  facet normal -0.970023 0.243015 0
    outer loop
      vertex -3.81921 -18.6951 8
      vertex -3.84306 -18.7903 0
      vertex -3.84306 -18.7903 8
    endloop
  endfacet
  facet normal -0.513731 0.857951 0
    outer loop
      vertex -4.24443 -19.3315 0
      vertex -4.3286 -19.3819 8
      vertex -4.24443 -19.3315 8
    endloop
  endfacet
  facet normal -0.513731 0.857951 0
    outer loop
      vertex -4.3286 -19.3819 8
      vertex -4.24443 -19.3315 0
      vertex -4.3286 -19.3819 0
    endloop
  endfacet
  facet normal 0.970047 0.242919 0
    outer loop
      vertex -5.75694 -18.7903 8
      vertex -5.78078 -18.6951 0
      vertex -5.78078 -18.6951 8
    endloop
  endfacet
  facet normal 0.970047 0.242919 0
    outer loop
      vertex -5.78078 -18.6951 0
      vertex -5.75694 -18.7903 8
      vertex -5.75694 -18.7903 0
    endloop
  endfacet
  facet normal 0.514106 -0.857727 0
    outer loop
      vertex -5.35557 -7.66853 7.93785
      vertex -5.2714 -7.61808 0.0716103
      vertex -5.2714 -7.61808 7.92839
    endloop
  endfacet
  facet normal 0.514106 -0.857727 0
    outer loop
      vertex -5.2714 -7.61808 0.0716103
      vertex -5.35557 -7.66853 7.93785
      vertex -5.35557 -7.66853 0.0621507
    endloop
  endfacet
  facet normal -0.970023 -0.243015 0
    outer loop
      vertex -3.81921 -8.30491 0
      vertex -3.84306 -8.20971 8
      vertex -3.84306 -8.20971 0
    endloop
  endfacet
  facet normal -0.970023 -0.243015 0
    outer loop
      vertex -3.84306 -8.20971 8
      vertex -3.81921 -8.30491 0
      vertex -3.81921 -8.30491 8
    endloop
  endfacet
  facet normal 0.941548 0.336879 0
    outer loop
      vertex -5.72388 -18.8827 8
      vertex -5.75694 -18.7903 0
      vertex -5.75694 -18.7903 8
    endloop
  endfacet
  facet normal 0.941548 0.336879 0
    outer loop
      vertex -5.75694 -18.7903 0
      vertex -5.72388 -18.8827 8
      vertex -5.72388 -18.8827 0
    endloop
  endfacet
  facet normal 0.671505 -0.741 0
    outer loop
      vertex -5.50711 -7.79289 7.96117
      vertex -5.43439 -7.72699 0.0511896
      vertex -5.43439 -7.72699 7.94881
    endloop
  endfacet
  facet normal 0.671505 -0.741 0
    outer loop
      vertex -5.43439 -7.72699 0.0511896
      vertex -5.50711 -7.79289 7.96117
      vertex -5.50711 -7.79289 0.0388327
    endloop
  endfacet
  facet normal 0.671505 0.741 -0
    outer loop
      vertex -5.43439 -19.273 0
      vertex -5.50711 -19.2071 8
      vertex -5.43439 -19.273 8
    endloop
  endfacet
  facet normal 0.671505 0.741 0
    outer loop
      vertex -5.50711 -19.2071 8
      vertex -5.43439 -19.273 0
      vertex -5.50711 -19.2071 0
    endloop
  endfacet
  facet normal 0.243518 0.969896 -0
    outer loop
      vertex -4.99509 -19.4808 0
      vertex -5.09028 -19.4569 8
      vertex -4.99509 -19.4808 8
    endloop
  endfacet
  facet normal 0.243518 0.969896 0
    outer loop
      vertex -5.09028 -19.4569 8
      vertex -4.99509 -19.4808 0
      vertex -5.09028 -19.4569 0
    endloop
  endfacet
  facet normal 0.903995 -0.427543 0
    outer loop
      vertex -5.72388 -8.11732 8
      vertex -5.68192 -8.0286 0
      vertex -5.68192 -8.0286 8
    endloop
  endfacet
  facet normal 0.903995 -0.427543 0
    outer loop
      vertex -5.68192 -8.0286 0
      vertex -5.72388 -8.11732 8
      vertex -5.72388 -8.11732 0
    endloop
  endfacet
  facet normal -0.857807 0.513971 0
    outer loop
      vertex -3.96853 -19.0556 0
      vertex -3.91808 -18.9714 8
      vertex -3.91808 -18.9714 0
    endloop
  endfacet
  facet normal -0.857807 0.513971 0
    outer loop
      vertex -3.91808 -18.9714 8
      vertex -3.96853 -19.0556 0
      vertex -3.96853 -19.0556 8
    endloop
  endfacet
  facet normal 0.989182 0.146696 0
    outer loop
      vertex -5.78078 -18.6951 8
      vertex -5.79518 -18.598 0
      vertex -5.79518 -18.598 8
    endloop
  endfacet
  facet normal 0.989182 0.146696 0
    outer loop
      vertex -5.79518 -18.598 0
      vertex -5.78078 -18.6951 8
      vertex -5.78078 -18.6951 0
    endloop
  endfacet
  facet normal 0.595983 0.802997 -0
    outer loop
      vertex -5.35557 -19.3315 0
      vertex -5.43439 -19.273 8
      vertex -5.35557 -19.3315 8
    endloop
  endfacet
  facet normal 0.595983 0.802997 0
    outer loop
      vertex -5.43439 -19.273 8
      vertex -5.35557 -19.3315 0
      vertex -5.43439 -19.273 0
    endloop
  endfacet
  facet normal 0.243039 -0.970016 0
    outer loop
      vertex -5.09028 -7.54306 7.91432
      vertex -4.99509 -7.51921 0.0901473
      vertex -4.99509 -7.51921 7.90985
    endloop
  endfacet
  facet normal 0.243039 -0.970016 0
    outer loop
      vertex -4.99509 -7.51921 0.0901473
      vertex -5.09028 -7.54306 7.91432
      vertex -5.09028 -7.54306 0.0856764
    endloop
  endfacet
  facet normal 0.941537 -0.336911 0
    outer loop
      vertex -5.75694 -8.20971 8
      vertex -5.72388 -8.11732 0
      vertex -5.72388 -8.11732 8
    endloop
  endfacet
  facet normal 0.941537 -0.336911 0
    outer loop
      vertex -5.72388 -8.11732 0
      vertex -5.75694 -8.20971 8
      vertex -5.75694 -8.20971 0
    endloop
  endfacet
  facet normal 0.903958 0.427622 0
    outer loop
      vertex -5.68192 -18.9714 8
      vertex -5.72388 -18.8827 0
      vertex -5.72388 -18.8827 8
    endloop
  endfacet
  facet normal 0.903958 0.427622 0
    outer loop
      vertex -5.72388 -18.8827 0
      vertex -5.68192 -18.9714 8
      vertex -5.68192 -18.9714 0
    endloop
  endfacet
  facet normal -0.243039 -0.970016 0
    outer loop
      vertex -4.60491 -7.51921 0.0901473
      vertex -4.50972 -7.54306 7.91432
      vertex -4.60491 -7.51921 7.90985
    endloop
  endfacet
  facet normal -0.243039 -0.970016 -0
    outer loop
      vertex -4.50972 -7.54306 7.91432
      vertex -4.60491 -7.51921 0.0901473
      vertex -4.50972 -7.54306 0.0856764
    endloop
  endfacet
  facet normal -0.146741 0.989175 0
    outer loop
      vertex -4.60491 -19.4808 0
      vertex -4.70198 -19.4952 8
      vertex -4.60491 -19.4808 8
    endloop
  endfacet
  facet normal -0.146741 0.989175 0
    outer loop
      vertex -4.70198 -19.4952 8
      vertex -4.60491 -19.4808 0
      vertex -4.70198 -19.4952 0
    endloop
  endfacet
  facet normal -0.514106 -0.857727 0
    outer loop
      vertex -4.3286 -7.61808 0.0716103
      vertex -4.24443 -7.66853 7.93785
      vertex -4.3286 -7.61808 7.92839
    endloop
  endfacet
  facet normal -0.514106 -0.857727 -0
    outer loop
      vertex -4.24443 -7.66853 7.93785
      vertex -4.3286 -7.61808 0.0716103
      vertex -4.24443 -7.66853 0.0621507
    endloop
  endfacet
  facet normal 0.857807 0.513971 0
    outer loop
      vertex -5.63147 -19.0556 8
      vertex -5.68192 -18.9714 0
      vertex -5.68192 -18.9714 8
    endloop
  endfacet
  facet normal 0.857807 0.513971 0
    outer loop
      vertex -5.68192 -18.9714 0
      vertex -5.63147 -19.0556 8
      vertex -5.63147 -19.0556 0
    endloop
  endfacet
  facet normal -0.903958 0.427622 0
    outer loop
      vertex -3.91808 -18.9714 0
      vertex -3.87612 -18.8827 8
      vertex -3.87612 -18.8827 0
    endloop
  endfacet
  facet normal -0.903958 0.427622 0
    outer loop
      vertex -3.87612 -18.8827 8
      vertex -3.91808 -18.9714 0
      vertex -3.91808 -18.9714 8
    endloop
  endfacet
  facet normal -0.857757 -0.514055 -0.000564743
    outer loop
      vertex -3.91808 -8.0286 0
      vertex -3.96853 -7.94443 0.0104195
      vertex -3.93522 -8 0
    endloop
  endfacet
  facet normal -0.857727 -0.514106 0
    outer loop
      vertex -3.96853 -7.94443 0.0104195
      vertex -3.91808 -8.0286 0
      vertex -3.96853 -7.94443 7.98958
    endloop
  endfacet
  facet normal -0.857727 -0.514106 -0
    outer loop
      vertex -3.91808 -8.0286 8
      vertex -3.96853 -7.94443 7.98958
      vertex -3.91808 -8.0286 0
    endloop
  endfacet
  facet normal -0.857757 -0.514055 0.000564715
    outer loop
      vertex -3.96853 -7.94443 7.98958
      vertex -3.91808 -8.0286 8
      vertex -3.93522 -8 8
    endloop
  endfacet
  facet normal -0.998798 -0.0490126 0
    outer loop
      vertex -3.8 -8.5 0
      vertex -3.80481 -8.40198 8
      vertex -3.80481 -8.40198 0
    endloop
  endfacet
  facet normal -0.998798 -0.0490126 0
    outer loop
      vertex -3.80481 -8.40198 8
      vertex -3.8 -8.5 0
      vertex -3.8 -8.5 8
    endloop
  endfacet
  facet normal -0.989182 0.146696 0
    outer loop
      vertex -3.81921 -18.6951 0
      vertex -3.80481 -18.598 8
      vertex -3.80481 -18.598 0
    endloop
  endfacet
  facet normal -0.989182 0.146696 0
    outer loop
      vertex -3.80481 -18.598 8
      vertex -3.81921 -18.6951 0
      vertex -3.81921 -18.6951 8
    endloop
  endfacet
  facet normal -0.903995 -0.427543 0
    outer loop
      vertex -3.87612 -8.11732 0
      vertex -3.91808 -8.0286 8
      vertex -3.91808 -8.0286 0
    endloop
  endfacet
  facet normal -0.903995 -0.427543 0
    outer loop
      vertex -3.91808 -8.0286 8
      vertex -3.87612 -8.11732 0
      vertex -3.87612 -8.11732 8
    endloop
  endfacet
  facet normal -0.941537 -0.336911 0
    outer loop
      vertex -3.84306 -8.20971 0
      vertex -3.87612 -8.11732 8
      vertex -3.87612 -8.11732 0
    endloop
  endfacet
  facet normal -0.941537 -0.336911 0
    outer loop
      vertex -3.87612 -8.11732 8
      vertex -3.84306 -8.20971 0
      vertex -3.84306 -8.20971 8
    endloop
  endfacet
  facet normal -0.671505 -0.741 0
    outer loop
      vertex -4.16561 -7.72699 0.0511896
      vertex -4.09289 -7.79289 7.96117
      vertex -4.16561 -7.72699 7.94881
    endloop
  endfacet
  facet normal -0.671505 -0.741 -0
    outer loop
      vertex -4.09289 -7.79289 7.96117
      vertex -4.16561 -7.72699 0.0511896
      vertex -4.09289 -7.79289 0.0388327
    endloop
  endfacet
  facet normal 0.741 -0.671505 0
    outer loop
      vertex -5.57301 -7.86561 7.9748
      vertex -5.50711 -7.79289 0.0388327
      vertex -5.50711 -7.79289 7.96117
    endloop
  endfacet
  facet normal 0.741 -0.671505 0
    outer loop
      vertex -5.50711 -7.79289 0.0388327
      vertex -5.57301 -7.86561 7.9748
      vertex -5.57301 -7.86561 0.0251988
    endloop
  endfacet
  facet normal -0.803192 -0.59572 0
    outer loop
      vertex -3.96853 -7.94443 0.0104195
      vertex -4.02699 -7.86561 7.9748
      vertex -4.02699 -7.86561 0.0251988
    endloop
  endfacet
  facet normal -0.803192 -0.59572 0
    outer loop
      vertex -4.02699 -7.86561 7.9748
      vertex -3.96853 -7.94443 0.0104195
      vertex -3.96853 -7.94443 7.98958
    endloop
  endfacet
  facet normal 0.0491143 -0.998793 0
    outer loop
      vertex -4.89802 -7.50482 7.90715
      vertex -4.8 -7.5 0.09375
      vertex -4.8 -7.5 7.90625
    endloop
  endfacet
  facet normal 0.0491143 -0.998793 0
    outer loop
      vertex -4.8 -7.5 0.09375
      vertex -4.89802 -7.50482 7.90715
      vertex -4.89802 -7.50482 0.0928472
    endloop
  endfacet
  facet normal -0.59572 -0.803192 0
    outer loop
      vertex -4.24443 -7.66853 0.0621507
      vertex -4.16561 -7.72699 7.94881
      vertex -4.24443 -7.66853 7.93785
    endloop
  endfacet
  facet normal -0.59572 -0.803192 -0
    outer loop
      vertex -4.16561 -7.72699 7.94881
      vertex -4.24443 -7.66853 0.0621507
      vertex -4.16561 -7.72699 0.0511896
    endloop
  endfacet
  facet normal 0.803192 -0.59572 0
    outer loop
      vertex -5.63147 -7.94443 7.98958
      vertex -5.57301 -7.86561 0.0251988
      vertex -5.57301 -7.86561 7.9748
    endloop
  endfacet
  facet normal 0.803192 -0.59572 0
    outer loop
      vertex -5.57301 -7.86561 0.0251988
      vertex -5.63147 -7.94443 7.98958
      vertex -5.63147 -7.94443 0.0104195
    endloop
  endfacet
  facet normal -0.336879 -0.941548 0
    outer loop
      vertex -4.50972 -7.54306 0.0856764
      vertex -4.41732 -7.57612 7.92052
      vertex -4.50972 -7.54306 7.91432
    endloop
  endfacet
  facet normal -0.336879 -0.941548 -0
    outer loop
      vertex -4.41732 -7.57612 7.92052
      vertex -4.50972 -7.54306 0.0856764
      vertex -4.41732 -7.57612 0.0794774
    endloop
  endfacet
  facet normal -0.146641 -0.98919 0
    outer loop
      vertex -4.70198 -7.50482 0.0928472
      vertex -4.60491 -7.51921 7.90985
      vertex -4.70198 -7.50482 7.90715
    endloop
  endfacet
  facet normal -0.146641 -0.98919 -0
    outer loop
      vertex -4.60491 -7.51921 7.90985
      vertex -4.70198 -7.50482 0.0928472
      vertex -4.60491 -7.51921 0.0901473
    endloop
  endfacet
  facet normal 0.146641 -0.98919 0
    outer loop
      vertex -4.99509 -7.51921 7.90985
      vertex -4.89802 -7.50482 0.0928472
      vertex -4.89802 -7.50482 7.90715
    endloop
  endfacet
  facet normal 0.146641 -0.98919 0
    outer loop
      vertex -4.89802 -7.50482 0.0928472
      vertex -4.99509 -7.51921 7.90985
      vertex -4.99509 -7.51921 0.0901473
    endloop
  endfacet
  facet normal 0.427543 -0.903995 0
    outer loop
      vertex -5.2714 -7.61808 7.92839
      vertex -5.18268 -7.57612 0.0794774
      vertex -5.18268 -7.57612 7.92052
    endloop
  endfacet
  facet normal 0.427543 -0.903995 0
    outer loop
      vertex -5.18268 -7.57612 0.0794774
      vertex -5.2714 -7.61808 7.92839
      vertex -5.2714 -7.61808 0.0716103
    endloop
  endfacet
  facet normal 0.57735 -0.57735 0.57735
    outer loop
      vertex 9.5 -20 6
      vertex 7.5 -20 8
      vertex 7.5 -22 6
    endloop
  endfacet
  facet normal 0 0.184299 0.98287
    outer loop
      vertex 7.5 -8 8
      vertex 5.63147 -7.94443 7.98958
      vertex 5.66478 -8 8
    endloop
  endfacet
  facet normal 1.37847e-07 0.184304 0.982869
    outer loop
      vertex 7.5 -8 8
      vertex 5.57301 -7.86561 7.9748
      vertex 5.63147 -7.94443 7.98958
    endloop
  endfacet
  facet normal -6.05195e-06 0.184218 0.982885
    outer loop
      vertex 7.5 -8 8
      vertex 5.50711 -7.79289 7.96117
      vertex 5.57301 -7.86561 7.9748
    endloop
  endfacet
  facet normal 8.30614e-06 0.184351 0.98286
    outer loop
      vertex 7.5 -8 8
      vertex 5.43439 -7.72699 7.94881
      vertex 5.50711 -7.79289 7.96117
    endloop
  endfacet
  facet normal -3.74186e-06 0.184263 0.982877
    outer loop
      vertex 7.5 -8 8
      vertex 5.35557 -7.66853 7.93785
      vertex 5.43439 -7.72699 7.94881
    endloop
  endfacet
  facet normal 2.92216e-06 0.184305 0.982869
    outer loop
      vertex 7.5 -8 8
      vertex 5.2714 -7.61808 7.92839
      vertex 5.35557 -7.66853 7.93785
    endloop
  endfacet
  facet normal 1.57381e-05 0.184377 0.982856
    outer loop
      vertex 7.5 -8 8
      vertex 5.18268 -7.57612 7.92052
      vertex 5.2714 -7.61808 7.92839
    endloop
  endfacet
  facet normal -1.13845e-06 0.184288 0.982872
    outer loop
      vertex 4.5 0 6.5
      vertex 5.18268 -7.57612 7.92052
      vertex 7.5 -8 8
    endloop
  endfacet
  facet normal -1.38593e-05 0.184287 0.982872
    outer loop
      vertex 5.18268 -7.57612 7.92052
      vertex 4.5 0 6.5
      vertex 5.09028 -7.54306 7.91432
    endloop
  endfacet
  facet normal 1.96224e-05 0.18429 0.982872
    outer loop
      vertex 5.09028 -7.54306 7.91432
      vertex 4.5 0 6.5
      vertex 4.99509 -7.51921 7.90985
    endloop
  endfacet
  facet normal -1.9209e-05 0.184287 0.982872
    outer loop
      vertex 4.5 0 6.5
      vertex 4.89802 -7.50482 7.90715
      vertex 4.99509 -7.51921 7.90985
    endloop
  endfacet
  facet normal 3.76763e-05 0.18429 0.982872
    outer loop
      vertex 4.5 0 6.5
      vertex 4.8 -7.5 7.90625
      vertex 4.89802 -7.50482 7.90715
    endloop
  endfacet
  facet normal -3.75284e-05 0.184287 0.982872
    outer loop
      vertex 4.5 0 6.5
      vertex 4.70198 -7.50482 7.90715
      vertex 4.8 -7.5 7.90625
    endloop
  endfacet
  facet normal 1.89822e-05 0.184289 0.982872
    outer loop
      vertex 4.5 0 6.5
      vertex 4.60491 -7.51921 7.90985
      vertex 4.70198 -7.50482 7.90715
    endloop
  endfacet
  facet normal -1.92314e-05 0.184288 0.982872
    outer loop
      vertex 4.5 0 6.5
      vertex 4.50972 -7.54306 7.91432
      vertex 4.60491 -7.51921 7.90985
    endloop
  endfacet
  facet normal 1.34651e-05 0.184288 0.982872
    outer loop
      vertex 4.5 0 6.5
      vertex 4.41732 -7.57612 7.92052
      vertex 4.50972 -7.54306 7.91432
    endloop
  endfacet
  facet normal 2.79938e-05 0.184288 0.982872
    outer loop
      vertex 4.5 0 6.5
      vertex 4.3286 -7.61808 7.92839
      vertex 4.41732 -7.57612 7.92052
    endloop
  endfacet
  facet normal -0 0.184289 0.982872
    outer loop
      vertex 0.471396 -7.61808 7.92839
      vertex 4.3286 -7.61808 7.92839
      vertex 4.5 0 6.5
    endloop
  endfacet
  facet normal 0 0.1843 0.98287
    outer loop
      vertex 4.3286 -7.61808 7.92839
      vertex 0.471396 -7.61808 7.92839
      vertex 4.24443 -7.66853 7.93785
    endloop
  endfacet
  facet normal -0 0.1843 0.98287
    outer loop
      vertex 0.55557 -7.66853 7.93785
      vertex 4.24443 -7.66853 7.93785
      vertex 0.471396 -7.61808 7.92839
    endloop
  endfacet
  facet normal 0 0.184268 0.982876
    outer loop
      vertex 4.24443 -7.66853 7.93785
      vertex 0.55557 -7.66853 7.93785
      vertex 4.16561 -7.72699 7.94881
    endloop
  endfacet
  facet normal -0 0.184268 0.982876
    outer loop
      vertex 0.634393 -7.72699 7.94881
      vertex 4.16561 -7.72699 7.94881
      vertex 0.55557 -7.66853 7.93785
    endloop
  endfacet
  facet normal 0 0.184343 0.982862
    outer loop
      vertex 4.16561 -7.72699 7.94881
      vertex 0.634393 -7.72699 7.94881
      vertex 4.09289 -7.79289 7.96117
    endloop
  endfacet
  facet normal -0 0.184343 0.982862
    outer loop
      vertex 0.707107 -7.79289 7.96117
      vertex 4.09289 -7.79289 7.96117
      vertex 0.634393 -7.72699 7.94881
    endloop
  endfacet
  facet normal 0 0.184299 0.98287
    outer loop
      vertex 3.93522 -8 8
      vertex 0.83147 -7.94443 7.98958
      vertex 0.864777 -8 8
    endloop
  endfacet
  facet normal 0 0.184299 0.98287
    outer loop
      vertex 3.96853 -7.94443 7.98958
      vertex 0.83147 -7.94443 7.98958
      vertex 3.93522 -8 8
    endloop
  endfacet
  facet normal -0 0.184304 0.982869
    outer loop
      vertex 0.83147 -7.94443 7.98958
      vertex 3.96853 -7.94443 7.98958
      vertex 0.77301 -7.86561 7.9748
    endloop
  endfacet
  facet normal 0 0.184304 0.982869
    outer loop
      vertex 4.02699 -7.86561 7.9748
      vertex 0.77301 -7.86561 7.9748
      vertex 3.96853 -7.94443 7.98958
    endloop
  endfacet
  facet normal -0 0.184223 0.982884
    outer loop
      vertex 0.77301 -7.86561 7.9748
      vertex 4.02699 -7.86561 7.9748
      vertex 0.707107 -7.79289 7.96117
    endloop
  endfacet
  facet normal 0 0.184223 0.982884
    outer loop
      vertex 4.09289 -7.79289 7.96117
      vertex 0.707107 -7.79289 7.96117
      vertex 4.02699 -7.86561 7.9748
    endloop
  endfacet
  facet normal -2.21562e-05 0.1843 0.98287
    outer loop
      vertex 4.5 0 6.5
      vertex 0.382683 -7.57612 7.92052
      vertex 0.471396 -7.61808 7.92839
    endloop
  endfacet
  facet normal -1.12291e-05 0.184294 0.982871
    outer loop
      vertex 4.5 0 6.5
      vertex 0.290284 -7.54306 7.91432
      vertex 0.382683 -7.57612 7.92052
    endloop
  endfacet
  facet normal 1.6877e-05 0.184279 0.982874
    outer loop
      vertex 4.5 0 6.5
      vertex 0.19509 -7.51921 7.90985
      vertex 0.290284 -7.54306 7.91432
    endloop
  endfacet
  facet normal -1.75328e-05 0.184298 0.98287
    outer loop
      vertex 4.5 0 6.5
      vertex 0.0980167 -7.50482 7.90715
      vertex 0.19509 -7.51921 7.90985
    endloop
  endfacet
  facet normal 3.65259e-05 0.184267 0.982876
    outer loop
      vertex 4.5 0 6.5
      vertex 0 -7.5 7.90625
      vertex 0.0980167 -7.50482 7.90715
    endloop
  endfacet
  facet normal -0 0.184289 0.982872
    outer loop
      vertex -4.5 0 6.5
      vertex 0 -7.5 7.90625
      vertex 4.5 0 6.5
    endloop
  endfacet
  facet normal -3.65259e-05 0.184267 0.982876
    outer loop
      vertex 0 -7.5 7.90625
      vertex -4.5 0 6.5
      vertex -0.0980167 -7.50482 7.90715
    endloop
  endfacet
  facet normal 1.75328e-05 0.184298 0.98287
    outer loop
      vertex -0.0980167 -7.50482 7.90715
      vertex -4.5 0 6.5
      vertex -0.19509 -7.51921 7.90985
    endloop
  endfacet
  facet normal -1.6877e-05 0.184279 0.982874
    outer loop
      vertex -0.19509 -7.51921 7.90985
      vertex -4.5 0 6.5
      vertex -0.290284 -7.54306 7.91432
    endloop
  endfacet
  facet normal 1.12291e-05 0.184294 0.982871
    outer loop
      vertex -0.290284 -7.54306 7.91432
      vertex -4.5 0 6.5
      vertex -0.382683 -7.57612 7.92052
    endloop
  endfacet
  facet normal 2.21562e-05 0.1843 0.98287
    outer loop
      vertex -0.382683 -7.57612 7.92052
      vertex -4.5 0 6.5
      vertex -0.471396 -7.61808 7.92839
    endloop
  endfacet
  facet normal -0 0.184289 0.982872
    outer loop
      vertex -4.3286 -7.61808 7.92839
      vertex -0.471396 -7.61808 7.92839
      vertex -4.5 0 6.5
    endloop
  endfacet
  facet normal 0 0.1843 0.98287
    outer loop
      vertex -0.471396 -7.61808 7.92839
      vertex -4.3286 -7.61808 7.92839
      vertex -0.55557 -7.66853 7.93785
    endloop
  endfacet
  facet normal -0 0.1843 0.98287
    outer loop
      vertex -4.24443 -7.66853 7.93785
      vertex -0.55557 -7.66853 7.93785
      vertex -4.3286 -7.61808 7.92839
    endloop
  endfacet
  facet normal 0 0.184268 0.982876
    outer loop
      vertex -0.55557 -7.66853 7.93785
      vertex -4.24443 -7.66853 7.93785
      vertex -0.634393 -7.72699 7.94881
    endloop
  endfacet
  facet normal 0 0.184299 0.98287
    outer loop
      vertex -0.83147 -7.94443 7.98958
      vertex -3.93522 -8 8
      vertex -0.864777 -8 8
    endloop
  endfacet
  facet normal -0 0.184268 0.982876
    outer loop
      vertex -4.16561 -7.72699 7.94881
      vertex -0.634393 -7.72699 7.94881
      vertex -4.24443 -7.66853 7.93785
    endloop
  endfacet
  facet normal 0 0.184299 0.98287
    outer loop
      vertex -0.83147 -7.94443 7.98958
      vertex -3.96853 -7.94443 7.98958
      vertex -3.93522 -8 8
    endloop
  endfacet
  facet normal 0 0.184304 0.982869
    outer loop
      vertex -0.83147 -7.94443 7.98958
      vertex -4.02699 -7.86561 7.9748
      vertex -3.96853 -7.94443 7.98958
    endloop
  endfacet
  facet normal 0 0.184304 0.982869
    outer loop
      vertex -0.77301 -7.86561 7.9748
      vertex -4.02699 -7.86561 7.9748
      vertex -0.83147 -7.94443 7.98958
    endloop
  endfacet
  facet normal 0 0.184343 0.982862
    outer loop
      vertex -0.634393 -7.72699 7.94881
      vertex -4.16561 -7.72699 7.94881
      vertex -0.707107 -7.79289 7.96117
    endloop
  endfacet
  facet normal -0 0.184223 0.982884
    outer loop
      vertex -4.02699 -7.86561 7.9748
      vertex -0.77301 -7.86561 7.9748
      vertex -4.09289 -7.79289 7.96117
    endloop
  endfacet
  facet normal 0 0.184223 0.982884
    outer loop
      vertex -0.707107 -7.79289 7.96117
      vertex -4.09289 -7.79289 7.96117
      vertex -0.77301 -7.86561 7.9748
    endloop
  endfacet
  facet normal -0 0.184343 0.982862
    outer loop
      vertex -4.09289 -7.79289 7.96117
      vertex -0.707107 -7.79289 7.96117
      vertex -4.16561 -7.72699 7.94881
    endloop
  endfacet
  facet normal -2.79938e-05 0.184288 0.982872
    outer loop
      vertex -4.3286 -7.61808 7.92839
      vertex -4.5 0 6.5
      vertex -4.41732 -7.57612 7.92052
    endloop
  endfacet
  facet normal -1.34651e-05 0.184288 0.982872
    outer loop
      vertex -4.5 0 6.5
      vertex -4.50972 -7.54306 7.91432
      vertex -4.41732 -7.57612 7.92052
    endloop
  endfacet
  facet normal 1.92314e-05 0.184288 0.982872
    outer loop
      vertex -4.5 0 6.5
      vertex -4.60491 -7.51921 7.90985
      vertex -4.50972 -7.54306 7.91432
    endloop
  endfacet
  facet normal -1.89822e-05 0.184289 0.982872
    outer loop
      vertex -4.5 0 6.5
      vertex -4.70198 -7.50482 7.90715
      vertex -4.60491 -7.51921 7.90985
    endloop
  endfacet
  facet normal 3.75284e-05 0.184287 0.982872
    outer loop
      vertex -4.5 0 6.5
      vertex -4.8 -7.5 7.90625
      vertex -4.70198 -7.50482 7.90715
    endloop
  endfacet
  facet normal -3.76763e-05 0.18429 0.982872
    outer loop
      vertex -4.5 0 6.5
      vertex -4.89802 -7.50482 7.90715
      vertex -4.8 -7.5 7.90625
    endloop
  endfacet
  facet normal 1.9209e-05 0.184287 0.982872
    outer loop
      vertex -4.5 0 6.5
      vertex -4.99509 -7.51921 7.90985
      vertex -4.89802 -7.50482 7.90715
    endloop
  endfacet
  facet normal -1.96224e-05 0.18429 0.982872
    outer loop
      vertex -4.5 0 6.5
      vertex -5.09028 -7.54306 7.91432
      vertex -4.99509 -7.51921 7.90985
    endloop
  endfacet
  facet normal 1.38593e-05 0.184287 0.982872
    outer loop
      vertex -4.5 0 6.5
      vertex -5.18268 -7.57612 7.92052
      vertex -5.09028 -7.54306 7.91432
    endloop
  endfacet
  facet normal 2.9089e-05 0.184286 0.982873
    outer loop
      vertex -4.5 0 6.5
      vertex -5.2714 -7.61808 7.92839
      vertex -5.18268 -7.57612 7.92052
    endloop
  endfacet
  facet normal -1.30816e-16 0.184289 0.982872
    outer loop
      vertex -7.5 -8 8
      vertex -5.2714 -7.61808 7.92839
      vertex -4.5 0 6.5
    endloop
  endfacet
  facet normal -2.92216e-06 0.184305 0.982869
    outer loop
      vertex -5.2714 -7.61808 7.92839
      vertex -7.5 -8 8
      vertex -5.35557 -7.66853 7.93785
    endloop
  endfacet
  facet normal 3.74186e-06 0.184263 0.982877
    outer loop
      vertex -5.35557 -7.66853 7.93785
      vertex -7.5 -8 8
      vertex -5.43439 -7.72699 7.94881
    endloop
  endfacet
  facet normal -8.30614e-06 0.184351 0.98286
    outer loop
      vertex -5.43439 -7.72699 7.94881
      vertex -7.5 -8 8
      vertex -5.50711 -7.79289 7.96117
    endloop
  endfacet
  facet normal 6.05195e-06 0.184218 0.982885
    outer loop
      vertex -5.50711 -7.79289 7.96117
      vertex -7.5 -8 8
      vertex -5.57301 -7.86561 7.9748
    endloop
  endfacet
  facet normal -1.37847e-07 0.184304 0.982869
    outer loop
      vertex -5.57301 -7.86561 7.9748
      vertex -7.5 -8 8
      vertex -5.63147 -7.94443 7.98958
    endloop
  endfacet
  facet normal 0 0.184299 0.98287
    outer loop
      vertex -5.63147 -7.94443 7.98958
      vertex -7.5 -8 8
      vertex -5.66478 -8 8
    endloop
  endfacet
  facet normal -1 0 0
    outer loop
      vertex -9.5 -20 2
      vertex -9.5 -8 6
      vertex -9.5 -8 2
    endloop
  endfacet
  facet normal -1 -0 0
    outer loop
      vertex -9.5 -8 6
      vertex -9.5 -20 2
      vertex -9.5 -20 6
    endloop
  endfacet
  facet normal 1 0 0
    outer loop
      vertex 9.5 -8 6
      vertex 9.5 -8.5534 4.06314
      vertex 9.5 -8 3.83933
    endloop
  endfacet
  facet normal 1 0 0
    outer loop
      vertex 9.5 -8 6
      vertex 9.5 -9.37544 4.39559
      vertex 9.5 -8.5534 4.06314
    endloop
  endfacet
  facet normal 1 0 0
    outer loop
      vertex 9.5 -8 6
      vertex 9.5 -11.2767 4.24505
      vertex 9.5 -9.37544 4.39559
    endloop
  endfacet
  facet normal 1 0 0
    outer loop
      vertex 9.5 -8 6
      vertex 9.5 -12.9012 4.11642
      vertex 9.5 -11.2767 4.24505
    endloop
  endfacet
  facet normal 1 -0 0
    outer loop
      vertex 9.5 -20 6
      vertex 9.5 -12.9012 4.11642
      vertex 9.5 -8 6
    endloop
  endfacet
  facet normal 1 0 0
    outer loop
      vertex 9.5 -12.9012 4.11642
      vertex 9.5 -20 6
      vertex 9.5 -14.589 3.83744
    endloop
  endfacet
  facet normal 1 0 0
    outer loop
      vertex 9.5 -14.589 3.83744
      vertex 9.5 -20 6
      vertex 9.5 -14.5992 3.83531
    endloop
  endfacet
  facet normal 1 0 0
    outer loop
      vertex 9.5 -20 6
      vertex 9.5 -16.4611 3.1976
      vertex 9.5 -14.5992 3.83531
    endloop
  endfacet
  facet normal 1 0 0
    outer loop
      vertex 9.5 -20 2
      vertex 9.5 -16.4611 3.1976
      vertex 9.5 -20 6
    endloop
  endfacet
  facet normal 1 0 0
    outer loop
      vertex 9.5 -16.4611 3.1976
      vertex 9.5 -20 2
      vertex 9.5 -16.4611 2
    endloop
  endfacet
  facet normal 1 0 0
    outer loop
      vertex 9.5 -14.589 3.54863
      vertex 9.5 -12.9012 4.11642
      vertex 9.5 -14.589 3.83744
    endloop
  endfacet
  facet normal 1 0 0
    outer loop
      vertex 9.5 -12.9012 4.11642
      vertex 9.5 -14.589 3.54863
      vertex 9.5 -14.589 3.11123
    endloop
  endfacet
  facet normal 0 0 -1
    outer loop
      vertex -0.995184 -18.598 0
      vertex -3.80481 -18.598 0
      vertex -3.8 -18.5 0
    endloop
  endfacet
  facet normal 0 0 -1
    outer loop
      vertex -3.26985 -20 0
      vertex -3.81921 -18.6951 0
      vertex -3.80481 -18.598 0
    endloop
  endfacet
  facet normal 0 0 -1
    outer loop
      vertex -3.26985 -20 0
      vertex -3.84306 -18.7903 0
      vertex -3.81921 -18.6951 0
    endloop
  endfacet
  facet normal 0 0 -1
    outer loop
      vertex -3.26985 -20 0
      vertex -3.87612 -18.8827 0
      vertex -3.84306 -18.7903 0
    endloop
  endfacet
  facet normal 0 0 -1
    outer loop
      vertex -3.26985 -20 0
      vertex -3.91808 -18.9714 0
      vertex -3.87612 -18.8827 0
    endloop
  endfacet
  facet normal 0 0 -1
    outer loop
      vertex -3.26985 -20 0
      vertex -3.96853 -19.0556 0
      vertex -3.91808 -18.9714 0
    endloop
  endfacet
  facet normal 0 0 -1
    outer loop
      vertex -3.26985 -20 0
      vertex -4.02699 -19.1344 0
      vertex -3.96853 -19.0556 0
    endloop
  endfacet
  facet normal 0 0 -1
    outer loop
      vertex -3.26985 -20 0
      vertex -4.09289 -19.2071 0
      vertex -4.02699 -19.1344 0
    endloop
  endfacet
  facet normal 0 0 -1
    outer loop
      vertex -3.26985 -20 0
      vertex -4.16561 -19.273 0
      vertex -4.09289 -19.2071 0
    endloop
  endfacet
  facet normal 0 0 -1
    outer loop
      vertex -3.26985 -20 0
      vertex -4.24443 -19.3315 0
      vertex -4.16561 -19.273 0
    endloop
  endfacet
  facet normal 0 0 -1
    outer loop
      vertex -3.26985 -20 0
      vertex -4.3286 -19.3819 0
      vertex -4.24443 -19.3315 0
    endloop
  endfacet
  facet normal 0 0 -1
    outer loop
      vertex -3.26985 -20 0
      vertex -4.41732 -19.4239 0
      vertex -4.3286 -19.3819 0
    endloop
  endfacet
  facet normal 0 0 -1
    outer loop
      vertex -3.26985 -20 0
      vertex -4.50972 -19.4569 0
      vertex -4.41732 -19.4239 0
    endloop
  endfacet
  facet normal 0 0 -1
    outer loop
      vertex -3.26985 -20 0
      vertex -4.60491 -19.4808 0
      vertex -4.50972 -19.4569 0
    endloop
  endfacet
  facet normal 0 0 -1
    outer loop
      vertex -3.26985 -20 0
      vertex -4.70198 -19.4952 0
      vertex -4.60491 -19.4808 0
    endloop
  endfacet
  facet normal 0 0 -1
    outer loop
      vertex -3.26985 -20 0
      vertex -4.8 -19.5 0
      vertex -4.70198 -19.4952 0
    endloop
  endfacet
  facet normal 0 0 -1
    outer loop
      vertex -6.33015 -20 0
      vertex -4.8 -19.5 0
      vertex -3.26985 -20 0
    endloop
  endfacet
  facet normal -0 0 -1
    outer loop
      vertex -4.8 -19.5 0
      vertex -6.33015 -20 0
      vertex -4.89802 -19.4952 0
    endloop
  endfacet
  facet normal -0 0 -1
    outer loop
      vertex -4.89802 -19.4952 0
      vertex -6.33015 -20 0
      vertex -4.99509 -19.4808 0
    endloop
  endfacet
  facet normal -0 0 -1
    outer loop
      vertex -5.79518 -18.598 0
      vertex -7.5 -19.99 0
      vertex -5.8 -18.5 0
    endloop
  endfacet
  facet normal -0 0 -1
    outer loop
      vertex -5.78078 -18.6951 0
      vertex -7.5 -19.99 0
      vertex -5.79518 -18.598 0
    endloop
  endfacet
  facet normal 0 0 -1
    outer loop
      vertex -7.5 -19.99 0
      vertex -5.78078 -18.6951 0
      vertex -6.33015 -20 0
    endloop
  endfacet
  facet normal -0 0 -1
    outer loop
      vertex -5.75694 -18.7903 0
      vertex -6.33015 -20 0
      vertex -5.78078 -18.6951 0
    endloop
  endfacet
  facet normal -0 0 -1
    outer loop
      vertex -5.72388 -18.8827 0
      vertex -6.33015 -20 0
      vertex -5.75694 -18.7903 0
    endloop
  endfacet
  facet normal -0 0 -1
    outer loop
      vertex -5.68192 -18.9714 0
      vertex -6.33015 -20 0
      vertex -5.72388 -18.8827 0
    endloop
  endfacet
  facet normal -0 0 -1
    outer loop
      vertex -5.63147 -19.0556 0
      vertex -6.33015 -20 0
      vertex -5.68192 -18.9714 0
    endloop
  endfacet
  facet normal -0 0 -1
    outer loop
      vertex -5.57301 -19.1344 0
      vertex -6.33015 -20 0
      vertex -5.63147 -19.0556 0
    endloop
  endfacet
  facet normal -0 0 -1
    outer loop
      vertex -5.50711 -19.2071 0
      vertex -6.33015 -20 0
      vertex -5.57301 -19.1344 0
    endloop
  endfacet
  facet normal -0 0 -1
    outer loop
      vertex -5.43439 -19.273 0
      vertex -6.33015 -20 0
      vertex -5.50711 -19.2071 0
    endloop
  endfacet
  facet normal -0 0 -1
    outer loop
      vertex -5.35557 -19.3315 0
      vertex -6.33015 -20 0
      vertex -5.43439 -19.273 0
    endloop
  endfacet
  facet normal -0 0 -1
    outer loop
      vertex -5.2714 -19.3819 0
      vertex -6.33015 -20 0
      vertex -5.35557 -19.3315 0
    endloop
  endfacet
  facet normal -0 0 -1
    outer loop
      vertex -5.18268 -19.4239 0
      vertex -6.33015 -20 0
      vertex -5.2714 -19.3819 0
    endloop
  endfacet
  facet normal -0 0 -1
    outer loop
      vertex -5.09028 -19.4569 0
      vertex -6.33015 -20 0
      vertex -5.18268 -19.4239 0
    endloop
  endfacet
  facet normal -0 0 -1
    outer loop
      vertex -4.99509 -19.4808 0
      vertex -6.33015 -20 0
      vertex -5.09028 -19.4569 0
    endloop
  endfacet
  facet normal 0 0 -1
    outer loop
      vertex 3.80481 -18.598 0
      vertex 0.995184 -18.598 0
      vertex 1 -18.5 0
    endloop
  endfacet
  facet normal 0 0 -1
    outer loop
      vertex 1.53015 -20 0
      vertex 0.980784 -18.6951 0
      vertex 0.995184 -18.598 0
    endloop
  endfacet
  facet normal 0 0 -1
    outer loop
      vertex 1.53015 -20 0
      vertex 0.95694 -18.7903 0
      vertex 0.980784 -18.6951 0
    endloop
  endfacet
  facet normal 0 0 -1
    outer loop
      vertex 1.53015 -20 0
      vertex 0.923879 -18.8827 0
      vertex 0.95694 -18.7903 0
    endloop
  endfacet
  facet normal 0 0 -1
    outer loop
      vertex 1.53015 -20 0
      vertex 0.881921 -18.9714 0
      vertex 0.923879 -18.8827 0
    endloop
  endfacet
  facet normal 0 0 -1
    outer loop
      vertex 1.53015 -20 0
      vertex 0.83147 -19.0556 0
      vertex 0.881921 -18.9714 0
    endloop
  endfacet
  facet normal 0 0 -1
    outer loop
      vertex 1.53015 -20 0
      vertex 0.77301 -19.1344 0
      vertex 0.83147 -19.0556 0
    endloop
  endfacet
  facet normal 0 0 -1
    outer loop
      vertex 1.53015 -20 0
      vertex 0.707107 -19.2071 0
      vertex 0.77301 -19.1344 0
    endloop
  endfacet
  facet normal 0 0 -1
    outer loop
      vertex 1.53015 -20 0
      vertex 0.634393 -19.273 0
      vertex 0.707107 -19.2071 0
    endloop
  endfacet
  facet normal 0 0 -1
    outer loop
      vertex 1.53015 -20 0
      vertex 0.55557 -19.3315 0
      vertex 0.634393 -19.273 0
    endloop
  endfacet
  facet normal 0 0 -1
    outer loop
      vertex 1.53015 -20 0
      vertex 0.471396 -19.3819 0
      vertex 0.55557 -19.3315 0
    endloop
  endfacet
  facet normal 0 0 -1
    outer loop
      vertex 1.53015 -20 0
      vertex 0.382683 -19.4239 0
      vertex 0.471396 -19.3819 0
    endloop
  endfacet
  facet normal 0 0 -1
    outer loop
      vertex 1.53015 -20 0
      vertex 0.290284 -19.4569 0
      vertex 0.382683 -19.4239 0
    endloop
  endfacet
  facet normal 0 0 -1
    outer loop
      vertex 1.53015 -20 0
      vertex 0.19509 -19.4808 0
      vertex 0.290284 -19.4569 0
    endloop
  endfacet
  facet normal 0 0 -1
    outer loop
      vertex 1.53015 -20 0
      vertex 0.0980167 -19.4952 0
      vertex 0.19509 -19.4808 0
    endloop
  endfacet
  facet normal 0 0 -1
    outer loop
      vertex 1.53015 -20 0
      vertex 0 -19.5 0
      vertex 0.0980167 -19.4952 0
    endloop
  endfacet
  facet normal 0 0 -1
    outer loop
      vertex -1.53015 -20 0
      vertex 0 -19.5 0
      vertex 1.53015 -20 0
    endloop
  endfacet
  facet normal -0 0 -1
    outer loop
      vertex 0 -19.5 0
      vertex -1.53015 -20 0
      vertex -0.0980167 -19.4952 0
    endloop
  endfacet
  facet normal -0 0 -1
    outer loop
      vertex -0.0980167 -19.4952 0
      vertex -1.53015 -20 0
      vertex -0.19509 -19.4808 0
    endloop
  endfacet
  facet normal 0 0 -1
    outer loop
      vertex -0.995184 -18.598 0
      vertex -3.8 -18.5 0
      vertex -1 -18.5 0
    endloop
  endfacet
  facet normal 0 0 -1
    outer loop
      vertex -3.80481 -18.598 0
      vertex -0.995184 -18.598 0
      vertex -1.53015 -20 0
    endloop
  endfacet
  facet normal -0 0 -1
    outer loop
      vertex -0.980784 -18.6951 0
      vertex -1.53015 -20 0
      vertex -0.995184 -18.598 0
    endloop
  endfacet
  facet normal -0 0 -1
    outer loop
      vertex -0.95694 -18.7903 0
      vertex -1.53015 -20 0
      vertex -0.980784 -18.6951 0
    endloop
  endfacet
  facet normal -0 0 -1
    outer loop
      vertex -0.923879 -18.8827 0
      vertex -1.53015 -20 0
      vertex -0.95694 -18.7903 0
    endloop
  endfacet
  facet normal -0 0 -1
    outer loop
      vertex -0.881921 -18.9714 0
      vertex -1.53015 -20 0
      vertex -0.923879 -18.8827 0
    endloop
  endfacet
  facet normal -0 0 -1
    outer loop
      vertex -0.83147 -19.0556 0
      vertex -1.53015 -20 0
      vertex -0.881921 -18.9714 0
    endloop
  endfacet
  facet normal -0 0 -1
    outer loop
      vertex -0.77301 -19.1344 0
      vertex -1.53015 -20 0
      vertex -0.83147 -19.0556 0
    endloop
  endfacet
  facet normal -0 0 -1
    outer loop
      vertex -0.707107 -19.2071 0
      vertex -1.53015 -20 0
      vertex -0.77301 -19.1344 0
    endloop
  endfacet
  facet normal -0 0 -1
    outer loop
      vertex -0.634393 -19.273 0
      vertex -1.53015 -20 0
      vertex -0.707107 -19.2071 0
    endloop
  endfacet
  facet normal -0 0 -1
    outer loop
      vertex -0.55557 -19.3315 0
      vertex -1.53015 -20 0
      vertex -0.634393 -19.273 0
    endloop
  endfacet
  facet normal -0 0 -1
    outer loop
      vertex -0.471396 -19.3819 0
      vertex -1.53015 -20 0
      vertex -0.55557 -19.3315 0
    endloop
  endfacet
  facet normal -0 0 -1
    outer loop
      vertex -0.382683 -19.4239 0
      vertex -1.53015 -20 0
      vertex -0.471396 -19.3819 0
    endloop
  endfacet
  facet normal -0 0 -1
    outer loop
      vertex -0.290284 -19.4569 0
      vertex -1.53015 -20 0
      vertex -0.382683 -19.4239 0
    endloop
  endfacet
  facet normal -0 0 -1
    outer loop
      vertex -0.19509 -19.4808 0
      vertex -1.53015 -20 0
      vertex -0.290284 -19.4569 0
    endloop
  endfacet
  facet normal 0 0 -1
    outer loop
      vertex 7.5 -19.99 0
      vertex 5.79518 -18.598 0
      vertex 5.8 -18.5 0
    endloop
  endfacet
  facet normal 0 0 -1
    outer loop
      vertex 7.5 -19.99 0
      vertex 5.78078 -18.6951 0
      vertex 5.79518 -18.598 0
    endloop
  endfacet
  facet normal 0 0 -1
    outer loop
      vertex 6.33015 -20 0
      vertex 5.75694 -18.7903 0
      vertex 5.78078 -18.6951 0
    endloop
  endfacet
  facet normal 0 0 -1
    outer loop
      vertex 6.33015 -20 0
      vertex 5.72388 -18.8827 0
      vertex 5.75694 -18.7903 0
    endloop
  endfacet
  facet normal 0 0 -1
    outer loop
      vertex 6.33015 -20 0
      vertex 5.68192 -18.9714 0
      vertex 5.72388 -18.8827 0
    endloop
  endfacet
  facet normal 0 0 -1
    outer loop
      vertex 6.33015 -20 0
      vertex 5.63147 -19.0556 0
      vertex 5.68192 -18.9714 0
    endloop
  endfacet
  facet normal 0 0 -1
    outer loop
      vertex 6.33015 -20 0
      vertex 5.57301 -19.1344 0
      vertex 5.63147 -19.0556 0
    endloop
  endfacet
  facet normal 0 0 -1
    outer loop
      vertex 6.33015 -20 0
      vertex 5.50711 -19.2071 0
      vertex 5.57301 -19.1344 0
    endloop
  endfacet
  facet normal 0 0 -1
    outer loop
      vertex 6.33015 -20 0
      vertex 5.43439 -19.273 0
      vertex 5.50711 -19.2071 0
    endloop
  endfacet
  facet normal 0 0 -1
    outer loop
      vertex 6.33015 -20 0
      vertex 5.35557 -19.3315 0
      vertex 5.43439 -19.273 0
    endloop
  endfacet
  facet normal 0 0 -1
    outer loop
      vertex 6.33015 -20 0
      vertex 5.2714 -19.3819 0
      vertex 5.35557 -19.3315 0
    endloop
  endfacet
  facet normal 0 0 -1
    outer loop
      vertex 6.33015 -20 0
      vertex 5.18268 -19.4239 0
      vertex 5.2714 -19.3819 0
    endloop
  endfacet
  facet normal 0 0 -1
    outer loop
      vertex 6.33015 -20 0
      vertex 5.09028 -19.4569 0
      vertex 5.18268 -19.4239 0
    endloop
  endfacet
  facet normal 0 0 -1
    outer loop
      vertex 6.33015 -20 0
      vertex 4.99509 -19.4808 0
      vertex 5.09028 -19.4569 0
    endloop
  endfacet
  facet normal 0 0 -1
    outer loop
      vertex 6.33015 -20 0
      vertex 4.89802 -19.4952 0
      vertex 4.99509 -19.4808 0
    endloop
  endfacet
  facet normal 0 0 -1
    outer loop
      vertex 6.33015 -20 0
      vertex 4.8 -19.5 0
      vertex 4.89802 -19.4952 0
    endloop
  endfacet
  facet normal 0 0 -1
    outer loop
      vertex 3.26985 -20 0
      vertex 4.8 -19.5 0
      vertex 6.33015 -20 0
    endloop
  endfacet
  facet normal -0 0 -1
    outer loop
      vertex 4.8 -19.5 0
      vertex 3.26985 -20 0
      vertex 4.70198 -19.4952 0
    endloop
  endfacet
  facet normal -0 0 -1
    outer loop
      vertex 4.70198 -19.4952 0
      vertex 3.26985 -20 0
      vertex 4.60491 -19.4808 0
    endloop
  endfacet
  facet normal 0 0 -1
    outer loop
      vertex 3.80481 -18.598 0
      vertex 1 -18.5 0
      vertex 3.8 -18.5 0
    endloop
  endfacet
  facet normal 0 0 -1
    outer loop
      vertex 0.995184 -18.598 0
      vertex 3.80481 -18.598 0
      vertex 3.26985 -20 0
    endloop
  endfacet
  facet normal -0 0 -1
    outer loop
      vertex 3.81921 -18.6951 0
      vertex 3.26985 -20 0
      vertex 3.80481 -18.598 0
    endloop
  endfacet
  facet normal -0 0 -1
    outer loop
      vertex 3.84306 -18.7903 0
      vertex 3.26985 -20 0
      vertex 3.81921 -18.6951 0
    endloop
  endfacet
  facet normal -0 0 -1
    outer loop
      vertex 3.87612 -18.8827 0
      vertex 3.26985 -20 0
      vertex 3.84306 -18.7903 0
    endloop
  endfacet
  facet normal -0 0 -1
    outer loop
      vertex 3.91808 -18.9714 0
      vertex 3.26985 -20 0
      vertex 3.87612 -18.8827 0
    endloop
  endfacet
  facet normal -0 0 -1
    outer loop
      vertex 3.96853 -19.0556 0
      vertex 3.26985 -20 0
      vertex 3.91808 -18.9714 0
    endloop
  endfacet
  facet normal -0 0 -1
    outer loop
      vertex 4.02699 -19.1344 0
      vertex 3.26985 -20 0
      vertex 3.96853 -19.0556 0
    endloop
  endfacet
  facet normal -0 0 -1
    outer loop
      vertex 4.09289 -19.2071 0
      vertex 3.26985 -20 0
      vertex 4.02699 -19.1344 0
    endloop
  endfacet
  facet normal -0 0 -1
    outer loop
      vertex 4.16561 -19.273 0
      vertex 3.26985 -20 0
      vertex 4.09289 -19.2071 0
    endloop
  endfacet
  facet normal -0 0 -1
    outer loop
      vertex 4.24443 -19.3315 0
      vertex 3.26985 -20 0
      vertex 4.16561 -19.273 0
    endloop
  endfacet
  facet normal -0 0 -1
    outer loop
      vertex 4.3286 -19.3819 0
      vertex 3.26985 -20 0
      vertex 4.24443 -19.3315 0
    endloop
  endfacet
  facet normal -0 0 -1
    outer loop
      vertex 4.41732 -19.4239 0
      vertex 3.26985 -20 0
      vertex 4.3286 -19.3819 0
    endloop
  endfacet
  facet normal -0 0 -1
    outer loop
      vertex 4.50972 -19.4569 0
      vertex 3.26985 -20 0
      vertex 4.41732 -19.4239 0
    endloop
  endfacet
  facet normal -0 0 -1
    outer loop
      vertex 4.60491 -19.4808 0
      vertex 3.26985 -20 0
      vertex 4.50972 -19.4569 0
    endloop
  endfacet
  facet normal 0 0 -1
    outer loop
      vertex 7.5 -19.99 0
      vertex 8.06985 -20 0
      vertex 7.89588 -34 0
    endloop
  endfacet
  facet normal 0 0 -1
    outer loop
      vertex 8.06985 -20 0
      vertex 7.5 -19.99 0
      vertex 8.06985 -19.99 0
    endloop
  endfacet
  facet normal 0 0 -1
    outer loop
      vertex 6.50412 -34 0
      vertex 7.5 -19.99 0
      vertex 7.89588 -34 0
    endloop
  endfacet
  facet normal 0 0 -1
    outer loop
      vertex 6.33015 -20 0
      vertex 7.5 -19.99 0
      vertex 6.50412 -34 0
    endloop
  endfacet
  facet normal 0 0 -1
    outer loop
      vertex 5.78078 -18.6951 0
      vertex 7.5 -19.99 0
      vertex 6.33015 -20 0
    endloop
  endfacet
  facet normal 0 0 -1
    outer loop
      vertex 7.5 -19.99 0
      vertex 5.8 -18.5 0
      vertex 7.5 -8 0
    endloop
  endfacet
  facet normal 0 0 -1
    outer loop
      vertex 5.8 -8.5 0
      vertex 7.5 -8 0
      vertex 5.8 -18.5 0
    endloop
  endfacet
  facet normal 0 0 -1
    outer loop
      vertex 5.79518 -8.40198 0
      vertex 7.5 -8 0
      vertex 5.8 -8.5 0
    endloop
  endfacet
  facet normal 0 0 -1
    outer loop
      vertex 5.78078 -8.30491 0
      vertex 7.5 -8 0
      vertex 5.79518 -8.40198 0
    endloop
  endfacet
  facet normal 0 0 -1
    outer loop
      vertex 5.75694 -8.20971 0
      vertex 7.5 -8 0
      vertex 5.78078 -8.30491 0
    endloop
  endfacet
  facet normal 0 0 -1
    outer loop
      vertex 5.72388 -8.11732 0
      vertex 7.5 -8 0
      vertex 5.75694 -8.20971 0
    endloop
  endfacet
  facet normal 0 0 -1
    outer loop
      vertex 5.68192 -8.0286 0
      vertex 7.5 -8 0
      vertex 5.72388 -8.11732 0
    endloop
  endfacet
  facet normal -0 0 -1
    outer loop
      vertex 7.5 -8 0
      vertex 5.68192 -8.0286 0
      vertex 5.66478 -8 0
    endloop
  endfacet
  facet normal 0 0 -1
    outer loop
      vertex 1.70412 -37 0
      vertex 3.26985 -20 0
      vertex 3.09588 -37 0
    endloop
  endfacet
  facet normal 0 0 -1
    outer loop
      vertex 1.53015 -20 0
      vertex 3.26985 -20 0
      vertex 1.70412 -37 0
    endloop
  endfacet
  facet normal 0 0 -1
    outer loop
      vertex 0.995184 -18.598 0
      vertex 3.26985 -20 0
      vertex 1.53015 -20 0
    endloop
  endfacet
  facet normal 0 0 -1
    outer loop
      vertex 3.8 -18.5 0
      vertex 1 -18.5 0
      vertex 3.8 -8.5 0
    endloop
  endfacet
  facet normal 0 0 -1
    outer loop
      vertex 1 -8.5 0
      vertex 3.8 -8.5 0
      vertex 1 -18.5 0
    endloop
  endfacet
  facet normal 0 0 -1
    outer loop
      vertex 3.8 -8.5 0
      vertex 1 -8.5 0
      vertex 3.80481 -8.40198 0
    endloop
  endfacet
  facet normal 0 0 -1
    outer loop
      vertex 0.995184 -8.40198 0
      vertex 3.80481 -8.40198 0
      vertex 1 -8.5 0
    endloop
  endfacet
  facet normal 0 0 -1
    outer loop
      vertex 3.80481 -8.40198 0
      vertex 0.995184 -8.40198 0
      vertex 3.81921 -8.30491 0
    endloop
  endfacet
  facet normal 0 0 -1
    outer loop
      vertex 0.980784 -8.30491 0
      vertex 3.81921 -8.30491 0
      vertex 0.995184 -8.40198 0
    endloop
  endfacet
  facet normal 0 0 -1
    outer loop
      vertex 3.81921 -8.30491 0
      vertex 0.980784 -8.30491 0
      vertex 3.84306 -8.20971 0
    endloop
  endfacet
  facet normal 0 0 -1
    outer loop
      vertex 0.95694 -8.20971 0
      vertex 3.84306 -8.20971 0
      vertex 0.980784 -8.30491 0
    endloop
  endfacet
  facet normal 0 0 -1
    outer loop
      vertex 3.84306 -8.20971 0
      vertex 0.95694 -8.20971 0
      vertex 3.87612 -8.11732 0
    endloop
  endfacet
  facet normal 0 0 -1
    outer loop
      vertex 0.923879 -8.11732 0
      vertex 3.87612 -8.11732 0
      vertex 0.95694 -8.20971 0
    endloop
  endfacet
  facet normal 0 0 -1
    outer loop
      vertex 3.87612 -8.11732 0
      vertex 0.923879 -8.11732 0
      vertex 3.91808 -8.0286 0
    endloop
  endfacet
  facet normal 0 0 -1
    outer loop
      vertex 0.881921 -8.0286 0
      vertex 3.91808 -8.0286 0
      vertex 0.923879 -8.11732 0
    endloop
  endfacet
  facet normal 0 0 -1
    outer loop
      vertex 3.91808 -8.0286 0
      vertex 0.881921 -8.0286 0
      vertex 3.93522 -8 0
    endloop
  endfacet
  facet normal -0 0 -1
    outer loop
      vertex 3.93522 -8 0
      vertex 0.881921 -8.0286 0
      vertex 0.864777 -8 0
    endloop
  endfacet
  facet normal 0 0 -1
    outer loop
      vertex -3.09588 -35.5 0
      vertex -1.53015 -20 0
      vertex -1.70412 -35.5 0
    endloop
  endfacet
  facet normal 0 0 -1
    outer loop
      vertex -3.26985 -20 0
      vertex -1.53015 -20 0
      vertex -3.09588 -35.5 0
    endloop
  endfacet
  facet normal 0 0 -1
    outer loop
      vertex -3.80481 -18.598 0
      vertex -1.53015 -20 0
      vertex -3.26985 -20 0
    endloop
  endfacet
  facet normal 0 0 -1
    outer loop
      vertex -1 -18.5 0
      vertex -3.8 -18.5 0
      vertex -1 -8.5 0
    endloop
  endfacet
  facet normal 0 0 -1
    outer loop
      vertex -3.8 -8.5 0
      vertex -1 -8.5 0
      vertex -3.8 -18.5 0
    endloop
  endfacet
  facet normal 0 0 -1
    outer loop
      vertex -1 -8.5 0
      vertex -3.8 -8.5 0
      vertex -0.995184 -8.40198 0
    endloop
  endfacet
  facet normal 0 0 -1
    outer loop
      vertex -3.80481 -8.40198 0
      vertex -0.995184 -8.40198 0
      vertex -3.8 -8.5 0
    endloop
  endfacet
  facet normal 0 0 -1
    outer loop
      vertex -0.995184 -8.40198 0
      vertex -3.80481 -8.40198 0
      vertex -0.980784 -8.30491 0
    endloop
  endfacet
  facet normal 0 0 -1
    outer loop
      vertex -3.81921 -8.30491 0
      vertex -0.980784 -8.30491 0
      vertex -3.80481 -8.40198 0
    endloop
  endfacet
  facet normal 0 0 -1
    outer loop
      vertex -0.980784 -8.30491 0
      vertex -3.81921 -8.30491 0
      vertex -0.95694 -8.20971 0
    endloop
  endfacet
  facet normal 0 0 -1
    outer loop
      vertex -3.84306 -8.20971 0
      vertex -0.95694 -8.20971 0
      vertex -3.81921 -8.30491 0
    endloop
  endfacet
  facet normal 0 0 -1
    outer loop
      vertex -0.95694 -8.20971 0
      vertex -3.84306 -8.20971 0
      vertex -0.923879 -8.11732 0
    endloop
  endfacet
  facet normal 0 0 -1
    outer loop
      vertex -3.87612 -8.11732 0
      vertex -0.923879 -8.11732 0
      vertex -3.84306 -8.20971 0
    endloop
  endfacet
  facet normal 0 0 -1
    outer loop
      vertex -0.923879 -8.11732 0
      vertex -3.87612 -8.11732 0
      vertex -0.881921 -8.0286 0
    endloop
  endfacet
  facet normal 0 0 -1
    outer loop
      vertex -3.91808 -8.0286 0
      vertex -0.881921 -8.0286 0
      vertex -3.87612 -8.11732 0
    endloop
  endfacet
  facet normal 0 0 -1
    outer loop
      vertex -0.881921 -8.0286 0
      vertex -3.91808 -8.0286 0
      vertex -0.864777 -8 0
    endloop
  endfacet
  facet normal -0 0 -1
    outer loop
      vertex -0.864777 -8 0
      vertex -3.91808 -8.0286 0
      vertex -3.93522 -8 0
    endloop
  endfacet
  facet normal 0 0 -1
    outer loop
      vertex -7.5 -19.99 0
      vertex -6.33015 -20 0
      vertex -6.50412 -32 0
    endloop
  endfacet
  facet normal 0 0 -1
    outer loop
      vertex -7.5 -8 0
      vertex -5.8 -18.5 0
      vertex -7.5 -19.99 0
    endloop
  endfacet
  facet normal 0 0 -1
    outer loop
      vertex -5.8 -18.5 0
      vertex -7.5 -8 0
      vertex -5.8 -8.5 0
    endloop
  endfacet
  facet normal 0 0 -1
    outer loop
      vertex -5.68192 -8.0286 0
      vertex -7.5 -8 0
      vertex -5.66478 -8 0
    endloop
  endfacet
  facet normal 0 0 -1
    outer loop
      vertex -5.72388 -8.11732 0
      vertex -7.5 -8 0
      vertex -5.68192 -8.0286 0
    endloop
  endfacet
  facet normal 0 0 -1
    outer loop
      vertex -5.75694 -8.20971 0
      vertex -7.5 -8 0
      vertex -5.72388 -8.11732 0
    endloop
  endfacet
  facet normal 0 0 -1
    outer loop
      vertex -5.78078 -8.30491 0
      vertex -7.5 -8 0
      vertex -5.75694 -8.20971 0
    endloop
  endfacet
  facet normal 0 0 -1
    outer loop
      vertex -5.79518 -8.40198 0
      vertex -7.5 -8 0
      vertex -5.78078 -8.30491 0
    endloop
  endfacet
  facet normal 0 0 -1
    outer loop
      vertex -5.8 -8.5 0
      vertex -7.5 -8 0
      vertex -5.79518 -8.40198 0
    endloop
  endfacet
  facet normal 0 0 -1
    outer loop
      vertex -7.89588 -32 0
      vertex -7.5 -19.99 0
      vertex -6.50412 -32 0
    endloop
  endfacet
  facet normal 0 0 -1
    outer loop
      vertex -8.06985 -20 0
      vertex -7.5 -19.99 0
      vertex -7.89588 -32 0
    endloop
  endfacet
  facet normal -0 0 -1
    outer loop
      vertex -7.5 -19.99 0
      vertex -8.06985 -20 0
      vertex -8.06985 -19.99 0
    endloop
  endfacet
  facet normal 0 1 -0
    outer loop
      vertex 7.5 -8 0
      vertex 6.54516 -8 3.8147e-07
      vertex 7.5 -8 3.8147e-07
    endloop
  endfacet
  facet normal 0 1 0
    outer loop
      vertex 5.66478 -8 0
      vertex 6.54516 -8 3.8147e-07
      vertex 7.5 -8 0
    endloop
  endfacet
  facet normal 4.2588e-07 0.18429 -0.982872
    outer loop
      vertex 5.66478 -8 0
      vertex 6.06887 -7.42041 0.108674
      vertex 6.54516 -8 3.8147e-07
    endloop
  endfacet
  facet normal -5.60731e-07 0.18429 -0.982872
    outer loop
      vertex 5.63147 -7.94443 0.0104195
      vertex 6.06887 -7.42041 0.108674
      vertex 5.66478 -8 0
    endloop
  endfacet
  facet normal -3.45833e-06 0.184293 -0.982871
    outer loop
      vertex 5.57301 -7.86561 0.0251988
      vertex 6.06887 -7.42041 0.108674
      vertex 5.63147 -7.94443 0.0104195
    endloop
  endfacet
  facet normal 7.57868e-06 0.184281 -0.982874
    outer loop
      vertex 5.50711 -7.79289 0.0388327
      vertex 6.06887 -7.42041 0.108674
      vertex 5.57301 -7.86561 0.0251988
    endloop
  endfacet
  facet normal -2.39854e-06 0.184295 -0.982871
    outer loop
      vertex 5.43439 -7.72699 0.0511896
      vertex 6.06887 -7.42041 0.108674
      vertex 5.50711 -7.79289 0.0388327
    endloop
  endfacet
  facet normal 1.34758e-06 0.184288 -0.982872
    outer loop
      vertex 5.35557 -7.66853 0.0621507
      vertex 6.06887 -7.42041 0.108674
      vertex 5.43439 -7.72699 0.0511896
    endloop
  endfacet
  facet normal -2.67312e-07 0.184292 -0.982871
    outer loop
      vertex 5.2714 -7.61808 0.0716103
      vertex 6.06887 -7.42041 0.108674
      vertex 5.35557 -7.66853 0.0621507
    endloop
  endfacet
  facet normal 6.84281e-07 0.184289 -0.982872
    outer loop
      vertex 6.06887 -7.42041 0.108674
      vertex 5.2714 -7.61808 0.0716103
      vertex 5.41594 -6.62588 0.257648
    endloop
  endfacet
  facet normal 4.23338e-06 0.184288 -0.982872
    outer loop
      vertex 5.18268 -7.57612 0.0794774
      vertex 5.41594 -6.62588 0.257648
      vertex 5.2714 -7.61808 0.0716103
    endloop
  endfacet
  facet normal 1.59055e-07 0.184289 -0.982872
    outer loop
      vertex 4.5 0 1.5
      vertex 6.55493 -5.95674 0.383111
      vertex 5.40966 -6.61796 0.259132
    endloop
  endfacet
  facet normal -2.24046e-06 0.18429 -0.982872
    outer loop
      vertex 5.09028 -7.54306 0.0856764
      vertex 5.41594 -6.62588 0.257648
      vertex 5.18268 -7.57612 0.0794774
    endloop
  endfacet
  facet normal 9.3311e-06 0.184286 -0.982873
    outer loop
      vertex 4.99509 -7.51921 0.0901473
      vertex 5.41594 -6.62588 0.257648
      vertex 5.09028 -7.54306 0.0856764
    endloop
  endfacet
  facet normal -1.65973e-05 0.184297 -0.982871
    outer loop
      vertex 4.89802 -7.50482 0.0928472
      vertex 5.41594 -6.62588 0.257648
      vertex 4.99509 -7.51921 0.0901473
    endloop
  endfacet
  facet normal -6.16577e-05 0.184323 -0.982866
    outer loop
      vertex 5.41594 -6.62588 0.257648
      vertex 4.89802 -7.50482 0.0928472
      vertex 5.41479 -6.62443 0.25792
    endloop
  endfacet
  facet normal 0.000123592 0.184218 -0.982885
    outer loop
      vertex 5.41479 -6.62443 0.25792
      vertex 4.89802 -7.50482 0.0928472
      vertex 5.40966 -6.61796 0.259132
    endloop
  endfacet
  facet normal 9.18629e-06 0.184282 -0.982873
    outer loop
      vertex 4.8 -7.5 0.09375
      vertex 5.40966 -6.61796 0.259132
      vertex 4.89802 -7.50482 0.0928472
    endloop
  endfacet
  facet normal -9.83269e-06 0.184295 -0.982871
    outer loop
      vertex 4.70198 -7.50482 0.0928472
      vertex 5.40966 -6.61796 0.259132
      vertex 4.8 -7.5 0.09375
    endloop
  endfacet
  facet normal 2.06541e-05 0.184271 -0.982875
    outer loop
      vertex 4.60491 -7.51921 0.0901473
      vertex 5.40966 -6.61796 0.259132
      vertex 4.70198 -7.50482 0.0928472
    endloop
  endfacet
  facet normal -1.3083e-05 0.1843 -0.98287
    outer loop
      vertex 4.50972 -7.54306 0.0856764
      vertex 5.40966 -6.61796 0.259132
      vertex 4.60491 -7.51921 0.0901473
    endloop
  endfacet
  facet normal -1.98599e-08 0.184289 -0.982872
    outer loop
      vertex 6.55493 -5.95674 0.383111
      vertex 4.5 0 1.5
      vertex 6.70195 -5.87186 0.399026
    endloop
  endfacet
  facet normal 4.45805e-06 0.184284 -0.982873
    outer loop
      vertex 4.41732 -7.57612 0.0794774
      vertex 5.40966 -6.61796 0.259132
      vertex 4.50972 -7.54306 0.0856764
    endloop
  endfacet
  facet normal -8.30546e-06 0.184296 -0.982871
    outer loop
      vertex 4.3286 -7.61808 0.0716103
      vertex 5.40966 -6.61796 0.259132
      vertex 4.41732 -7.57612 0.0794774
    endloop
  endfacet
  facet normal 0 0.184288 -0.982872
    outer loop
      vertex 0.471396 -7.61808 0.0716103
      vertex 5.40966 -6.61796 0.259132
      vertex 4.3286 -7.61808 0.0716103
    endloop
  endfacet
  facet normal 0 0.184293 -0.982871
    outer loop
      vertex 0.471396 -7.61808 0.0716103
      vertex 4.3286 -7.61808 0.0716103
      vertex 4.24443 -7.66853 0.0621507
    endloop
  endfacet
  facet normal 0 0.184286 -0.982873
    outer loop
      vertex 0.55557 -7.66853 0.0621507
      vertex 4.24443 -7.66853 0.0621507
      vertex 4.16561 -7.72699 0.0511896
    endloop
  endfacet
  facet normal 0 0.184298 -0.98287
    outer loop
      vertex 0.634393 -7.72699 0.0511896
      vertex 4.16561 -7.72699 0.0511896
      vertex 4.09289 -7.79289 0.0388327
    endloop
  endfacet
  facet normal 0 0.184274 -0.982875
    outer loop
      vertex 0.707107 -7.79289 0.0388327
      vertex 4.09289 -7.79289 0.0388327
      vertex 4.02699 -7.86561 0.0251988
    endloop
  endfacet
  facet normal 0 0.184295 -0.982871
    outer loop
      vertex 0.77301 -7.86561 0.0251988
      vertex 4.02699 -7.86561 0.0251988
      vertex 3.96853 -7.94443 0.0104195
    endloop
  endfacet
  facet normal 0 0.184291 -0.982872
    outer loop
      vertex 0.83147 -7.94443 0.0104195
      vertex 3.96853 -7.94443 0.0104195
      vertex 3.93522 -8 0
    endloop
  endfacet
  facet normal -2.38957e-06 0.184288 -0.982872
    outer loop
      vertex 5.40966 -6.61796 0.259132
      vertex 2.5 -0.00999928 1.49813
      vertex 4.5 0 1.5
    endloop
  endfacet
  facet normal 0 0.183827 -0.982959
    outer loop
      vertex 4.5 0 1.5
      vertex 2.5 -0.00999928 1.49813
      vertex 2.5 0 1.5
    endloop
  endfacet
  facet normal 0 0.184291 -0.982872
    outer loop
      vertex 0.83147 -7.94443 0.0104195
      vertex 3.93522 -8 0
      vertex 0.864777 -8 0
    endloop
  endfacet
  facet normal 0 0.184295 -0.982871
    outer loop
      vertex 3.96853 -7.94443 0.0104195
      vertex 0.83147 -7.94443 0.0104195
      vertex 0.77301 -7.86561 0.0251988
    endloop
  endfacet
  facet normal 0 0.184274 -0.982875
    outer loop
      vertex 4.02699 -7.86561 0.0251988
      vertex 0.77301 -7.86561 0.0251988
      vertex 0.707107 -7.79289 0.0388327
    endloop
  endfacet
  facet normal 0 0.184298 -0.98287
    outer loop
      vertex 4.09289 -7.79289 0.0388327
      vertex 0.707107 -7.79289 0.0388327
      vertex 0.634393 -7.72699 0.0511896
    endloop
  endfacet
  facet normal 0 0.184286 -0.982873
    outer loop
      vertex 4.16561 -7.72699 0.0511896
      vertex 0.634393 -7.72699 0.0511896
      vertex 0.55557 -7.66853 0.0621507
    endloop
  endfacet
  facet normal 0 0.184293 -0.982871
    outer loop
      vertex 4.24443 -7.66853 0.0621507
      vertex 0.55557 -7.66853 0.0621507
      vertex 0.471396 -7.61808 0.0716103
    endloop
  endfacet
  facet normal -2.9457e-07 0.184289 -0.982872
    outer loop
      vertex 5.40966 -6.61796 0.259132
      vertex 0.471396 -7.61808 0.0716103
      vertex 2.5 -0.00999928 1.49813
    endloop
  endfacet
  facet normal 4.18308e-06 0.184288 -0.982872
    outer loop
      vertex 0.382683 -7.57612 0.0794774
      vertex 2.5 -0.00999928 1.49813
      vertex 0.471396 -7.61808 0.0716103
    endloop
  endfacet
  facet normal -2.20751e-06 0.18429 -0.982872
    outer loop
      vertex 0.290284 -7.54306 0.0856764
      vertex 2.5 -0.00999928 1.49813
      vertex 0.382683 -7.57612 0.0794774
    endloop
  endfacet
  facet normal 9.52121e-06 0.184286 -0.982873
    outer loop
      vertex 0.19509 -7.51921 0.0901473
      vertex 2.5 -0.00999928 1.49813
      vertex 0.290284 -7.54306 0.0856764
    endloop
  endfacet
  facet normal -1.70842e-05 0.184294 -0.982871
    outer loop
      vertex 0.0980167 -7.50482 0.0928472
      vertex 2.5 -0.00999928 1.49813
      vertex 0.19509 -7.51921 0.0901473
    endloop
  endfacet
  facet normal 9.40328e-06 0.184286 -0.982873
    outer loop
      vertex 0 -7.5 0.09375
      vertex 2.5 -0.00999928 1.49813
      vertex 0.0980167 -7.50482 0.0928472
    endloop
  endfacet
  facet normal -9.40328e-06 0.184286 -0.982873
    outer loop
      vertex -2.5 -0.00999928 1.49813
      vertex 0 -7.5 0.09375
      vertex -0.0980167 -7.50482 0.0928472
    endloop
  endfacet
  facet normal 1.70842e-05 0.184294 -0.982871
    outer loop
      vertex -2.5 -0.00999928 1.49813
      vertex -0.0980167 -7.50482 0.0928472
      vertex -0.19509 -7.51921 0.0901473
    endloop
  endfacet
  facet normal -9.52121e-06 0.184286 -0.982873
    outer loop
      vertex -2.5 -0.00999928 1.49813
      vertex -0.19509 -7.51921 0.0901473
      vertex -0.290284 -7.54306 0.0856764
    endloop
  endfacet
  facet normal 2.20751e-06 0.18429 -0.982872
    outer loop
      vertex -2.5 -0.00999928 1.49813
      vertex -0.290284 -7.54306 0.0856764
      vertex -0.382683 -7.57612 0.0794774
    endloop
  endfacet
  facet normal -4.18308e-06 0.184288 -0.982872
    outer loop
      vertex -2.5 -0.00999928 1.49813
      vertex -0.382683 -7.57612 0.0794774
      vertex -0.471396 -7.61808 0.0716103
    endloop
  endfacet
  facet normal 0 0.184293 -0.982871
    outer loop
      vertex -4.3286 -7.61808 0.0716103
      vertex -0.471396 -7.61808 0.0716103
      vertex -0.55557 -7.66853 0.0621507
    endloop
  endfacet
  facet normal 0 0.184286 -0.982873
    outer loop
      vertex -4.24443 -7.66853 0.0621507
      vertex -0.55557 -7.66853 0.0621507
      vertex -0.634393 -7.72699 0.0511896
    endloop
  endfacet
  facet normal 0 0.184298 -0.98287
    outer loop
      vertex -4.16561 -7.72699 0.0511896
      vertex -0.634393 -7.72699 0.0511896
      vertex -0.707107 -7.79289 0.0388327
    endloop
  endfacet
  facet normal 0 0.184274 -0.982875
    outer loop
      vertex -4.09289 -7.79289 0.0388327
      vertex -0.707107 -7.79289 0.0388327
      vertex -0.77301 -7.86561 0.0251988
    endloop
  endfacet
  facet normal 0 0.184295 -0.982871
    outer loop
      vertex -4.02699 -7.86561 0.0251988
      vertex -0.77301 -7.86561 0.0251988
      vertex -0.83147 -7.94443 0.0104195
    endloop
  endfacet
  facet normal 0 0.184291 -0.982872
    outer loop
      vertex -3.96853 -7.94443 0.0104195
      vertex -0.83147 -7.94443 0.0104195
      vertex -0.864777 -8 0
    endloop
  endfacet
  facet normal 0 0.184289 -0.982872
    outer loop
      vertex 0 -7.5 0.09375
      vertex -2.5 -0.00999928 1.49813
      vertex 2.5 -0.00999928 1.49813
    endloop
  endfacet
  facet normal 0 0.184291 -0.982872
    outer loop
      vertex -3.96853 -7.94443 0.0104195
      vertex -0.864777 -8 0
      vertex -3.93522 -8 0
    endloop
  endfacet
  facet normal 0 0.184295 -0.982871
    outer loop
      vertex -0.83147 -7.94443 0.0104195
      vertex -3.96853 -7.94443 0.0104195
      vertex -4.02699 -7.86561 0.0251988
    endloop
  endfacet
  facet normal 0 0.184274 -0.982875
    outer loop
      vertex -0.77301 -7.86561 0.0251988
      vertex -4.02699 -7.86561 0.0251988
      vertex -4.09289 -7.79289 0.0388327
    endloop
  endfacet
  facet normal 0 0.184298 -0.98287
    outer loop
      vertex -0.707107 -7.79289 0.0388327
      vertex -4.09289 -7.79289 0.0388327
      vertex -4.16561 -7.72699 0.0511896
    endloop
  endfacet
  facet normal 0 0.184286 -0.982873
    outer loop
      vertex -0.634393 -7.72699 0.0511896
      vertex -4.16561 -7.72699 0.0511896
      vertex -4.24443 -7.66853 0.0621507
    endloop
  endfacet
  facet normal 0 0.184293 -0.982871
    outer loop
      vertex -0.55557 -7.66853 0.0621507
      vertex -4.24443 -7.66853 0.0621507
      vertex -4.3286 -7.61808 0.0716103
    endloop
  endfacet
  facet normal 0 0.184289 -0.982872
    outer loop
      vertex -0.471396 -7.61808 0.0716103
      vertex -4.3286 -7.61808 0.0716103
      vertex -2.5 -0.00999928 1.49813
    endloop
  endfacet
  facet normal 4.22948e-06 0.184288 -0.982872
    outer loop
      vertex -4.41732 -7.57612 0.0794774
      vertex -2.5 -0.00999928 1.49813
      vertex -4.3286 -7.61808 0.0716103
    endloop
  endfacet
  facet normal -2.22663e-06 0.18429 -0.982872
    outer loop
      vertex -4.50972 -7.54306 0.0856764
      vertex -2.5 -0.00999928 1.49813
      vertex -4.41732 -7.57612 0.0794774
    endloop
  endfacet
  facet normal 2.39072e-06 0.184289 -0.982872
    outer loop
      vertex -4.5 0 1.5
      vertex -2.5 -0.00999928 1.49813
      vertex -4.50972 -7.54306 0.0856764
    endloop
  endfacet
  facet normal 0 0.183827 -0.982959
    outer loop
      vertex -2.5 -0.00999928 1.49813
      vertex -4.5 0 1.5
      vertex -2.5 0 1.5
    endloop
  endfacet
  facet normal 1.00591e-05 0.184289 -0.982872
    outer loop
      vertex -4.60491 -7.51921 0.0901473
      vertex -4.5 0 1.5
      vertex -4.50972 -7.54306 0.0856764
    endloop
  endfacet
  facet normal -1.79195e-05 0.184289 -0.982872
    outer loop
      vertex -4.70198 -7.50482 0.0928472
      vertex -4.5 0 1.5
      vertex -4.60491 -7.51921 0.0901473
    endloop
  endfacet
  facet normal 9.5072e-06 0.184288 -0.982872
    outer loop
      vertex -4.8 -7.5 0.09375
      vertex -4.5 0 1.5
      vertex -4.70198 -7.50482 0.0928472
    endloop
  endfacet
  facet normal -9.54467e-06 0.184289 -0.982872
    outer loop
      vertex -4.89802 -7.50482 0.0928472
      vertex -4.5 0 1.5
      vertex -4.8 -7.5 0.09375
    endloop
  endfacet
  facet normal 1.81336e-05 0.184287 -0.982872
    outer loop
      vertex -4.99509 -7.51921 0.0901473
      vertex -4.5 0 1.5
      vertex -4.89802 -7.50482 0.0928472
    endloop
  endfacet
  facet normal -1.02636e-05 0.184289 -0.982872
    outer loop
      vertex -5.09028 -7.54306 0.0856764
      vertex -4.5 0 1.5
      vertex -4.99509 -7.51921 0.0901473
    endloop
  endfacet
  facet normal 2.74308e-06 0.184288 -0.982872
    outer loop
      vertex -5.18268 -7.57612 0.0794774
      vertex -4.5 0 1.5
      vertex -5.09028 -7.54306 0.0856764
    endloop
  endfacet
  facet normal -4.63501e-06 0.184289 -0.982872
    outer loop
      vertex -5.2714 -7.61808 0.0716103
      vertex -4.5 0 1.5
      vertex -5.18268 -7.57612 0.0794774
    endloop
  endfacet
  facet normal -8.66698e-07 0.184294 -0.982871
    outer loop
      vertex -7.5 -8 0
      vertex -5.2714 -7.61808 0.0716103
      vertex -5.35557 -7.66853 0.0621507
    endloop
  endfacet
  facet normal 5.35872e-07 0.184285 -0.982873
    outer loop
      vertex -7.5 -8 0
      vertex -5.35557 -7.66853 0.0621507
      vertex -5.43439 -7.72699 0.0511896
    endloop
  endfacet
  facet normal -1.37475e-06 0.184299 -0.98287
    outer loop
      vertex -7.5 -8 0
      vertex -5.43439 -7.72699 0.0511896
      vertex -5.50711 -7.79289 0.0388327
    endloop
  endfacet
  facet normal 1.47434e-06 0.184273 -0.982875
    outer loop
      vertex -7.5 -8 0
      vertex -5.50711 -7.79289 0.0388327
      vertex -5.57301 -7.86561 0.0251988
    endloop
  endfacet
  facet normal -1.41334e-07 0.184295 -0.982871
    outer loop
      vertex -7.5 -8 0
      vertex -5.57301 -7.86561 0.0251988
      vertex -5.63147 -7.94443 0.0104195
    endloop
  endfacet
  facet normal 0 0.184291 -0.982872
    outer loop
      vertex -7.5 -8 0
      vertex -5.63147 -7.94443 0.0104195
      vertex -5.66478 -8 0
    endloop
  endfacet
  facet normal 1.41395e-07 0.184288 -0.982872
    outer loop
      vertex -5.2714 -7.61808 0.0716103
      vertex -7.5 -8 0
      vertex -4.5 0 1.5
    endloop
  endfacet
  facet normal 0.707107 -0 0.707107
    outer loop
      vertex 7.5 -20 8
      vertex 9.5 -8 6
      vertex 7.5 -8 8
    endloop
  endfacet
  facet normal 0.707107 0 0.707107
    outer loop
      vertex 9.5 -8 6
      vertex 7.5 -20 8
      vertex 9.5 -20 6
    endloop
  endfacet
  facet normal 0.847998 0.529999 0
    outer loop
      vertex 4.5 0 6.5
      vertex 7.78066 -5.24906 4.30956
      vertex 4.5 0 1.5
    endloop
  endfacet
  facet normal 0.847998 0.529999 -1.13833e-06
    outer loop
      vertex 9.5 -8 6
      vertex 7.78066 -5.24906 4.30956
      vertex 4.5 0 6.5
    endloop
  endfacet
  facet normal 0.84784 0.530251 0.000569934
    outer loop
      vertex 7.78066 -5.24906 4.30956
      vertex 9.5 -8 6
      vertex 7.78597 -5.25755 4.30921
    endloop
  endfacet
  facet normal 0.847998 0.529999 0
    outer loop
      vertex 7.78597 -5.25755 4.30921
      vertex 9.5 -8 6
      vertex 9.5 -8 3.83933
    endloop
  endfacet
  facet normal 0.847998 0.529999 -0
    outer loop
      vertex 7.78066 -5.24906 3.39411
      vertex 4.5 0 1.5
      vertex 7.78066 -5.24906 4.30956
    endloop
  endfacet
  facet normal 0.847998 0.529999 0
    outer loop
      vertex 4.5 0 1.5
      vertex 7.78066 -5.24906 3.39411
      vertex 7.78066 -5.24906 1.82807
    endloop
  endfacet
  facet normal 0.57736 -0.577332 -0.57736
    outer loop
      vertex 9.5 -20 2
      vertex 9.29381 -20.2062 2
      vertex 9.3 -20 1.8
    endloop
  endfacet
  facet normal 0.657041 0.369586 0.657041
    outer loop
      vertex 9.5 -8 6
      vertex 4.5 0 6.5
      vertex 7.5 -8 8
    endloop
  endfacet
  facet normal 0.657045 0.369588 -0.657036
    outer loop
      vertex 7.46198 -5.43305 1.40589
      vertex 4.5 0 1.5
      vertex 7.78066 -5.24906 1.82807
    endloop
  endfacet
  facet normal 0.657042 0.369586 -0.65704
    outer loop
      vertex 4.5 0 1.5
      vertex 7.46198 -5.43305 1.40589
      vertex 6.70195 -5.87186 0.399026
    endloop
  endfacet
  facet normal -0.657041 0.369586 0.657041
    outer loop
      vertex -4.5 0 6.5
      vertex -9.5 -8 6
      vertex -7.5 -8 8
    endloop
  endfacet
  facet normal -0.707107 0 -0.707107
    outer loop
      vertex -9.3 -19.99 1.8
      vertex -7.5 -8 0
      vertex -7.5 -19.99 0
    endloop
  endfacet
  facet normal -0.707107 3.9285e-17 -0.707107
    outer loop
      vertex -7.5 -8 0
      vertex -9.3 -19.99 1.8
      vertex -9.5 -8 2
    endloop
  endfacet
  facet normal -0.707107 0 -0.707107
    outer loop
      vertex -9.5 -20 2
      vertex -9.3 -19.99 1.8
      vertex -9.3 -20 1.8
    endloop
  endfacet
  facet normal -0.707107 0 -0.707107
    outer loop
      vertex -9.3 -19.99 1.8
      vertex -9.5 -20 2
      vertex -9.5 -8 2
    endloop
  endfacet
  facet normal 0 -0.707107 0.707107
    outer loop
      vertex -7.5 -22 6
      vertex 7.5 -20 8
      vertex -7.5 -20 8
    endloop
  endfacet
  facet normal 0 -0.707107 0.707107
    outer loop
      vertex 7.5 -20 8
      vertex -7.5 -22 6
      vertex 7.5 -22 6
    endloop
  endfacet
  facet normal 0 -1 0
    outer loop
      vertex 4.33481 -22 3.01575
      vertex 6.355 -22 4.08
      vertex 3.24938 -22 4.10118
    endloop
  endfacet
  facet normal 0 -1 0
    outer loop
      vertex 5.16 -22 2.885
      vertex 4.33481 -22 3.01575
      vertex 4.45059 -22 2.89997
    endloop
  endfacet
  facet normal 0 -1 0
    outer loop
      vertex 4.33481 -22 3.01575
      vertex 5.16 -22 2.885
      vertex 6.355 -22 4.08
    endloop
  endfacet
  facet normal 0 -1 0
    outer loop
      vertex 4.45059 -22 2
      vertex 5.16 -22 2.885
      vertex 4.45059 -22 2.89997
    endloop
  endfacet
  facet normal 0 -1 -0
    outer loop
      vertex 5.16 -22 2.885
      vertex 4.45059 -22 2
      vertex 5.16 -22 2
    endloop
  endfacet
  facet normal 0 -1 0
    outer loop
      vertex -7.5 -22 6
      vertex 1.55062 -22 4.10118
      vertex 7.5 -22 6
    endloop
  endfacet
  facet normal 0 -1 0
    outer loop
      vertex -1.5526 -22 4.09161
      vertex -7.5 -22 6
      vertex -3.2474 -22 4.09161
    endloop
  endfacet
  facet normal 0 -1 0
    outer loop
      vertex -6.35915 -22 4.06
      vertex -7.5 -22 6
      vertex -7.5 -22 4.06
    endloop
  endfacet
  facet normal 0 -1 0
    outer loop
      vertex -7.5 -22 6
      vertex -6.35915 -22 4.06
      vertex -3.2474 -22 4.09161
    endloop
  endfacet
  facet normal 0 -1 0
    outer loop
      vertex -6.35915 -22 4.06
      vertex -4.31882 -22 3.02019
      vertex -3.2474 -22 4.09161
    endloop
  endfacet
  facet normal 0 -1 0
    outer loop
      vertex -5.17 -22 2.87085
      vertex -4.31882 -22 3.02019
      vertex -6.35915 -22 4.06
    endloop
  endfacet
  facet normal 0 -1 0
    outer loop
      vertex -4.31882 -22 3.02019
      vertex -5.17 -22 2.87085
      vertex -4.44581 -22 2.89321
    endloop
  endfacet
  facet normal 0 -1 0
    outer loop
      vertex -4.44581 -22 2
      vertex -5.17 -22 2.87085
      vertex -5.17 -22 2
    endloop
  endfacet
  facet normal 0 -1 0
    outer loop
      vertex -5.17 -22 2.87085
      vertex -4.44581 -22 2
      vertex -4.44581 -22 2.89321
    endloop
  endfacet
  facet normal 0 -1 0
    outer loop
      vertex 3.24938 -22 4.10118
      vertex 7.5 -22 6
      vertex 1.55062 -22 4.10118
    endloop
  endfacet
  facet normal 0 -1 0
    outer loop
      vertex 6.355 -22 4.08
      vertex 7.5 -22 6
      vertex 3.24938 -22 4.10118
    endloop
  endfacet
  facet normal 0 -1 -0
    outer loop
      vertex 7.5 -22 6
      vertex 6.355 -22 4.08
      vertex 7.5 -22 4.08
    endloop
  endfacet
  facet normal 0 -1 0
    outer loop
      vertex -7.5 -22 6
      vertex -1.5526 -22 4.09161
      vertex 1.55062 -22 4.10118
    endloop
  endfacet
  facet normal 0 -1 0
    outer loop
      vertex -0.481176 -22 3.02019
      vertex 1.55062 -22 4.10118
      vertex -1.5526 -22 4.09161
    endloop
  endfacet
  facet normal 0 -1 0
    outer loop
      vertex -0.481176 -22 3.02019
      vertex 0.46519 -22 3.01575
      vertex 1.55062 -22 4.10118
    endloop
  endfacet
  facet normal 0 -1 0
    outer loop
      vertex -0.481176 -22 3.02019
      vertex 0.349411 -22 2.89997
      vertex 0.46519 -22 3.01575
    endloop
  endfacet
  facet normal 0 -1 0
    outer loop
      vertex -0.354193 -22 2.89321
      vertex 0.349411 -22 2.89997
      vertex -0.481176 -22 3.02019
    endloop
  endfacet
  facet normal 0 -1 0
    outer loop
      vertex -0.354193 -22 2
      vertex 0.349411 -22 2.89997
      vertex -0.354193 -22 2.89321
    endloop
  endfacet
  facet normal 0 -1 -0
    outer loop
      vertex 0.349411 -22 2.89997
      vertex -0.354193 -22 2
      vertex 0.349411 -22 2
    endloop
  endfacet
  facet normal 0.707124 -0.70709 0
    outer loop
      vertex 9.5 -20 6
      vertex 9.29381 -20.2062 2.9611
      vertex 9.5 -20 2
    endloop
  endfacet
  facet normal 0.707092 -0.707122 4.36976e-06
    outer loop
      vertex 9.5 -20 6
      vertex 8.05185 -21.4481 4.11311
      vertex 9.29381 -20.2062 2.9611
    endloop
  endfacet
  facet normal 0.707107 -0.707107 -1.87374e-05
    outer loop
      vertex 7.5 -22 6
      vertex 8.05185 -21.4481 4.11311
      vertex 9.5 -20 6
    endloop
  endfacet
  facet normal 0.707139 -0.707075 0
    outer loop
      vertex 8.05185 -21.4481 4.11311
      vertex 7.5 -22 6
      vertex 7.5 -22 4.08
    endloop
  endfacet
  facet normal 0.707124 -0.70709 0
    outer loop
      vertex 9.5 -20 2
      vertex 9.29381 -20.2062 2.9611
      vertex 9.29381 -20.2062 2
    endloop
  endfacet
  facet normal 0.707107 0 -0.707107
    outer loop
      vertex 9.5 -20 2
      vertex 9.3 -19.99 1.8
      vertex 9.5 -16.4611 2
    endloop
  endfacet
  facet normal 0.707107 0 -0.707107
    outer loop
      vertex 9.3 -19.99 1.8
      vertex 9.5 -20 2
      vertex 9.3 -20 1.8
    endloop
  endfacet
  facet normal 1 -0 0
    outer loop
      vertex 7.5 -9.5838 3.8147e-07
      vertex 7.5 -8 0
      vertex 7.5 -8 3.8147e-07
    endloop
  endfacet
  facet normal 0.707107 -1.43811e-07 -0.707106
    outer loop
      vertex 7.5 -19.99 0
      vertex 8.12977 -11.8479 0.629769
      vertex 8.69386 -13.876 1.19386
    endloop
  endfacet
  facet normal 0.707107 -1.2094e-15 -0.707107
    outer loop
      vertex 9.01774 -14.6915 1.51774
      vertex 8.69386 -13.876 1.19386
      vertex 9.19205 -14.6544 1.69205
    endloop
  endfacet
  facet normal 0.707107 -6.7701e-14 -0.707107
    outer loop
      vertex 9.01982 -14.7013 1.51982
      vertex 8.69386 -13.876 1.19386
      vertex 9.01774 -14.6915 1.51774
    endloop
  endfacet
  facet normal 0.707107 1.80674e-16 -0.707107
    outer loop
      vertex 7.5 -19.99 0
      vertex 9.01982 -14.7013 1.51982
      vertex 9.5 -16.4611 2
    endloop
  endfacet
  facet normal 0.707107 1.48308e-16 -0.707107
    outer loop
      vertex 7.5 -19.99 0
      vertex 9.5 -16.4611 2
      vertex 9.3 -19.99 1.8
    endloop
  endfacet
  facet normal 0.707107 -5.14013e-16 -0.707107
    outer loop
      vertex 9.01982 -14.7013 1.51982
      vertex 7.5 -19.99 0
      vertex 8.69386 -13.876 1.19386
    endloop
  endfacet
  facet normal 1 0 0
    outer loop
      vertex 7.5 -9.5838 3.8147e-07
      vertex 7.5 -19.99 0
      vertex 7.5 -8 0
    endloop
  endfacet
  facet normal 0.707106 2.59211e-08 -0.707108
    outer loop
      vertex 8.12977 -11.8479 0.629769
      vertex 7.5 -19.99 0
      vertex 7.5 -9.5838 3.8147e-07
    endloop
  endfacet
  facet normal 0 0 1
    outer loop
      vertex -5.8 -8.5 8
      vertex -7.5 -8 8
      vertex -5.8 -18.5 8
    endloop
  endfacet
  facet normal 0 0 1
    outer loop
      vertex -5.79518 -8.40198 8
      vertex -7.5 -8 8
      vertex -5.8 -8.5 8
    endloop
  endfacet
  facet normal 0 0 1
    outer loop
      vertex -5.78078 -8.30491 8
      vertex -7.5 -8 8
      vertex -5.79518 -8.40198 8
    endloop
  endfacet
  facet normal 0 0 1
    outer loop
      vertex -5.75694 -8.20971 8
      vertex -7.5 -8 8
      vertex -5.78078 -8.30491 8
    endloop
  endfacet
  facet normal 0 0 1
    outer loop
      vertex -5.72388 -8.11732 8
      vertex -7.5 -8 8
      vertex -5.75694 -8.20971 8
    endloop
  endfacet
  facet normal 0 0 1
    outer loop
      vertex -5.68192 -8.0286 8
      vertex -7.5 -8 8
      vertex -5.72388 -8.11732 8
    endloop
  endfacet
  facet normal -0 0 1
    outer loop
      vertex -7.5 -8 8
      vertex -5.68192 -8.0286 8
      vertex -5.66478 -8 8
    endloop
  endfacet
  facet normal 0 0 1
    outer loop
      vertex -1 -8.5 8
      vertex -3.8 -8.5 8
      vertex -1 -18.5 8
    endloop
  endfacet
  facet normal 0 0 1
    outer loop
      vertex -0.995184 -8.40198 8
      vertex -3.8 -8.5 8
      vertex -1 -8.5 8
    endloop
  endfacet
  facet normal 0 0 1
    outer loop
      vertex -3.80481 -8.40198 8
      vertex -0.995184 -8.40198 8
      vertex -0.980784 -8.30491 8
    endloop
  endfacet
  facet normal 0 0 1
    outer loop
      vertex -3.81921 -8.30491 8
      vertex -0.980784 -8.30491 8
      vertex -0.95694 -8.20971 8
    endloop
  endfacet
  facet normal 0 0 1
    outer loop
      vertex -3.84306 -8.20971 8
      vertex -0.95694 -8.20971 8
      vertex -0.923879 -8.11732 8
    endloop
  endfacet
  facet normal 0 0 1
    outer loop
      vertex -3.87612 -8.11732 8
      vertex -0.923879 -8.11732 8
      vertex -0.881921 -8.0286 8
    endloop
  endfacet
  facet normal 0 0 1
    outer loop
      vertex -3.91808 -8.0286 8
      vertex -0.881921 -8.0286 8
      vertex -0.864777 -8 8
    endloop
  endfacet
  facet normal 0 0 1
    outer loop
      vertex -0.995184 -8.40198 8
      vertex -3.80481 -8.40198 8
      vertex -3.8 -8.5 8
    endloop
  endfacet
  facet normal 0 0 1
    outer loop
      vertex -0.980784 -8.30491 8
      vertex -3.81921 -8.30491 8
      vertex -3.80481 -8.40198 8
    endloop
  endfacet
  facet normal 0 0 1
    outer loop
      vertex -0.95694 -8.20971 8
      vertex -3.84306 -8.20971 8
      vertex -3.81921 -8.30491 8
    endloop
  endfacet
  facet normal 0 0 1
    outer loop
      vertex -0.923879 -8.11732 8
      vertex -3.87612 -8.11732 8
      vertex -3.84306 -8.20971 8
    endloop
  endfacet
  facet normal 0 0 1
    outer loop
      vertex -0.881921 -8.0286 8
      vertex -3.91808 -8.0286 8
      vertex -3.87612 -8.11732 8
    endloop
  endfacet
  facet normal 0 -0 1
    outer loop
      vertex -3.91808 -8.0286 8
      vertex -0.864777 -8 8
      vertex -3.93522 -8 8
    endloop
  endfacet
  facet normal 0 0 1
    outer loop
      vertex 3.8 -8.5 8
      vertex 1 -8.5 8
      vertex 3.8 -18.5 8
    endloop
  endfacet
  facet normal 0 0 1
    outer loop
      vertex 3.80481 -8.40198 8
      vertex 1 -8.5 8
      vertex 3.8 -8.5 8
    endloop
  endfacet
  facet normal 0 0 1
    outer loop
      vertex 0.995184 -8.40198 8
      vertex 3.80481 -8.40198 8
      vertex 3.81921 -8.30491 8
    endloop
  endfacet
  facet normal 0 0 1
    outer loop
      vertex 0.980784 -8.30491 8
      vertex 3.81921 -8.30491 8
      vertex 3.84306 -8.20971 8
    endloop
  endfacet
  facet normal 0 0 1
    outer loop
      vertex 0.95694 -8.20971 8
      vertex 3.84306 -8.20971 8
      vertex 3.87612 -8.11732 8
    endloop
  endfacet
  facet normal 0 0 1
    outer loop
      vertex 0.923879 -8.11732 8
      vertex 3.87612 -8.11732 8
      vertex 3.91808 -8.0286 8
    endloop
  endfacet
  facet normal 0 0 1
    outer loop
      vertex 0.881921 -8.0286 8
      vertex 3.91808 -8.0286 8
      vertex 3.93522 -8 8
    endloop
  endfacet
  facet normal 0 0 1
    outer loop
      vertex 3.80481 -8.40198 8
      vertex 0.995184 -8.40198 8
      vertex 1 -8.5 8
    endloop
  endfacet
  facet normal 0 0 1
    outer loop
      vertex 3.81921 -8.30491 8
      vertex 0.980784 -8.30491 8
      vertex 0.995184 -8.40198 8
    endloop
  endfacet
  facet normal 0 0 1
    outer loop
      vertex 3.84306 -8.20971 8
      vertex 0.95694 -8.20971 8
      vertex 0.980784 -8.30491 8
    endloop
  endfacet
  facet normal 0 0 1
    outer loop
      vertex 3.87612 -8.11732 8
      vertex 0.923879 -8.11732 8
      vertex 0.95694 -8.20971 8
    endloop
  endfacet
  facet normal 0 0 1
    outer loop
      vertex 3.91808 -8.0286 8
      vertex 0.881921 -8.0286 8
      vertex 0.923879 -8.11732 8
    endloop
  endfacet
  facet normal 0 -0 1
    outer loop
      vertex 0.881921 -8.0286 8
      vertex 3.93522 -8 8
      vertex 0.864777 -8 8
    endloop
  endfacet
  facet normal 0 0 1
    outer loop
      vertex 5.8 -18.5 8
      vertex 7.5 -8 8
      vertex 5.8 -8.5 8
    endloop
  endfacet
  facet normal 0 0 1
    outer loop
      vertex 7.5 -8 8
      vertex 5.79518 -8.40198 8
      vertex 5.8 -8.5 8
    endloop
  endfacet
  facet normal 0 0 1
    outer loop
      vertex 7.5 -8 8
      vertex 5.78078 -8.30491 8
      vertex 5.79518 -8.40198 8
    endloop
  endfacet
  facet normal 0 0 1
    outer loop
      vertex 7.5 -8 8
      vertex 5.75694 -8.20971 8
      vertex 5.78078 -8.30491 8
    endloop
  endfacet
  facet normal 0 0 1
    outer loop
      vertex 7.5 -8 8
      vertex 5.72388 -8.11732 8
      vertex 5.75694 -8.20971 8
    endloop
  endfacet
  facet normal 0 0 1
    outer loop
      vertex 7.5 -8 8
      vertex 5.68192 -8.0286 8
      vertex 5.72388 -8.11732 8
    endloop
  endfacet
  facet normal 0 -0 1
    outer loop
      vertex 5.68192 -8.0286 8
      vertex 7.5 -8 8
      vertex 5.66478 -8 8
    endloop
  endfacet
  facet normal 0 0 1
    outer loop
      vertex 7.5 -8 8
      vertex 5.8 -18.5 8
      vertex 7.5 -20 8
    endloop
  endfacet
  facet normal -0 0 1
    outer loop
      vertex 5.79518 -18.598 8
      vertex 7.5 -20 8
      vertex 5.8 -18.5 8
    endloop
  endfacet
  facet normal -0 0 1
    outer loop
      vertex 5.78078 -18.6951 8
      vertex 7.5 -20 8
      vertex 5.79518 -18.598 8
    endloop
  endfacet
  facet normal -0 0 1
    outer loop
      vertex 5.75694 -18.7903 8
      vertex 7.5 -20 8
      vertex 5.78078 -18.6951 8
    endloop
  endfacet
  facet normal -0 0 1
    outer loop
      vertex 5.72388 -18.8827 8
      vertex 7.5 -20 8
      vertex 5.75694 -18.7903 8
    endloop
  endfacet
  facet normal -0 0 1
    outer loop
      vertex 5.68192 -18.9714 8
      vertex 7.5 -20 8
      vertex 5.72388 -18.8827 8
    endloop
  endfacet
  facet normal -0 0 1
    outer loop
      vertex 5.63147 -19.0556 8
      vertex 7.5 -20 8
      vertex 5.68192 -18.9714 8
    endloop
  endfacet
  facet normal -0 0 1
    outer loop
      vertex 5.57301 -19.1344 8
      vertex 7.5 -20 8
      vertex 5.63147 -19.0556 8
    endloop
  endfacet
  facet normal -0 0 1
    outer loop
      vertex 5.50711 -19.2071 8
      vertex 7.5 -20 8
      vertex 5.57301 -19.1344 8
    endloop
  endfacet
  facet normal -0 0 1
    outer loop
      vertex 5.43439 -19.273 8
      vertex 7.5 -20 8
      vertex 5.50711 -19.2071 8
    endloop
  endfacet
  facet normal -0 0 1
    outer loop
      vertex 5.35557 -19.3315 8
      vertex 7.5 -20 8
      vertex 5.43439 -19.273 8
    endloop
  endfacet
  facet normal -0 0 1
    outer loop
      vertex 5.2714 -19.3819 8
      vertex 7.5 -20 8
      vertex 5.35557 -19.3315 8
    endloop
  endfacet
  facet normal -0 0 1
    outer loop
      vertex 5.18268 -19.4239 8
      vertex 7.5 -20 8
      vertex 5.2714 -19.3819 8
    endloop
  endfacet
  facet normal -0 0 1
    outer loop
      vertex 5.09028 -19.4569 8
      vertex 7.5 -20 8
      vertex 5.18268 -19.4239 8
    endloop
  endfacet
  facet normal -0 0 1
    outer loop
      vertex 4.99509 -19.4808 8
      vertex 7.5 -20 8
      vertex 5.09028 -19.4569 8
    endloop
  endfacet
  facet normal -0 0 1
    outer loop
      vertex 4.89802 -19.4952 8
      vertex 7.5 -20 8
      vertex 4.99509 -19.4808 8
    endloop
  endfacet
  facet normal -0 0 1
    outer loop
      vertex 4.8 -19.5 8
      vertex 7.5 -20 8
      vertex 4.89802 -19.4952 8
    endloop
  endfacet
  facet normal 0 0 1
    outer loop
      vertex 4.70198 -19.4952 8
      vertex 7.5 -20 8
      vertex 4.8 -19.5 8
    endloop
  endfacet
  facet normal 0 0 1
    outer loop
      vertex 0.0980167 -19.4952 8
      vertex 4.70198 -19.4952 8
      vertex 4.60491 -19.4808 8
    endloop
  endfacet
  facet normal 0 0 1
    outer loop
      vertex 1 -18.5 8
      vertex 3.8 -18.5 8
      vertex 1 -8.5 8
    endloop
  endfacet
  facet normal 0 0 1
    outer loop
      vertex 3.8 -18.5 8
      vertex 1 -18.5 8
      vertex 3.80481 -18.598 8
    endloop
  endfacet
  facet normal 0 0 1
    outer loop
      vertex 0.995184 -18.598 8
      vertex 3.80481 -18.598 8
      vertex 1 -18.5 8
    endloop
  endfacet
  facet normal 0 0 1
    outer loop
      vertex 3.80481 -18.598 8
      vertex 0.995184 -18.598 8
      vertex 3.81921 -18.6951 8
    endloop
  endfacet
  facet normal 0 0 1
    outer loop
      vertex 0.980784 -18.6951 8
      vertex 3.81921 -18.6951 8
      vertex 0.995184 -18.598 8
    endloop
  endfacet
  facet normal 0 0 1
    outer loop
      vertex 3.81921 -18.6951 8
      vertex 0.980784 -18.6951 8
      vertex 3.84306 -18.7903 8
    endloop
  endfacet
  facet normal 0 0 1
    outer loop
      vertex 0.95694 -18.7903 8
      vertex 3.84306 -18.7903 8
      vertex 0.980784 -18.6951 8
    endloop
  endfacet
  facet normal 0 0 1
    outer loop
      vertex 3.84306 -18.7903 8
      vertex 0.95694 -18.7903 8
      vertex 3.87612 -18.8827 8
    endloop
  endfacet
  facet normal 0 0 1
    outer loop
      vertex 0.923879 -18.8827 8
      vertex 3.87612 -18.8827 8
      vertex 0.95694 -18.7903 8
    endloop
  endfacet
  facet normal 0 0 1
    outer loop
      vertex 3.87612 -18.8827 8
      vertex 0.923879 -18.8827 8
      vertex 3.91808 -18.9714 8
    endloop
  endfacet
  facet normal 0 0 1
    outer loop
      vertex 0.881921 -18.9714 8
      vertex 3.91808 -18.9714 8
      vertex 0.923879 -18.8827 8
    endloop
  endfacet
  facet normal 0 0 1
    outer loop
      vertex 3.91808 -18.9714 8
      vertex 0.881921 -18.9714 8
      vertex 3.96853 -19.0556 8
    endloop
  endfacet
  facet normal 0 0 1
    outer loop
      vertex 0.83147 -19.0556 8
      vertex 3.96853 -19.0556 8
      vertex 0.881921 -18.9714 8
    endloop
  endfacet
  facet normal 0 0 1
    outer loop
      vertex 3.96853 -19.0556 8
      vertex 0.83147 -19.0556 8
      vertex 4.02699 -19.1344 8
    endloop
  endfacet
  facet normal 0 0 1
    outer loop
      vertex 0.77301 -19.1344 8
      vertex 4.02699 -19.1344 8
      vertex 0.83147 -19.0556 8
    endloop
  endfacet
  facet normal 0 0 1
    outer loop
      vertex 4.02699 -19.1344 8
      vertex 0.77301 -19.1344 8
      vertex 4.09289 -19.2071 8
    endloop
  endfacet
  facet normal 0 0 1
    outer loop
      vertex 0.707107 -19.2071 8
      vertex 4.09289 -19.2071 8
      vertex 0.77301 -19.1344 8
    endloop
  endfacet
  facet normal 0 0 1
    outer loop
      vertex 4.09289 -19.2071 8
      vertex 0.707107 -19.2071 8
      vertex 4.16561 -19.273 8
    endloop
  endfacet
  facet normal 0 0 1
    outer loop
      vertex 0.634393 -19.273 8
      vertex 4.16561 -19.273 8
      vertex 0.707107 -19.2071 8
    endloop
  endfacet
  facet normal 0 0 1
    outer loop
      vertex 4.16561 -19.273 8
      vertex 0.634393 -19.273 8
      vertex 4.24443 -19.3315 8
    endloop
  endfacet
  facet normal 0 0 1
    outer loop
      vertex 0.55557 -19.3315 8
      vertex 4.24443 -19.3315 8
      vertex 0.634393 -19.273 8
    endloop
  endfacet
  facet normal 0 0 1
    outer loop
      vertex 4.24443 -19.3315 8
      vertex 0.55557 -19.3315 8
      vertex 4.3286 -19.3819 8
    endloop
  endfacet
  facet normal 0 0 1
    outer loop
      vertex 0.471396 -19.3819 8
      vertex 4.3286 -19.3819 8
      vertex 0.55557 -19.3315 8
    endloop
  endfacet
  facet normal 0 0 1
    outer loop
      vertex 4.3286 -19.3819 8
      vertex 0.471396 -19.3819 8
      vertex 4.41732 -19.4239 8
    endloop
  endfacet
  facet normal 0 0 1
    outer loop
      vertex 0.382683 -19.4239 8
      vertex 4.41732 -19.4239 8
      vertex 0.471396 -19.3819 8
    endloop
  endfacet
  facet normal 0 0 1
    outer loop
      vertex 4.41732 -19.4239 8
      vertex 0.382683 -19.4239 8
      vertex 4.50972 -19.4569 8
    endloop
  endfacet
  facet normal 0 0 1
    outer loop
      vertex 0.290284 -19.4569 8
      vertex 4.50972 -19.4569 8
      vertex 0.382683 -19.4239 8
    endloop
  endfacet
  facet normal 0 0 1
    outer loop
      vertex 4.50972 -19.4569 8
      vertex 0.290284 -19.4569 8
      vertex 4.60491 -19.4808 8
    endloop
  endfacet
  facet normal 0 0 1
    outer loop
      vertex 0.19509 -19.4808 8
      vertex 4.60491 -19.4808 8
      vertex 0.290284 -19.4569 8
    endloop
  endfacet
  facet normal 0 0 1
    outer loop
      vertex 0.0980167 -19.4952 8
      vertex 4.60491 -19.4808 8
      vertex 0.19509 -19.4808 8
    endloop
  endfacet
  facet normal 0 0 1
    outer loop
      vertex 4.70198 -19.4952 8
      vertex 0.0980167 -19.4952 8
      vertex 7.5 -20 8
    endloop
  endfacet
  facet normal -0 0 1
    outer loop
      vertex 0 -19.5 8
      vertex 7.5 -20 8
      vertex 0.0980167 -19.4952 8
    endloop
  endfacet
  facet normal 0 0 1
    outer loop
      vertex -7.5 -20 8
      vertex 0 -19.5 8
      vertex -0.0980167 -19.4952 8
    endloop
  endfacet
  facet normal 0 0 1
    outer loop
      vertex -3.8 -18.5 8
      vertex -1 -18.5 8
      vertex -3.8 -8.5 8
    endloop
  endfacet
  facet normal 0 0 1
    outer loop
      vertex -1 -18.5 8
      vertex -3.8 -18.5 8
      vertex -0.995184 -18.598 8
    endloop
  endfacet
  facet normal 0 0 1
    outer loop
      vertex -3.80481 -18.598 8
      vertex -0.995184 -18.598 8
      vertex -3.8 -18.5 8
    endloop
  endfacet
  facet normal 0 0 1
    outer loop
      vertex -0.995184 -18.598 8
      vertex -3.80481 -18.598 8
      vertex -0.980784 -18.6951 8
    endloop
  endfacet
  facet normal 0 0 1
    outer loop
      vertex -3.81921 -18.6951 8
      vertex -0.980784 -18.6951 8
      vertex -3.80481 -18.598 8
    endloop
  endfacet
  facet normal 0 0 1
    outer loop
      vertex -0.980784 -18.6951 8
      vertex -3.81921 -18.6951 8
      vertex -0.95694 -18.7903 8
    endloop
  endfacet
  facet normal 0 0 1
    outer loop
      vertex -3.84306 -18.7903 8
      vertex -0.95694 -18.7903 8
      vertex -3.81921 -18.6951 8
    endloop
  endfacet
  facet normal 0 0 1
    outer loop
      vertex -0.95694 -18.7903 8
      vertex -3.84306 -18.7903 8
      vertex -0.923879 -18.8827 8
    endloop
  endfacet
  facet normal 0 0 1
    outer loop
      vertex -3.87612 -18.8827 8
      vertex -0.923879 -18.8827 8
      vertex -3.84306 -18.7903 8
    endloop
  endfacet
  facet normal 0 0 1
    outer loop
      vertex -0.923879 -18.8827 8
      vertex -3.87612 -18.8827 8
      vertex -0.881921 -18.9714 8
    endloop
  endfacet
  facet normal 0 0 1
    outer loop
      vertex -3.91808 -18.9714 8
      vertex -0.881921 -18.9714 8
      vertex -3.87612 -18.8827 8
    endloop
  endfacet
  facet normal 0 0 1
    outer loop
      vertex -0.881921 -18.9714 8
      vertex -3.91808 -18.9714 8
      vertex -0.83147 -19.0556 8
    endloop
  endfacet
  facet normal 0 0 1
    outer loop
      vertex -3.96853 -19.0556 8
      vertex -0.83147 -19.0556 8
      vertex -3.91808 -18.9714 8
    endloop
  endfacet
  facet normal 0 0 1
    outer loop
      vertex -0.83147 -19.0556 8
      vertex -3.96853 -19.0556 8
      vertex -0.77301 -19.1344 8
    endloop
  endfacet
  facet normal 0 0 1
    outer loop
      vertex -4.02699 -19.1344 8
      vertex -0.77301 -19.1344 8
      vertex -3.96853 -19.0556 8
    endloop
  endfacet
  facet normal 0 0 1
    outer loop
      vertex -0.77301 -19.1344 8
      vertex -4.02699 -19.1344 8
      vertex -0.707107 -19.2071 8
    endloop
  endfacet
  facet normal 0 0 1
    outer loop
      vertex -4.09289 -19.2071 8
      vertex -0.707107 -19.2071 8
      vertex -4.02699 -19.1344 8
    endloop
  endfacet
  facet normal 0 0 1
    outer loop
      vertex -0.707107 -19.2071 8
      vertex -4.09289 -19.2071 8
      vertex -0.634393 -19.273 8
    endloop
  endfacet
  facet normal 0 0 1
    outer loop
      vertex -4.16561 -19.273 8
      vertex -0.634393 -19.273 8
      vertex -4.09289 -19.2071 8
    endloop
  endfacet
  facet normal 0 0 1
    outer loop
      vertex -0.634393 -19.273 8
      vertex -4.16561 -19.273 8
      vertex -0.55557 -19.3315 8
    endloop
  endfacet
  facet normal 0 0 1
    outer loop
      vertex -4.24443 -19.3315 8
      vertex -0.55557 -19.3315 8
      vertex -4.16561 -19.273 8
    endloop
  endfacet
  facet normal 0 0 1
    outer loop
      vertex -0.55557 -19.3315 8
      vertex -4.24443 -19.3315 8
      vertex -0.471396 -19.3819 8
    endloop
  endfacet
  facet normal 0 0 1
    outer loop
      vertex -4.3286 -19.3819 8
      vertex -0.471396 -19.3819 8
      vertex -4.24443 -19.3315 8
    endloop
  endfacet
  facet normal 0 0 1
    outer loop
      vertex -0.471396 -19.3819 8
      vertex -4.3286 -19.3819 8
      vertex -0.382683 -19.4239 8
    endloop
  endfacet
  facet normal 0 0 1
    outer loop
      vertex -4.41732 -19.4239 8
      vertex -0.382683 -19.4239 8
      vertex -4.3286 -19.3819 8
    endloop
  endfacet
  facet normal 0 0 1
    outer loop
      vertex -0.382683 -19.4239 8
      vertex -4.41732 -19.4239 8
      vertex -0.290284 -19.4569 8
    endloop
  endfacet
  facet normal 0 0 1
    outer loop
      vertex -4.50972 -19.4569 8
      vertex -0.290284 -19.4569 8
      vertex -4.41732 -19.4239 8
    endloop
  endfacet
  facet normal 0 0 1
    outer loop
      vertex -0.290284 -19.4569 8
      vertex -4.50972 -19.4569 8
      vertex -0.19509 -19.4808 8
    endloop
  endfacet
  facet normal 0 0 1
    outer loop
      vertex -4.60491 -19.4808 8
      vertex -0.19509 -19.4808 8
      vertex -4.50972 -19.4569 8
    endloop
  endfacet
  facet normal 0 0 1
    outer loop
      vertex -0.19509 -19.4808 8
      vertex -4.60491 -19.4808 8
      vertex -0.0980167 -19.4952 8
    endloop
  endfacet
  facet normal 0 0 1
    outer loop
      vertex -4.70198 -19.4952 8
      vertex -0.0980167 -19.4952 8
      vertex -4.60491 -19.4808 8
    endloop
  endfacet
  facet normal 0 0 1
    outer loop
      vertex -7.5 -20 8
      vertex -0.0980167 -19.4952 8
      vertex -4.70198 -19.4952 8
    endloop
  endfacet
  facet normal 0 0 1
    outer loop
      vertex -7.5 -20 8
      vertex -4.70198 -19.4952 8
      vertex -4.8 -19.5 8
    endloop
  endfacet
  facet normal 0 0 1
    outer loop
      vertex -7.5 -20 8
      vertex -5.8 -18.5 8
      vertex -7.5 -8 8
    endloop
  endfacet
  facet normal 0 0 1
    outer loop
      vertex -5.8 -18.5 8
      vertex -7.5 -20 8
      vertex -5.79518 -18.598 8
    endloop
  endfacet
  facet normal 0 0 1
    outer loop
      vertex 0 -19.5 8
      vertex -7.5 -20 8
      vertex 7.5 -20 8
    endloop
  endfacet
  facet normal 0 0 1
    outer loop
      vertex -4.89802 -19.4952 8
      vertex -7.5 -20 8
      vertex -4.8 -19.5 8
    endloop
  endfacet
  facet normal 0 0 1
    outer loop
      vertex -4.99509 -19.4808 8
      vertex -7.5 -20 8
      vertex -4.89802 -19.4952 8
    endloop
  endfacet
  facet normal 0 0 1
    outer loop
      vertex -5.09028 -19.4569 8
      vertex -7.5 -20 8
      vertex -4.99509 -19.4808 8
    endloop
  endfacet
  facet normal 0 0 1
    outer loop
      vertex -5.18268 -19.4239 8
      vertex -7.5 -20 8
      vertex -5.09028 -19.4569 8
    endloop
  endfacet
  facet normal 0 0 1
    outer loop
      vertex -5.2714 -19.3819 8
      vertex -7.5 -20 8
      vertex -5.18268 -19.4239 8
    endloop
  endfacet
  facet normal 0 0 1
    outer loop
      vertex -5.35557 -19.3315 8
      vertex -7.5 -20 8
      vertex -5.2714 -19.3819 8
    endloop
  endfacet
  facet normal 0 0 1
    outer loop
      vertex -5.43439 -19.273 8
      vertex -7.5 -20 8
      vertex -5.35557 -19.3315 8
    endloop
  endfacet
  facet normal 0 0 1
    outer loop
      vertex -5.50711 -19.2071 8
      vertex -7.5 -20 8
      vertex -5.43439 -19.273 8
    endloop
  endfacet
  facet normal 0 0 1
    outer loop
      vertex -5.57301 -19.1344 8
      vertex -7.5 -20 8
      vertex -5.50711 -19.2071 8
    endloop
  endfacet
  facet normal 0 0 1
    outer loop
      vertex -5.63147 -19.0556 8
      vertex -7.5 -20 8
      vertex -5.57301 -19.1344 8
    endloop
  endfacet
  facet normal 0 0 1
    outer loop
      vertex -5.68192 -18.9714 8
      vertex -7.5 -20 8
      vertex -5.63147 -19.0556 8
    endloop
  endfacet
  facet normal 0 0 1
    outer loop
      vertex -5.72388 -18.8827 8
      vertex -7.5 -20 8
      vertex -5.68192 -18.9714 8
    endloop
  endfacet
  facet normal 0 0 1
    outer loop
      vertex -5.75694 -18.7903 8
      vertex -7.5 -20 8
      vertex -5.72388 -18.8827 8
    endloop
  endfacet
  facet normal 0 0 1
    outer loop
      vertex -5.78078 -18.6951 8
      vertex -7.5 -20 8
      vertex -5.75694 -18.7903 8
    endloop
  endfacet
  facet normal 0 0 1
    outer loop
      vertex -5.79518 -18.598 8
      vertex -7.5 -20 8
      vertex -5.78078 -18.6951 8
    endloop
  endfacet
  facet normal 0 1 0
    outer loop
      vertex 4.5 0 6.5
      vertex 2.5 0 5.5
      vertex -4.5 0 6.5
    endloop
  endfacet
  facet normal 0 1 -0
    outer loop
      vertex 4.5 0 1.5
      vertex 2.5 0 5.5
      vertex 4.5 0 6.5
    endloop
  endfacet
  facet normal 0 1 0
    outer loop
      vertex 2.5 0 5.5
      vertex 4.5 0 1.5
      vertex 2.5 0 1.5
    endloop
  endfacet
  facet normal 0 1 -0
    outer loop
      vertex -2.5 0 5.5
      vertex -4.5 0 6.5
      vertex 2.5 0 5.5
    endloop
  endfacet
  facet normal 0 1 0
    outer loop
      vertex -4.5 0 1.5
      vertex -2.5 0 5.5
      vertex -2.5 0 1.5
    endloop
  endfacet
  facet normal 0 1 0
    outer loop
      vertex -2.5 0 5.5
      vertex -4.5 0 1.5
      vertex -4.5 0 6.5
    endloop
  endfacet
  facet normal -0.847998 0.529999 0
    outer loop
      vertex -9.5 -8 2
      vertex -4.5 0 6.5
      vertex -4.5 0 1.5
    endloop
  endfacet
  facet normal -0.847998 0.529999 0
    outer loop
      vertex -4.5 0 6.5
      vertex -9.5 -8 2
      vertex -9.5 -8 6
    endloop
  endfacet
  facet normal 0 -0.707107 -0.707107
    outer loop
      vertex 4.47004 -21.2126 1.2126
      vertex 5.16 -22 2
      vertex 4.45059 -22 2
    endloop
  endfacet
  facet normal 1.05622e-05 -0.707102 -0.707111
    outer loop
      vertex 4.47004 -21.2126 1.2126
      vertex 5.13627 -21.2089 1.20891
      vertex 5.16 -22 2
    endloop
  endfacet
  facet normal 1.05556e-05 -0.707102 -0.707112
    outer loop
      vertex 3.26985 -20 0
      vertex 5.13627 -21.2089 1.20891
      vertex 4.47004 -21.2126 1.2126
    endloop
  endfacet
  facet normal 0 -0.70711 -0.707104
    outer loop
      vertex 5.13627 -21.2089 1.20891
      vertex 3.26985 -20 0
      vertex 6.33015 -20 0
    endloop
  endfacet
  facet normal 0 -0.707107 -0.707107
    outer loop
      vertex -0.354193 -22 2
      vertex 0.329958 -21.2126 1.2126
      vertex 0.349411 -22 2
    endloop
  endfacet
  facet normal -3.19363e-05 -0.707093 -0.707121
    outer loop
      vertex -0.332812 -21.2109 1.21093
      vertex 0.329958 -21.2126 1.2126
      vertex -0.354193 -22 2
    endloop
  endfacet
  facet normal -3.21322e-05 -0.707131 -0.707082
    outer loop
      vertex -1.53015 -20 0
      vertex 0.329958 -21.2126 1.2126
      vertex -0.332812 -21.2109 1.21093
    endloop
  endfacet
  facet normal 0 -0.707107 -0.707107
    outer loop
      vertex 0.329958 -21.2126 1.2126
      vertex -1.53015 -20 0
      vertex 1.53015 -20 0
    endloop
  endfacet
  facet normal 0 -0.707093 -0.70712
    outer loop
      vertex -5.17 -22 2
      vertex -4.46719 -21.2109 1.21093
      vertex -4.44581 -22 2
    endloop
  endfacet
  facet normal -1.0183e-05 -0.707089 -0.707125
    outer loop
      vertex -5.14219 -21.2054 1.20544
      vertex -4.46719 -21.2109 1.21093
      vertex -5.17 -22 2
    endloop
  endfacet
  facet normal -1.07529e-05 -0.707124 -0.70709
    outer loop
      vertex -6.33015 -20 0
      vertex -4.46719 -21.2109 1.21093
      vertex -5.14219 -21.2054 1.20544
    endloop
  endfacet
  facet normal 0 -0.707116 -0.707098
    outer loop
      vertex -4.46719 -21.2109 1.21093
      vertex -6.33015 -20 0
      vertex -3.26985 -20 0
    endloop
  endfacet
  facet normal -0.577397 -0.577257 -0.577397
    outer loop
      vertex -9.29275 -20.2073 2
      vertex -9.5 -20 2
      vertex -9.3 -20 1.8
    endloop
  endfacet
  facet normal -0.657041 0.369586 -0.657041
    outer loop
      vertex -7.5 -8 0
      vertex -9.5 -8 2
      vertex -4.5 0 1.5
    endloop
  endfacet
  facet normal -0.707192 -0.707021 -0
    outer loop
      vertex -9.29275 -20.2073 2.95959
      vertex -9.5 -20 2
      vertex -9.29275 -20.2073 2
    endloop
  endfacet
  facet normal -0.707192 -0.707021 0
    outer loop
      vertex -9.5 -20 2
      vertex -9.29275 -20.2073 2.95959
      vertex -9.5 -20 6
    endloop
  endfacet
  facet normal -0.707101 -0.707112 1.24044e-05
    outer loop
      vertex -8.04881 -21.4512 4.09842
      vertex -9.5 -20 6
      vertex -9.29275 -20.2073 2.95959
    endloop
  endfacet
  facet normal -0.7071 -0.707113 -0
    outer loop
      vertex -7.5 -22 6
      vertex -8.04881 -21.4512 4.09842
      vertex -7.5 -22 4.06
    endloop
  endfacet
  facet normal -0.707107 -0.707107 3.71852e-06
    outer loop
      vertex -8.04881 -21.4512 4.09842
      vertex -7.5 -22 6
      vertex -9.5 -20 6
    endloop
  endfacet
  facet normal -0.57735 -0.57735 0.57735
    outer loop
      vertex -7.5 -20 8
      vertex -9.5 -20 6
      vertex -7.5 -22 6
    endloop
  endfacet
  facet normal -0.707107 0 0.707107
    outer loop
      vertex -9.5 -20 6
      vertex -7.5 -8 8
      vertex -9.5 -8 6
    endloop
  endfacet
  facet normal -0.707107 0 0.707107
    outer loop
      vertex -7.5 -8 8
      vertex -9.5 -20 6
      vertex -7.5 -20 8
    endloop
  endfacet
  facet normal 0.707107 0 -0.707107
    outer loop
      vertex 9.3 -20 1.23015
      vertex 8.06985 -19.99 0
      vertex 9.3 -19.99 1.23015
    endloop
  endfacet
  facet normal 0.707107 0 -0.707107
    outer loop
      vertex 8.06985 -19.99 0
      vertex 9.3 -20 1.23015
      vertex 8.06985 -20 0
    endloop
  endfacet
  facet normal -0.707082 -0.00878622 -0.707077
    outer loop
      vertex 5.52 -34 0.984121
      vertex 5.13627 -21.2089 1.20891
      vertex 6.33015 -20 0
    endloop
  endfacet
  facet normal 0.706181 -0.0511457 0.706181
    outer loop
      vertex 8.88 -34 2.37588
      vertex 8.05185 -21.4481 4.11311
      vertex 7.89588 -34 3.36
    endloop
  endfacet
  facet normal 0.70618 -0.0511459 0.706183
    outer loop
      vertex 8.05185 -21.4481 4.11311
      vertex 8.88 -34 2.37588
      vertex 9.29381 -20.2062 2.9611
    endloop
  endfacet
  facet normal 0.70708 -0.00878648 -0.707079
    outer loop
      vertex 8.88 -34 0.984121
      vertex 7.89588 -34 0
      vertex 8.06985 -20 0
    endloop
  endfacet
  facet normal 1 -0 0
    outer loop
      vertex 9.3 -20 1.8
      vertex 9.3 -19.99 1.23015
      vertex 9.3 -19.99 1.8
    endloop
  endfacet
  facet normal 1 0 0
    outer loop
      vertex 9.3 -19.99 1.23015
      vertex 9.3 -20 1.8
      vertex 9.3 -20 1.23015
    endloop
  endfacet
  facet normal 0.707079 -0.00878652 -0.707079
    outer loop
      vertex 8.88 -34 0.984121
      vertex 8.06985 -20 0
      vertex 9.3 -20 1.23015
    endloop
  endfacet
  facet normal -0.99955 -0.0299862 -3.49468e-06
    outer loop
      vertex 5.52 -34 0.984121
      vertex 5.16 -22 2
      vertex 5.13627 -21.2089 1.20891
    endloop
  endfacet
  facet normal -0.99955 -0.0299865 -0
    outer loop
      vertex 5.52 -34 2.37588
      vertex 5.16 -22 2
      vertex 5.52 -34 0.984121
    endloop
  endfacet
  facet normal -0.99955 -0.0299865 0
    outer loop
      vertex 5.16 -22 2
      vertex 5.52 -34 2.37588
      vertex 5.16 -22 2.885
    endloop
  endfacet
  facet normal 0.99955 -0.0299862 0
    outer loop
      vertex 9.29381 -20.2062 2.9611
      vertex 8.88 -34 2.37588
      vertex 9.29381 -20.2062 2
    endloop
  endfacet
  facet normal 0.99955 -0.0300059 0
    outer loop
      vertex 9.29381 -20.2062 2
      vertex 9.3 -20 1.23015
      vertex 9.3 -20 1.8
    endloop
  endfacet
  facet normal 0.99955 -0.0299862 0
    outer loop
      vertex 8.88 -34 0.984121
      vertex 9.29381 -20.2062 2
      vertex 8.88 -34 2.37588
    endloop
  endfacet
  facet normal 0.99955 -0.0299866 5.16915e-06
    outer loop
      vertex 9.29381 -20.2062 2
      vertex 8.88 -34 0.984121
      vertex 9.3 -20 1.23015
    endloop
  endfacet
  facet normal -0.70708 -0.00878648 -0.707079
    outer loop
      vertex 6.50412 -34 0
      vertex 5.52 -34 0.984121
      vertex 6.33015 -20 0
    endloop
  endfacet
  facet normal -0.706181 -0.0511464 0.706181
    outer loop
      vertex 6.50412 -34 3.36
      vertex 5.16 -22 2.885
      vertex 5.52 -34 2.37588
    endloop
  endfacet
  facet normal -0.706181 -0.0511464 0.706181
    outer loop
      vertex 5.16 -22 2.885
      vertex 6.50412 -34 3.36
      vertex 6.355 -22 4.08
    endloop
  endfacet
  facet normal 0 -1 0
    outer loop
      vertex 5.52 -34 2.37588
      vertex 7.89588 -34 3.36
      vertex 6.50412 -34 3.36
    endloop
  endfacet
  facet normal 0 -1 0
    outer loop
      vertex 5.52 -34 2.37588
      vertex 8.88 -34 2.37588
      vertex 7.89588 -34 3.36
    endloop
  endfacet
  facet normal 0 -1 0
    outer loop
      vertex 5.52 -34 0.984121
      vertex 8.88 -34 2.37588
      vertex 5.52 -34 2.37588
    endloop
  endfacet
  facet normal 0 -1 0
    outer loop
      vertex 5.52 -34 0.984121
      vertex 8.88 -34 0.984121
      vertex 8.88 -34 2.37588
    endloop
  endfacet
  facet normal 0 -1 0
    outer loop
      vertex 6.50412 -34 0
      vertex 8.88 -34 0.984121
      vertex 5.52 -34 0.984121
    endloop
  endfacet
  facet normal 0 -1 0
    outer loop
      vertex 8.88 -34 0.984121
      vertex 6.50412 -34 0
      vertex 7.89588 -34 0
    endloop
  endfacet
  facet normal 0 1 0
    outer loop
      vertex 8.06985 -19.99 0
      vertex 9.3 -19.99 1.8
      vertex 9.3 -19.99 1.23015
    endloop
  endfacet
  facet normal 0 1 0
    outer loop
      vertex 9.3 -19.99 1.8
      vertex 8.06985 -19.99 0
      vertex 7.5 -19.99 0
    endloop
  endfacet
  facet normal 7.00424e-06 -0.0598921 0.998205
    outer loop
      vertex 7.5 -22 4.08
      vertex 7.89588 -34 3.36
      vertex 8.05185 -21.4481 4.11311
    endloop
  endfacet
  facet normal 0 -0.0598923 0.998205
    outer loop
      vertex 7.5 -22 4.08
      vertex 6.50412 -34 3.36
      vertex 7.89588 -34 3.36
    endloop
  endfacet
  facet normal 0 -0.0598923 0.998205
    outer loop
      vertex 6.50412 -34 3.36
      vertex 7.5 -22 4.08
      vertex 6.355 -22 4.08
    endloop
  endfacet
  facet normal -0.706479 -0.0421382 0.706479
    outer loop
      vertex 1.55062 -22 4.10118
      vertex 0.46519 -22 3.01575
      vertex 1.70412 -37 3.36
    endloop
  endfacet
  facet normal -0.999695 -0.0246983 -4.74936e-07
    outer loop
      vertex 0.719999 -37 0.984121
      vertex 0.349411 -22 2
      vertex 0.329958 -21.2126 1.2126
    endloop
  endfacet
  facet normal -0.999695 -0.0246983 -0
    outer loop
      vertex 0.719999 -37 2.37588
      vertex 0.349411 -22 2
      vertex 0.719999 -37 0.984121
    endloop
  endfacet
  facet normal -0.999695 -0.0246983 0
    outer loop
      vertex 0.349411 -22 2
      vertex 0.719999 -37 2.37588
      vertex 0.349411 -22 2.89997
    endloop
  endfacet
  facet normal 0.706479 -0.0421382 0.706479
    outer loop
      vertex 3.09588 -37 3.36
      vertex 4.45059 -22 2.89997
      vertex 4.33481 -22 3.01575
    endloop
  endfacet
  facet normal 0.706479 -0.0421382 0.706479
    outer loop
      vertex 4.45059 -22 2.89997
      vertex 3.09588 -37 3.36
      vertex 4.08 -37 2.37588
    endloop
  endfacet
  facet normal -0.707088 -0.00723601 -0.707089
    outer loop
      vertex 1.70412 -37 0
      vertex 0.329958 -21.2126 1.2126
      vertex 1.53015 -20 0
    endloop
  endfacet
  facet normal -0.707088 -0.00723606 -0.707088
    outer loop
      vertex 0.329958 -21.2126 1.2126
      vertex 1.70412 -37 0
      vertex 0.719999 -37 0.984121
    endloop
  endfacet
  facet normal 0.707089 -0.00723603 -0.707088
    outer loop
      vertex 3.09588 -37 0
      vertex 4.47004 -21.2126 1.2126
      vertex 4.08 -37 0.984121
    endloop
  endfacet
  facet normal 0.707089 -0.00723601 -0.707088
    outer loop
      vertex 4.47004 -21.2126 1.2126
      vertex 3.09588 -37 0
      vertex 3.26985 -20 0
    endloop
  endfacet
  facet normal 0.706479 -0.0421382 0.706479
    outer loop
      vertex 3.24938 -22 4.10118
      vertex 3.09588 -37 3.36
      vertex 4.33481 -22 3.01575
    endloop
  endfacet
  facet normal 0 -0.0493518 0.998781
    outer loop
      vertex 3.24938 -22 4.10118
      vertex 1.70412 -37 3.36
      vertex 3.09588 -37 3.36
    endloop
  endfacet
  facet normal 0 -0.0493518 0.998781
    outer loop
      vertex 1.70412 -37 3.36
      vertex 3.24938 -22 4.10118
      vertex 1.55062 -22 4.10118
    endloop
  endfacet
  facet normal -0.706478 -0.0421381 0.706479
    outer loop
      vertex 1.70412 -37 3.36
      vertex 0.349411 -22 2.89997
      vertex 0.719999 -37 2.37588
    endloop
  endfacet
  facet normal -0.706482 -0.0421385 0.706476
    outer loop
      vertex 0.349411 -22 2.89997
      vertex 1.70412 -37 3.36
      vertex 0.46519 -22 3.01575
    endloop
  endfacet
  facet normal 0.999695 -0.0246985 0
    outer loop
      vertex 4.45059 -22 2.89997
      vertex 4.08 -37 2.37588
      vertex 4.45059 -22 2
    endloop
  endfacet
  facet normal 0.999695 -0.0246985 0
    outer loop
      vertex 4.08 -37 0.984121
      vertex 4.45059 -22 2
      vertex 4.08 -37 2.37588
    endloop
  endfacet
  facet normal 0.999695 -0.0246982 -4.16703e-06
    outer loop
      vertex 4.45059 -22 2
      vertex 4.08 -37 0.984121
      vertex 4.47004 -21.2126 1.2126
    endloop
  endfacet
  facet normal 0 -1 0
    outer loop
      vertex 0.719999 -37 2.37588
      vertex 3.09588 -37 3.36
      vertex 1.70412 -37 3.36
    endloop
  endfacet
  facet normal 0 -1 0
    outer loop
      vertex 0.719999 -37 2.37588
      vertex 4.08 -37 2.37588
      vertex 3.09588 -37 3.36
    endloop
  endfacet
  facet normal 0 -1 0
    outer loop
      vertex 0.719999 -37 0.984121
      vertex 4.08 -37 2.37588
      vertex 0.719999 -37 2.37588
    endloop
  endfacet
  facet normal 0 -1 0
    outer loop
      vertex 0.719999 -37 0.984121
      vertex 4.08 -37 0.984121
      vertex 4.08 -37 2.37588
    endloop
  endfacet
  facet normal 0 -1 0
    outer loop
      vertex 1.70412 -37 0
      vertex 4.08 -37 0.984121
      vertex 0.719999 -37 0.984121
    endloop
  endfacet
  facet normal 0 -1 0
    outer loop
      vertex 4.08 -37 0.984121
      vertex 1.70412 -37 0
      vertex 3.09588 -37 0
    endloop
  endfacet
  facet normal -0.706351 -0.0462074 0.706351
    outer loop
      vertex -3.2474 -22 4.09161
      vertex -4.31882 -22 3.02019
      vertex -3.09588 -35.5 3.36
    endloop
  endfacet
  facet normal -0.999633 -0.0270869 -2.67675e-06
    outer loop
      vertex -4.08 -35.5 0.984121
      vertex -4.44581 -22 2
      vertex -4.46719 -21.2109 1.21093
    endloop
  endfacet
  facet normal -0.999633 -0.0270871 -0
    outer loop
      vertex -4.08 -35.5 2.37588
      vertex -4.44581 -22 2
      vertex -4.08 -35.5 0.984121
    endloop
  endfacet
  facet normal -0.999633 -0.0270871 0
    outer loop
      vertex -4.44581 -22 2
      vertex -4.08 -35.5 2.37588
      vertex -4.44581 -22 2.89321
    endloop
  endfacet
  facet normal 0.706343 -0.0462067 0.70636
    outer loop
      vertex -1.70412 -35.5 3.36
      vertex -0.354193 -22 2.89321
      vertex -0.481176 -22 3.02019
    endloop
  endfacet
  facet normal 0.706351 -0.0462077 0.706352
    outer loop
      vertex -0.354193 -22 2.89321
      vertex -1.70412 -35.5 3.36
      vertex -0.719999 -35.5 2.37588
    endloop
  endfacet
  facet normal -0.707085 -0.00793634 -0.707084
    outer loop
      vertex -4.46719 -21.2109 1.21093
      vertex -3.09588 -35.5 0
      vertex -4.08 -35.5 0.984121
    endloop
  endfacet
  facet normal -0.707084 -0.00793622 -0.707085
    outer loop
      vertex -3.09588 -35.5 0
      vertex -4.46719 -21.2109 1.21093
      vertex -3.26985 -20 0
    endloop
  endfacet
  facet normal 0.707085 -0.00793618 -0.707085
    outer loop
      vertex -1.70412 -35.5 0
      vertex -0.332812 -21.2109 1.21093
      vertex -0.719999 -35.5 0.984121
    endloop
  endfacet
  facet normal 0.707085 -0.00793623 -0.707084
    outer loop
      vertex -0.332812 -21.2109 1.21093
      vertex -1.70412 -35.5 0
      vertex -1.53015 -20 0
    endloop
  endfacet
  facet normal 0.70635 -0.0462075 0.706353
    outer loop
      vertex -1.5526 -22 4.09161
      vertex -1.70412 -35.5 3.36
      vertex -0.481176 -22 3.02019
    endloop
  endfacet
  facet normal 0 -0.0541139 0.998535
    outer loop
      vertex -1.5526 -22 4.09161
      vertex -3.09588 -35.5 3.36
      vertex -1.70412 -35.5 3.36
    endloop
  endfacet
  facet normal 0 -0.0541139 0.998535
    outer loop
      vertex -3.09588 -35.5 3.36
      vertex -1.5526 -22 4.09161
      vertex -3.2474 -22 4.09161
    endloop
  endfacet
  facet normal -0.706351 -0.0462079 0.706351
    outer loop
      vertex -3.09588 -35.5 3.36
      vertex -4.44581 -22 2.89321
      vertex -4.08 -35.5 2.37588
    endloop
  endfacet
  facet normal -0.706324 -0.0462042 0.706379
    outer loop
      vertex -4.44581 -22 2.89321
      vertex -3.09588 -35.5 3.36
      vertex -4.31882 -22 3.02019
    endloop
  endfacet
  facet normal 0.999633 -0.0270868 0
    outer loop
      vertex -0.354193 -22 2.89321
      vertex -0.719999 -35.5 2.37588
      vertex -0.354193 -22 2
    endloop
  endfacet
  facet normal 0.999633 -0.0270868 0
    outer loop
      vertex -0.719999 -35.5 0.984121
      vertex -0.354193 -22 2
      vertex -0.719999 -35.5 2.37588
    endloop
  endfacet
  facet normal 0.999633 -0.0270867 -1.2231e-06
    outer loop
      vertex -0.354193 -22 2
      vertex -0.719999 -35.5 0.984121
      vertex -0.332812 -21.2109 1.21093
    endloop
  endfacet
  facet normal 0 -1 0
    outer loop
      vertex -4.08 -35.5 2.37588
      vertex -1.70412 -35.5 3.36
      vertex -3.09588 -35.5 3.36
    endloop
  endfacet
  facet normal 0 -1 0
    outer loop
      vertex -4.08 -35.5 2.37588
      vertex -0.719999 -35.5 2.37588
      vertex -1.70412 -35.5 3.36
    endloop
  endfacet
  facet normal 0 -1 0
    outer loop
      vertex -4.08 -35.5 0.984121
      vertex -0.719999 -35.5 2.37588
      vertex -4.08 -35.5 2.37588
    endloop
  endfacet
  facet normal 0 -1 0
    outer loop
      vertex -4.08 -35.5 0.984121
      vertex -0.719999 -35.5 0.984121
      vertex -0.719999 -35.5 2.37588
    endloop
  endfacet
  facet normal 0 -1 0
    outer loop
      vertex -3.09588 -35.5 0
      vertex -0.719999 -35.5 0.984121
      vertex -4.08 -35.5 0.984121
    endloop
  endfacet
  facet normal 0 -1 0
    outer loop
      vertex -0.719999 -35.5 0.984121
      vertex -3.09588 -35.5 0
      vertex -1.70412 -35.5 0
    endloop
  endfacet
  facet normal -0.70707 -0.0102508 -0.70707
    outer loop
      vertex -8.88 -32 0.984121
      vertex -9.3 -20 1.23015
      vertex -8.06985 -20 0
    endloop
  endfacet
  facet normal 0.705848 -0.059642 0.705848
    outer loop
      vertex -6.50412 -32 3.36
      vertex -5.17 -22 2.87085
      vertex -6.35915 -22 4.06
    endloop
  endfacet
  facet normal 0.705848 -0.059642 0.705848
    outer loop
      vertex -5.17 -22 2.87085
      vertex -6.50412 -32 3.36
      vertex -5.52 -32 2.37588
    endloop
  endfacet
  facet normal 0.70707 -0.0102507 -0.707069
    outer loop
      vertex -5.52 -32 0.984121
      vertex -6.50412 -32 0
      vertex -6.33015 -20 0
    endloop
  endfacet
  facet normal -0.707107 0 -0.707107
    outer loop
      vertex -8.06985 -20 0
      vertex -9.3 -19.99 1.23015
      vertex -8.06985 -19.99 0
    endloop
  endfacet
  facet normal -0.707107 -0 -0.707107
    outer loop
      vertex -9.3 -19.99 1.23015
      vertex -8.06985 -20 0
      vertex -9.3 -20 1.23015
    endloop
  endfacet
  facet normal -1 0 0
    outer loop
      vertex -9.3 -20 1.23015
      vertex -9.3 -19.99 1.8
      vertex -9.3 -19.99 1.23015
    endloop
  endfacet
  facet normal -1 -0 0
    outer loop
      vertex -9.3 -19.99 1.8
      vertex -9.3 -20 1.23015
      vertex -9.3 -20 1.8
    endloop
  endfacet
  facet normal 0.707071 -0.0102506 -0.707068
    outer loop
      vertex -5.52 -32 0.984121
      vertex -6.33015 -20 0
      vertex -5.14219 -21.2054 1.20544
    endloop
  endfacet
  facet normal -0.999389 -0.0349521 0
    outer loop
      vertex -9.3 -20 1.23015
      vertex -9.29275 -20.2073 2
      vertex -9.3 -20 1.8
    endloop
  endfacet
  facet normal -0.999388 -0.0349784 -7.10068e-06
    outer loop
      vertex -8.88 -32 0.984121
      vertex -9.29275 -20.2073 2
      vertex -9.3 -20 1.23015
    endloop
  endfacet
  facet normal -0.999388 -0.034979 -0
    outer loop
      vertex -8.88 -32 2.37588
      vertex -9.29275 -20.2073 2
      vertex -8.88 -32 0.984121
    endloop
  endfacet
  facet normal -0.999388 -0.034979 0
    outer loop
      vertex -9.29275 -20.2073 2
      vertex -8.88 -32 2.37588
      vertex -9.29275 -20.2073 2.95959
    endloop
  endfacet
  facet normal 0.999388 -0.0349786 0
    outer loop
      vertex -5.17 -22 2.87085
      vertex -5.52 -32 2.37588
      vertex -5.17 -22 2
    endloop
  endfacet
  facet normal 0.999388 -0.0349786 0
    outer loop
      vertex -5.52 -32 0.984121
      vertex -5.17 -22 2
      vertex -5.52 -32 2.37588
    endloop
  endfacet
  facet normal 0.999388 -0.0349785 -1.14179e-06
    outer loop
      vertex -5.17 -22 2
      vertex -5.52 -32 0.984121
      vertex -5.14219 -21.2054 1.20544
    endloop
  endfacet
  facet normal -0.70707 -0.0102507 -0.707069
    outer loop
      vertex -7.89588 -32 0
      vertex -8.88 -32 0.984121
      vertex -8.06985 -20 0
    endloop
  endfacet
  facet normal -0.705848 -0.0596426 0.705848
    outer loop
      vertex -8.04881 -21.4512 4.09842
      vertex -8.88 -32 2.37588
      vertex -7.89588 -32 3.36
    endloop
  endfacet
  facet normal -0.705847 -0.0596428 0.705849
    outer loop
      vertex -8.88 -32 2.37588
      vertex -8.04881 -21.4512 4.09842
      vertex -9.29275 -20.2073 2.95959
    endloop
  endfacet
  facet normal 0 -1 0
    outer loop
      vertex -8.88 -32 2.37588
      vertex -6.50412 -32 3.36
      vertex -7.89588 -32 3.36
    endloop
  endfacet
  facet normal 0 -1 0
    outer loop
      vertex -8.88 -32 2.37588
      vertex -5.52 -32 2.37588
      vertex -6.50412 -32 3.36
    endloop
  endfacet
  facet normal 0 -1 0
    outer loop
      vertex -8.88 -32 0.984121
      vertex -5.52 -32 2.37588
      vertex -8.88 -32 2.37588
    endloop
  endfacet
  facet normal 0 -1 0
    outer loop
      vertex -8.88 -32 0.984121
      vertex -5.52 -32 0.984121
      vertex -5.52 -32 2.37588
    endloop
  endfacet
  facet normal 0 -1 0
    outer loop
      vertex -7.89588 -32 0
      vertex -5.52 -32 0.984121
      vertex -8.88 -32 0.984121
    endloop
  endfacet
  facet normal 0 -1 0
    outer loop
      vertex -5.52 -32 0.984121
      vertex -7.89588 -32 0
      vertex -6.50412 -32 0
    endloop
  endfacet
  facet normal 0 1 0
    outer loop
      vertex -7.5 -19.99 0
      vertex -9.3 -19.99 1.23015
      vertex -9.3 -19.99 1.8
    endloop
  endfacet
  facet normal 0 1 0
    outer loop
      vertex -9.3 -19.99 1.23015
      vertex -7.5 -19.99 0
      vertex -8.06985 -19.99 0
    endloop
  endfacet
  facet normal 0 -0.0698291 0.997559
    outer loop
      vertex -7.5 -22 4.06
      vertex -6.50412 -32 3.36
      vertex -6.35915 -22 4.06
    endloop
  endfacet
  facet normal 0 -0.0698291 0.997559
    outer loop
      vertex -7.5 -22 4.06
      vertex -7.89588 -32 3.36
      vertex -6.50412 -32 3.36
    endloop
  endfacet
  facet normal 6.99384e-06 -0.0698294 0.997559
    outer loop
      vertex -7.89588 -32 3.36
      vertex -7.5 -22 4.06
      vertex -8.04881 -21.4512 4.09842
    endloop
  endfacet
  facet normal -0.571726 -0.419891 0.704855
    outer loop
      vertex 9.5 -12.9012 4.11642
      vertex 10.351 -14.4081 3.90901
      vertex 10.4019 -14.3973 3.95673
    endloop
  endfacet
  facet normal -0.571626 -0.419849 0.704962
    outer loop
      vertex 10.351 -14.4081 3.90901
      vertex 9.5 -12.9012 4.11642
      vertex 9.5 -14.589 3.11123
    endloop
  endfacet
  facet normal -0.612371 -0.353563 -0.707103
    outer loop
      vertex 5.41479 -6.62443 0.25792
      vertex 5.63407 -6.4884 3.8147e-07
      vertex 5.63907 -6.49706 3.8147e-07
    endloop
  endfacet
  facet normal -0.612565 -0.353239 -0.707097
    outer loop
      vertex 5.63407 -6.4884 3.8147e-07
      vertex 5.41479 -6.62443 0.25792
      vertex 5.40966 -6.61796 0.259132
    endloop
  endfacet
  facet normal 0.619002 0.34192 -0.707055
    outer loop
      vertex 12.4387 -14.6956 3.8147e-07
      vertex 7.36093 -5.50294 3.8147e-07
      vertex 13.4128 -14.1333 1.12471
    endloop
  endfacet
  facet normal 0.499852 -0.866111 0
    outer loop
      vertex 11.3122 -15.3461 0.12
      vertex 11.0613 -15.4909 0.12
      vertex 11.0613 -15.4909 3.8147e-07
    endloop
  endfacet
  facet normal 0.499919 -0.866072 0
    outer loop
      vertex 13.4128 -14.1333 1.31909
      vertex 13.0949 -14.3168 0.97267
      vertex 13.4128 -14.1333 1.12471
    endloop
  endfacet
  facet normal 0.649433 0.285116 0.704943
    outer loop
      vertex 9.5 -9.37544 4.39559
      vertex 12.1717 -14.0211 3.81322
      vertex 13.1833 -13.8061 2.79432
    endloop
  endfacet
  facet normal 0.649422 0.285101 0.70496
    outer loop
      vertex 9.5 -9.37544 4.39559
      vertex 13.1833 -13.8061 2.79432
      vertex 9.5 -8.5534 4.06314
    endloop
  endfacet
  facet normal 0.649219 0.284961 0.705203
    outer loop
      vertex 12.1717 -14.0211 3.81322
      vertex 9.5 -9.37544 4.39559
      vertex 12.0772 -14.0412 3.90834
    endloop
  endfacet
  facet normal -0.500001 0.866025 1.64839e-06
    outer loop
      vertex 5.63407 -6.4884 3.8147e-07
      vertex 6.55493 -5.95674 0.383111
      vertex 7.35593 -5.49428 3.8147e-07
    endloop
  endfacet
  facet normal -0.499998 0.866026 -8.53493e-06
    outer loop
      vertex 6.55493 -5.95674 0.383111
      vertex 5.63407 -6.4884 3.8147e-07
      vertex 5.40966 -6.61796 0.259132
    endloop
  endfacet
  facet normal -0.605623 -0.36512 -0.707041
    outer loop
      vertex 6.06887 -7.42041 0.108674
      vertex 5.41594 -6.62588 0.257648
      vertex 5.63907 -6.49706 3.8147e-07
    endloop
  endfacet
  facet normal -0.605587 -0.365087 -0.70709
    outer loop
      vertex 8.69386 -13.876 1.19386
      vertex 9.54511 -14.8886 0.987636
      vertex 9.38404 -14.9545 1.15961
    endloop
  endfacet
  facet normal -0.605601 -0.365103 -0.70707
    outer loop
      vertex 9.54511 -14.8886 0.987636
      vertex 8.69386 -13.876 1.19386
      vertex 8.12977 -11.8479 0.629769
    endloop
  endfacet
  facet normal -0.605624 -0.365116 -0.707043
    outer loop
      vertex 4.62401 -7.51638 1.39584
      vertex 5.8 -8.5 0.896476
      vertex 5.8 -9.354 1.33748
    endloop
  endfacet
  facet normal -0.605631 -0.365133 -0.707028
    outer loop
      vertex 5.8 -8.5 0.896476
      vertex 4.62401 -7.51638 1.39584
      vertex 5.79518 -8.40198 0.849984
    endloop
  endfacet
  facet normal -0.605631 -0.365131 -0.70703
    outer loop
      vertex 5.79518 -8.40198 0.849984
      vertex 4.62401 -7.51638 1.39584
      vertex 5.78078 -8.30491 0.812189
    endloop
  endfacet
  facet normal -0.605612 -0.365066 -0.707079
    outer loop
      vertex 5.78078 -8.30491 0.812189
      vertex 4.62401 -7.51638 1.39584
      vertex 5.75694 -8.20971 0.783456
    endloop
  endfacet
  facet normal -0.605629 -0.365143 -0.707025
    outer loop
      vertex 5.75694 -8.20971 0.783456
      vertex 4.62401 -7.51638 1.39584
      vertex 5.72388 -8.11732 0.76406
    endloop
  endfacet
  facet normal -0.605622 -0.365103 -0.707051
    outer loop
      vertex 5.72388 -8.11732 0.76406
      vertex 4.62401 -7.51638 1.39584
      vertex 5.68192 -8.0286 0.754188
    endloop
  endfacet
  facet normal -0.605624 -0.365117 -0.707043
    outer loop
      vertex 5.68192 -8.0286 0.754188
      vertex 4.62401 -7.51638 1.39584
      vertex 5.63147 -7.94443 0.753936
    endloop
  endfacet
  facet normal -0.605626 -0.365145 -0.707027
    outer loop
      vertex 5.63147 -7.94443 0.753936
      vertex 4.62401 -7.51638 1.39584
      vertex 5.57301 -7.86561 0.763305
    endloop
  endfacet
  facet normal -0.605624 -0.365046 -0.707079
    outer loop
      vertex 5.57301 -7.86561 0.763305
      vertex 4.62401 -7.51638 1.39584
      vertex 5.50711 -7.79289 0.782206
    endloop
  endfacet
  facet normal -0.605619 -0.365208 -0.706999
    outer loop
      vertex 5.50711 -7.79289 0.782206
      vertex 4.62401 -7.51638 1.39584
      vertex 5.43439 -7.72699 0.810457
    endloop
  endfacet
  facet normal -0.605628 -0.36508 -0.707058
    outer loop
      vertex 5.43439 -7.72699 0.810457
      vertex 4.62401 -7.51638 1.39584
      vertex 5.35557 -7.66853 0.847785
    endloop
  endfacet
  facet normal -0.605628 -0.365087 -0.707055
    outer loop
      vertex 5.35557 -7.66853 0.847785
      vertex 4.62401 -7.51638 1.39584
      vertex 5.2714 -7.61808 0.893831
    endloop
  endfacet
  facet normal -0.605612 -0.365194 -0.707013
    outer loop
      vertex 5.2714 -7.61808 0.893831
      vertex 4.62401 -7.51638 1.39584
      vertex 5.18268 -7.57612 0.948153
    endloop
  endfacet
  facet normal -0.605592 -0.365305 -0.706973
    outer loop
      vertex 5.18268 -7.57612 0.948153
      vertex 4.62401 -7.51638 1.39584
      vertex 5.09028 -7.54306 1.01022
    endloop
  endfacet
  facet normal -0.605692 -0.364842 -0.707126
    outer loop
      vertex 5.09028 -7.54306 1.01022
      vertex 4.62401 -7.51638 1.39584
      vertex 4.99509 -7.51921 1.07945
    endloop
  endfacet
  facet normal -0.605567 -0.365344 -0.706975
    outer loop
      vertex 4.99509 -7.51921 1.07945
      vertex 4.62401 -7.51638 1.39584
      vertex 4.89802 -7.50482 1.15516
    endloop
  endfacet
  facet normal -0.605582 -0.36529 -0.706989
    outer loop
      vertex 4.89802 -7.50482 1.15516
      vertex 4.62401 -7.51638 1.39584
      vertex 4.8 -7.5 1.23663
    endloop
  endfacet
  facet normal -0.605543 -0.365411 -0.70696
    outer loop
      vertex 4.8 -7.5 1.23663
      vertex 4.62401 -7.51638 1.39584
      vertex 4.70198 -7.50482 1.32308
    endloop
  endfacet
  facet normal -0.612581 -0.353197 -0.707105
    outer loop
      vertex 5.41594 -6.62588 0.257648
      vertex 5.41479 -6.62443 0.25792
      vertex 5.63907 -6.49706 3.8147e-07
    endloop
  endfacet
  facet normal -0.571618 -0.419858 0.704963
    outer loop
      vertex 4.62401 -7.51638 3.36985
      vertex 5.8 -8.5 3.73758
      vertex 5.79518 -8.40198 3.79205
    endloop
  endfacet
  facet normal -0.571626 -0.419878 0.704944
    outer loop
      vertex 4.62401 -7.51638 3.36985
      vertex 5.79518 -8.40198 3.79205
      vertex 5.78078 -8.30491 3.83819
    endloop
  endfacet
  facet normal -0.571604 -0.41981 0.705003
    outer loop
      vertex 4.62401 -7.51638 3.36985
      vertex 5.78078 -8.30491 3.83819
      vertex 5.75694 -8.20971 3.87555
    endloop
  endfacet
  facet normal -0.571618 -0.419868 0.704957
    outer loop
      vertex 4.62401 -7.51638 3.36985
      vertex 5.75694 -8.20971 3.87555
      vertex 5.72388 -8.11732 3.90377
    endloop
  endfacet
  facet normal -0.571622 -0.419886 0.704943
    outer loop
      vertex 4.62401 -7.51638 3.36985
      vertex 5.72388 -8.11732 3.90377
      vertex 5.68192 -8.0286 3.92259
    endloop
  endfacet
  facet normal -0.571616 -0.41984 0.704975
    outer loop
      vertex 4.62401 -7.51638 3.36985
      vertex 5.68192 -8.0286 3.92259
      vertex 5.63147 -7.94443 3.93181
    endloop
  endfacet
  facet normal -0.571616 -0.419848 0.70497
    outer loop
      vertex 4.62401 -7.51638 3.36985
      vertex 5.63147 -7.94443 3.93181
      vertex 5.57301 -7.86561 3.93135
    endloop
  endfacet
  facet normal -0.571616 -0.4198 0.704999
    outer loop
      vertex 4.62401 -7.51638 3.36985
      vertex 5.57301 -7.86561 3.93135
      vertex 5.50711 -7.79289 3.92122
    endloop
  endfacet
  facet normal -0.571611 -0.419931 0.704925
    outer loop
      vertex 4.62401 -7.51638 3.36985
      vertex 5.50711 -7.79289 3.92122
      vertex 5.43439 -7.72699 3.90151
    endloop
  endfacet
  facet normal -0.571613 -0.41991 0.704936
    outer loop
      vertex 4.62401 -7.51638 3.36985
      vertex 5.43439 -7.72699 3.90151
      vertex 5.35557 -7.66853 3.87242
    endloop
  endfacet
  facet normal -0.571635 -0.419736 0.705021
    outer loop
      vertex 4.62401 -7.51638 3.36985
      vertex 5.35557 -7.66853 3.87242
      vertex 5.2714 -7.61808 3.83421
    endloop
  endfacet
  facet normal -0.571589 -0.420006 0.704898
    outer loop
      vertex 4.62401 -7.51638 3.36985
      vertex 5.2714 -7.61808 3.83421
      vertex 5.18268 -7.57612 3.78727
    endloop
  endfacet
  facet normal -0.571604 -0.419934 0.704928
    outer loop
      vertex 4.62401 -7.51638 3.36985
      vertex 5.18268 -7.57612 3.78727
      vertex 5.09028 -7.54306 3.73204
    endloop
  endfacet
  facet normal -0.57169 -0.419588 0.705065
    outer loop
      vertex 4.62401 -7.51638 3.36985
      vertex 5.09028 -7.54306 3.73204
      vertex 4.99509 -7.51921 3.66905
    endloop
  endfacet
  facet normal -0.57152 -0.420184 0.704848
    outer loop
      vertex 4.62401 -7.51638 3.36985
      vertex 4.99509 -7.51921 3.66905
      vertex 4.89802 -7.50482 3.59892
    endloop
  endfacet
  facet normal -0.571619 -0.419877 0.704951
    outer loop
      vertex 4.62401 -7.51638 3.36985
      vertex 4.89802 -7.50482 3.59892
      vertex 4.8 -7.5 3.52231
    endloop
  endfacet
  facet normal -0.571038 -0.421496 0.704455
    outer loop
      vertex 4.62401 -7.51638 3.36985
      vertex 4.8 -7.5 3.52231
      vertex 4.70198 -7.50482 3.43997
    endloop
  endfacet
  facet normal -0.57162 -0.419863 0.704958
    outer loop
      vertex 5.8 -8.5 3.73758
      vertex 4.62401 -7.51638 3.36985
      vertex 5.8 -9.354 3.22895
    endloop
  endfacet
  facet normal -0.499997 0.866027 0
    outer loop
      vertex 8.57346 -4.79134 3.39411
      vertex 7.78066 -5.24906 3.39411
      vertex 7.78066 -5.24906 4.30956
    endloop
  endfacet
  facet normal -0.842266 -0.539062 2.88498e-05
    outer loop
      vertex 8.69386 -13.876 1.19386
      vertex 9.19781 -14.6634 1.27363
      vertex 9.19205 -14.6544 1.27739
    endloop
  endfacet
  facet normal -0.842286 -0.539031 0.000464694
    outer loop
      vertex 9.19781 -14.6634 1.27363
      vertex 8.69386 -13.876 1.19386
      vertex 9.38404 -14.9545 1.15961
    endloop
  endfacet
  facet normal -0.842265 -0.539064 -0
    outer loop
      vertex 9.19205 -14.6544 1.38178
      vertex 8.69386 -13.876 1.19386
      vertex 9.19205 -14.6544 1.27739
    endloop
  endfacet
  facet normal -0.842265 -0.539064 0
    outer loop
      vertex 8.69386 -13.876 1.19386
      vertex 9.19205 -14.6544 1.38178
      vertex 9.19205 -14.6544 1.69205
    endloop
  endfacet
  facet normal -0.842289 -0.539025 -0
    outer loop
      vertex 5.8 -9.354 3.22895
      vertex 4.62401 -7.51638 1.39584
      vertex 5.8 -9.354 1.33748
    endloop
  endfacet
  facet normal -0.842289 -0.539025 0
    outer loop
      vertex 4.62401 -7.51638 1.39584
      vertex 5.8 -9.354 3.22895
      vertex 4.62401 -7.51638 3.36985
    endloop
  endfacet
  facet normal 0.619013 0.341929 -0.707041
    outer loop
      vertex 13.4128 -14.1333 1.12471
      vertex 7.36093 -5.50294 3.8147e-07
      vertex 8.57846 -4.8 1.40589
    endloop
  endfacet
  facet normal 0.499722 -0.866186 0
    outer loop
      vertex 11.0613 -15.4909 0.12
      vertex 10.9573 -15.5509 0.12
      vertex 11.0613 -15.4909 3.8147e-07
    endloop
  endfacet
  facet normal 0.61237 0.353562 -0.707105
    outer loop
      vertex 7.36093 -5.50294 3.8147e-07
      vertex 8.57346 -4.79134 1.40589
      vertex 8.57846 -4.8 1.40589
    endloop
  endfacet
  facet normal 0.61237 0.353562 -0.707105
    outer loop
      vertex 8.57346 -4.79134 1.40589
      vertex 7.36093 -5.50294 3.8147e-07
      vertex 7.35593 -5.49428 3.8147e-07
    endloop
  endfacet
  facet normal 0.612371 0.353563 0.707103
    outer loop
      vertex 8.57346 -4.79134 3.39411
      vertex 7.78597 -5.25755 4.30921
      vertex 8.57846 -4.8 3.39411
    endloop
  endfacet
  facet normal 0.612247 0.353774 0.707105
    outer loop
      vertex 7.78597 -5.25755 4.30921
      vertex 8.57346 -4.79134 3.39411
      vertex 7.78066 -5.24906 4.30956
    endloop
  endfacet
  facet normal -0.605446 -0.365033 -0.707238
    outer loop
      vertex 10.3577 -14.5564 0.12
      vertex 11.0613 -15.4909 3.8147e-07
      vertex 10.9573 -15.5509 0.12
    endloop
  endfacet
  facet normal -0.605648 -0.365119 -0.707021
    outer loop
      vertex 8.12977 -11.8479 0.629769
      vertex 10.3577 -14.5564 0.12
      vertex 9.54511 -14.8886 0.987636
    endloop
  endfacet
  facet normal -0.605387 -0.364978 -0.707317
    outer loop
      vertex 10.3577 -14.5564 0.12
      vertex 7.5 -9.5838 3.8147e-07
      vertex 11.0613 -15.4909 3.8147e-07
    endloop
  endfacet
  facet normal -0.605653 -0.365124 -0.707014
    outer loop
      vertex 7.5 -9.5838 3.8147e-07
      vertex 10.3577 -14.5564 0.12
      vertex 8.12977 -11.8479 0.629769
    endloop
  endfacet
  facet normal -0.605635 -0.365124 -0.70703
    outer loop
      vertex 6.06887 -7.42041 0.108674
      vertex 5.63907 -6.49706 3.8147e-07
      vertex 6.54516 -8 3.8147e-07
    endloop
  endfacet
  facet normal -0.499998 0.866027 -1.42705e-06
    outer loop
      vertex 7.35593 -5.49428 3.8147e-07
      vertex 7.46198 -5.43305 1.40589
      vertex 8.57346 -4.79134 1.40589
    endloop
  endfacet
  facet normal -0.499993 0.866029 2.49404e-05
    outer loop
      vertex 6.70195 -5.87186 0.399026
      vertex 7.35593 -5.49428 3.8147e-07
      vertex 6.55493 -5.95674 0.383111
    endloop
  endfacet
  facet normal -0.500005 0.866023 -7.53157e-07
    outer loop
      vertex 7.46198 -5.43305 1.40589
      vertex 7.35593 -5.49428 3.8147e-07
      vertex 6.70195 -5.87186 0.399026
    endloop
  endfacet
  facet normal -0.499997 0.866027 0
    outer loop
      vertex 8.57346 -4.79134 3.39411
      vertex 7.78066 -5.24906 1.82807
      vertex 7.78066 -5.24906 3.39411
    endloop
  endfacet
  facet normal -0.499997 0.866027 0
    outer loop
      vertex 8.57346 -4.79134 1.40589
      vertex 7.78066 -5.24906 1.82807
      vertex 8.57346 -4.79134 3.39411
    endloop
  endfacet
  facet normal -0.499998 0.866027 -1.96074e-06
    outer loop
      vertex 7.78066 -5.24906 1.82807
      vertex 8.57346 -4.79134 1.40589
      vertex 7.46198 -5.43305 1.40589
    endloop
  endfacet
  facet normal 0 0 -1
    outer loop
      vertex 7.5 -9.5838 3.8147e-07
      vertex 12.4387 -14.6956 3.8147e-07
      vertex 11.0613 -15.4909 3.8147e-07
    endloop
  endfacet
  facet normal 0 0 -1
    outer loop
      vertex 7.5 -8 3.8147e-07
      vertex 12.4387 -14.6956 3.8147e-07
      vertex 7.5 -9.5838 3.8147e-07
    endloop
  endfacet
  facet normal 0 0 -1
    outer loop
      vertex 7.5 -8 3.8147e-07
      vertex 7.36093 -5.50294 3.8147e-07
      vertex 12.4387 -14.6956 3.8147e-07
    endloop
  endfacet
  facet normal 0 0 -1
    outer loop
      vertex 6.54516 -8 3.8147e-07
      vertex 7.36093 -5.50294 3.8147e-07
      vertex 7.5 -8 3.8147e-07
    endloop
  endfacet
  facet normal 0 0 -1
    outer loop
      vertex 5.63907 -6.49706 3.8147e-07
      vertex 7.36093 -5.50294 3.8147e-07
      vertex 6.54516 -8 3.8147e-07
    endloop
  endfacet
  facet normal -0 0 -1
    outer loop
      vertex 7.36093 -5.50294 3.8147e-07
      vertex 5.63907 -6.49706 3.8147e-07
      vertex 7.35593 -5.49428 3.8147e-07
    endloop
  endfacet
  facet normal 0 0 -1
    outer loop
      vertex 7.35593 -5.49428 3.8147e-07
      vertex 5.63907 -6.49706 3.8147e-07
      vertex 5.63407 -6.4884 3.8147e-07
    endloop
  endfacet
  facet normal 0.0455262 -0.0788502 0.995846
    outer loop
      vertex 9.5 -11.2767 4.24505
      vertex 12.0772 -14.0412 3.90834
      vertex 9.5 -9.37544 4.39559
    endloop
  endfacet
  facet normal 0.045527 -0.0788495 0.995846
    outer loop
      vertex 12.0772 -14.0412 3.90834
      vertex 9.5 -11.2767 4.24505
      vertex 10.6375 -14.3472 3.94993
    endloop
  endfacet
  facet normal 0.045519 -0.0788524 0.995847
    outer loop
      vertex 9.5 -12.9012 4.11642
      vertex 10.6375 -14.3472 3.94993
      vertex 9.5 -11.2767 4.24505
    endloop
  endfacet
  facet normal 0.0455218 -0.0788502 0.995847
    outer loop
      vertex 10.6375 -14.3472 3.94993
      vertex 9.5 -12.9012 4.11642
      vertex 10.4598 -14.385 3.95506
    endloop
  endfacet
  facet normal 0.0454794 -0.0788776 0.995846
    outer loop
      vertex 10.4598 -14.385 3.95506
      vertex 9.5 -12.9012 4.11642
      vertex 10.4019 -14.3973 3.95673
    endloop
  endfacet
  facet normal 0.866019 0.500011 0
    outer loop
      vertex 8.57846 -4.8 3.39411
      vertex 8.57346 -4.79134 1.40589
      vertex 8.57346 -4.79134 3.39411
    endloop
  endfacet
  facet normal 0.866019 0.500011 0
    outer loop
      vertex 8.57346 -4.79134 1.40589
      vertex 8.57846 -4.8 3.39411
      vertex 8.57846 -4.8 1.40589
    endloop
  endfacet
  facet normal 0.500027 -0.86601 -0.000488575
    outer loop
      vertex 12.4387 -14.6956 3.8147e-07
      vertex 11.3122 -15.3461 0.12
      vertex 11.0613 -15.4909 3.8147e-07
    endloop
  endfacet
  facet normal 0.500319 -0.865841 -0.000337698
    outer loop
      vertex 12.4387 -14.6956 3.8147e-07
      vertex 13.0949 -14.3168 0.97267
      vertex 12.4006 -14.7177 0.216019
    endloop
  endfacet
  facet normal 0.499527 -0.866298 -0.000524101
    outer loop
      vertex 12.4387 -14.6956 3.8147e-07
      vertex 12.4006 -14.7177 0.216019
      vertex 12.3124 -14.7685 0.12
    endloop
  endfacet
  facet normal 0.499907 -0.866079 3.23369e-05
    outer loop
      vertex 13.0949 -14.3168 0.97267
      vertex 12.4387 -14.6956 3.8147e-07
      vertex 13.4128 -14.1333 1.12471
    endloop
  endfacet
  facet normal 0.500087 -0.865975 0.000261906
    outer loop
      vertex 11.3122 -15.3461 0.12
      vertex 12.4387 -14.6956 3.8147e-07
      vertex 12.3124 -14.7685 0.12
    endloop
  endfacet
  facet normal 0.887957 0.459926 0
    outer loop
      vertex 13.2373 -13.7946 2.73992
      vertex 8.57846 -4.8 1.40589
      vertex 8.57846 -4.8 3.39411
    endloop
  endfacet
  facet normal 0.887957 0.459926 -0
    outer loop
      vertex 13.2373 -13.7946 1.20947
      vertex 8.57846 -4.8 1.40589
      vertex 13.2373 -13.7946 2.73992
    endloop
  endfacet
  facet normal 0.887964 0.459913 0.000769719
    outer loop
      vertex 13.2373 -13.7946 1.20947
      vertex 13.4128 -14.1333 1.12471
      vertex 8.57846 -4.8 1.40589
    endloop
  endfacet
  facet normal 0.887278 0.461198 -0.00578654
    outer loop
      vertex 13.2421 -13.8038 1.21222
      vertex 13.4128 -14.1333 1.12471
      vertex 13.2373 -13.7946 1.20947
    endloop
  endfacet
  facet normal 0.887922 0.459995 -0
    outer loop
      vertex 13.4128 -14.1333 1.12471
      vertex 13.2421 -13.8038 1.21222
      vertex 13.4128 -14.1333 1.31909
    endloop
  endfacet
  facet normal 0.649425 0.285103 0.704956
    outer loop
      vertex 9.5 -8.5534 4.06314
      vertex 13.2373 -13.7946 2.73992
      vertex 9.5 -8 3.83933
    endloop
  endfacet
  facet normal 0.649425 0.285104 0.704956
    outer loop
      vertex 8.57846 -4.8 3.39411
      vertex 9.5 -8 3.83933
      vertex 13.2373 -13.7946 2.73992
    endloop
  endfacet
  facet normal 0.649421 0.285103 0.70496
    outer loop
      vertex 9.5 -8 3.83933
      vertex 8.57846 -4.8 3.39411
      vertex 7.78597 -5.25755 4.30921
    endloop
  endfacet
  facet normal 0.649439 0.285118 0.704937
    outer loop
      vertex 13.2373 -13.7946 2.73992
      vertex 9.5 -8.5534 4.06314
      vertex 13.1833 -13.8061 2.79432
    endloop
  endfacet
  facet normal 0.207938 -0.978142 -2.55063e-05
    outer loop
      vertex 13.6523 -21.8953 0.12
      vertex 11.1292 -22.4317 1.18848
      vertex 12.1743 -22.2095 0.12
    endloop
  endfacet
  facet normal 0.207926 -0.978144 -5.41673e-05
    outer loop
      vertex 14.6974 -21.6732 1.18848
      vertex 11.1292 -22.4317 1.18848
      vertex 13.6523 -21.8953 0.12
    endloop
  endfacet
  facet normal 0.691344 0.148145 -0.707175
    outer loop
      vertex 13.2421 -13.8038 1.21222
      vertex 13.4781 -13.7434 1.45559
      vertex 13.4802 -13.7532 1.45559
    endloop
  endfacet
  facet normal 0.6911 0.149184 -0.707196
    outer loop
      vertex 13.4781 -13.7434 1.45559
      vertex 13.2421 -13.8038 1.21222
      vertex 13.2373 -13.7946 1.20947
    endloop
  endfacet
  facet normal -0.668287 -0.241044 0.703768
    outer loop
      vertex 9.5 -16.4611 3.1976
      vertex 10.3262 -14.4236 4.68
      vertex 9.5 -14.5992 3.83531
    endloop
  endfacet
  facet normal -0.668269 -0.24106 0.70378
    outer loop
      vertex 10.3262 -14.4236 4.68
      vertex 9.5 -16.4611 3.1976
      vertex 11.1292 -22.4317 2.69953
    endloop
  endfacet
  facet normal 0.695019 0.13066 -0.70702
    outer loop
      vertex 14.6974 -21.6732 1.18848
      vertex 13.4128 -14.1333 1.31909
      vertex 13.4802 -13.7532 1.45559
    endloop
  endfacet
  facet normal 0.695023 0.130661 -0.707015
    outer loop
      vertex 14.6974 -21.6732 1.18848
      vertex 13.0949 -14.3168 0.97267
      vertex 13.4128 -14.1333 1.31909
    endloop
  endfacet
  facet normal 0.69504 0.130665 -0.706997
    outer loop
      vertex 13.0949 -14.3168 0.97267
      vertex 14.6974 -21.6732 1.18848
      vertex 12.4006 -14.7177 0.216019
    endloop
  endfacet
  facet normal 0.694954 0.130693 -0.707078
    outer loop
      vertex 13.4802 -13.7532 1.45559
      vertex 13.4128 -14.1333 1.31909
      vertex 13.2421 -13.8038 1.21222
    endloop
  endfacet
  facet normal 0.0235524 -0.110791 0.993565
    outer loop
      vertex 13.6523 -21.8953 3.768
      vertex 10.3262 -14.4236 4.68
      vertex 12.1743 -22.2095 3.768
    endloop
  endfacet
  facet normal 0.695041 0.130674 -0.706995
    outer loop
      vertex 12.3124 -14.7685 0.12
      vertex 14.6974 -21.6732 1.18848
      vertex 13.6523 -21.8953 0.12
    endloop
  endfacet
  facet normal 0.694784 0.130542 -0.707272
    outer loop
      vertex 14.6974 -21.6732 1.18848
      vertex 12.3124 -14.7685 0.12
      vertex 12.4006 -14.7177 0.216019
    endloop
  endfacet
  facet normal -0.688106 -0.163334 -0.706988
    outer loop
      vertex 12.1743 -22.2095 0.12
      vertex 9.54511 -14.8886 0.987636
      vertex 10.3577 -14.5564 0.12
    endloop
  endfacet
  facet normal -0.688071 -0.163317 -0.707026
    outer loop
      vertex 12.1743 -22.2095 0.12
      vertex 9.38404 -14.9545 1.15961
      vertex 9.54511 -14.8886 0.987636
    endloop
  endfacet
  facet normal -0.688086 -0.163325 -0.70701
    outer loop
      vertex 9.01982 -14.7013 1.45559
      vertex 9.38404 -14.9545 1.15961
      vertex 12.1743 -22.2095 0.12
    endloop
  endfacet
  facet normal -0.688062 -0.163242 -0.707052
    outer loop
      vertex 9.38404 -14.9545 1.15961
      vertex 9.01982 -14.7013 1.45559
      vertex 9.19781 -14.6634 1.27363
    endloop
  endfacet
  facet normal 0.207926 -0.978144 0
    outer loop
      vertex 11.1292 -22.4317 1.18848
      vertex 14.6974 -21.6732 2.69953
      vertex 11.1292 -22.4317 2.69953
    endloop
  endfacet
  facet normal 0.207926 -0.978144 0
    outer loop
      vertex 14.6974 -21.6732 2.69953
      vertex 11.1292 -22.4317 1.18848
      vertex 14.6974 -21.6732 1.18848
    endloop
  endfacet
  facet normal -0.207923 0.978145 0
    outer loop
      vertex 13.4781 -13.7434 3.34441
      vertex 12.1717 -14.0211 3.81322
      vertex 12.1717 -14.0211 4.68
    endloop
  endfacet
  facet normal -0.207941 0.978141 -5.17357e-05
    outer loop
      vertex 13.4781 -13.7434 3.34441
      vertex 13.1833 -13.8061 2.79432
      vertex 12.1717 -14.0211 3.81322
    endloop
  endfacet
  facet normal -0.208201 0.978086 9.40838e-05
    outer loop
      vertex 13.4781 -13.7434 3.34441
      vertex 13.2373 -13.7946 2.73992
      vertex 13.1833 -13.8061 2.79432
    endloop
  endfacet
  facet normal -0.207975 0.978134 0
    outer loop
      vertex 13.4781 -13.7434 1.45559
      vertex 13.2373 -13.7946 2.73992
      vertex 13.4781 -13.7434 3.34441
    endloop
  endfacet
  facet normal -0.207975 0.978134 0
    outer loop
      vertex 13.2373 -13.7946 2.73992
      vertex 13.4781 -13.7434 1.45559
      vertex 13.2373 -13.7946 1.20947
    endloop
  endfacet
  facet normal -0.97821 -0.20762 0
    outer loop
      vertex 9.01982 -14.7013 1.45559
      vertex 9.01774 -14.6915 1.51774
      vertex 9.01774 -14.6915 1.45559
    endloop
  endfacet
  facet normal -0.97821 -0.20762 0
    outer loop
      vertex 9.01774 -14.6915 1.51774
      vertex 9.01982 -14.7013 1.45559
      vertex 9.01982 -14.7013 1.51982
    endloop
  endfacet
  facet normal 0.988395 0.151903 0
    outer loop
      vertex 14.6974 -21.6732 2.69953
      vertex 13.4802 -13.7532 1.45559
      vertex 13.4802 -13.7532 3.34441
    endloop
  endfacet
  facet normal 0.988395 0.151903 0
    outer loop
      vertex 13.4802 -13.7532 1.45559
      vertex 14.6974 -21.6732 2.69953
      vertex 14.6974 -21.6732 1.18848
    endloop
  endfacet
  facet normal -0.208176 0.978091 0
    outer loop
      vertex 9.19205 -14.6544 1.38178
      vertex 9.01774 -14.6915 1.51774
      vertex 9.19205 -14.6544 1.69205
    endloop
  endfacet
  facet normal -0.208176 0.978091 0
    outer loop
      vertex 9.01774 -14.6915 1.51774
      vertex 9.19205 -14.6544 1.38178
      vertex 9.01774 -14.6915 1.45559
    endloop
  endfacet
  facet normal -0.207927 0.978144 0
    outer loop
      vertex 9.5 -14.589 3.11123
      vertex 9.5 -14.589 3.54863
      vertex 10.351 -14.4081 3.90901
    endloop
  endfacet
  facet normal -0.208054 0.978117 0.000318377
    outer loop
      vertex 12.1717 -14.0211 4.68
      vertex 10.6375 -14.3472 3.94993
      vertex 10.4598 -14.385 3.95506
    endloop
  endfacet
  facet normal -0.207901 0.97815 -1.83981e-05
    outer loop
      vertex 12.1717 -14.0211 4.68
      vertex 12.0772 -14.0412 3.90834
      vertex 10.6375 -14.3472 3.94993
    endloop
  endfacet
  facet normal -0.208044 0.978119 0
    outer loop
      vertex 12.0772 -14.0412 3.90834
      vertex 12.1717 -14.0211 4.68
      vertex 12.1717 -14.0211 3.81322
    endloop
  endfacet
  facet normal -0.208176 0.978091 0
    outer loop
      vertex 9.19205 -14.6544 1.27739
      vertex 9.01774 -14.6915 1.45559
      vertex 9.19205 -14.6544 1.38178
    endloop
  endfacet
  facet normal 0.691411 0.14816 0.707106
    outer loop
      vertex 13.4781 -13.7434 3.34441
      vertex 12.1738 -14.0309 4.68
      vertex 13.4802 -13.7532 3.34441
    endloop
  endfacet
  facet normal 0.691411 0.14816 0.707106
    outer loop
      vertex 12.1738 -14.0309 4.68
      vertex 13.4781 -13.7434 3.34441
      vertex 12.1717 -14.0211 4.68
    endloop
  endfacet
  facet normal 0.0235484 -0.110792 0.993565
    outer loop
      vertex 12.1738 -14.0309 4.68
      vertex 10.3262 -14.4236 4.68
      vertex 13.6523 -21.8953 3.768
    endloop
  endfacet
  facet normal -0.688093 -0.163329 -0.707002
    outer loop
      vertex 11.1292 -22.4317 1.18848
      vertex 9.01982 -14.7013 1.45559
      vertex 12.1743 -22.2095 0.12
    endloop
  endfacet
  facet normal 0 0 -1
    outer loop
      vertex 10.9573 -15.5509 0.12
      vertex 13.6523 -21.8953 0.12
      vertex 12.1743 -22.2095 0.12
    endloop
  endfacet
  facet normal 0 0 -1
    outer loop
      vertex 13.6523 -21.8953 0.12
      vertex 11.3122 -15.3461 0.12
      vertex 12.3124 -14.7685 0.12
    endloop
  endfacet
  facet normal 0 0 -1
    outer loop
      vertex 13.6523 -21.8953 0.12
      vertex 11.0613 -15.4909 0.12
      vertex 11.3122 -15.3461 0.12
    endloop
  endfacet
  facet normal 0 0 -1
    outer loop
      vertex 13.6523 -21.8953 0.12
      vertex 10.9573 -15.5509 0.12
      vertex 11.0613 -15.4909 0.12
    endloop
  endfacet
  facet normal -0 -0 -1
    outer loop
      vertex 10.9573 -15.5509 0.12
      vertex 12.1743 -22.2095 0.12
      vertex 10.3577 -14.5564 0.12
    endloop
  endfacet
  facet normal 0 0 1
    outer loop
      vertex 12.1717 -14.0211 4.68
      vertex 10.3262 -14.4236 4.68
      vertex 12.1738 -14.0309 4.68
    endloop
  endfacet
  facet normal 0 -0 1
    outer loop
      vertex 10.3262 -14.4236 4.68
      vertex 12.1717 -14.0211 4.68
      vertex 10.3242 -14.4138 4.68
    endloop
  endfacet
  facet normal -0.668267 -0.241061 0.703782
    outer loop
      vertex 12.1743 -22.2095 3.768
      vertex 10.3262 -14.4236 4.68
      vertex 11.1292 -22.4317 2.69953
    endloop
  endfacet
  facet normal 0.708548 0.0515927 0.703774
    outer loop
      vertex 14.6974 -21.6732 2.69953
      vertex 12.1738 -14.0309 4.68
      vertex 13.6523 -21.8953 3.768
    endloop
  endfacet
  facet normal -0.207913 0.978147 -3.07614e-05
    outer loop
      vertex 10.4598 -14.385 3.95506
      vertex 10.3242 -14.4138 4.68
      vertex 12.1717 -14.0211 4.68
    endloop
  endfacet
  facet normal -0.207798 0.978172 -8.43502e-06
    outer loop
      vertex 10.3242 -14.4138 4.68
      vertex 10.4598 -14.385 3.95506
      vertex 10.4019 -14.3973 3.95673
    endloop
  endfacet
  facet normal -0.207575 0.978219 1.66568e-05
    outer loop
      vertex 10.351 -14.4081 3.90901
      vertex 10.3242 -14.4138 4.68
      vertex 10.4019 -14.3973 3.95673
    endloop
  endfacet
  facet normal -0.207928 0.978144 3.8351e-06
    outer loop
      vertex 10.351 -14.4081 3.90901
      vertex 9.5 -14.589 3.83744
      vertex 10.3242 -14.4138 4.68
    endloop
  endfacet
  facet normal -0.207927 0.978144 0
    outer loop
      vertex 9.5 -14.589 3.83744
      vertex 10.351 -14.4081 3.90901
      vertex 9.5 -14.589 3.54863
    endloop
  endfacet
  facet normal 0.977802 0.209529 0
    outer loop
      vertex 13.4802 -13.7532 3.34441
      vertex 13.4781 -13.7434 1.45559
      vertex 13.4781 -13.7434 3.34441
    endloop
  endfacet
  facet normal 0.977802 0.209529 0
    outer loop
      vertex 13.4781 -13.7434 1.45559
      vertex 13.4802 -13.7532 3.34441
      vertex 13.4802 -13.7532 1.45559
    endloop
  endfacet
  facet normal -0.691579 -0.147181 -0.707146
    outer loop
      vertex 9.01982 -14.7013 1.45559
      vertex 9.19205 -14.6544 1.27739
      vertex 9.19781 -14.6634 1.27363
    endloop
  endfacet
  facet normal -0.691671 -0.146804 -0.707135
    outer loop
      vertex 9.19205 -14.6544 1.27739
      vertex 9.01982 -14.7013 1.45559
      vertex 9.01774 -14.6915 1.45559
    endloop
  endfacet
  facet normal -0.964731 -0.263237 0
    outer loop
      vertex 9.01982 -14.7013 1.45559
      vertex 9.5 -16.4611 2
      vertex 9.01982 -14.7013 1.51982
    endloop
  endfacet
  facet normal -0.964729 -0.263243 -2.1332e-05
    outer loop
      vertex 11.1292 -22.4317 1.18848
      vertex 9.5 -16.4611 2
      vertex 9.01982 -14.7013 1.45559
    endloop
  endfacet
  facet normal -0.964729 -0.263246 -0
    outer loop
      vertex 11.1292 -22.4317 2.69953
      vertex 9.5 -16.4611 2
      vertex 11.1292 -22.4317 1.18848
    endloop
  endfacet
  facet normal -0.964729 -0.263246 0
    outer loop
      vertex 9.5 -16.4611 2
      vertex 11.1292 -22.4317 2.69953
      vertex 9.5 -16.4611 3.1976
    endloop
  endfacet
  facet normal 0.207938 -0.978142 2.55065e-05
    outer loop
      vertex 12.1743 -22.2095 3.768
      vertex 11.1292 -22.4317 2.69953
      vertex 13.6523 -21.8953 3.768
    endloop
  endfacet
  facet normal 0.207926 -0.978144 5.41678e-05
    outer loop
      vertex 13.6523 -21.8953 3.768
      vertex 11.1292 -22.4317 2.69953
      vertex 14.6974 -21.6732 2.69953
    endloop
  endfacet
  facet normal -0.692815 -0.141391 0.707118
    outer loop
      vertex 9.5 -14.589 3.83744
      vertex 10.3262 -14.4236 4.68
      vertex 10.3242 -14.4138 4.68
    endloop
  endfacet
  facet normal -0.691533 -0.147657 0.707092
    outer loop
      vertex 10.3262 -14.4236 4.68
      vertex 9.5 -14.589 3.83744
      vertex 9.5 -14.5992 3.83531
    endloop
  endfacet
  facet normal 0.708541 0.0515885 0.703782
    outer loop
      vertex 13.4802 -13.7532 3.34441
      vertex 12.1738 -14.0309 4.68
      vertex 14.6974 -21.6732 2.69953
    endloop
  endfacet
  facet normal 1 0 0
    outer loop
      vertex 2.5 0 1.5
      vertex 2.5 5 5.5
      vertex 2.5 0 5.5
    endloop
  endfacet
  facet normal 1 0 0
    outer loop
      vertex 2.5 5 5.5
      vertex 2.5 0 1.5
      vertex 2.5 5 0
    endloop
  endfacet
  facet normal 1 0 0
    outer loop
      vertex 2.5 -0.00999928 0
      vertex 2.5 0 1.5
      vertex 2.5 -0.00999928 1.49813
    endloop
  endfacet
  facet normal 1 0 0
    outer loop
      vertex 2.5 0 1.5
      vertex 2.5 -0.00999928 0
      vertex 2.5 5 0
    endloop
  endfacet
  facet normal 0 1 -0
    outer loop
      vertex 2.5 5 0
      vertex -2.5 5 5.5
      vertex 2.5 5 5.5
    endloop
  endfacet
  facet normal 0 1 0
    outer loop
      vertex -2.5 5 5.5
      vertex 2.5 5 0
      vertex -2.5 5 0
    endloop
  endfacet
  facet normal 0 -1 0
    outer loop
      vertex -2.5 -0.00999928 0
      vertex 2.5 -0.00999928 1.49813
      vertex -2.5 -0.00999928 1.49813
    endloop
  endfacet
  facet normal 0 -1 -0
    outer loop
      vertex 2.5 -0.00999928 1.49813
      vertex -2.5 -0.00999928 0
      vertex 2.5 -0.00999928 0
    endloop
  endfacet
  facet normal -1 0 0
    outer loop
      vertex -2.5 5 0
      vertex -2.5 0 1.5
      vertex -2.5 5 5.5
    endloop
  endfacet
  facet normal -1 0 0
    outer loop
      vertex -2.5 -0.00999928 0
      vertex -2.5 0 1.5
      vertex -2.5 5 0
    endloop
  endfacet
  facet normal -1 0 0
    outer loop
      vertex -2.5 0 1.5
      vertex -2.5 -0.00999928 0
      vertex -2.5 -0.00999928 1.49813
    endloop
  endfacet
  facet normal -1 -0 0
    outer loop
      vertex -2.5 5 5.5
      vertex -2.5 0 1.5
      vertex -2.5 0 5.5
    endloop
  endfacet
  facet normal 0 0 -1
    outer loop
      vertex -2.5 -0.00999928 0
      vertex 2.5 5 0
      vertex 2.5 -0.00999928 0
    endloop
  endfacet
  facet normal -0 0 -1
    outer loop
      vertex 2.5 5 0
      vertex -2.5 -0.00999928 0
      vertex -2.5 5 0
    endloop
  endfacet
  facet normal -0 0 1
    outer loop
      vertex -2.5 5 5.5
      vertex 2.5 0 5.5
      vertex 2.5 5 5.5
    endloop
  endfacet
  facet normal 0 0 1
    outer loop
      vertex 2.5 0 5.5
      vertex -2.5 5 5.5
      vertex -2.5 0 5.5
    endloop
  endfacet
endsolid OpenSCAD_Model
