solid OpenSCAD_Model
  facet normal 1 0 0
    outer loop
      vertex 8.5 21.65 17.3
      vertex 8.5 10.5 10.3
      vertex 8.5 21.65 3
    endloop
  endfacet
  facet normal 1 0 0
    outer loop
      vertex 8.5 21.65 17.3
      vertex 8.5 5.5 16.3
      vertex 8.5 10.5 10.3
    endloop
  endfacet
  facet normal 1 0 0
    outer loop
      vertex 8.5 5.5 16.3
      vertex 8.5 -10.65 17.3
      vertex 8.5 0.5 10.3
    endloop
  endfacet
  facet normal 1 -0 0
    outer loop
      vertex 8.5 -10.65 17.3
      vertex 8.5 5.5 16.3
      vertex 8.5 21.65 17.3
    endloop
  endfacet
  facet normal 1 -0 0
    outer loop
      vertex 8.5 5.5 4.3
      vertex 8.5 21.65 3
      vertex 8.5 10.5 10.3
    endloop
  endfacet
  facet normal 1 0 0
    outer loop
      vertex 8.5 -10.65 3
      vertex 8.5 0.5 10.3
      vertex 8.5 -10.65 17.3
    endloop
  endfacet
  facet normal 1 0 0
    outer loop
      vertex 8.5 5.5 4.3
      vertex 8.5 -10.65 3
      vertex 8.5 21.65 3
    endloop
  endfacet
  facet normal 1 0 0
    outer loop
      vertex 8.5 0.5 10.3
      vertex 8.5 -10.65 3
      vertex 8.5 5.5 4.3
    endloop
  endfacet
  facet normal 0 0.707107 -0.707107
    outer loop
      vertex -15.5 21.65 7.62939e-07
      vertex 15.5 22.65 1
      vertex 15.5 21.65 7.62939e-07
    endloop
  endfacet
  facet normal 0 0.707107 -0.707107
    outer loop
      vertex 15.5 22.65 1
      vertex -15.5 21.65 7.62939e-07
      vertex -15.5 22.65 1
    endloop
  endfacet
  facet normal 0.57735 -0.57735 0.57735
    outer loop
      vertex 7.5 -10.65 18.3
      vertex 7.5 -11.65 17.3
      vertex 8.5 -10.65 17.3
    endloop
  endfacet
  facet normal 0.707107 -0.707107 0
    outer loop
      vertex 7.5 -11.65 17.3
      vertex 8.5 -10.65 3
      vertex 8.5 -10.65 17.3
    endloop
  endfacet
  facet normal 0.707107 -0.707107 0
    outer loop
      vertex 8.5 -10.65 3
      vertex 7.5 -11.65 17.3
      vertex 7.5 -11.65 2
    endloop
  endfacet
  facet normal -0.707107 0.707107 0
    outer loop
      vertex -8.5 21.65 3
      vertex -7.5 22.65 17.3
      vertex -7.5 22.65 2
    endloop
  endfacet
  facet normal -0.707107 0.707107 0
    outer loop
      vertex -7.5 22.65 17.3
      vertex -8.5 21.65 3
      vertex -8.5 21.65 17.3
    endloop
  endfacet
  facet normal 0 -0.707107 0.707107
    outer loop
      vertex -7.5 -11.65 17.3
      vertex 7.5 -10.65 18.3
      vertex -7.5 -10.65 18.3
    endloop
  endfacet
  facet normal 0 -0.707107 0.707107
    outer loop
      vertex 7.5 -10.65 18.3
      vertex -7.5 -11.65 17.3
      vertex 7.5 -11.65 17.3
    endloop
  endfacet
  facet normal -0.707107 -0.707107 -0
    outer loop
      vertex -7.5 -11.65 17.3
      vertex -8.5 -10.65 3
      vertex -7.5 -11.65 2
    endloop
  endfacet
  facet normal -0.707107 -0.707107 0
    outer loop
      vertex -8.5 -10.65 3
      vertex -7.5 -11.65 17.3
      vertex -8.5 -10.65 17.3
    endloop
  endfacet
  facet normal -1 0 0
    outer loop
      vertex -8.5 21.65 3
      vertex -8.5 10.5 10.3
      vertex -8.5 21.65 17.3
    endloop
  endfacet
  facet normal -1 0 0
    outer loop
      vertex -8.5 21.65 3
      vertex -8.5 5.5 4.3
      vertex -8.5 10.5 10.3
    endloop
  endfacet
  facet normal -1 -0 0
    outer loop
      vertex -8.5 5.5 4.3
      vertex -8.5 -10.65 3
      vertex -8.5 0.5 10.3
    endloop
  endfacet
  facet normal -1 0 0
    outer loop
      vertex -8.5 -10.65 3
      vertex -8.5 5.5 4.3
      vertex -8.5 21.65 3
    endloop
  endfacet
  facet normal -1 0 0
    outer loop
      vertex -8.5 5.5 16.3
      vertex -8.5 21.65 17.3
      vertex -8.5 10.5 10.3
    endloop
  endfacet
  facet normal -1 0 0
    outer loop
      vertex -8.5 -10.65 17.3
      vertex -8.5 0.5 10.3
      vertex -8.5 -10.65 3
    endloop
  endfacet
  facet normal -1 0 0
    outer loop
      vertex -8.5 5.5 16.3
      vertex -8.5 -10.65 17.3
      vertex -8.5 21.65 17.3
    endloop
  endfacet
  facet normal -1 0 0
    outer loop
      vertex -8.5 0.5 10.3
      vertex -8.5 -10.65 17.3
      vertex -8.5 5.5 16.3
    endloop
  endfacet
  facet normal 0.707107 -0 0.707107
    outer loop
      vertex 7.5 -10.65 18.3
      vertex 8.5 21.65 17.3
      vertex 7.5 21.65 18.3
    endloop
  endfacet
  facet normal 0.707107 0 0.707107
    outer loop
      vertex 8.5 21.65 17.3
      vertex 7.5 -10.65 18.3
      vertex 8.5 -10.65 17.3
    endloop
  endfacet
  facet normal 0.707107 0.707107 -0
    outer loop
      vertex 8.5 21.65 3
      vertex 7.5 22.65 17.3
      vertex 8.5 21.65 17.3
    endloop
  endfacet
  facet normal 0.707107 0.707107 0
    outer loop
      vertex 7.5 22.65 17.3
      vertex 8.5 21.65 3
      vertex 7.5 22.65 2
    endloop
  endfacet
  facet normal 0.57735 0.57735 0.57735
    outer loop
      vertex 8.5 21.65 17.3
      vertex 7.5 22.65 17.3
      vertex 7.5 21.65 18.3
    endloop
  endfacet
  facet normal 0 -0.707107 -0.707107
    outer loop
      vertex -15.5 -11.65 1
      vertex 15.5 -10.65 7.62939e-07
      vertex 15.5 -11.65 1
    endloop
  endfacet
  facet normal -0 -0.707107 -0.707107
    outer loop
      vertex 15.5 -10.65 7.62939e-07
      vertex -15.5 -11.65 1
      vertex -15.5 -10.65 7.62939e-07
    endloop
  endfacet
  facet normal 0 0 1
    outer loop
      vertex 6.5 -6.3 18.3
      vertex 0.8923 -8.28253 18.3
      vertex 0.9 -8.4 18.3
    endloop
  endfacet
  facet normal 0 0 1
    outer loop
      vertex 6.5 -6.3 18.3
      vertex 0.869332 -8.16706 18.3
      vertex 0.8923 -8.28253 18.3
    endloop
  endfacet
  facet normal 0 0 1
    outer loop
      vertex 6.5 -6.3 18.3
      vertex 0.831491 -8.05558 18.3
      vertex 0.869332 -8.16706 18.3
    endloop
  endfacet
  facet normal 0 0 1
    outer loop
      vertex 6.5 -6.3 18.3
      vertex 0.779423 -7.95 18.3
      vertex 0.831491 -8.05558 18.3
    endloop
  endfacet
  facet normal 0 0 1
    outer loop
      vertex 6.5 -6.3 18.3
      vertex 0.714018 -7.85211 18.3
      vertex 0.779423 -7.95 18.3
    endloop
  endfacet
  facet normal 0 0 1
    outer loop
      vertex 6.5 -6.3 18.3
      vertex 0.636395 -7.7636 18.3
      vertex 0.714018 -7.85211 18.3
    endloop
  endfacet
  facet normal 0 0 1
    outer loop
      vertex 6.5 -6.3 18.3
      vertex 0.547885 -7.68598 18.3
      vertex 0.636395 -7.7636 18.3
    endloop
  endfacet
  facet normal 0 0 1
    outer loop
      vertex 6.5 -6.3 18.3
      vertex 0.45 -7.62058 18.3
      vertex 0.547885 -7.68598 18.3
    endloop
  endfacet
  facet normal 0 0 1
    outer loop
      vertex 6.5 -6.3 18.3
      vertex 0.344415 -7.56851 18.3
      vertex 0.45 -7.62058 18.3
    endloop
  endfacet
  facet normal 0 0 1
    outer loop
      vertex 6.5 -6.3 18.3
      vertex 0.232937 -7.53067 18.3
      vertex 0.344415 -7.56851 18.3
    endloop
  endfacet
  facet normal 0 0 1
    outer loop
      vertex 6.5 -6.3 18.3
      vertex 0.117473 -7.5077 18.3
      vertex 0.232937 -7.53067 18.3
    endloop
  endfacet
  facet normal 0 0 1
    outer loop
      vertex 6.5 -6.3 18.3
      vertex 0 -7.5 18.3
      vertex 0.117473 -7.5077 18.3
    endloop
  endfacet
  facet normal -0 0 1
    outer loop
      vertex -6.5 -6.3 18.3
      vertex 0 -7.5 18.3
      vertex 6.5 -6.3 18.3
    endloop
  endfacet
  facet normal 0 0 1
    outer loop
      vertex -0.8923 -8.28253 18.3
      vertex -6.5 -6.3 18.3
      vertex -0.9 -8.4 18.3
    endloop
  endfacet
  facet normal 0 0 1
    outer loop
      vertex -0.869332 -8.16706 18.3
      vertex -6.5 -6.3 18.3
      vertex -0.8923 -8.28253 18.3
    endloop
  endfacet
  facet normal 0 0 1
    outer loop
      vertex -0.831491 -8.05558 18.3
      vertex -6.5 -6.3 18.3
      vertex -0.869332 -8.16706 18.3
    endloop
  endfacet
  facet normal 0 0 1
    outer loop
      vertex -0.779423 -7.95 18.3
      vertex -6.5 -6.3 18.3
      vertex -0.831491 -8.05558 18.3
    endloop
  endfacet
  facet normal 0 0 1
    outer loop
      vertex -0.714018 -7.85211 18.3
      vertex -6.5 -6.3 18.3
      vertex -0.779423 -7.95 18.3
    endloop
  endfacet
  facet normal 0 0 1
    outer loop
      vertex -0.636395 -7.7636 18.3
      vertex -6.5 -6.3 18.3
      vertex -0.714018 -7.85211 18.3
    endloop
  endfacet
  facet normal 0 0 1
    outer loop
      vertex -0.547885 -7.68598 18.3
      vertex -6.5 -6.3 18.3
      vertex -0.636395 -7.7636 18.3
    endloop
  endfacet
  facet normal 0 0 1
    outer loop
      vertex -0.45 -7.62058 18.3
      vertex -6.5 -6.3 18.3
      vertex -0.547885 -7.68598 18.3
    endloop
  endfacet
  facet normal 0 0 1
    outer loop
      vertex -0.344415 -7.56851 18.3
      vertex -6.5 -6.3 18.3
      vertex -0.45 -7.62058 18.3
    endloop
  endfacet
  facet normal 0 0 1
    outer loop
      vertex -0.232937 -7.53067 18.3
      vertex -6.5 -6.3 18.3
      vertex -0.344415 -7.56851 18.3
    endloop
  endfacet
  facet normal 0 0 1
    outer loop
      vertex -0.117473 -7.5077 18.3
      vertex -6.5 -6.3 18.3
      vertex -0.232937 -7.53067 18.3
    endloop
  endfacet
  facet normal 0 0 1
    outer loop
      vertex 0 -7.5 18.3
      vertex -6.5 -6.3 18.3
      vertex -0.117473 -7.5077 18.3
    endloop
  endfacet
  facet normal 0 0 1
    outer loop
      vertex 7.5 21.65 18.3
      vertex 6.5 17.3 18.3
      vertex 7.5 -10.65 18.3
    endloop
  endfacet
  facet normal -0 0 1
    outer loop
      vertex 0.8923 19.5175 18.3
      vertex 6.5 17.3 18.3
      vertex 7.5 21.65 18.3
    endloop
  endfacet
  facet normal 0 0 1
    outer loop
      vertex 6.5 17.3 18.3
      vertex 0.8923 19.5175 18.3
      vertex 0.9 19.4 18.3
    endloop
  endfacet
  facet normal 0 0 1
    outer loop
      vertex 7.5 21.65 18.3
      vertex 0.869332 19.6329 18.3
      vertex 0.8923 19.5175 18.3
    endloop
  endfacet
  facet normal 0 0 1
    outer loop
      vertex 7.5 21.65 18.3
      vertex 0.831491 19.7444 18.3
      vertex 0.869332 19.6329 18.3
    endloop
  endfacet
  facet normal 0 0 1
    outer loop
      vertex 7.5 21.65 18.3
      vertex 0.779423 19.85 18.3
      vertex 0.831491 19.7444 18.3
    endloop
  endfacet
  facet normal 0 0 1
    outer loop
      vertex 7.5 21.65 18.3
      vertex 0.714018 19.9479 18.3
      vertex 0.779423 19.85 18.3
    endloop
  endfacet
  facet normal 0 0 1
    outer loop
      vertex 7.5 21.65 18.3
      vertex 0.636395 20.0364 18.3
      vertex 0.714018 19.9479 18.3
    endloop
  endfacet
  facet normal 0 0 1
    outer loop
      vertex 7.5 21.65 18.3
      vertex 0.547885 20.114 18.3
      vertex 0.636395 20.0364 18.3
    endloop
  endfacet
  facet normal 0 0 1
    outer loop
      vertex 7.5 21.65 18.3
      vertex 0.45 20.1794 18.3
      vertex 0.547885 20.114 18.3
    endloop
  endfacet
  facet normal 0 0 1
    outer loop
      vertex 7.5 21.65 18.3
      vertex 0.344415 20.2315 18.3
      vertex 0.45 20.1794 18.3
    endloop
  endfacet
  facet normal 0 0 1
    outer loop
      vertex 7.5 21.65 18.3
      vertex 0.232937 20.2693 18.3
      vertex 0.344415 20.2315 18.3
    endloop
  endfacet
  facet normal 0 0 1
    outer loop
      vertex 7.5 21.65 18.3
      vertex 0.117473 20.2923 18.3
      vertex 0.232937 20.2693 18.3
    endloop
  endfacet
  facet normal 0 0 1
    outer loop
      vertex 7.5 21.65 18.3
      vertex 0 20.3 18.3
      vertex 0.117473 20.2923 18.3
    endloop
  endfacet
  facet normal -0 0 1
    outer loop
      vertex -7.5 21.65 18.3
      vertex 0 20.3 18.3
      vertex 7.5 21.65 18.3
    endloop
  endfacet
  facet normal 0 0 1
    outer loop
      vertex -0.8923 19.5175 18.3
      vertex -6.5 17.3 18.3
      vertex -0.9 19.4 18.3
    endloop
  endfacet
  facet normal 0 0 1
    outer loop
      vertex -7.5 21.65 18.3
      vertex -0.8923 19.5175 18.3
      vertex -0.869332 19.6329 18.3
    endloop
  endfacet
  facet normal 0 0 1
    outer loop
      vertex -7.5 21.65 18.3
      vertex -0.869332 19.6329 18.3
      vertex -0.831491 19.7444 18.3
    endloop
  endfacet
  facet normal 0 0 1
    outer loop
      vertex -7.5 21.65 18.3
      vertex -0.831491 19.7444 18.3
      vertex -0.779423 19.85 18.3
    endloop
  endfacet
  facet normal 0 0 1
    outer loop
      vertex -7.5 21.65 18.3
      vertex -0.779423 19.85 18.3
      vertex -0.714018 19.9479 18.3
    endloop
  endfacet
  facet normal 0 0 1
    outer loop
      vertex -7.5 21.65 18.3
      vertex -0.714018 19.9479 18.3
      vertex -0.636395 20.0364 18.3
    endloop
  endfacet
  facet normal 0 0 1
    outer loop
      vertex -7.5 21.65 18.3
      vertex -0.636395 20.0364 18.3
      vertex -0.547885 20.114 18.3
    endloop
  endfacet
  facet normal 0 0 1
    outer loop
      vertex -7.5 21.65 18.3
      vertex -0.547885 20.114 18.3
      vertex -0.45 20.1794 18.3
    endloop
  endfacet
  facet normal 0 0 1
    outer loop
      vertex -7.5 21.65 18.3
      vertex -0.45 20.1794 18.3
      vertex -0.344415 20.2315 18.3
    endloop
  endfacet
  facet normal 0 0 1
    outer loop
      vertex -6.5 17.3 18.3
      vertex -7.5 21.65 18.3
      vertex -6.5 -6.3 18.3
    endloop
  endfacet
  facet normal 0 0 1
    outer loop
      vertex -0.8923 19.5175 18.3
      vertex -7.5 21.65 18.3
      vertex -6.5 17.3 18.3
    endloop
  endfacet
  facet normal 0 0 1
    outer loop
      vertex -0.232937 20.2693 18.3
      vertex -7.5 21.65 18.3
      vertex -0.344415 20.2315 18.3
    endloop
  endfacet
  facet normal 0 0 1
    outer loop
      vertex -0.117473 20.2923 18.3
      vertex -7.5 21.65 18.3
      vertex -0.232937 20.2693 18.3
    endloop
  endfacet
  facet normal 0 0 1
    outer loop
      vertex 0 20.3 18.3
      vertex -7.5 21.65 18.3
      vertex -0.117473 20.2923 18.3
    endloop
  endfacet
  facet normal -0 0 1
    outer loop
      vertex 6.5 -6.3 18.3
      vertex 7.5 -10.65 18.3
      vertex 6.5 17.3 18.3
    endloop
  endfacet
  facet normal 0 0 1
    outer loop
      vertex 0.8923 -8.51747 18.3
      vertex 6.5 -6.3 18.3
      vertex 0.9 -8.4 18.3
    endloop
  endfacet
  facet normal 0 0 1
    outer loop
      vertex 6.5 -6.3 18.3
      vertex 0.8923 -8.51747 18.3
      vertex 7.5 -10.65 18.3
    endloop
  endfacet
  facet normal -0 0 1
    outer loop
      vertex 0.869332 -8.63294 18.3
      vertex 7.5 -10.65 18.3
      vertex 0.8923 -8.51747 18.3
    endloop
  endfacet
  facet normal -0 0 1
    outer loop
      vertex 0.831491 -8.74441 18.3
      vertex 7.5 -10.65 18.3
      vertex 0.869332 -8.63294 18.3
    endloop
  endfacet
  facet normal -0 0 1
    outer loop
      vertex 0.779423 -8.85 18.3
      vertex 7.5 -10.65 18.3
      vertex 0.831491 -8.74441 18.3
    endloop
  endfacet
  facet normal -0 0 1
    outer loop
      vertex 0.714018 -8.94788 18.3
      vertex 7.5 -10.65 18.3
      vertex 0.779423 -8.85 18.3
    endloop
  endfacet
  facet normal -0 0 1
    outer loop
      vertex 0.636395 -9.0364 18.3
      vertex 7.5 -10.65 18.3
      vertex 0.714018 -8.94788 18.3
    endloop
  endfacet
  facet normal -0 0 1
    outer loop
      vertex 0.547885 -9.11402 18.3
      vertex 7.5 -10.65 18.3
      vertex 0.636395 -9.0364 18.3
    endloop
  endfacet
  facet normal -0 0 1
    outer loop
      vertex 0.45 -9.17942 18.3
      vertex 7.5 -10.65 18.3
      vertex 0.547885 -9.11402 18.3
    endloop
  endfacet
  facet normal -0 0 1
    outer loop
      vertex 0.344415 -9.23149 18.3
      vertex 7.5 -10.65 18.3
      vertex 0.45 -9.17942 18.3
    endloop
  endfacet
  facet normal -0 0 1
    outer loop
      vertex 0.232937 -9.26933 18.3
      vertex 7.5 -10.65 18.3
      vertex 0.344415 -9.23149 18.3
    endloop
  endfacet
  facet normal -0 0 1
    outer loop
      vertex 0.117473 -9.2923 18.3
      vertex 7.5 -10.65 18.3
      vertex 0.232937 -9.26933 18.3
    endloop
  endfacet
  facet normal -0 0 1
    outer loop
      vertex 0 -9.3 18.3
      vertex 7.5 -10.65 18.3
      vertex 0.117473 -9.2923 18.3
    endloop
  endfacet
  facet normal 0 0 1
    outer loop
      vertex -7.5 -10.65 18.3
      vertex 0 -9.3 18.3
      vertex -0.117473 -9.2923 18.3
    endloop
  endfacet
  facet normal 0 0 1
    outer loop
      vertex -6.5 -6.3 18.3
      vertex -0.8923 -8.51747 18.3
      vertex -0.9 -8.4 18.3
    endloop
  endfacet
  facet normal 0 0 1
    outer loop
      vertex -7.5 -10.65 18.3
      vertex -0.8923 -8.51747 18.3
      vertex -6.5 -6.3 18.3
    endloop
  endfacet
  facet normal 0 0 1
    outer loop
      vertex -0.8923 -8.51747 18.3
      vertex -7.5 -10.65 18.3
      vertex -0.869332 -8.63294 18.3
    endloop
  endfacet
  facet normal 0 0 1
    outer loop
      vertex -0.869332 -8.63294 18.3
      vertex -7.5 -10.65 18.3
      vertex -0.831491 -8.74441 18.3
    endloop
  endfacet
  facet normal 0 0 1
    outer loop
      vertex -0.831491 -8.74441 18.3
      vertex -7.5 -10.65 18.3
      vertex -0.779423 -8.85 18.3
    endloop
  endfacet
  facet normal 0 0 1
    outer loop
      vertex -0.779423 -8.85 18.3
      vertex -7.5 -10.65 18.3
      vertex -0.714018 -8.94788 18.3
    endloop
  endfacet
  facet normal 0 0 1
    outer loop
      vertex -0.714018 -8.94788 18.3
      vertex -7.5 -10.65 18.3
      vertex -0.636395 -9.0364 18.3
    endloop
  endfacet
  facet normal 0 0 1
    outer loop
      vertex -0.636395 -9.0364 18.3
      vertex -7.5 -10.65 18.3
      vertex -0.547885 -9.11402 18.3
    endloop
  endfacet
  facet normal 0 0 1
    outer loop
      vertex -0.547885 -9.11402 18.3
      vertex -7.5 -10.65 18.3
      vertex -0.45 -9.17942 18.3
    endloop
  endfacet
  facet normal 0 0 1
    outer loop
      vertex 0 -9.3 18.3
      vertex -7.5 -10.65 18.3
      vertex 7.5 -10.65 18.3
    endloop
  endfacet
  facet normal 0 0 1
    outer loop
      vertex -0.232937 -9.26933 18.3
      vertex -7.5 -10.65 18.3
      vertex -0.117473 -9.2923 18.3
    endloop
  endfacet
  facet normal 0 0 1
    outer loop
      vertex -0.344415 -9.23149 18.3
      vertex -7.5 -10.65 18.3
      vertex -0.232937 -9.26933 18.3
    endloop
  endfacet
  facet normal 0 0 1
    outer loop
      vertex -0.45 -9.17942 18.3
      vertex -7.5 -10.65 18.3
      vertex -0.344415 -9.23149 18.3
    endloop
  endfacet
  facet normal 0 0 1
    outer loop
      vertex -7.5 -10.65 18.3
      vertex -6.5 -6.3 18.3
      vertex -7.5 21.65 18.3
    endloop
  endfacet
  facet normal -0 0 1
    outer loop
      vertex 0.8923 19.2825 18.3
      vertex 6.5 17.3 18.3
      vertex 0.9 19.4 18.3
    endloop
  endfacet
  facet normal -0 0 1
    outer loop
      vertex 0.869332 19.1671 18.3
      vertex 6.5 17.3 18.3
      vertex 0.8923 19.2825 18.3
    endloop
  endfacet
  facet normal -0 0 1
    outer loop
      vertex 0.831491 19.0556 18.3
      vertex 6.5 17.3 18.3
      vertex 0.869332 19.1671 18.3
    endloop
  endfacet
  facet normal -0 0 1
    outer loop
      vertex 0.779423 18.95 18.3
      vertex 6.5 17.3 18.3
      vertex 0.831491 19.0556 18.3
    endloop
  endfacet
  facet normal -0 0 1
    outer loop
      vertex 0.714018 18.8521 18.3
      vertex 6.5 17.3 18.3
      vertex 0.779423 18.95 18.3
    endloop
  endfacet
  facet normal -0 0 1
    outer loop
      vertex 0.636395 18.7636 18.3
      vertex 6.5 17.3 18.3
      vertex 0.714018 18.8521 18.3
    endloop
  endfacet
  facet normal -0 0 1
    outer loop
      vertex 0.547885 18.686 18.3
      vertex 6.5 17.3 18.3
      vertex 0.636395 18.7636 18.3
    endloop
  endfacet
  facet normal -0 0 1
    outer loop
      vertex 0.45 18.6206 18.3
      vertex 6.5 17.3 18.3
      vertex 0.547885 18.686 18.3
    endloop
  endfacet
  facet normal -0 0 1
    outer loop
      vertex 0.344415 18.5685 18.3
      vertex 6.5 17.3 18.3
      vertex 0.45 18.6206 18.3
    endloop
  endfacet
  facet normal -0 0 1
    outer loop
      vertex 0.232937 18.5307 18.3
      vertex 6.5 17.3 18.3
      vertex 0.344415 18.5685 18.3
    endloop
  endfacet
  facet normal -0 0 1
    outer loop
      vertex 0.117473 18.5077 18.3
      vertex 6.5 17.3 18.3
      vertex 0.232937 18.5307 18.3
    endloop
  endfacet
  facet normal -0 0 1
    outer loop
      vertex 0 18.5 18.3
      vertex 6.5 17.3 18.3
      vertex 0.117473 18.5077 18.3
    endloop
  endfacet
  facet normal 0 0 1
    outer loop
      vertex -6.5 17.3 18.3
      vertex 0 18.5 18.3
      vertex -0.117473 18.5077 18.3
    endloop
  endfacet
  facet normal 0 0 1
    outer loop
      vertex 0 18.5 18.3
      vertex -6.5 17.3 18.3
      vertex 6.5 17.3 18.3
    endloop
  endfacet
  facet normal 0 0 1
    outer loop
      vertex -0.232937 18.5307 18.3
      vertex -6.5 17.3 18.3
      vertex -0.117473 18.5077 18.3
    endloop
  endfacet
  facet normal 0 0 1
    outer loop
      vertex -0.344415 18.5685 18.3
      vertex -6.5 17.3 18.3
      vertex -0.232937 18.5307 18.3
    endloop
  endfacet
  facet normal 0 0 1
    outer loop
      vertex -0.45 18.6206 18.3
      vertex -6.5 17.3 18.3
      vertex -0.344415 18.5685 18.3
    endloop
  endfacet
  facet normal 0 0 1
    outer loop
      vertex -0.547885 18.686 18.3
      vertex -6.5 17.3 18.3
      vertex -0.45 18.6206 18.3
    endloop
  endfacet
  facet normal 0 0 1
    outer loop
      vertex -0.636395 18.7636 18.3
      vertex -6.5 17.3 18.3
      vertex -0.547885 18.686 18.3
    endloop
  endfacet
  facet normal 0 0 1
    outer loop
      vertex -0.714018 18.8521 18.3
      vertex -6.5 17.3 18.3
      vertex -0.636395 18.7636 18.3
    endloop
  endfacet
  facet normal 0 0 1
    outer loop
      vertex -0.779423 18.95 18.3
      vertex -6.5 17.3 18.3
      vertex -0.714018 18.8521 18.3
    endloop
  endfacet
  facet normal 0 0 1
    outer loop
      vertex -0.831491 19.0556 18.3
      vertex -6.5 17.3 18.3
      vertex -0.779423 18.95 18.3
    endloop
  endfacet
  facet normal 0 0 1
    outer loop
      vertex -0.869332 19.1671 18.3
      vertex -6.5 17.3 18.3
      vertex -0.831491 19.0556 18.3
    endloop
  endfacet
  facet normal 0 0 1
    outer loop
      vertex -0.8923 19.2825 18.3
      vertex -6.5 17.3 18.3
      vertex -0.869332 19.1671 18.3
    endloop
  endfacet
  facet normal 0 0 1
    outer loop
      vertex -6.5 17.3 18.3
      vertex -0.8923 19.2825 18.3
      vertex -0.9 19.4 18.3
    endloop
  endfacet
  facet normal 0 -1 0
    outer loop
      vertex -15.5 -11.65 1
      vertex -7.5 -11.65 2
      vertex -15.5 -11.65 2
    endloop
  endfacet
  facet normal 0 -1 -0
    outer loop
      vertex -7.5 -11.65 2
      vertex -15.5 -11.65 1
      vertex 7.5 -11.65 2
    endloop
  endfacet
  facet normal 0 -1 0
    outer loop
      vertex 15.5 -11.65 1
      vertex 7.5 -11.65 2
      vertex -15.5 -11.65 1
    endloop
  endfacet
  facet normal 0 -1 0
    outer loop
      vertex 7.5 -11.65 2
      vertex 15.5 -11.65 1
      vertex 15.5 -11.65 2
    endloop
  endfacet
  facet normal 0 -1 0
    outer loop
      vertex -7.5 -11.65 2
      vertex 7.5 -11.65 17.3
      vertex -7.5 -11.65 17.3
    endloop
  endfacet
  facet normal 0 -1 -0
    outer loop
      vertex 7.5 -11.65 17.3
      vertex -7.5 -11.65 2
      vertex 7.5 -11.65 2
    endloop
  endfacet
  facet normal 0 0 -1
    outer loop
      vertex 10.8145 18.4281 7.62939e-07
      vertex -10.8145 18.4281 7.62939e-07
      vertex -10.8 18.65 7.62939e-07
    endloop
  endfacet
  facet normal 0 0 -1
    outer loop
      vertex 11.0278 17.8 7.62939e-07
      vertex -10.8579 18.21 7.62939e-07
      vertex -10.8145 18.4281 7.62939e-07
    endloop
  endfacet
  facet normal 0 0 -1
    outer loop
      vertex 11.0278 17.8 7.62939e-07
      vertex -10.9294 17.9994 7.62939e-07
      vertex -10.8579 18.21 7.62939e-07
    endloop
  endfacet
  facet normal 0 0 -1
    outer loop
      vertex 11.0278 17.8 7.62939e-07
      vertex -11.0278 17.8 7.62939e-07
      vertex -10.9294 17.9994 7.62939e-07
    endloop
  endfacet
  facet normal 0 0 -1
    outer loop
      vertex -12.4 13.5 7.62939e-07
      vertex -11.0278 17.8 7.62939e-07
      vertex -10.6 5.5 7.62939e-07
    endloop
  endfacet
  facet normal 0 0 -1
    outer loop
      vertex -11.0278 17.8 7.62939e-07
      vertex -12.4 13.5 7.62939e-07
      vertex -11.1513 17.6151 7.62939e-07
    endloop
  endfacet
  facet normal 0 0 -1
    outer loop
      vertex -11.1513 17.6151 7.62939e-07
      vertex -12.4 13.5 7.62939e-07
      vertex -11.2979 17.4479 7.62939e-07
    endloop
  endfacet
  facet normal 0 0 -1
    outer loop
      vertex -11.2979 17.4479 7.62939e-07
      vertex -12.4 13.5 7.62939e-07
      vertex -11.4651 17.3013 7.62939e-07
    endloop
  endfacet
  facet normal 0 0 -1
    outer loop
      vertex -11.4651 17.3013 7.62939e-07
      vertex -12.4 13.5 7.62939e-07
      vertex -11.65 17.1778 7.62939e-07
    endloop
  endfacet
  facet normal 0 0 -1
    outer loop
      vertex -11.65 17.1778 7.62939e-07
      vertex -12.4 13.5 7.62939e-07
      vertex -11.8494 17.0794 7.62939e-07
    endloop
  endfacet
  facet normal 0 0 -1
    outer loop
      vertex -11.8494 17.0794 7.62939e-07
      vertex -12.4 13.5 7.62939e-07
      vertex -12.06 17.0079 7.62939e-07
    endloop
  endfacet
  facet normal 0 0 -1
    outer loop
      vertex -12.06 17.0079 7.62939e-07
      vertex -12.4 13.5 7.62939e-07
      vertex -12.2781 16.9645 7.62939e-07
    endloop
  endfacet
  facet normal 0 0 -1
    outer loop
      vertex -12.4 13.5 7.62939e-07
      vertex -12.5 16.95 7.62939e-07
      vertex -12.2781 16.9645 7.62939e-07
    endloop
  endfacet
  facet normal 0 0 -1
    outer loop
      vertex -12.4 13.5 7.62939e-07
      vertex -12.7219 16.9645 7.62939e-07
      vertex -12.5 16.95 7.62939e-07
    endloop
  endfacet
  facet normal 0 0 -1
    outer loop
      vertex -12.4 13.5 7.62939e-07
      vertex -12.94 17.0079 7.62939e-07
      vertex -12.7219 16.9645 7.62939e-07
    endloop
  endfacet
  facet normal 0 0 -1
    outer loop
      vertex -12.4 13.5 7.62939e-07
      vertex -13.1506 17.0794 7.62939e-07
      vertex -12.94 17.0079 7.62939e-07
    endloop
  endfacet
  facet normal 0 0 -1
    outer loop
      vertex -12.4 13.5 7.62939e-07
      vertex -13.35 17.1778 7.62939e-07
      vertex -13.1506 17.0794 7.62939e-07
    endloop
  endfacet
  facet normal 0 0 -1
    outer loop
      vertex -12.4 13.5 7.62939e-07
      vertex -13.5349 17.3013 7.62939e-07
      vertex -13.35 17.1778 7.62939e-07
    endloop
  endfacet
  facet normal 0 0 -1
    outer loop
      vertex -12.4 13.5 7.62939e-07
      vertex -13.7021 17.4479 7.62939e-07
      vertex -13.5349 17.3013 7.62939e-07
    endloop
  endfacet
  facet normal 0 0 -1
    outer loop
      vertex -12.4 13.5 7.62939e-07
      vertex -13.8487 17.6151 7.62939e-07
      vertex -13.7021 17.4479 7.62939e-07
    endloop
  endfacet
  facet normal 0 0 -1
    outer loop
      vertex -12.4 13.5 7.62939e-07
      vertex -13.9722 17.8 7.62939e-07
      vertex -13.8487 17.6151 7.62939e-07
    endloop
  endfacet
  facet normal 0 0 -1
    outer loop
      vertex -14.2 5.5 7.62939e-07
      vertex -13.9722 17.8 7.62939e-07
      vertex -12.4 13.5 7.62939e-07
    endloop
  endfacet
  facet normal -0 0 -1
    outer loop
      vertex -13.9722 17.8 7.62939e-07
      vertex -14.2 5.5 7.62939e-07
      vertex -14.0706 17.9994 7.62939e-07
    endloop
  endfacet
  facet normal 0 0 -1
    outer loop
      vertex -14.2 5.5 7.62939e-07
      vertex -14.1421 18.21 7.62939e-07
      vertex -14.0706 17.9994 7.62939e-07
    endloop
  endfacet
  facet normal 0 0 -1
    outer loop
      vertex -15.5 21.65 7.62939e-07
      vertex -14.1421 18.21 7.62939e-07
      vertex -14.2 5.5 7.62939e-07
    endloop
  endfacet
  facet normal 0 0 -1
    outer loop
      vertex -14.1421 18.21 7.62939e-07
      vertex -15.5 21.65 7.62939e-07
      vertex -14.1855 18.4281 7.62939e-07
    endloop
  endfacet
  facet normal -0 0 -1
    outer loop
      vertex -14.1421 -7.21001 7.62939e-07
      vertex -15.5 -10.65 7.62939e-07
      vertex -14.2 5.5 7.62939e-07
    endloop
  endfacet
  facet normal 0 0 -1
    outer loop
      vertex -10.9294 -6.99944 7.62939e-07
      vertex 10.9294 -6.99944 7.62939e-07
      vertex -10.8579 -7.21001 7.62939e-07
    endloop
  endfacet
  facet normal 0 0 -1
    outer loop
      vertex 10.9294 -6.99944 7.62939e-07
      vertex -10.9294 -6.99944 7.62939e-07
      vertex 11.0278 -6.8 7.62939e-07
    endloop
  endfacet
  facet normal 0 0 -1
    outer loop
      vertex -11.0278 -6.8 7.62939e-07
      vertex 11.0278 -6.8 7.62939e-07
      vertex -10.9294 -6.99944 7.62939e-07
    endloop
  endfacet
  facet normal 0 0 -1
    outer loop
      vertex 11.0278 -6.8 7.62939e-07
      vertex -11.0278 -6.8 7.62939e-07
      vertex -10.6 5.5 7.62939e-07
    endloop
  endfacet
  facet normal 0 0 -1
    outer loop
      vertex -12.4 -2.5 7.62939e-07
      vertex -11.0278 -6.8 7.62939e-07
      vertex -11.1513 -6.6151 7.62939e-07
    endloop
  endfacet
  facet normal 0 0 -1
    outer loop
      vertex -12.4 -2.5 7.62939e-07
      vertex -11.1513 -6.6151 7.62939e-07
      vertex -11.2979 -6.44792 7.62939e-07
    endloop
  endfacet
  facet normal 0 0 -1
    outer loop
      vertex -12.4 -2.5 7.62939e-07
      vertex -11.2979 -6.44792 7.62939e-07
      vertex -11.4651 -6.3013 7.62939e-07
    endloop
  endfacet
  facet normal 0 0 -1
    outer loop
      vertex -12.4 -2.5 7.62939e-07
      vertex -11.4651 -6.3013 7.62939e-07
      vertex -11.65 -6.17776 7.62939e-07
    endloop
  endfacet
  facet normal 0 0 -1
    outer loop
      vertex -12.4 -2.5 7.62939e-07
      vertex -11.65 -6.17776 7.62939e-07
      vertex -11.8494 -6.0794 7.62939e-07
    endloop
  endfacet
  facet normal 0 0 -1
    outer loop
      vertex -12.4 -2.5 7.62939e-07
      vertex -11.8494 -6.0794 7.62939e-07
      vertex -12.06 -6.00793 7.62939e-07
    endloop
  endfacet
  facet normal 0 0 -1
    outer loop
      vertex -12.4 -2.5 7.62939e-07
      vertex -12.06 -6.00793 7.62939e-07
      vertex -12.2781 -5.96454 7.62939e-07
    endloop
  endfacet
  facet normal 0 0 -1
    outer loop
      vertex -11.0278 -6.8 7.62939e-07
      vertex -12.4 -2.5 7.62939e-07
      vertex -10.6 5.5 7.62939e-07
    endloop
  endfacet
  facet normal 0 0 -1
    outer loop
      vertex -12.5 -5.95 7.62939e-07
      vertex -12.4 -2.5 7.62939e-07
      vertex -12.2781 -5.96454 7.62939e-07
    endloop
  endfacet
  facet normal 0 0 -1
    outer loop
      vertex -12.7219 -5.96454 7.62939e-07
      vertex -12.4 -2.5 7.62939e-07
      vertex -12.5 -5.95 7.62939e-07
    endloop
  endfacet
  facet normal 0 0 -1
    outer loop
      vertex -12.94 -6.00793 7.62939e-07
      vertex -12.4 -2.5 7.62939e-07
      vertex -12.7219 -5.96454 7.62939e-07
    endloop
  endfacet
  facet normal 0 0 -1
    outer loop
      vertex -13.1506 -6.0794 7.62939e-07
      vertex -12.4 -2.5 7.62939e-07
      vertex -12.94 -6.00793 7.62939e-07
    endloop
  endfacet
  facet normal 0 0 -1
    outer loop
      vertex -13.35 -6.17776 7.62939e-07
      vertex -12.4 -2.5 7.62939e-07
      vertex -13.1506 -6.0794 7.62939e-07
    endloop
  endfacet
  facet normal 0 0 -1
    outer loop
      vertex -13.5349 -6.3013 7.62939e-07
      vertex -12.4 -2.5 7.62939e-07
      vertex -13.35 -6.17776 7.62939e-07
    endloop
  endfacet
  facet normal 0 0 -1
    outer loop
      vertex -13.7021 -6.44792 7.62939e-07
      vertex -12.4 -2.5 7.62939e-07
      vertex -13.5349 -6.3013 7.62939e-07
    endloop
  endfacet
  facet normal 0 0 -1
    outer loop
      vertex -13.8487 -6.6151 7.62939e-07
      vertex -12.4 -2.5 7.62939e-07
      vertex -13.7021 -6.44792 7.62939e-07
    endloop
  endfacet
  facet normal 0 0 -1
    outer loop
      vertex -13.9722 -6.8 7.62939e-07
      vertex -12.4 -2.5 7.62939e-07
      vertex -13.8487 -6.6151 7.62939e-07
    endloop
  endfacet
  facet normal 0 0 -1
    outer loop
      vertex -14.2 5.5 7.62939e-07
      vertex -13.9722 -6.8 7.62939e-07
      vertex -14.0706 -6.99944 7.62939e-07
    endloop
  endfacet
  facet normal 0 0 -1
    outer loop
      vertex -13.9722 -6.8 7.62939e-07
      vertex -14.2 5.5 7.62939e-07
      vertex -12.4 -2.5 7.62939e-07
    endloop
  endfacet
  facet normal 0 0 -1
    outer loop
      vertex -14.1421 -7.21001 7.62939e-07
      vertex -14.2 5.5 7.62939e-07
      vertex -14.0706 -6.99944 7.62939e-07
    endloop
  endfacet
  facet normal 0 0 -1
    outer loop
      vertex -15.5 -10.65 7.62939e-07
      vertex -14.1421 -7.21001 7.62939e-07
      vertex -14.1855 -7.42811 7.62939e-07
    endloop
  endfacet
  facet normal 0 0 -1
    outer loop
      vertex -15.5 -10.65 7.62939e-07
      vertex -14.1855 -7.42811 7.62939e-07
      vertex -14.2 -7.65 7.62939e-07
    endloop
  endfacet
  facet normal 0 0 -1
    outer loop
      vertex 14.1421 18.21 7.62939e-07
      vertex 15.5 21.65 7.62939e-07
      vertex 14.2 5.5 7.62939e-07
    endloop
  endfacet
  facet normal 0 0 -1
    outer loop
      vertex 14.1421 -7.21001 7.62939e-07
      vertex 15.5 -10.65 7.62939e-07
      vertex 14.1855 -7.42811 7.62939e-07
    endloop
  endfacet
  facet normal 0 0 -1
    outer loop
      vertex 15.5 -10.65 7.62939e-07
      vertex 14.1421 -7.21001 7.62939e-07
      vertex 14.2 5.5 7.62939e-07
    endloop
  endfacet
  facet normal 0 0 -1
    outer loop
      vertex 14.0706 -6.99944 7.62939e-07
      vertex 14.2 5.5 7.62939e-07
      vertex 14.1421 -7.21001 7.62939e-07
    endloop
  endfacet
  facet normal 0 0 -1
    outer loop
      vertex 13.9722 -6.8 7.62939e-07
      vertex 14.2 5.5 7.62939e-07
      vertex 14.0706 -6.99944 7.62939e-07
    endloop
  endfacet
  facet normal 0 0 -1
    outer loop
      vertex 12.4 -2.5 7.62939e-07
      vertex 13.9722 -6.8 7.62939e-07
      vertex 13.8487 -6.6151 7.62939e-07
    endloop
  endfacet
  facet normal 0 0 -1
    outer loop
      vertex 12.4 -2.5 7.62939e-07
      vertex 13.8487 -6.6151 7.62939e-07
      vertex 13.7021 -6.44792 7.62939e-07
    endloop
  endfacet
  facet normal 0 0 -1
    outer loop
      vertex 12.4 -2.5 7.62939e-07
      vertex 13.7021 -6.44792 7.62939e-07
      vertex 13.5349 -6.3013 7.62939e-07
    endloop
  endfacet
  facet normal 0 0 -1
    outer loop
      vertex 12.4 -2.5 7.62939e-07
      vertex 13.5349 -6.3013 7.62939e-07
      vertex 13.35 -6.17776 7.62939e-07
    endloop
  endfacet
  facet normal 0 0 -1
    outer loop
      vertex 12.4 -2.5 7.62939e-07
      vertex 13.35 -6.17776 7.62939e-07
      vertex 13.1506 -6.0794 7.62939e-07
    endloop
  endfacet
  facet normal 0 0 -1
    outer loop
      vertex 12.4 -2.5 7.62939e-07
      vertex 13.1506 -6.0794 7.62939e-07
      vertex 12.94 -6.00793 7.62939e-07
    endloop
  endfacet
  facet normal 0 0 -1
    outer loop
      vertex 12.4 -2.5 7.62939e-07
      vertex 12.94 -6.00793 7.62939e-07
      vertex 12.7219 -5.96454 7.62939e-07
    endloop
  endfacet
  facet normal 0 0 -1
    outer loop
      vertex 12.4 -2.5 7.62939e-07
      vertex 12.7219 -5.96454 7.62939e-07
      vertex 12.5 -5.95 7.62939e-07
    endloop
  endfacet
  facet normal 0 0 -1
    outer loop
      vertex 13.9722 -6.8 7.62939e-07
      vertex 12.4 -2.5 7.62939e-07
      vertex 14.2 5.5 7.62939e-07
    endloop
  endfacet
  facet normal 0 0 -1
    outer loop
      vertex 12.2781 -5.96454 7.62939e-07
      vertex 12.4 -2.5 7.62939e-07
      vertex 12.5 -5.95 7.62939e-07
    endloop
  endfacet
  facet normal 0 0 -1
    outer loop
      vertex 12.06 -6.00793 7.62939e-07
      vertex 12.4 -2.5 7.62939e-07
      vertex 12.2781 -5.96454 7.62939e-07
    endloop
  endfacet
  facet normal 0 0 -1
    outer loop
      vertex 11.8494 -6.0794 7.62939e-07
      vertex 12.4 -2.5 7.62939e-07
      vertex 12.06 -6.00793 7.62939e-07
    endloop
  endfacet
  facet normal 0 0 -1
    outer loop
      vertex 11.65 -6.17776 7.62939e-07
      vertex 12.4 -2.5 7.62939e-07
      vertex 11.8494 -6.0794 7.62939e-07
    endloop
  endfacet
  facet normal 0 0 -1
    outer loop
      vertex 11.4651 -6.3013 7.62939e-07
      vertex 12.4 -2.5 7.62939e-07
      vertex 11.65 -6.17776 7.62939e-07
    endloop
  endfacet
  facet normal 0 0 -1
    outer loop
      vertex 11.2979 -6.44792 7.62939e-07
      vertex 12.4 -2.5 7.62939e-07
      vertex 11.4651 -6.3013 7.62939e-07
    endloop
  endfacet
  facet normal 0 0 -1
    outer loop
      vertex 11.1513 -6.6151 7.62939e-07
      vertex 12.4 -2.5 7.62939e-07
      vertex 11.2979 -6.44792 7.62939e-07
    endloop
  endfacet
  facet normal 0 0 -1
    outer loop
      vertex 11.0278 -6.8 7.62939e-07
      vertex 12.4 -2.5 7.62939e-07
      vertex 11.1513 -6.6151 7.62939e-07
    endloop
  endfacet
  facet normal 0 0 -1
    outer loop
      vertex -10.8579 -7.21001 7.62939e-07
      vertex 10.8579 -7.21001 7.62939e-07
      vertex -10.8145 -7.42811 7.62939e-07
    endloop
  endfacet
  facet normal 0 0 -1
    outer loop
      vertex 10.8145 -7.42811 7.62939e-07
      vertex -10.8145 -7.42811 7.62939e-07
      vertex 10.8579 -7.21001 7.62939e-07
    endloop
  endfacet
  facet normal 0 0 -1
    outer loop
      vertex 11.0278 -6.8 7.62939e-07
      vertex 10.6 5.5 7.62939e-07
      vertex 12.4 -2.5 7.62939e-07
    endloop
  endfacet
  facet normal 0 0 -1
    outer loop
      vertex -10.8145 -7.42811 7.62939e-07
      vertex 10.8145 -7.42811 7.62939e-07
      vertex -10.8 -7.65 7.62939e-07
    endloop
  endfacet
  facet normal 0 0 -1
    outer loop
      vertex -10.8 -7.65 7.62939e-07
      vertex 10.8145 -7.42811 7.62939e-07
      vertex 10.8 -7.65 7.62939e-07
    endloop
  endfacet
  facet normal 0 0 -1
    outer loop
      vertex 14.1855 -7.42811 7.62939e-07
      vertex 15.5 -10.65 7.62939e-07
      vertex 14.2 -7.65 7.62939e-07
    endloop
  endfacet
  facet normal 0 0 -1
    outer loop
      vertex 15.5 -10.65 7.62939e-07
      vertex 14.1855 -7.87189 7.62939e-07
      vertex 14.2 -7.65 7.62939e-07
    endloop
  endfacet
  facet normal 0 0 -1
    outer loop
      vertex 15.5 -10.65 7.62939e-07
      vertex 14.1421 -8.08999 7.62939e-07
      vertex 14.1855 -7.87189 7.62939e-07
    endloop
  endfacet
  facet normal 0 0 -1
    outer loop
      vertex 15.5 -10.65 7.62939e-07
      vertex 14.0706 -8.30056 7.62939e-07
      vertex 14.1421 -8.08999 7.62939e-07
    endloop
  endfacet
  facet normal 0 0 -1
    outer loop
      vertex 15.5 -10.65 7.62939e-07
      vertex 13.9722 -8.5 7.62939e-07
      vertex 14.0706 -8.30056 7.62939e-07
    endloop
  endfacet
  facet normal 0 0 -1
    outer loop
      vertex 15.5 -10.65 7.62939e-07
      vertex 13.8487 -8.68489 7.62939e-07
      vertex 13.9722 -8.5 7.62939e-07
    endloop
  endfacet
  facet normal 0 0 -1
    outer loop
      vertex 15.5 -10.65 7.62939e-07
      vertex 13.7021 -8.85208 7.62939e-07
      vertex 13.8487 -8.68489 7.62939e-07
    endloop
  endfacet
  facet normal 0 0 -1
    outer loop
      vertex 15.5 -10.65 7.62939e-07
      vertex 13.5349 -8.9987 7.62939e-07
      vertex 13.7021 -8.85208 7.62939e-07
    endloop
  endfacet
  facet normal 0 0 -1
    outer loop
      vertex 15.5 -10.65 7.62939e-07
      vertex 13.35 -9.12224 7.62939e-07
      vertex 13.5349 -8.9987 7.62939e-07
    endloop
  endfacet
  facet normal 0 0 -1
    outer loop
      vertex 15.5 -10.65 7.62939e-07
      vertex 13.1506 -9.22059 7.62939e-07
      vertex 13.35 -9.12224 7.62939e-07
    endloop
  endfacet
  facet normal 0 0 -1
    outer loop
      vertex 15.5 -10.65 7.62939e-07
      vertex 12.94 -9.29207 7.62939e-07
      vertex 13.1506 -9.22059 7.62939e-07
    endloop
  endfacet
  facet normal 0 0 -1
    outer loop
      vertex 15.5 -10.65 7.62939e-07
      vertex 12.7219 -9.33546 7.62939e-07
      vertex 12.94 -9.29207 7.62939e-07
    endloop
  endfacet
  facet normal 0 0 -1
    outer loop
      vertex 15.5 -10.65 7.62939e-07
      vertex 12.5 -9.35 7.62939e-07
      vertex 12.7219 -9.33546 7.62939e-07
    endloop
  endfacet
  facet normal 0 0 -1
    outer loop
      vertex 15.5 -10.65 7.62939e-07
      vertex 12.2781 -9.33546 7.62939e-07
      vertex 12.5 -9.35 7.62939e-07
    endloop
  endfacet
  facet normal 0 0 -1
    outer loop
      vertex 15.5 -10.65 7.62939e-07
      vertex 12.06 -9.29207 7.62939e-07
      vertex 12.2781 -9.33546 7.62939e-07
    endloop
  endfacet
  facet normal 0 0 -1
    outer loop
      vertex 15.5 -10.65 7.62939e-07
      vertex 11.8494 -9.22059 7.62939e-07
      vertex 12.06 -9.29207 7.62939e-07
    endloop
  endfacet
  facet normal 0 0 -1
    outer loop
      vertex 11.0278 -6.8 7.62939e-07
      vertex -10.6 5.5 7.62939e-07
      vertex 10.6 5.5 7.62939e-07
    endloop
  endfacet
  facet normal 0 0 -1
    outer loop
      vertex -10.8 -7.65 7.62939e-07
      vertex 10.8 -7.65 7.62939e-07
      vertex 10.8145 -7.87189 7.62939e-07
    endloop
  endfacet
  facet normal 0 0 -1
    outer loop
      vertex -10.8145 -7.87189 7.62939e-07
      vertex 10.8145 -7.87189 7.62939e-07
      vertex 10.8579 -8.08999 7.62939e-07
    endloop
  endfacet
  facet normal 0 0 -1
    outer loop
      vertex -10.8579 -8.08999 7.62939e-07
      vertex 10.8579 -8.08999 7.62939e-07
      vertex 10.9294 -8.30056 7.62939e-07
    endloop
  endfacet
  facet normal 0 0 -1
    outer loop
      vertex -10.9294 -8.30056 7.62939e-07
      vertex 10.9294 -8.30056 7.62939e-07
      vertex 11.0278 -8.5 7.62939e-07
    endloop
  endfacet
  facet normal 0 0 -1
    outer loop
      vertex -11.0278 -8.5 7.62939e-07
      vertex 11.0278 -8.5 7.62939e-07
      vertex 11.1513 -8.68489 7.62939e-07
    endloop
  endfacet
  facet normal 0 0 -1
    outer loop
      vertex -11.1513 -8.68489 7.62939e-07
      vertex 11.1513 -8.68489 7.62939e-07
      vertex 11.2979 -8.85208 7.62939e-07
    endloop
  endfacet
  facet normal 0 0 -1
    outer loop
      vertex -11.2979 -8.85208 7.62939e-07
      vertex 11.2979 -8.85208 7.62939e-07
      vertex 11.4651 -8.9987 7.62939e-07
    endloop
  endfacet
  facet normal 0 0 -1
    outer loop
      vertex -11.4651 -8.9987 7.62939e-07
      vertex 11.4651 -8.9987 7.62939e-07
      vertex 11.65 -9.12224 7.62939e-07
    endloop
  endfacet
  facet normal 0 0 -1
    outer loop
      vertex 10.8579 -7.21001 7.62939e-07
      vertex -10.8579 -7.21001 7.62939e-07
      vertex 10.9294 -6.99944 7.62939e-07
    endloop
  endfacet
  facet normal 0 0 -1
    outer loop
      vertex -11.65 -9.12224 7.62939e-07
      vertex 11.65 -9.12224 7.62939e-07
      vertex 11.8494 -9.22059 7.62939e-07
    endloop
  endfacet
  facet normal 0 0 -1
    outer loop
      vertex -11.8494 -9.22059 7.62939e-07
      vertex 11.8494 -9.22059 7.62939e-07
      vertex 15.5 -10.65 7.62939e-07
    endloop
  endfacet
  facet normal 0 0 -1
    outer loop
      vertex 10.8145 -7.87189 7.62939e-07
      vertex -10.8145 -7.87189 7.62939e-07
      vertex -10.8 -7.65 7.62939e-07
    endloop
  endfacet
  facet normal 0 0 -1
    outer loop
      vertex 10.8579 -8.08999 7.62939e-07
      vertex -10.8579 -8.08999 7.62939e-07
      vertex -10.8145 -7.87189 7.62939e-07
    endloop
  endfacet
  facet normal 0 0 -1
    outer loop
      vertex 10.9294 -8.30056 7.62939e-07
      vertex -10.9294 -8.30056 7.62939e-07
      vertex -10.8579 -8.08999 7.62939e-07
    endloop
  endfacet
  facet normal 0 0 -1
    outer loop
      vertex 11.0278 -8.5 7.62939e-07
      vertex -11.0278 -8.5 7.62939e-07
      vertex -10.9294 -8.30056 7.62939e-07
    endloop
  endfacet
  facet normal 0 0 -1
    outer loop
      vertex 11.1513 -8.68489 7.62939e-07
      vertex -11.1513 -8.68489 7.62939e-07
      vertex -11.0278 -8.5 7.62939e-07
    endloop
  endfacet
  facet normal 0 0 -1
    outer loop
      vertex 11.2979 -8.85208 7.62939e-07
      vertex -11.2979 -8.85208 7.62939e-07
      vertex -11.1513 -8.68489 7.62939e-07
    endloop
  endfacet
  facet normal 0 0 -1
    outer loop
      vertex 11.4651 -8.9987 7.62939e-07
      vertex -11.4651 -8.9987 7.62939e-07
      vertex -11.2979 -8.85208 7.62939e-07
    endloop
  endfacet
  facet normal 0 0 -1
    outer loop
      vertex 11.65 -9.12224 7.62939e-07
      vertex -11.65 -9.12224 7.62939e-07
      vertex -11.4651 -8.9987 7.62939e-07
    endloop
  endfacet
  facet normal 0 0 -1
    outer loop
      vertex 11.8494 -9.22059 7.62939e-07
      vertex -11.8494 -9.22059 7.62939e-07
      vertex -11.65 -9.12224 7.62939e-07
    endloop
  endfacet
  facet normal 0 0 -1
    outer loop
      vertex 15.5 -10.65 7.62939e-07
      vertex -12.06 -9.29207 7.62939e-07
      vertex -11.8494 -9.22059 7.62939e-07
    endloop
  endfacet
  facet normal 0 0 -1
    outer loop
      vertex -15.5 -10.65 7.62939e-07
      vertex -12.06 -9.29207 7.62939e-07
      vertex 15.5 -10.65 7.62939e-07
    endloop
  endfacet
  facet normal 0 0 -1
    outer loop
      vertex -12.06 -9.29207 7.62939e-07
      vertex -15.5 -10.65 7.62939e-07
      vertex -12.2781 -9.33546 7.62939e-07
    endloop
  endfacet
  facet normal 0 0 -1
    outer loop
      vertex -15.5 21.65 7.62939e-07
      vertex -14.2 5.5 7.62939e-07
      vertex -15.5 -10.65 7.62939e-07
    endloop
  endfacet
  facet normal -0 0 -1
    outer loop
      vertex -14.1855 -7.87189 7.62939e-07
      vertex -15.5 -10.65 7.62939e-07
      vertex -14.2 -7.65 7.62939e-07
    endloop
  endfacet
  facet normal -0 0 -1
    outer loop
      vertex -14.1421 -8.08999 7.62939e-07
      vertex -15.5 -10.65 7.62939e-07
      vertex -14.1855 -7.87189 7.62939e-07
    endloop
  endfacet
  facet normal -0 0 -1
    outer loop
      vertex -14.0706 -8.30056 7.62939e-07
      vertex -15.5 -10.65 7.62939e-07
      vertex -14.1421 -8.08999 7.62939e-07
    endloop
  endfacet
  facet normal -0 0 -1
    outer loop
      vertex -13.9722 -8.5 7.62939e-07
      vertex -15.5 -10.65 7.62939e-07
      vertex -14.0706 -8.30056 7.62939e-07
    endloop
  endfacet
  facet normal -0 0 -1
    outer loop
      vertex -13.8487 -8.68489 7.62939e-07
      vertex -15.5 -10.65 7.62939e-07
      vertex -13.9722 -8.5 7.62939e-07
    endloop
  endfacet
  facet normal -0 0 -1
    outer loop
      vertex -13.7021 -8.85208 7.62939e-07
      vertex -15.5 -10.65 7.62939e-07
      vertex -13.8487 -8.68489 7.62939e-07
    endloop
  endfacet
  facet normal -0 0 -1
    outer loop
      vertex -13.5349 -8.9987 7.62939e-07
      vertex -15.5 -10.65 7.62939e-07
      vertex -13.7021 -8.85208 7.62939e-07
    endloop
  endfacet
  facet normal -0 0 -1
    outer loop
      vertex -13.35 -9.12224 7.62939e-07
      vertex -15.5 -10.65 7.62939e-07
      vertex -13.5349 -8.9987 7.62939e-07
    endloop
  endfacet
  facet normal -0 0 -1
    outer loop
      vertex -13.1506 -9.22059 7.62939e-07
      vertex -15.5 -10.65 7.62939e-07
      vertex -13.35 -9.12224 7.62939e-07
    endloop
  endfacet
  facet normal -0 0 -1
    outer loop
      vertex -12.94 -9.29207 7.62939e-07
      vertex -15.5 -10.65 7.62939e-07
      vertex -13.1506 -9.22059 7.62939e-07
    endloop
  endfacet
  facet normal -0 0 -1
    outer loop
      vertex -12.7219 -9.33546 7.62939e-07
      vertex -15.5 -10.65 7.62939e-07
      vertex -12.94 -9.29207 7.62939e-07
    endloop
  endfacet
  facet normal -0 0 -1
    outer loop
      vertex -12.5 -9.35 7.62939e-07
      vertex -15.5 -10.65 7.62939e-07
      vertex -12.7219 -9.33546 7.62939e-07
    endloop
  endfacet
  facet normal 0 0 -1
    outer loop
      vertex -12.2781 -9.33546 7.62939e-07
      vertex -15.5 -10.65 7.62939e-07
      vertex -12.5 -9.35 7.62939e-07
    endloop
  endfacet
  facet normal 0 0 -1
    outer loop
      vertex 15.5 -10.65 7.62939e-07
      vertex 14.2 5.5 7.62939e-07
      vertex 15.5 21.65 7.62939e-07
    endloop
  endfacet
  facet normal 0 0 -1
    outer loop
      vertex 14.1855 18.8719 7.62939e-07
      vertex 15.5 21.65 7.62939e-07
      vertex 14.2 18.65 7.62939e-07
    endloop
  endfacet
  facet normal 0 0 -1
    outer loop
      vertex 14.1421 19.09 7.62939e-07
      vertex 15.5 21.65 7.62939e-07
      vertex 14.1855 18.8719 7.62939e-07
    endloop
  endfacet
  facet normal 0 0 -1
    outer loop
      vertex 14.0706 19.3006 7.62939e-07
      vertex 15.5 21.65 7.62939e-07
      vertex 14.1421 19.09 7.62939e-07
    endloop
  endfacet
  facet normal 0 0 -1
    outer loop
      vertex 13.9722 19.5 7.62939e-07
      vertex 15.5 21.65 7.62939e-07
      vertex 14.0706 19.3006 7.62939e-07
    endloop
  endfacet
  facet normal 0 0 -1
    outer loop
      vertex 13.8487 19.6849 7.62939e-07
      vertex 15.5 21.65 7.62939e-07
      vertex 13.9722 19.5 7.62939e-07
    endloop
  endfacet
  facet normal 0 0 -1
    outer loop
      vertex 13.7021 19.8521 7.62939e-07
      vertex 15.5 21.65 7.62939e-07
      vertex 13.8487 19.6849 7.62939e-07
    endloop
  endfacet
  facet normal 0 0 -1
    outer loop
      vertex 13.5349 19.9987 7.62939e-07
      vertex 15.5 21.65 7.62939e-07
      vertex 13.7021 19.8521 7.62939e-07
    endloop
  endfacet
  facet normal 0 0 -1
    outer loop
      vertex 13.35 20.1222 7.62939e-07
      vertex 15.5 21.65 7.62939e-07
      vertex 13.5349 19.9987 7.62939e-07
    endloop
  endfacet
  facet normal 0 0 -1
    outer loop
      vertex 13.1506 20.2206 7.62939e-07
      vertex 15.5 21.65 7.62939e-07
      vertex 13.35 20.1222 7.62939e-07
    endloop
  endfacet
  facet normal 0 0 -1
    outer loop
      vertex 12.94 20.2921 7.62939e-07
      vertex 15.5 21.65 7.62939e-07
      vertex 13.1506 20.2206 7.62939e-07
    endloop
  endfacet
  facet normal 0 0 -1
    outer loop
      vertex 12.7219 20.3355 7.62939e-07
      vertex 15.5 21.65 7.62939e-07
      vertex 12.94 20.2921 7.62939e-07
    endloop
  endfacet
  facet normal 0 0 -1
    outer loop
      vertex 12.5 20.35 7.62939e-07
      vertex 15.5 21.65 7.62939e-07
      vertex 12.7219 20.3355 7.62939e-07
    endloop
  endfacet
  facet normal 0 0 -1
    outer loop
      vertex 12.2781 20.3355 7.62939e-07
      vertex 15.5 21.65 7.62939e-07
      vertex 12.5 20.35 7.62939e-07
    endloop
  endfacet
  facet normal 0 0 -1
    outer loop
      vertex 12.06 20.2921 7.62939e-07
      vertex 15.5 21.65 7.62939e-07
      vertex 12.2781 20.3355 7.62939e-07
    endloop
  endfacet
  facet normal 0 0 -1
    outer loop
      vertex 11.8494 20.2206 7.62939e-07
      vertex 15.5 21.65 7.62939e-07
      vertex 12.06 20.2921 7.62939e-07
    endloop
  endfacet
  facet normal 0 0 -1
    outer loop
      vertex -10.8145 18.4281 7.62939e-07
      vertex 10.8145 18.4281 7.62939e-07
      vertex 10.8579 18.21 7.62939e-07
    endloop
  endfacet
  facet normal 0 0 -1
    outer loop
      vertex 10.8145 18.4281 7.62939e-07
      vertex -10.8 18.65 7.62939e-07
      vertex 10.8 18.65 7.62939e-07
    endloop
  endfacet
  facet normal 0 0 -1
    outer loop
      vertex 10.8 18.65 7.62939e-07
      vertex -10.8 18.65 7.62939e-07
      vertex 10.8145 18.8719 7.62939e-07
    endloop
  endfacet
  facet normal 0 0 -1
    outer loop
      vertex -10.8145 18.8719 7.62939e-07
      vertex 10.8145 18.8719 7.62939e-07
      vertex -10.8 18.65 7.62939e-07
    endloop
  endfacet
  facet normal 0 0 -1
    outer loop
      vertex 10.8145 18.8719 7.62939e-07
      vertex -10.8145 18.8719 7.62939e-07
      vertex 10.8579 19.09 7.62939e-07
    endloop
  endfacet
  facet normal 0 0 -1
    outer loop
      vertex -10.8579 19.09 7.62939e-07
      vertex 10.8579 19.09 7.62939e-07
      vertex -10.8145 18.8719 7.62939e-07
    endloop
  endfacet
  facet normal 0 0 -1
    outer loop
      vertex 10.8579 19.09 7.62939e-07
      vertex -10.8579 19.09 7.62939e-07
      vertex 10.9294 19.3006 7.62939e-07
    endloop
  endfacet
  facet normal 0 0 -1
    outer loop
      vertex -10.9294 19.3006 7.62939e-07
      vertex 10.9294 19.3006 7.62939e-07
      vertex -10.8579 19.09 7.62939e-07
    endloop
  endfacet
  facet normal 0 0 -1
    outer loop
      vertex 10.9294 19.3006 7.62939e-07
      vertex -10.9294 19.3006 7.62939e-07
      vertex 11.0278 19.5 7.62939e-07
    endloop
  endfacet
  facet normal 0 0 -1
    outer loop
      vertex -11.0278 19.5 7.62939e-07
      vertex 11.0278 19.5 7.62939e-07
      vertex -10.9294 19.3006 7.62939e-07
    endloop
  endfacet
  facet normal 0 0 -1
    outer loop
      vertex 11.0278 19.5 7.62939e-07
      vertex -11.0278 19.5 7.62939e-07
      vertex 11.1513 19.6849 7.62939e-07
    endloop
  endfacet
  facet normal 0 0 -1
    outer loop
      vertex -11.1513 19.6849 7.62939e-07
      vertex 11.1513 19.6849 7.62939e-07
      vertex -11.0278 19.5 7.62939e-07
    endloop
  endfacet
  facet normal 0 0 -1
    outer loop
      vertex 11.1513 19.6849 7.62939e-07
      vertex -11.1513 19.6849 7.62939e-07
      vertex 11.2979 19.8521 7.62939e-07
    endloop
  endfacet
  facet normal 0 0 -1
    outer loop
      vertex -11.2979 19.8521 7.62939e-07
      vertex 11.2979 19.8521 7.62939e-07
      vertex -11.1513 19.6849 7.62939e-07
    endloop
  endfacet
  facet normal 0 0 -1
    outer loop
      vertex 11.2979 19.8521 7.62939e-07
      vertex -11.2979 19.8521 7.62939e-07
      vertex 11.4651 19.9987 7.62939e-07
    endloop
  endfacet
  facet normal 0 0 -1
    outer loop
      vertex -11.4651 19.9987 7.62939e-07
      vertex 11.4651 19.9987 7.62939e-07
      vertex -11.2979 19.8521 7.62939e-07
    endloop
  endfacet
  facet normal 0 0 -1
    outer loop
      vertex 11.4651 19.9987 7.62939e-07
      vertex -11.4651 19.9987 7.62939e-07
      vertex 11.65 20.1222 7.62939e-07
    endloop
  endfacet
  facet normal 0 0 -1
    outer loop
      vertex -11.65 20.1222 7.62939e-07
      vertex 11.65 20.1222 7.62939e-07
      vertex -11.4651 19.9987 7.62939e-07
    endloop
  endfacet
  facet normal 0 0 -1
    outer loop
      vertex 11.65 20.1222 7.62939e-07
      vertex -11.65 20.1222 7.62939e-07
      vertex 11.8494 20.2206 7.62939e-07
    endloop
  endfacet
  facet normal 0 0 -1
    outer loop
      vertex -11.8494 20.2206 7.62939e-07
      vertex 11.8494 20.2206 7.62939e-07
      vertex -11.65 20.1222 7.62939e-07
    endloop
  endfacet
  facet normal 0 0 -1
    outer loop
      vertex 11.8494 20.2206 7.62939e-07
      vertex -11.8494 20.2206 7.62939e-07
      vertex 15.5 21.65 7.62939e-07
    endloop
  endfacet
  facet normal 0 0 -1
    outer loop
      vertex -12.06 20.2921 7.62939e-07
      vertex 15.5 21.65 7.62939e-07
      vertex -11.8494 20.2206 7.62939e-07
    endloop
  endfacet
  facet normal 0 0 -1
    outer loop
      vertex -15.5 21.65 7.62939e-07
      vertex -12.06 20.2921 7.62939e-07
      vertex -12.2781 20.3355 7.62939e-07
    endloop
  endfacet
  facet normal 0 0 -1
    outer loop
      vertex -15.5 21.65 7.62939e-07
      vertex -12.2781 20.3355 7.62939e-07
      vertex -12.5 20.35 7.62939e-07
    endloop
  endfacet
  facet normal 0 0 -1
    outer loop
      vertex -12.06 20.2921 7.62939e-07
      vertex -15.5 21.65 7.62939e-07
      vertex 15.5 21.65 7.62939e-07
    endloop
  endfacet
  facet normal 0 0 -1
    outer loop
      vertex -12.7219 20.3355 7.62939e-07
      vertex -15.5 21.65 7.62939e-07
      vertex -12.5 20.35 7.62939e-07
    endloop
  endfacet
  facet normal 0 0 -1
    outer loop
      vertex -12.94 20.2921 7.62939e-07
      vertex -15.5 21.65 7.62939e-07
      vertex -12.7219 20.3355 7.62939e-07
    endloop
  endfacet
  facet normal 0 0 -1
    outer loop
      vertex -13.1506 20.2206 7.62939e-07
      vertex -15.5 21.65 7.62939e-07
      vertex -12.94 20.2921 7.62939e-07
    endloop
  endfacet
  facet normal 0 0 -1
    outer loop
      vertex -13.35 20.1222 7.62939e-07
      vertex -15.5 21.65 7.62939e-07
      vertex -13.1506 20.2206 7.62939e-07
    endloop
  endfacet
  facet normal 0 0 -1
    outer loop
      vertex -13.5349 19.9987 7.62939e-07
      vertex -15.5 21.65 7.62939e-07
      vertex -13.35 20.1222 7.62939e-07
    endloop
  endfacet
  facet normal 0 0 -1
    outer loop
      vertex -13.7021 19.8521 7.62939e-07
      vertex -15.5 21.65 7.62939e-07
      vertex -13.5349 19.9987 7.62939e-07
    endloop
  endfacet
  facet normal 0 0 -1
    outer loop
      vertex -13.8487 19.6849 7.62939e-07
      vertex -15.5 21.65 7.62939e-07
      vertex -13.7021 19.8521 7.62939e-07
    endloop
  endfacet
  facet normal 0 0 -1
    outer loop
      vertex -13.9722 19.5 7.62939e-07
      vertex -15.5 21.65 7.62939e-07
      vertex -13.8487 19.6849 7.62939e-07
    endloop
  endfacet
  facet normal 0 0 -1
    outer loop
      vertex -14.0706 19.3006 7.62939e-07
      vertex -15.5 21.65 7.62939e-07
      vertex -13.9722 19.5 7.62939e-07
    endloop
  endfacet
  facet normal 0 0 -1
    outer loop
      vertex -14.1421 19.09 7.62939e-07
      vertex -15.5 21.65 7.62939e-07
      vertex -14.0706 19.3006 7.62939e-07
    endloop
  endfacet
  facet normal 0 0 -1
    outer loop
      vertex -14.1855 18.8719 7.62939e-07
      vertex -15.5 21.65 7.62939e-07
      vertex -14.1421 19.09 7.62939e-07
    endloop
  endfacet
  facet normal 0 0 -1
    outer loop
      vertex -14.2 18.65 7.62939e-07
      vertex -15.5 21.65 7.62939e-07
      vertex -14.1855 18.8719 7.62939e-07
    endloop
  endfacet
  facet normal 0 0 -1
    outer loop
      vertex -14.1855 18.4281 7.62939e-07
      vertex -15.5 21.65 7.62939e-07
      vertex -14.2 18.65 7.62939e-07
    endloop
  endfacet
  facet normal 0 0 -1
    outer loop
      vertex 15.5 21.65 7.62939e-07
      vertex 14.1855 18.4281 7.62939e-07
      vertex 14.2 18.65 7.62939e-07
    endloop
  endfacet
  facet normal 0 0 -1
    outer loop
      vertex 15.5 21.65 7.62939e-07
      vertex 14.1421 18.21 7.62939e-07
      vertex 14.1855 18.4281 7.62939e-07
    endloop
  endfacet
  facet normal 0 0 -1
    outer loop
      vertex 14.2 5.5 7.62939e-07
      vertex 14.0706 17.9994 7.62939e-07
      vertex 14.1421 18.21 7.62939e-07
    endloop
  endfacet
  facet normal 0 0 -1
    outer loop
      vertex 14.2 5.5 7.62939e-07
      vertex 13.9722 17.8 7.62939e-07
      vertex 14.0706 17.9994 7.62939e-07
    endloop
  endfacet
  facet normal 0 0 -1
    outer loop
      vertex 12.4 13.5 7.62939e-07
      vertex 13.9722 17.8 7.62939e-07
      vertex 14.2 5.5 7.62939e-07
    endloop
  endfacet
  facet normal 0 0 -1
    outer loop
      vertex 13.9722 17.8 7.62939e-07
      vertex 12.4 13.5 7.62939e-07
      vertex 13.8487 17.6151 7.62939e-07
    endloop
  endfacet
  facet normal 0 0 -1
    outer loop
      vertex 13.8487 17.6151 7.62939e-07
      vertex 12.4 13.5 7.62939e-07
      vertex 13.7021 17.4479 7.62939e-07
    endloop
  endfacet
  facet normal 0 0 -1
    outer loop
      vertex 13.7021 17.4479 7.62939e-07
      vertex 12.4 13.5 7.62939e-07
      vertex 13.5349 17.3013 7.62939e-07
    endloop
  endfacet
  facet normal 0 0 -1
    outer loop
      vertex 13.5349 17.3013 7.62939e-07
      vertex 12.4 13.5 7.62939e-07
      vertex 13.35 17.1778 7.62939e-07
    endloop
  endfacet
  facet normal 0 0 -1
    outer loop
      vertex 13.35 17.1778 7.62939e-07
      vertex 12.4 13.5 7.62939e-07
      vertex 13.1506 17.0794 7.62939e-07
    endloop
  endfacet
  facet normal 0 0 -1
    outer loop
      vertex 13.1506 17.0794 7.62939e-07
      vertex 12.4 13.5 7.62939e-07
      vertex 12.94 17.0079 7.62939e-07
    endloop
  endfacet
  facet normal 0 0 -1
    outer loop
      vertex 12.94 17.0079 7.62939e-07
      vertex 12.4 13.5 7.62939e-07
      vertex 12.7219 16.9645 7.62939e-07
    endloop
  endfacet
  facet normal 0 0 -1
    outer loop
      vertex 12.7219 16.9645 7.62939e-07
      vertex 12.4 13.5 7.62939e-07
      vertex 12.5 16.95 7.62939e-07
    endloop
  endfacet
  facet normal 0 0 -1
    outer loop
      vertex 12.4 13.5 7.62939e-07
      vertex 12.2781 16.9645 7.62939e-07
      vertex 12.5 16.95 7.62939e-07
    endloop
  endfacet
  facet normal 0 0 -1
    outer loop
      vertex 12.4 13.5 7.62939e-07
      vertex 12.06 17.0079 7.62939e-07
      vertex 12.2781 16.9645 7.62939e-07
    endloop
  endfacet
  facet normal 0 0 -1
    outer loop
      vertex 12.4 13.5 7.62939e-07
      vertex 11.8494 17.0794 7.62939e-07
      vertex 12.06 17.0079 7.62939e-07
    endloop
  endfacet
  facet normal 0 0 -1
    outer loop
      vertex 12.4 13.5 7.62939e-07
      vertex 11.65 17.1778 7.62939e-07
      vertex 11.8494 17.0794 7.62939e-07
    endloop
  endfacet
  facet normal 0 0 -1
    outer loop
      vertex 12.4 13.5 7.62939e-07
      vertex 11.4651 17.3013 7.62939e-07
      vertex 11.65 17.1778 7.62939e-07
    endloop
  endfacet
  facet normal 0 0 -1
    outer loop
      vertex 12.4 13.5 7.62939e-07
      vertex 11.2979 17.4479 7.62939e-07
      vertex 11.4651 17.3013 7.62939e-07
    endloop
  endfacet
  facet normal 0 0 -1
    outer loop
      vertex 12.4 13.5 7.62939e-07
      vertex 11.1513 17.6151 7.62939e-07
      vertex 11.2979 17.4479 7.62939e-07
    endloop
  endfacet
  facet normal 0 0 -1
    outer loop
      vertex 12.4 13.5 7.62939e-07
      vertex 11.0278 17.8 7.62939e-07
      vertex 11.1513 17.6151 7.62939e-07
    endloop
  endfacet
  facet normal 0 0 -1
    outer loop
      vertex 10.6 5.5 7.62939e-07
      vertex 11.0278 17.8 7.62939e-07
      vertex 12.4 13.5 7.62939e-07
    endloop
  endfacet
  facet normal 0 0 -1
    outer loop
      vertex -10.6 5.5 7.62939e-07
      vertex 11.0278 17.8 7.62939e-07
      vertex 10.6 5.5 7.62939e-07
    endloop
  endfacet
  facet normal 0 0 -1
    outer loop
      vertex -10.8145 18.4281 7.62939e-07
      vertex 10.8579 18.21 7.62939e-07
      vertex 10.9294 17.9994 7.62939e-07
    endloop
  endfacet
  facet normal 0 0 -1
    outer loop
      vertex -10.8145 18.4281 7.62939e-07
      vertex 10.9294 17.9994 7.62939e-07
      vertex 11.0278 17.8 7.62939e-07
    endloop
  endfacet
  facet normal 0 0 -1
    outer loop
      vertex -11.0278 17.8 7.62939e-07
      vertex 11.0278 17.8 7.62939e-07
      vertex -10.6 5.5 7.62939e-07
    endloop
  endfacet
  facet normal -0.707107 0 0.707107
    outer loop
      vertex -8.5 -10.65 17.3
      vertex -7.5 21.65 18.3
      vertex -8.5 21.65 17.3
    endloop
  endfacet
  facet normal -0.707107 0 0.707107
    outer loop
      vertex -7.5 21.65 18.3
      vertex -8.5 -10.65 17.3
      vertex -7.5 -10.65 18.3
    endloop
  endfacet
  facet normal -0.57735 0.57735 0.57735
    outer loop
      vertex -7.5 22.65 17.3
      vertex -8.5 21.65 17.3
      vertex -7.5 21.65 18.3
    endloop
  endfacet
  facet normal 0 0.707107 0.707107
    outer loop
      vertex 7.5 22.65 17.3
      vertex -7.5 21.65 18.3
      vertex 7.5 21.65 18.3
    endloop
  endfacet
  facet normal 0 0.707107 0.707107
    outer loop
      vertex -7.5 21.65 18.3
      vertex 7.5 22.65 17.3
      vertex -7.5 22.65 17.3
    endloop
  endfacet
  facet normal -0.57735 -0.57735 0.57735
    outer loop
      vertex -7.5 -10.65 18.3
      vertex -8.5 -10.65 17.3
      vertex -7.5 -11.65 17.3
    endloop
  endfacet
  facet normal 0 1 -0
    outer loop
      vertex 15.5 22.65 1
      vertex 7.5 22.65 2
      vertex 15.5 22.65 2
    endloop
  endfacet
  facet normal 0 1 0
    outer loop
      vertex 4.25 22.65 2
      vertex 15.5 22.65 1
      vertex -4.25 22.65 2
    endloop
  endfacet
  facet normal 0 1 0
    outer loop
      vertex 7.5 22.65 2
      vertex 15.5 22.65 1
      vertex 4.25 22.65 2
    endloop
  endfacet
  facet normal 0 1 0
    outer loop
      vertex 7.5 22.65 17.3
      vertex 4.25 22.65 8.4
      vertex -7.5 22.65 17.3
    endloop
  endfacet
  facet normal 0 1 -0
    outer loop
      vertex 7.5 22.65 2
      vertex 4.25 22.65 8.4
      vertex 7.5 22.65 17.3
    endloop
  endfacet
  facet normal 0 1 0
    outer loop
      vertex 4.25 22.65 8.4
      vertex 7.5 22.65 2
      vertex 4.25 22.65 2
    endloop
  endfacet
  facet normal 0 1 -0
    outer loop
      vertex -4.25 22.65 8.4
      vertex -7.5 22.65 17.3
      vertex 4.25 22.65 8.4
    endloop
  endfacet
  facet normal 0 1 0
    outer loop
      vertex -4.25 22.65 8.4
      vertex -7.5 22.65 2
      vertex -7.5 22.65 17.3
    endloop
  endfacet
  facet normal 0 1 -0
    outer loop
      vertex -4.25 22.65 2
      vertex -7.5 22.65 2
      vertex -4.25 22.65 8.4
    endloop
  endfacet
  facet normal 0 1 0
    outer loop
      vertex -15.5 22.65 1
      vertex -7.5 22.65 2
      vertex -4.25 22.65 2
    endloop
  endfacet
  facet normal 0 1 0
    outer loop
      vertex -15.5 22.65 1
      vertex -4.25 22.65 2
      vertex 15.5 22.65 1
    endloop
  endfacet
  facet normal 0 1 0
    outer loop
      vertex -7.5 22.65 2
      vertex -15.5 22.65 1
      vertex -15.5 22.65 2
    endloop
  endfacet
  facet normal 0.57735 -0.57735 -0.577351
    outer loop
      vertex 15.5 -11.65 1
      vertex 15.5 -10.65 7.62939e-07
      vertex 16.5 -10.65 1
    endloop
  endfacet
  facet normal -1 0 0
    outer loop
      vertex -16.5 -10.65 1
      vertex -16.5 21.65 2
      vertex -16.5 21.65 1
    endloop
  endfacet
  facet normal -1 -0 0
    outer loop
      vertex -16.5 21.65 2
      vertex -16.5 -10.65 1
      vertex -16.5 -10.65 2
    endloop
  endfacet
  facet normal 0.707107 0 -0.707107
    outer loop
      vertex 15.5 -10.65 7.62939e-07
      vertex 16.5 21.65 1
      vertex 16.5 -10.65 1
    endloop
  endfacet
  facet normal 0.707107 0 -0.707107
    outer loop
      vertex 16.5 21.65 1
      vertex 15.5 -10.65 7.62939e-07
      vertex 15.5 21.65 7.62939e-07
    endloop
  endfacet
  facet normal -0 0.707107 0.707107
    outer loop
      vertex -15.5 22.65 2
      vertex -8.5 21.65 3
      vertex -7.5 22.65 2
    endloop
  endfacet
  facet normal 0 0.707107 0.707107
    outer loop
      vertex -8.5 21.65 3
      vertex -15.5 22.65 2
      vertex -15.5 21.65 3
    endloop
  endfacet
  facet normal 0 0.707107 0.707107
    outer loop
      vertex 15.5 22.65 2
      vertex 8.5 21.65 3
      vertex 15.5 21.65 3
    endloop
  endfacet
  facet normal 0 0.707107 0.707107
    outer loop
      vertex 8.5 21.65 3
      vertex 15.5 22.65 2
      vertex 7.5 22.65 2
    endloop
  endfacet
  facet normal -0.57735 -0.57735 -0.577351
    outer loop
      vertex -15.5 -11.65 1
      vertex -16.5 -10.65 1
      vertex -15.5 -10.65 7.62939e-07
    endloop
  endfacet
  facet normal 1 -0 0
    outer loop
      vertex 16.5 -10.65 2
      vertex 16.5 21.65 1
      vertex 16.5 21.65 2
    endloop
  endfacet
  facet normal 1 0 0
    outer loop
      vertex 16.5 21.65 1
      vertex 16.5 -10.65 2
      vertex 16.5 -10.65 1
    endloop
  endfacet
  facet normal -0.707107 0 0.707107
    outer loop
      vertex -16.5 -10.65 2
      vertex -15.5 21.65 3
      vertex -16.5 21.65 2
    endloop
  endfacet
  facet normal -0.707107 0 0.707107
    outer loop
      vertex -15.5 21.65 3
      vertex -16.5 -10.65 2
      vertex -15.5 -10.65 3
    endloop
  endfacet
  facet normal 0.707107 -0 0.707107
    outer loop
      vertex 15.5 -10.65 3
      vertex 16.5 21.65 2
      vertex 15.5 21.65 3
    endloop
  endfacet
  facet normal 0.707107 0 0.707107
    outer loop
      vertex 16.5 21.65 2
      vertex 15.5 -10.65 3
      vertex 16.5 -10.65 2
    endloop
  endfacet
  facet normal 0.57735 0.57735 0.57735
    outer loop
      vertex 16.5 21.65 2
      vertex 15.5 22.65 2
      vertex 15.5 21.65 3
    endloop
  endfacet
  facet normal 0.57735 -0.57735 0.57735
    outer loop
      vertex 15.5 -10.65 3
      vertex 15.5 -11.65 2
      vertex 16.5 -10.65 2
    endloop
  endfacet
  facet normal -0 0 1
    outer loop
      vertex 14.1421 -7.21001 3
      vertex 15.5 -10.65 3
      vertex 14.2 5.5 3
    endloop
  endfacet
  facet normal 0 0 1
    outer loop
      vertex 14.1421 18.21 3
      vertex 15.5 21.65 3
      vertex 14.1855 18.4281 3
    endloop
  endfacet
  facet normal 0 0 1
    outer loop
      vertex 15.5 21.65 3
      vertex 14.1421 18.21 3
      vertex 14.2 5.5 3
    endloop
  endfacet
  facet normal -0 0 1
    outer loop
      vertex 14.0706 17.9994 3
      vertex 14.2 5.5 3
      vertex 14.1421 18.21 3
    endloop
  endfacet
  facet normal -0 0 1
    outer loop
      vertex 13.9722 17.8 3
      vertex 14.2 5.5 3
      vertex 14.0706 17.9994 3
    endloop
  endfacet
  facet normal 0 0 1
    outer loop
      vertex 12.4 13.5 3
      vertex 13.9722 17.8 3
      vertex 13.8487 17.6151 3
    endloop
  endfacet
  facet normal 0 0 1
    outer loop
      vertex 12.4 13.5 3
      vertex 13.8487 17.6151 3
      vertex 13.7021 17.4479 3
    endloop
  endfacet
  facet normal 0 0 1
    outer loop
      vertex 12.4 13.5 3
      vertex 13.7021 17.4479 3
      vertex 13.5349 17.3013 3
    endloop
  endfacet
  facet normal 0 0 1
    outer loop
      vertex 12.4 13.5 3
      vertex 13.5349 17.3013 3
      vertex 13.35 17.1778 3
    endloop
  endfacet
  facet normal 0 0 1
    outer loop
      vertex 12.4 13.5 3
      vertex 13.35 17.1778 3
      vertex 13.1506 17.0794 3
    endloop
  endfacet
  facet normal 0 0 1
    outer loop
      vertex 12.4 13.5 3
      vertex 13.1506 17.0794 3
      vertex 12.94 17.0079 3
    endloop
  endfacet
  facet normal 0 0 1
    outer loop
      vertex 12.4 13.5 3
      vertex 12.94 17.0079 3
      vertex 12.7219 16.9645 3
    endloop
  endfacet
  facet normal 0 0 1
    outer loop
      vertex 12.4 13.5 3
      vertex 12.7219 16.9645 3
      vertex 12.5 16.95 3
    endloop
  endfacet
  facet normal 0 0 1
    outer loop
      vertex 13.9722 17.8 3
      vertex 12.4 13.5 3
      vertex 14.2 5.5 3
    endloop
  endfacet
  facet normal 0 0 1
    outer loop
      vertex 12.2781 16.9645 3
      vertex 12.4 13.5 3
      vertex 12.5 16.95 3
    endloop
  endfacet
  facet normal 0 0 1
    outer loop
      vertex 12.06 17.0079 3
      vertex 12.4 13.5 3
      vertex 12.2781 16.9645 3
    endloop
  endfacet
  facet normal 0 0 1
    outer loop
      vertex 11.8494 17.0794 3
      vertex 12.4 13.5 3
      vertex 12.06 17.0079 3
    endloop
  endfacet
  facet normal 0 0 1
    outer loop
      vertex 11.65 17.1778 3
      vertex 12.4 13.5 3
      vertex 11.8494 17.0794 3
    endloop
  endfacet
  facet normal 0 0 1
    outer loop
      vertex 11.4651 17.3013 3
      vertex 12.4 13.5 3
      vertex 11.65 17.1778 3
    endloop
  endfacet
  facet normal 0 0 1
    outer loop
      vertex 11.2979 17.4479 3
      vertex 12.4 13.5 3
      vertex 11.4651 17.3013 3
    endloop
  endfacet
  facet normal 0 0 1
    outer loop
      vertex 11.1513 17.6151 3
      vertex 12.4 13.5 3
      vertex 11.2979 17.4479 3
    endloop
  endfacet
  facet normal 0 0 1
    outer loop
      vertex 11.0278 17.8 3
      vertex 12.4 13.5 3
      vertex 11.1513 17.6151 3
    endloop
  endfacet
  facet normal 0 0 1
    outer loop
      vertex 10.6 5.5 3
      vertex 11.0278 17.8 3
      vertex 10.9294 17.9994 3
    endloop
  endfacet
  facet normal 0 0 1
    outer loop
      vertex 8.5 21.65 3
      vertex 10.9294 17.9994 3
      vertex 10.8579 18.21 3
    endloop
  endfacet
  facet normal 0 0 1
    outer loop
      vertex 11.0278 17.8 3
      vertex 10.6 5.5 3
      vertex 12.4 13.5 3
    endloop
  endfacet
  facet normal 0 0 1
    outer loop
      vertex 8.5 21.65 3
      vertex 10.8579 18.21 3
      vertex 10.8145 18.4281 3
    endloop
  endfacet
  facet normal 0 0 1
    outer loop
      vertex 8.5 21.65 3
      vertex 10.8145 18.4281 3
      vertex 10.8 18.65 3
    endloop
  endfacet
  facet normal 0 0 1
    outer loop
      vertex 14.1855 18.4281 3
      vertex 15.5 21.65 3
      vertex 14.2 18.65 3
    endloop
  endfacet
  facet normal 0 0 1
    outer loop
      vertex 15.5 21.65 3
      vertex 14.1855 18.8719 3
      vertex 14.2 18.65 3
    endloop
  endfacet
  facet normal 0 0 1
    outer loop
      vertex 15.5 21.65 3
      vertex 14.1421 19.09 3
      vertex 14.1855 18.8719 3
    endloop
  endfacet
  facet normal 0 0 1
    outer loop
      vertex 15.5 21.65 3
      vertex 14.0706 19.3006 3
      vertex 14.1421 19.09 3
    endloop
  endfacet
  facet normal 0 0 1
    outer loop
      vertex 15.5 21.65 3
      vertex 13.9722 19.5 3
      vertex 14.0706 19.3006 3
    endloop
  endfacet
  facet normal 0 0 1
    outer loop
      vertex 15.5 21.65 3
      vertex 13.8487 19.6849 3
      vertex 13.9722 19.5 3
    endloop
  endfacet
  facet normal 0 0 1
    outer loop
      vertex 15.5 21.65 3
      vertex 13.7021 19.8521 3
      vertex 13.8487 19.6849 3
    endloop
  endfacet
  facet normal 0 0 1
    outer loop
      vertex 15.5 21.65 3
      vertex 13.5349 19.9987 3
      vertex 13.7021 19.8521 3
    endloop
  endfacet
  facet normal 0 0 1
    outer loop
      vertex 15.5 21.65 3
      vertex 13.35 20.1222 3
      vertex 13.5349 19.9987 3
    endloop
  endfacet
  facet normal 0 0 1
    outer loop
      vertex 15.5 21.65 3
      vertex 13.1506 20.2206 3
      vertex 13.35 20.1222 3
    endloop
  endfacet
  facet normal 0 0 1
    outer loop
      vertex 15.5 21.65 3
      vertex 12.94 20.2921 3
      vertex 13.1506 20.2206 3
    endloop
  endfacet
  facet normal 0 0 1
    outer loop
      vertex 15.5 21.65 3
      vertex 12.7219 20.3355 3
      vertex 12.94 20.2921 3
    endloop
  endfacet
  facet normal 0 0 1
    outer loop
      vertex 15.5 21.65 3
      vertex 12.5 20.35 3
      vertex 12.7219 20.3355 3
    endloop
  endfacet
  facet normal 0 0 1
    outer loop
      vertex 15.5 21.65 3
      vertex 12.2781 20.3355 3
      vertex 12.5 20.35 3
    endloop
  endfacet
  facet normal -0 0 1
    outer loop
      vertex 8.5 21.65 3
      vertex 12.2781 20.3355 3
      vertex 15.5 21.65 3
    endloop
  endfacet
  facet normal 0 0 1
    outer loop
      vertex 12.2781 20.3355 3
      vertex 8.5 21.65 3
      vertex 12.06 20.2921 3
    endloop
  endfacet
  facet normal 0 0 1
    outer loop
      vertex 10.9294 17.9994 3
      vertex 8.5 21.65 3
      vertex 10.6 5.5 3
    endloop
  endfacet
  facet normal 0 0 1
    outer loop
      vertex 10.8145 18.8719 3
      vertex 8.5 21.65 3
      vertex 10.8 18.65 3
    endloop
  endfacet
  facet normal 0 0 1
    outer loop
      vertex 10.8579 19.09 3
      vertex 8.5 21.65 3
      vertex 10.8145 18.8719 3
    endloop
  endfacet
  facet normal 0 0 1
    outer loop
      vertex 10.9294 19.3006 3
      vertex 8.5 21.65 3
      vertex 10.8579 19.09 3
    endloop
  endfacet
  facet normal 0 0 1
    outer loop
      vertex 11.0278 19.5 3
      vertex 8.5 21.65 3
      vertex 10.9294 19.3006 3
    endloop
  endfacet
  facet normal 0 0 1
    outer loop
      vertex 11.1513 19.6849 3
      vertex 8.5 21.65 3
      vertex 11.0278 19.5 3
    endloop
  endfacet
  facet normal 0 0 1
    outer loop
      vertex 11.2979 19.8521 3
      vertex 8.5 21.65 3
      vertex 11.1513 19.6849 3
    endloop
  endfacet
  facet normal 0 0 1
    outer loop
      vertex 11.4651 19.9987 3
      vertex 8.5 21.65 3
      vertex 11.2979 19.8521 3
    endloop
  endfacet
  facet normal 0 0 1
    outer loop
      vertex 11.65 20.1222 3
      vertex 8.5 21.65 3
      vertex 11.4651 19.9987 3
    endloop
  endfacet
  facet normal 0 0 1
    outer loop
      vertex 11.8494 20.2206 3
      vertex 8.5 21.65 3
      vertex 11.65 20.1222 3
    endloop
  endfacet
  facet normal 0 0 1
    outer loop
      vertex 12.06 20.2921 3
      vertex 8.5 21.65 3
      vertex 11.8494 20.2206 3
    endloop
  endfacet
  facet normal 0 0 1
    outer loop
      vertex 15.5 21.65 3
      vertex 14.2 5.5 3
      vertex 15.5 -10.65 3
    endloop
  endfacet
  facet normal -0 0 1
    outer loop
      vertex 14.1855 -7.87189 3
      vertex 15.5 -10.65 3
      vertex 14.2 -7.65 3
    endloop
  endfacet
  facet normal -0 0 1
    outer loop
      vertex 14.1421 -8.08999 3
      vertex 15.5 -10.65 3
      vertex 14.1855 -7.87189 3
    endloop
  endfacet
  facet normal -0 0 1
    outer loop
      vertex 14.0706 -8.30056 3
      vertex 15.5 -10.65 3
      vertex 14.1421 -8.08999 3
    endloop
  endfacet
  facet normal -0 0 1
    outer loop
      vertex 13.9722 -8.5 3
      vertex 15.5 -10.65 3
      vertex 14.0706 -8.30056 3
    endloop
  endfacet
  facet normal -0 0 1
    outer loop
      vertex 13.8487 -8.68489 3
      vertex 15.5 -10.65 3
      vertex 13.9722 -8.5 3
    endloop
  endfacet
  facet normal -0 0 1
    outer loop
      vertex 13.7021 -8.85208 3
      vertex 15.5 -10.65 3
      vertex 13.8487 -8.68489 3
    endloop
  endfacet
  facet normal -0 0 1
    outer loop
      vertex 13.5349 -8.9987 3
      vertex 15.5 -10.65 3
      vertex 13.7021 -8.85208 3
    endloop
  endfacet
  facet normal -0 0 1
    outer loop
      vertex 13.35 -9.12224 3
      vertex 15.5 -10.65 3
      vertex 13.5349 -8.9987 3
    endloop
  endfacet
  facet normal -0 0 1
    outer loop
      vertex 13.1506 -9.22059 3
      vertex 15.5 -10.65 3
      vertex 13.35 -9.12224 3
    endloop
  endfacet
  facet normal -0 0 1
    outer loop
      vertex 12.94 -9.29207 3
      vertex 15.5 -10.65 3
      vertex 13.1506 -9.22059 3
    endloop
  endfacet
  facet normal -0 0 1
    outer loop
      vertex 12.7219 -9.33546 3
      vertex 15.5 -10.65 3
      vertex 12.94 -9.29207 3
    endloop
  endfacet
  facet normal -0 0 1
    outer loop
      vertex 12.5 -9.35 3
      vertex 15.5 -10.65 3
      vertex 12.7219 -9.33546 3
    endloop
  endfacet
  facet normal 0 0 1
    outer loop
      vertex 12.2781 -9.33546 3
      vertex 15.5 -10.65 3
      vertex 12.5 -9.35 3
    endloop
  endfacet
  facet normal 0 0 1
    outer loop
      vertex 8.5 -10.65 3
      vertex 12.2781 -9.33546 3
      vertex 12.06 -9.29207 3
    endloop
  endfacet
  facet normal 0 0 1
    outer loop
      vertex 8.5 -10.65 3
      vertex 12.06 -9.29207 3
      vertex 11.8494 -9.22059 3
    endloop
  endfacet
  facet normal 0 0 1
    outer loop
      vertex 8.5 -10.65 3
      vertex 10.6 5.5 3
      vertex 8.5 21.65 3
    endloop
  endfacet
  facet normal 0 0 1
    outer loop
      vertex 10.6 5.5 3
      vertex 8.5 -10.65 3
      vertex 10.8 -7.65 3
    endloop
  endfacet
  facet normal 0 0 1
    outer loop
      vertex 12.2781 -9.33546 3
      vertex 8.5 -10.65 3
      vertex 15.5 -10.65 3
    endloop
  endfacet
  facet normal 0 0 1
    outer loop
      vertex 11.65 -9.12224 3
      vertex 8.5 -10.65 3
      vertex 11.8494 -9.22059 3
    endloop
  endfacet
  facet normal 0 0 1
    outer loop
      vertex 11.4651 -8.9987 3
      vertex 8.5 -10.65 3
      vertex 11.65 -9.12224 3
    endloop
  endfacet
  facet normal 0 0 1
    outer loop
      vertex 11.2979 -8.85208 3
      vertex 8.5 -10.65 3
      vertex 11.4651 -8.9987 3
    endloop
  endfacet
  facet normal 0 0 1
    outer loop
      vertex 11.1513 -8.68489 3
      vertex 8.5 -10.65 3
      vertex 11.2979 -8.85208 3
    endloop
  endfacet
  facet normal 0 0 1
    outer loop
      vertex 11.0278 -8.5 3
      vertex 8.5 -10.65 3
      vertex 11.1513 -8.68489 3
    endloop
  endfacet
  facet normal 0 0 1
    outer loop
      vertex 10.9294 -8.30056 3
      vertex 8.5 -10.65 3
      vertex 11.0278 -8.5 3
    endloop
  endfacet
  facet normal 0 0 1
    outer loop
      vertex 10.8579 -8.08999 3
      vertex 8.5 -10.65 3
      vertex 10.9294 -8.30056 3
    endloop
  endfacet
  facet normal 0 0 1
    outer loop
      vertex 10.8145 -7.87189 3
      vertex 8.5 -10.65 3
      vertex 10.8579 -8.08999 3
    endloop
  endfacet
  facet normal 0 0 1
    outer loop
      vertex 10.8 -7.65 3
      vertex 8.5 -10.65 3
      vertex 10.8145 -7.87189 3
    endloop
  endfacet
  facet normal 0 0 1
    outer loop
      vertex 15.5 -10.65 3
      vertex 14.1855 -7.42811 3
      vertex 14.2 -7.65 3
    endloop
  endfacet
  facet normal 0 0 1
    outer loop
      vertex 15.5 -10.65 3
      vertex 14.1421 -7.21001 3
      vertex 14.1855 -7.42811 3
    endloop
  endfacet
  facet normal 0 0 1
    outer loop
      vertex 14.2 5.5 3
      vertex 14.0706 -6.99944 3
      vertex 14.1421 -7.21001 3
    endloop
  endfacet
  facet normal 0 0 1
    outer loop
      vertex 14.2 5.5 3
      vertex 13.9722 -6.8 3
      vertex 14.0706 -6.99944 3
    endloop
  endfacet
  facet normal -0 0 1
    outer loop
      vertex 12.4 -2.5 3
      vertex 13.9722 -6.8 3
      vertex 14.2 5.5 3
    endloop
  endfacet
  facet normal 0 0 1
    outer loop
      vertex 13.9722 -6.8 3
      vertex 12.4 -2.5 3
      vertex 13.8487 -6.6151 3
    endloop
  endfacet
  facet normal 0 0 1
    outer loop
      vertex 13.8487 -6.6151 3
      vertex 12.4 -2.5 3
      vertex 13.7021 -6.44792 3
    endloop
  endfacet
  facet normal 0 0 1
    outer loop
      vertex 13.7021 -6.44792 3
      vertex 12.4 -2.5 3
      vertex 13.5349 -6.3013 3
    endloop
  endfacet
  facet normal 0 0 1
    outer loop
      vertex 13.5349 -6.3013 3
      vertex 12.4 -2.5 3
      vertex 13.35 -6.17776 3
    endloop
  endfacet
  facet normal 0 0 1
    outer loop
      vertex 13.35 -6.17776 3
      vertex 12.4 -2.5 3
      vertex 13.1506 -6.0794 3
    endloop
  endfacet
  facet normal 0 0 1
    outer loop
      vertex 13.1506 -6.0794 3
      vertex 12.4 -2.5 3
      vertex 12.94 -6.00793 3
    endloop
  endfacet
  facet normal 0 0 1
    outer loop
      vertex 12.94 -6.00793 3
      vertex 12.4 -2.5 3
      vertex 12.7219 -5.96454 3
    endloop
  endfacet
  facet normal 0 0 1
    outer loop
      vertex 12.7219 -5.96454 3
      vertex 12.4 -2.5 3
      vertex 12.5 -5.95 3
    endloop
  endfacet
  facet normal 0 0 1
    outer loop
      vertex 12.4 -2.5 3
      vertex 12.2781 -5.96454 3
      vertex 12.5 -5.95 3
    endloop
  endfacet
  facet normal 0 0 1
    outer loop
      vertex 12.4 -2.5 3
      vertex 12.06 -6.00793 3
      vertex 12.2781 -5.96454 3
    endloop
  endfacet
  facet normal 0 0 1
    outer loop
      vertex 12.4 -2.5 3
      vertex 11.8494 -6.0794 3
      vertex 12.06 -6.00793 3
    endloop
  endfacet
  facet normal 0 0 1
    outer loop
      vertex 12.4 -2.5 3
      vertex 11.65 -6.17776 3
      vertex 11.8494 -6.0794 3
    endloop
  endfacet
  facet normal 0 0 1
    outer loop
      vertex 12.4 -2.5 3
      vertex 11.4651 -6.3013 3
      vertex 11.65 -6.17776 3
    endloop
  endfacet
  facet normal 0 0 1
    outer loop
      vertex 12.4 -2.5 3
      vertex 11.2979 -6.44792 3
      vertex 11.4651 -6.3013 3
    endloop
  endfacet
  facet normal 0 0 1
    outer loop
      vertex 12.4 -2.5 3
      vertex 11.1513 -6.6151 3
      vertex 11.2979 -6.44792 3
    endloop
  endfacet
  facet normal 0 0 1
    outer loop
      vertex 12.4 -2.5 3
      vertex 11.0278 -6.8 3
      vertex 11.1513 -6.6151 3
    endloop
  endfacet
  facet normal 0 0 1
    outer loop
      vertex 10.6 5.5 3
      vertex 11.0278 -6.8 3
      vertex 12.4 -2.5 3
    endloop
  endfacet
  facet normal 0 0 1
    outer loop
      vertex 11.0278 -6.8 3
      vertex 10.6 5.5 3
      vertex 10.9294 -6.99944 3
    endloop
  endfacet
  facet normal 0 0 1
    outer loop
      vertex 10.8145 -7.42811 3
      vertex 10.6 5.5 3
      vertex 10.8 -7.65 3
    endloop
  endfacet
  facet normal 0 0 1
    outer loop
      vertex 10.8579 -7.21001 3
      vertex 10.6 5.5 3
      vertex 10.8145 -7.42811 3
    endloop
  endfacet
  facet normal 0 0 1
    outer loop
      vertex 10.9294 -6.99944 3
      vertex 10.6 5.5 3
      vertex 10.8579 -7.21001 3
    endloop
  endfacet
  facet normal 0 0 1
    outer loop
      vertex -8.5 -10.65 3
      vertex -10.8145 -7.42811 3
      vertex -10.8 -7.65 3
    endloop
  endfacet
  facet normal 0 0 1
    outer loop
      vertex -8.5 -10.65 3
      vertex -10.8579 -7.21001 3
      vertex -10.8145 -7.42811 3
    endloop
  endfacet
  facet normal 0 0 1
    outer loop
      vertex -8.5 -10.65 3
      vertex -10.9294 -6.99944 3
      vertex -10.8579 -7.21001 3
    endloop
  endfacet
  facet normal 0 0 1
    outer loop
      vertex -10.6 5.5 3
      vertex -11.0278 -6.8 3
      vertex -10.9294 -6.99944 3
    endloop
  endfacet
  facet normal -0 0 1
    outer loop
      vertex -12.4 -2.5 3
      vertex -11.0278 -6.8 3
      vertex -10.6 5.5 3
    endloop
  endfacet
  facet normal 0 0 1
    outer loop
      vertex -11.0278 -6.8 3
      vertex -12.4 -2.5 3
      vertex -11.1513 -6.6151 3
    endloop
  endfacet
  facet normal 0 0 1
    outer loop
      vertex -11.1513 -6.6151 3
      vertex -12.4 -2.5 3
      vertex -11.2979 -6.44792 3
    endloop
  endfacet
  facet normal 0 0 1
    outer loop
      vertex -11.2979 -6.44792 3
      vertex -12.4 -2.5 3
      vertex -11.4651 -6.3013 3
    endloop
  endfacet
  facet normal 0 0 1
    outer loop
      vertex -11.4651 -6.3013 3
      vertex -12.4 -2.5 3
      vertex -11.65 -6.17776 3
    endloop
  endfacet
  facet normal 0 0 1
    outer loop
      vertex -11.65 -6.17776 3
      vertex -12.4 -2.5 3
      vertex -11.8494 -6.0794 3
    endloop
  endfacet
  facet normal 0 0 1
    outer loop
      vertex -11.8494 -6.0794 3
      vertex -12.4 -2.5 3
      vertex -12.06 -6.00793 3
    endloop
  endfacet
  facet normal 0 0 1
    outer loop
      vertex -12.06 -6.00793 3
      vertex -12.4 -2.5 3
      vertex -12.2781 -5.96454 3
    endloop
  endfacet
  facet normal 0 0 1
    outer loop
      vertex -12.4 -2.5 3
      vertex -12.5 -5.95 3
      vertex -12.2781 -5.96454 3
    endloop
  endfacet
  facet normal 0 0 1
    outer loop
      vertex -12.4 -2.5 3
      vertex -12.7219 -5.96454 3
      vertex -12.5 -5.95 3
    endloop
  endfacet
  facet normal 0 0 1
    outer loop
      vertex -12.4 -2.5 3
      vertex -12.94 -6.00793 3
      vertex -12.7219 -5.96454 3
    endloop
  endfacet
  facet normal 0 0 1
    outer loop
      vertex -12.4 -2.5 3
      vertex -13.1506 -6.0794 3
      vertex -12.94 -6.00793 3
    endloop
  endfacet
  facet normal 0 0 1
    outer loop
      vertex -12.4 -2.5 3
      vertex -13.35 -6.17776 3
      vertex -13.1506 -6.0794 3
    endloop
  endfacet
  facet normal 0 0 1
    outer loop
      vertex -12.4 -2.5 3
      vertex -13.5349 -6.3013 3
      vertex -13.35 -6.17776 3
    endloop
  endfacet
  facet normal 0 0 1
    outer loop
      vertex -12.4 -2.5 3
      vertex -13.7021 -6.44792 3
      vertex -13.5349 -6.3013 3
    endloop
  endfacet
  facet normal 0 0 1
    outer loop
      vertex -12.4 -2.5 3
      vertex -13.8487 -6.6151 3
      vertex -13.7021 -6.44792 3
    endloop
  endfacet
  facet normal 0 0 1
    outer loop
      vertex -12.4 -2.5 3
      vertex -13.9722 -6.8 3
      vertex -13.8487 -6.6151 3
    endloop
  endfacet
  facet normal 0 0 1
    outer loop
      vertex -14.2 5.5 3
      vertex -13.9722 -6.8 3
      vertex -12.4 -2.5 3
    endloop
  endfacet
  facet normal 0 0 1
    outer loop
      vertex -13.9722 -6.8 3
      vertex -14.2 5.5 3
      vertex -14.0706 -6.99944 3
    endloop
  endfacet
  facet normal 0 0 1
    outer loop
      vertex -14.2 5.5 3
      vertex -14.1421 -7.21001 3
      vertex -14.0706 -6.99944 3
    endloop
  endfacet
  facet normal 0 0 1
    outer loop
      vertex -15.5 -10.65 3
      vertex -14.1421 -7.21001 3
      vertex -14.2 5.5 3
    endloop
  endfacet
  facet normal 0 0 1
    outer loop
      vertex -14.1421 -7.21001 3
      vertex -15.5 -10.65 3
      vertex -14.1855 -7.42811 3
    endloop
  endfacet
  facet normal 0 0 1
    outer loop
      vertex -14.1421 18.21 3
      vertex -15.5 21.65 3
      vertex -14.2 5.5 3
    endloop
  endfacet
  facet normal 0 0 1
    outer loop
      vertex -8.5 21.65 3
      vertex -10.6 5.5 3
      vertex -8.5 -10.65 3
    endloop
  endfacet
  facet normal 0 0 1
    outer loop
      vertex -10.8145 18.4281 3
      vertex -8.5 21.65 3
      vertex -10.8 18.65 3
    endloop
  endfacet
  facet normal 0 0 1
    outer loop
      vertex -8.5 21.65 3
      vertex -10.8145 18.8719 3
      vertex -10.8 18.65 3
    endloop
  endfacet
  facet normal 0 0 1
    outer loop
      vertex -8.5 21.65 3
      vertex -10.8579 19.09 3
      vertex -10.8145 18.8719 3
    endloop
  endfacet
  facet normal 0 0 1
    outer loop
      vertex -8.5 21.65 3
      vertex -10.9294 19.3006 3
      vertex -10.8579 19.09 3
    endloop
  endfacet
  facet normal 0 0 1
    outer loop
      vertex -8.5 21.65 3
      vertex -11.0278 19.5 3
      vertex -10.9294 19.3006 3
    endloop
  endfacet
  facet normal 0 0 1
    outer loop
      vertex -8.5 21.65 3
      vertex -11.1513 19.6849 3
      vertex -11.0278 19.5 3
    endloop
  endfacet
  facet normal 0 0 1
    outer loop
      vertex -8.5 21.65 3
      vertex -11.2979 19.8521 3
      vertex -11.1513 19.6849 3
    endloop
  endfacet
  facet normal 0 0 1
    outer loop
      vertex -8.5 21.65 3
      vertex -11.4651 19.9987 3
      vertex -11.2979 19.8521 3
    endloop
  endfacet
  facet normal 0 0 1
    outer loop
      vertex -8.5 21.65 3
      vertex -11.65 20.1222 3
      vertex -11.4651 19.9987 3
    endloop
  endfacet
  facet normal 0 0 1
    outer loop
      vertex -8.5 21.65 3
      vertex -11.8494 20.2206 3
      vertex -11.65 20.1222 3
    endloop
  endfacet
  facet normal 0 0 1
    outer loop
      vertex -8.5 21.65 3
      vertex -12.06 20.2921 3
      vertex -11.8494 20.2206 3
    endloop
  endfacet
  facet normal 0 0 1
    outer loop
      vertex -8.5 21.65 3
      vertex -12.2781 20.3355 3
      vertex -12.06 20.2921 3
    endloop
  endfacet
  facet normal 0 0 1
    outer loop
      vertex -8.5 21.65 3
      vertex -12.5 20.35 3
      vertex -12.2781 20.3355 3
    endloop
  endfacet
  facet normal -0 0 1
    outer loop
      vertex -15.5 21.65 3
      vertex -12.5 20.35 3
      vertex -8.5 21.65 3
    endloop
  endfacet
  facet normal 0 0 1
    outer loop
      vertex -12.5 20.35 3
      vertex -15.5 21.65 3
      vertex -12.7219 20.3355 3
    endloop
  endfacet
  facet normal 0 0 1
    outer loop
      vertex -15.5 -10.65 3
      vertex -14.2 5.5 3
      vertex -15.5 21.65 3
    endloop
  endfacet
  facet normal 0 0 1
    outer loop
      vertex -14.1855 18.8719 3
      vertex -15.5 21.65 3
      vertex -14.2 18.65 3
    endloop
  endfacet
  facet normal 0 0 1
    outer loop
      vertex -14.1421 19.09 3
      vertex -15.5 21.65 3
      vertex -14.1855 18.8719 3
    endloop
  endfacet
  facet normal 0 0 1
    outer loop
      vertex -14.0706 19.3006 3
      vertex -15.5 21.65 3
      vertex -14.1421 19.09 3
    endloop
  endfacet
  facet normal 0 0 1
    outer loop
      vertex -13.9722 19.5 3
      vertex -15.5 21.65 3
      vertex -14.0706 19.3006 3
    endloop
  endfacet
  facet normal 0 0 1
    outer loop
      vertex -13.8487 19.6849 3
      vertex -15.5 21.65 3
      vertex -13.9722 19.5 3
    endloop
  endfacet
  facet normal 0 0 1
    outer loop
      vertex -13.7021 19.8521 3
      vertex -15.5 21.65 3
      vertex -13.8487 19.6849 3
    endloop
  endfacet
  facet normal 0 0 1
    outer loop
      vertex -13.5349 19.9987 3
      vertex -15.5 21.65 3
      vertex -13.7021 19.8521 3
    endloop
  endfacet
  facet normal 0 0 1
    outer loop
      vertex -13.35 20.1222 3
      vertex -15.5 21.65 3
      vertex -13.5349 19.9987 3
    endloop
  endfacet
  facet normal 0 0 1
    outer loop
      vertex -13.1506 20.2206 3
      vertex -15.5 21.65 3
      vertex -13.35 20.1222 3
    endloop
  endfacet
  facet normal 0 0 1
    outer loop
      vertex -12.94 20.2921 3
      vertex -15.5 21.65 3
      vertex -13.1506 20.2206 3
    endloop
  endfacet
  facet normal 0 0 1
    outer loop
      vertex -12.7219 20.3355 3
      vertex -15.5 21.65 3
      vertex -12.94 20.2921 3
    endloop
  endfacet
  facet normal -0 0 1
    outer loop
      vertex -10.9294 -6.99944 3
      vertex -8.5 -10.65 3
      vertex -10.6 5.5 3
    endloop
  endfacet
  facet normal -0 0 1
    outer loop
      vertex -10.8145 -7.87189 3
      vertex -8.5 -10.65 3
      vertex -10.8 -7.65 3
    endloop
  endfacet
  facet normal -0 0 1
    outer loop
      vertex -10.8579 -8.08999 3
      vertex -8.5 -10.65 3
      vertex -10.8145 -7.87189 3
    endloop
  endfacet
  facet normal -0 0 1
    outer loop
      vertex -10.9294 -8.30056 3
      vertex -8.5 -10.65 3
      vertex -10.8579 -8.08999 3
    endloop
  endfacet
  facet normal -0 0 1
    outer loop
      vertex -11.0278 -8.5 3
      vertex -8.5 -10.65 3
      vertex -10.9294 -8.30056 3
    endloop
  endfacet
  facet normal -0 0 1
    outer loop
      vertex -11.1513 -8.68489 3
      vertex -8.5 -10.65 3
      vertex -11.0278 -8.5 3
    endloop
  endfacet
  facet normal -0 0 1
    outer loop
      vertex -11.2979 -8.85208 3
      vertex -8.5 -10.65 3
      vertex -11.1513 -8.68489 3
    endloop
  endfacet
  facet normal -0 0 1
    outer loop
      vertex -11.4651 -8.9987 3
      vertex -8.5 -10.65 3
      vertex -11.2979 -8.85208 3
    endloop
  endfacet
  facet normal -0 0 1
    outer loop
      vertex -11.65 -9.12224 3
      vertex -8.5 -10.65 3
      vertex -11.4651 -8.9987 3
    endloop
  endfacet
  facet normal -0 0 1
    outer loop
      vertex -11.8494 -9.22059 3
      vertex -8.5 -10.65 3
      vertex -11.65 -9.12224 3
    endloop
  endfacet
  facet normal -0 0 1
    outer loop
      vertex -12.06 -9.29207 3
      vertex -8.5 -10.65 3
      vertex -11.8494 -9.22059 3
    endloop
  endfacet
  facet normal -0 0 1
    outer loop
      vertex -12.2781 -9.33546 3
      vertex -8.5 -10.65 3
      vertex -12.06 -9.29207 3
    endloop
  endfacet
  facet normal -0 0 1
    outer loop
      vertex -12.5 -9.35 3
      vertex -8.5 -10.65 3
      vertex -12.2781 -9.33546 3
    endloop
  endfacet
  facet normal 0 0 1
    outer loop
      vertex -15.5 -10.65 3
      vertex -12.5 -9.35 3
      vertex -12.7219 -9.33546 3
    endloop
  endfacet
  facet normal 0 0 1
    outer loop
      vertex -15.5 -10.65 3
      vertex -12.7219 -9.33546 3
      vertex -12.94 -9.29207 3
    endloop
  endfacet
  facet normal 0 0 1
    outer loop
      vertex -12.5 -9.35 3
      vertex -15.5 -10.65 3
      vertex -8.5 -10.65 3
    endloop
  endfacet
  facet normal 0 0 1
    outer loop
      vertex -13.1506 -9.22059 3
      vertex -15.5 -10.65 3
      vertex -12.94 -9.29207 3
    endloop
  endfacet
  facet normal 0 0 1
    outer loop
      vertex -13.35 -9.12224 3
      vertex -15.5 -10.65 3
      vertex -13.1506 -9.22059 3
    endloop
  endfacet
  facet normal 0 0 1
    outer loop
      vertex -13.5349 -8.9987 3
      vertex -15.5 -10.65 3
      vertex -13.35 -9.12224 3
    endloop
  endfacet
  facet normal 0 0 1
    outer loop
      vertex -13.7021 -8.85208 3
      vertex -15.5 -10.65 3
      vertex -13.5349 -8.9987 3
    endloop
  endfacet
  facet normal 0 0 1
    outer loop
      vertex -13.8487 -8.68489 3
      vertex -15.5 -10.65 3
      vertex -13.7021 -8.85208 3
    endloop
  endfacet
  facet normal 0 0 1
    outer loop
      vertex -13.9722 -8.5 3
      vertex -15.5 -10.65 3
      vertex -13.8487 -8.68489 3
    endloop
  endfacet
  facet normal 0 0 1
    outer loop
      vertex -14.0706 -8.30056 3
      vertex -15.5 -10.65 3
      vertex -13.9722 -8.5 3
    endloop
  endfacet
  facet normal 0 0 1
    outer loop
      vertex -14.1421 -8.08999 3
      vertex -15.5 -10.65 3
      vertex -14.0706 -8.30056 3
    endloop
  endfacet
  facet normal 0 0 1
    outer loop
      vertex -14.1855 -7.87189 3
      vertex -15.5 -10.65 3
      vertex -14.1421 -8.08999 3
    endloop
  endfacet
  facet normal 0 0 1
    outer loop
      vertex -14.2 -7.65 3
      vertex -15.5 -10.65 3
      vertex -14.1855 -7.87189 3
    endloop
  endfacet
  facet normal 0 0 1
    outer loop
      vertex -14.1855 -7.42811 3
      vertex -15.5 -10.65 3
      vertex -14.2 -7.65 3
    endloop
  endfacet
  facet normal 0 0 1
    outer loop
      vertex -10.8579 18.21 3
      vertex -8.5 21.65 3
      vertex -10.8145 18.4281 3
    endloop
  endfacet
  facet normal 0 0 1
    outer loop
      vertex -10.9294 17.9994 3
      vertex -8.5 21.65 3
      vertex -10.8579 18.21 3
    endloop
  endfacet
  facet normal 0 0 1
    outer loop
      vertex -8.5 21.65 3
      vertex -10.9294 17.9994 3
      vertex -10.6 5.5 3
    endloop
  endfacet
  facet normal -0 0 1
    outer loop
      vertex -11.0278 17.8 3
      vertex -10.6 5.5 3
      vertex -10.9294 17.9994 3
    endloop
  endfacet
  facet normal 0 0 1
    outer loop
      vertex -12.4 13.5 3
      vertex -11.0278 17.8 3
      vertex -11.1513 17.6151 3
    endloop
  endfacet
  facet normal 0 0 1
    outer loop
      vertex -12.4 13.5 3
      vertex -11.1513 17.6151 3
      vertex -11.2979 17.4479 3
    endloop
  endfacet
  facet normal 0 0 1
    outer loop
      vertex -12.4 13.5 3
      vertex -11.2979 17.4479 3
      vertex -11.4651 17.3013 3
    endloop
  endfacet
  facet normal 0 0 1
    outer loop
      vertex -12.4 13.5 3
      vertex -11.4651 17.3013 3
      vertex -11.65 17.1778 3
    endloop
  endfacet
  facet normal 0 0 1
    outer loop
      vertex -12.4 13.5 3
      vertex -11.65 17.1778 3
      vertex -11.8494 17.0794 3
    endloop
  endfacet
  facet normal 0 0 1
    outer loop
      vertex -12.4 13.5 3
      vertex -11.8494 17.0794 3
      vertex -12.06 17.0079 3
    endloop
  endfacet
  facet normal 0 0 1
    outer loop
      vertex -12.4 13.5 3
      vertex -12.06 17.0079 3
      vertex -12.2781 16.9645 3
    endloop
  endfacet
  facet normal 0 0 1
    outer loop
      vertex -11.0278 17.8 3
      vertex -12.4 13.5 3
      vertex -10.6 5.5 3
    endloop
  endfacet
  facet normal -0 0 1
    outer loop
      vertex -12.5 16.95 3
      vertex -12.4 13.5 3
      vertex -12.2781 16.9645 3
    endloop
  endfacet
  facet normal 0 0 1
    outer loop
      vertex -12.7219 16.9645 3
      vertex -12.4 13.5 3
      vertex -12.5 16.95 3
    endloop
  endfacet
  facet normal 0 0 1
    outer loop
      vertex -12.94 17.0079 3
      vertex -12.4 13.5 3
      vertex -12.7219 16.9645 3
    endloop
  endfacet
  facet normal 0 0 1
    outer loop
      vertex -13.1506 17.0794 3
      vertex -12.4 13.5 3
      vertex -12.94 17.0079 3
    endloop
  endfacet
  facet normal 0 0 1
    outer loop
      vertex -13.35 17.1778 3
      vertex -12.4 13.5 3
      vertex -13.1506 17.0794 3
    endloop
  endfacet
  facet normal 0 0 1
    outer loop
      vertex -13.5349 17.3013 3
      vertex -12.4 13.5 3
      vertex -13.35 17.1778 3
    endloop
  endfacet
  facet normal 0 0 1
    outer loop
      vertex -13.7021 17.4479 3
      vertex -12.4 13.5 3
      vertex -13.5349 17.3013 3
    endloop
  endfacet
  facet normal 0 0 1
    outer loop
      vertex -13.8487 17.6151 3
      vertex -12.4 13.5 3
      vertex -13.7021 17.4479 3
    endloop
  endfacet
  facet normal 0 0 1
    outer loop
      vertex -13.9722 17.8 3
      vertex -12.4 13.5 3
      vertex -13.8487 17.6151 3
    endloop
  endfacet
  facet normal 0 0 1
    outer loop
      vertex -14.2 5.5 3
      vertex -13.9722 17.8 3
      vertex -14.0706 17.9994 3
    endloop
  endfacet
  facet normal 0 0 1
    outer loop
      vertex -13.9722 17.8 3
      vertex -14.2 5.5 3
      vertex -12.4 13.5 3
    endloop
  endfacet
  facet normal 0 0 1
    outer loop
      vertex -14.1421 18.21 3
      vertex -14.2 5.5 3
      vertex -14.0706 17.9994 3
    endloop
  endfacet
  facet normal 0 0 1
    outer loop
      vertex -15.5 21.65 3
      vertex -14.1421 18.21 3
      vertex -14.1855 18.4281 3
    endloop
  endfacet
  facet normal 0 0 1
    outer loop
      vertex -15.5 21.65 3
      vertex -14.1855 18.4281 3
      vertex -14.2 18.65 3
    endloop
  endfacet
  facet normal 0.707107 -0.707107 0
    outer loop
      vertex 15.5 -11.65 2
      vertex 16.5 -10.65 1
      vertex 16.5 -10.65 2
    endloop
  endfacet
  facet normal 0.707107 -0.707107 0
    outer loop
      vertex 16.5 -10.65 1
      vertex 15.5 -11.65 2
      vertex 15.5 -11.65 1
    endloop
  endfacet
  facet normal 0.57735 0.57735 -0.577351
    outer loop
      vertex 16.5 21.65 1
      vertex 15.5 21.65 7.62939e-07
      vertex 15.5 22.65 1
    endloop
  endfacet
  facet normal -0.57735 0.57735 0.57735
    outer loop
      vertex -15.5 22.65 2
      vertex -16.5 21.65 2
      vertex -15.5 21.65 3
    endloop
  endfacet
  facet normal -0.707107 0.707107 0
    outer loop
      vertex -16.5 21.65 1
      vertex -15.5 22.65 2
      vertex -15.5 22.65 1
    endloop
  endfacet
  facet normal -0.707107 0.707107 0
    outer loop
      vertex -15.5 22.65 2
      vertex -16.5 21.65 1
      vertex -16.5 21.65 2
    endloop
  endfacet
  facet normal -0.707107 -0.707107 0
    outer loop
      vertex -15.5 -11.65 1
      vertex -16.5 -10.65 2
      vertex -16.5 -10.65 1
    endloop
  endfacet
  facet normal -0.707107 -0.707107 0
    outer loop
      vertex -16.5 -10.65 2
      vertex -15.5 -11.65 1
      vertex -15.5 -11.65 2
    endloop
  endfacet
  facet normal -0.57735 -0.57735 0.57735
    outer loop
      vertex -15.5 -10.65 3
      vertex -16.5 -10.65 2
      vertex -15.5 -11.65 2
    endloop
  endfacet
  facet normal -0.57735 0.57735 -0.577351
    outer loop
      vertex -15.5 21.65 7.62939e-07
      vertex -16.5 21.65 1
      vertex -15.5 22.65 1
    endloop
  endfacet
  facet normal -0.707107 0 -0.707107
    outer loop
      vertex -16.5 -10.65 1
      vertex -15.5 21.65 7.62939e-07
      vertex -15.5 -10.65 7.62939e-07
    endloop
  endfacet
  facet normal -0.707107 0 -0.707107
    outer loop
      vertex -15.5 21.65 7.62939e-07
      vertex -16.5 -10.65 1
      vertex -16.5 21.65 1
    endloop
  endfacet
  facet normal 0.707107 0.707107 0
    outer loop
      vertex 16.5 21.65 2
      vertex 15.5 22.65 1
      vertex 15.5 22.65 2
    endloop
  endfacet
  facet normal 0.707107 0.707107 0
    outer loop
      vertex 15.5 22.65 1
      vertex 16.5 21.65 2
      vertex 16.5 21.65 1
    endloop
  endfacet
  facet normal 0 -0.707107 0.707107
    outer loop
      vertex 15.5 -11.65 2
      vertex 8.5 -10.65 3
      vertex 7.5 -11.65 2
    endloop
  endfacet
  facet normal 0 -0.707107 0.707107
    outer loop
      vertex 8.5 -10.65 3
      vertex 15.5 -11.65 2
      vertex 15.5 -10.65 3
    endloop
  endfacet
  facet normal 0 -0.707107 0.707107
    outer loop
      vertex -15.5 -11.65 2
      vertex -8.5 -10.65 3
      vertex -15.5 -10.65 3
    endloop
  endfacet
  facet normal 0 -0.707107 0.707107
    outer loop
      vertex -8.5 -10.65 3
      vertex -15.5 -11.65 2
      vertex -7.5 -11.65 2
    endloop
  endfacet
  facet normal 0.99786 0.0653917 0
    outer loop
      vertex -0.8923 19.2825 18.3
      vertex -0.9 19.4 11.3
      vertex -0.9 19.4 18.3
    endloop
  endfacet
  facet normal 0.99786 0.0653917 0
    outer loop
      vertex -0.9 19.4 11.3
      vertex -0.8923 19.2825 18.3
      vertex -0.8923 19.2825 11.3
    endloop
  endfacet
  facet normal -0.195358 0.980732 0
    outer loop
      vertex 0.232937 18.5307 11.3
      vertex 0.117473 18.5077 18.3
      vertex 0.232937 18.5307 18.3
    endloop
  endfacet
  facet normal -0.195358 0.980732 0
    outer loop
      vertex 0.117473 18.5077 18.3
      vertex 0.232937 18.5307 11.3
      vertex 0.117473 18.5077 11.3
    endloop
  endfacet
  facet normal -0.0654066 0.997859 0
    outer loop
      vertex 0.117473 18.5077 11.3
      vertex 0 18.5 18.3
      vertex 0.117473 18.5077 18.3
    endloop
  endfacet
  facet normal -0.0654066 0.997859 0
    outer loop
      vertex 0 18.5 18.3
      vertex 0.117473 18.5077 11.3
      vertex 0 18.5 11.3
    endloop
  endfacet
  facet normal 0.555543 0.831488 -0
    outer loop
      vertex -0.45 18.6206 11.3
      vertex -0.547885 18.686 18.3
      vertex -0.45 18.6206 18.3
    endloop
  endfacet
  facet normal 0.555543 0.831488 0
    outer loop
      vertex -0.547885 18.686 18.3
      vertex -0.45 18.6206 11.3
      vertex -0.547885 18.686 11.3
    endloop
  endfacet
  facet normal 0.321122 0.947038 -0
    outer loop
      vertex -0.232937 18.5307 11.3
      vertex -0.344415 18.5685 18.3
      vertex -0.232937 18.5307 18.3
    endloop
  endfacet
  facet normal 0.321122 0.947038 0
    outer loop
      vertex -0.344415 18.5685 18.3
      vertex -0.232937 18.5307 11.3
      vertex -0.344415 18.5685 11.3
    endloop
  endfacet
  facet normal -0.831508 -0.555513 0
    outer loop
      vertex 0.779423 19.85 11.3
      vertex 0.714018 19.9479 18.3
      vertex 0.714018 19.9479 11.3
    endloop
  endfacet
  facet normal -0.831508 -0.555513 0
    outer loop
      vertex 0.714018 19.9479 18.3
      vertex 0.779423 19.85 11.3
      vertex 0.779423 19.85 18.3
    endloop
  endfacet
  facet normal -0.555543 0.831488 0
    outer loop
      vertex 0.547885 18.686 11.3
      vertex 0.45 18.6206 18.3
      vertex 0.547885 18.686 18.3
    endloop
  endfacet
  facet normal -0.555543 0.831488 0
    outer loop
      vertex 0.45 18.6206 18.3
      vertex 0.547885 18.686 11.3
      vertex 0.45 18.6206 11.3
    endloop
  endfacet
  facet normal 0.195358 0.980732 -0
    outer loop
      vertex -0.117473 18.5077 11.3
      vertex -0.232937 18.5307 18.3
      vertex -0.117473 18.5077 18.3
    endloop
  endfacet
  facet normal 0.195358 0.980732 0
    outer loop
      vertex -0.232937 18.5307 18.3
      vertex -0.117473 18.5077 11.3
      vertex -0.232937 18.5307 11.3
    endloop
  endfacet
  facet normal 0.8969 -0.442233 0
    outer loop
      vertex -0.831491 19.7444 18.3
      vertex -0.779423 19.85 11.3
      vertex -0.779423 19.85 18.3
    endloop
  endfacet
  facet normal 0.8969 -0.442233 0
    outer loop
      vertex -0.779423 19.85 11.3
      vertex -0.831491 19.7444 18.3
      vertex -0.831491 19.7444 11.3
    endloop
  endfacet
  facet normal -0.442502 0.896767 0
    outer loop
      vertex 0.45 18.6206 11.3
      vertex 0.344415 18.5685 18.3
      vertex 0.45 18.6206 18.3
    endloop
  endfacet
  facet normal -0.442502 0.896767 0
    outer loop
      vertex 0.344415 18.5685 18.3
      vertex 0.45 18.6206 11.3
      vertex 0.344415 18.5685 11.3
    endloop
  endfacet
  facet normal 0 0 1
    outer loop
      vertex 0.8923 19.5175 11.3
      vertex 0.8923 19.2825 11.3
      vertex 0.9 19.4 11.3
    endloop
  endfacet
  facet normal 0 0 1
    outer loop
      vertex 0.869332 19.6329 11.3
      vertex 0.8923 19.2825 11.3
      vertex 0.8923 19.5175 11.3
    endloop
  endfacet
  facet normal 0 0 1
    outer loop
      vertex 0.869332 19.6329 11.3
      vertex 0.869332 19.1671 11.3
      vertex 0.8923 19.2825 11.3
    endloop
  endfacet
  facet normal 0 0 1
    outer loop
      vertex 0.831491 19.7444 11.3
      vertex 0.869332 19.1671 11.3
      vertex 0.869332 19.6329 11.3
    endloop
  endfacet
  facet normal 0 0 1
    outer loop
      vertex 0.831491 19.7444 11.3
      vertex 0.831491 19.0556 11.3
      vertex 0.869332 19.1671 11.3
    endloop
  endfacet
  facet normal 0 0 1
    outer loop
      vertex 0.779423 19.85 11.3
      vertex 0.831491 19.0556 11.3
      vertex 0.831491 19.7444 11.3
    endloop
  endfacet
  facet normal 0 0 1
    outer loop
      vertex 0.779423 19.85 11.3
      vertex 0.779423 18.95 11.3
      vertex 0.831491 19.0556 11.3
    endloop
  endfacet
  facet normal 0 0 1
    outer loop
      vertex 0.714018 19.9479 11.3
      vertex 0.779423 18.95 11.3
      vertex 0.779423 19.85 11.3
    endloop
  endfacet
  facet normal 0 0 1
    outer loop
      vertex 0.714018 19.9479 11.3
      vertex 0.714018 18.8521 11.3
      vertex 0.779423 18.95 11.3
    endloop
  endfacet
  facet normal 0 0 1
    outer loop
      vertex 0.636395 20.0364 11.3
      vertex 0.714018 18.8521 11.3
      vertex 0.714018 19.9479 11.3
    endloop
  endfacet
  facet normal 0 0 1
    outer loop
      vertex 0.636395 20.0364 11.3
      vertex 0.636395 18.7636 11.3
      vertex 0.714018 18.8521 11.3
    endloop
  endfacet
  facet normal 0 0 1
    outer loop
      vertex 0.547885 20.114 11.3
      vertex 0.636395 18.7636 11.3
      vertex 0.636395 20.0364 11.3
    endloop
  endfacet
  facet normal 0 0 1
    outer loop
      vertex 0.547885 20.114 11.3
      vertex 0.547885 18.686 11.3
      vertex 0.636395 18.7636 11.3
    endloop
  endfacet
  facet normal 0 0 1
    outer loop
      vertex 0.45 20.1794 11.3
      vertex 0.547885 18.686 11.3
      vertex 0.547885 20.114 11.3
    endloop
  endfacet
  facet normal 0 0 1
    outer loop
      vertex 0.45 20.1794 11.3
      vertex 0.45 18.6206 11.3
      vertex 0.547885 18.686 11.3
    endloop
  endfacet
  facet normal 0 0 1
    outer loop
      vertex 0.344415 20.2315 11.3
      vertex 0.45 18.6206 11.3
      vertex 0.45 20.1794 11.3
    endloop
  endfacet
  facet normal 0 0 1
    outer loop
      vertex 0.344415 20.2315 11.3
      vertex 0.344415 18.5685 11.3
      vertex 0.45 18.6206 11.3
    endloop
  endfacet
  facet normal 0 0 1
    outer loop
      vertex 0.232937 20.2693 11.3
      vertex 0.344415 18.5685 11.3
      vertex 0.344415 20.2315 11.3
    endloop
  endfacet
  facet normal 0 0 1
    outer loop
      vertex 0.232937 20.2693 11.3
      vertex 0.232937 18.5307 11.3
      vertex 0.344415 18.5685 11.3
    endloop
  endfacet
  facet normal 0 0 1
    outer loop
      vertex 0.117473 20.2923 11.3
      vertex 0.232937 18.5307 11.3
      vertex 0.232937 20.2693 11.3
    endloop
  endfacet
  facet normal 0 0 1
    outer loop
      vertex 0.117473 20.2923 11.3
      vertex 0.117473 18.5077 11.3
      vertex 0.232937 18.5307 11.3
    endloop
  endfacet
  facet normal 0 0 1
    outer loop
      vertex 0 20.3 11.3
      vertex 0.117473 18.5077 11.3
      vertex 0.117473 20.2923 11.3
    endloop
  endfacet
  facet normal 0 0 1
    outer loop
      vertex 0 20.3 11.3
      vertex 0 18.5 11.3
      vertex 0.117473 18.5077 11.3
    endloop
  endfacet
  facet normal -0 0 1
    outer loop
      vertex -0.117473 20.2923 11.3
      vertex 0 18.5 11.3
      vertex 0 20.3 11.3
    endloop
  endfacet
  facet normal 0 0 1
    outer loop
      vertex -0.117473 20.2923 11.3
      vertex -0.117473 18.5077 11.3
      vertex 0 18.5 11.3
    endloop
  endfacet
  facet normal -0 0 1
    outer loop
      vertex -0.232937 20.2693 11.3
      vertex -0.117473 18.5077 11.3
      vertex -0.117473 20.2923 11.3
    endloop
  endfacet
  facet normal 0 0 1
    outer loop
      vertex -0.232937 20.2693 11.3
      vertex -0.232937 18.5307 11.3
      vertex -0.117473 18.5077 11.3
    endloop
  endfacet
  facet normal -0 0 1
    outer loop
      vertex -0.344415 20.2315 11.3
      vertex -0.232937 18.5307 11.3
      vertex -0.232937 20.2693 11.3
    endloop
  endfacet
  facet normal 0 0 1
    outer loop
      vertex -0.344415 20.2315 11.3
      vertex -0.344415 18.5685 11.3
      vertex -0.232937 18.5307 11.3
    endloop
  endfacet
  facet normal -0 0 1
    outer loop
      vertex -0.45 20.1794 11.3
      vertex -0.344415 18.5685 11.3
      vertex -0.344415 20.2315 11.3
    endloop
  endfacet
  facet normal 0 0 1
    outer loop
      vertex -0.45 20.1794 11.3
      vertex -0.45 18.6206 11.3
      vertex -0.344415 18.5685 11.3
    endloop
  endfacet
  facet normal -0 0 1
    outer loop
      vertex -0.547885 20.114 11.3
      vertex -0.45 18.6206 11.3
      vertex -0.45 20.1794 11.3
    endloop
  endfacet
  facet normal 0 0 1
    outer loop
      vertex -0.547885 20.114 11.3
      vertex -0.547885 18.686 11.3
      vertex -0.45 18.6206 11.3
    endloop
  endfacet
  facet normal -0 0 1
    outer loop
      vertex -0.636395 20.0364 11.3
      vertex -0.547885 18.686 11.3
      vertex -0.547885 20.114 11.3
    endloop
  endfacet
  facet normal 0 0 1
    outer loop
      vertex -0.636395 20.0364 11.3
      vertex -0.636395 18.7636 11.3
      vertex -0.547885 18.686 11.3
    endloop
  endfacet
  facet normal -0 0 1
    outer loop
      vertex -0.714018 19.9479 11.3
      vertex -0.636395 18.7636 11.3
      vertex -0.636395 20.0364 11.3
    endloop
  endfacet
  facet normal 0 0 1
    outer loop
      vertex -0.714018 19.9479 11.3
      vertex -0.714018 18.8521 11.3
      vertex -0.636395 18.7636 11.3
    endloop
  endfacet
  facet normal -0 0 1
    outer loop
      vertex -0.779423 19.85 11.3
      vertex -0.714018 18.8521 11.3
      vertex -0.714018 19.9479 11.3
    endloop
  endfacet
  facet normal 0 0 1
    outer loop
      vertex -0.779423 19.85 11.3
      vertex -0.779423 18.95 11.3
      vertex -0.714018 18.8521 11.3
    endloop
  endfacet
  facet normal -0 0 1
    outer loop
      vertex -0.831491 19.7444 11.3
      vertex -0.779423 18.95 11.3
      vertex -0.779423 19.85 11.3
    endloop
  endfacet
  facet normal 0 0 1
    outer loop
      vertex -0.831491 19.7444 11.3
      vertex -0.831491 19.0556 11.3
      vertex -0.779423 18.95 11.3
    endloop
  endfacet
  facet normal -0 0 1
    outer loop
      vertex -0.869332 19.6329 11.3
      vertex -0.831491 19.0556 11.3
      vertex -0.831491 19.7444 11.3
    endloop
  endfacet
  facet normal 0 0 1
    outer loop
      vertex -0.869332 19.6329 11.3
      vertex -0.869332 19.1671 11.3
      vertex -0.831491 19.0556 11.3
    endloop
  endfacet
  facet normal -0 0 1
    outer loop
      vertex -0.8923 19.5175 11.3
      vertex -0.869332 19.1671 11.3
      vertex -0.869332 19.6329 11.3
    endloop
  endfacet
  facet normal 0 0 1
    outer loop
      vertex -0.8923 19.5175 11.3
      vertex -0.8923 19.2825 11.3
      vertex -0.869332 19.1671 11.3
    endloop
  endfacet
  facet normal 0 -0 1
    outer loop
      vertex -0.8923 19.2825 11.3
      vertex -0.8923 19.5175 11.3
      vertex -0.9 19.4 11.3
    endloop
  endfacet
  facet normal -0.659244 0.751929 0
    outer loop
      vertex 0.636395 18.7636 11.3
      vertex 0.547885 18.686 18.3
      vertex 0.636395 18.7636 18.3
    endloop
  endfacet
  facet normal -0.659244 0.751929 0
    outer loop
      vertex 0.547885 18.686 18.3
      vertex 0.636395 18.7636 11.3
      vertex 0.547885 18.686 11.3
    endloop
  endfacet
  facet normal -0.751795 0.659397 0
    outer loop
      vertex 0.636395 18.7636 11.3
      vertex 0.714018 18.8521 18.3
      vertex 0.714018 18.8521 11.3
    endloop
  endfacet
  facet normal -0.751795 0.659397 0
    outer loop
      vertex 0.714018 18.8521 18.3
      vertex 0.636395 18.7636 11.3
      vertex 0.636395 18.7636 18.3
    endloop
  endfacet
  facet normal 0.8969 0.442233 0
    outer loop
      vertex -0.779423 18.95 18.3
      vertex -0.831491 19.0556 11.3
      vertex -0.831491 19.0556 18.3
    endloop
  endfacet
  facet normal 0.8969 0.442233 0
    outer loop
      vertex -0.831491 19.0556 11.3
      vertex -0.779423 18.95 18.3
      vertex -0.779423 18.95 11.3
    endloop
  endfacet
  facet normal 0.946951 -0.321377 0
    outer loop
      vertex -0.869332 19.6329 18.3
      vertex -0.831491 19.7444 11.3
      vertex -0.831491 19.7444 18.3
    endloop
  endfacet
  facet normal 0.946951 -0.321377 0
    outer loop
      vertex -0.831491 19.7444 11.3
      vertex -0.869332 19.6329 18.3
      vertex -0.869332 19.6329 11.3
    endloop
  endfacet
  facet normal -0.659244 -0.751929 0
    outer loop
      vertex 0.547885 20.114 11.3
      vertex 0.636395 20.0364 18.3
      vertex 0.547885 20.114 18.3
    endloop
  endfacet
  facet normal -0.659244 -0.751929 -0
    outer loop
      vertex 0.636395 20.0364 18.3
      vertex 0.547885 20.114 11.3
      vertex 0.636395 20.0364 11.3
    endloop
  endfacet
  facet normal -0.0654066 -0.997859 0
    outer loop
      vertex 0 20.3 11.3
      vertex 0.117473 20.2923 18.3
      vertex 0 20.3 18.3
    endloop
  endfacet
  facet normal -0.0654066 -0.997859 -0
    outer loop
      vertex 0.117473 20.2923 18.3
      vertex 0 20.3 11.3
      vertex 0.117473 20.2923 11.3
    endloop
  endfacet
  facet normal -0.946951 -0.321377 0
    outer loop
      vertex 0.869332 19.6329 11.3
      vertex 0.831491 19.7444 18.3
      vertex 0.831491 19.7444 11.3
    endloop
  endfacet
  facet normal -0.946951 -0.321377 0
    outer loop
      vertex 0.831491 19.7444 18.3
      vertex 0.869332 19.6329 11.3
      vertex 0.869332 19.6329 18.3
    endloop
  endfacet
  facet normal -0.8969 0.442233 0
    outer loop
      vertex 0.779423 18.95 11.3
      vertex 0.831491 19.0556 18.3
      vertex 0.831491 19.0556 11.3
    endloop
  endfacet
  facet normal -0.8969 0.442233 0
    outer loop
      vertex 0.831491 19.0556 18.3
      vertex 0.779423 18.95 11.3
      vertex 0.779423 18.95 18.3
    endloop
  endfacet
  facet normal -0.751795 -0.659397 0
    outer loop
      vertex 0.714018 19.9479 11.3
      vertex 0.636395 20.0364 18.3
      vertex 0.636395 20.0364 11.3
    endloop
  endfacet
  facet normal -0.751795 -0.659397 0
    outer loop
      vertex 0.636395 20.0364 18.3
      vertex 0.714018 19.9479 11.3
      vertex 0.714018 19.9479 18.3
    endloop
  endfacet
  facet normal 0.555543 -0.831488 0
    outer loop
      vertex -0.547885 20.114 11.3
      vertex -0.45 20.1794 18.3
      vertex -0.547885 20.114 18.3
    endloop
  endfacet
  facet normal 0.555543 -0.831488 0
    outer loop
      vertex -0.45 20.1794 18.3
      vertex -0.547885 20.114 11.3
      vertex -0.45 20.1794 11.3
    endloop
  endfacet
  facet normal -0.8969 -0.442233 0
    outer loop
      vertex 0.831491 19.7444 11.3
      vertex 0.779423 19.85 18.3
      vertex 0.779423 19.85 11.3
    endloop
  endfacet
  facet normal -0.8969 -0.442233 0
    outer loop
      vertex 0.779423 19.85 18.3
      vertex 0.831491 19.7444 11.3
      vertex 0.831491 19.7444 18.3
    endloop
  endfacet
  facet normal -0.946951 0.321377 0
    outer loop
      vertex 0.831491 19.0556 11.3
      vertex 0.869332 19.1671 18.3
      vertex 0.869332 19.1671 11.3
    endloop
  endfacet
  facet normal -0.946951 0.321377 0
    outer loop
      vertex 0.869332 19.1671 18.3
      vertex 0.831491 19.0556 11.3
      vertex 0.831491 19.0556 18.3
    endloop
  endfacet
  facet normal 0.195358 -0.980732 0
    outer loop
      vertex -0.232937 20.2693 11.3
      vertex -0.117473 20.2923 18.3
      vertex -0.232937 20.2693 18.3
    endloop
  endfacet
  facet normal 0.195358 -0.980732 0
    outer loop
      vertex -0.117473 20.2923 18.3
      vertex -0.232937 20.2693 11.3
      vertex -0.117473 20.2923 11.3
    endloop
  endfacet
  facet normal 0.751795 -0.659397 0
    outer loop
      vertex -0.714018 19.9479 18.3
      vertex -0.636395 20.0364 11.3
      vertex -0.636395 20.0364 18.3
    endloop
  endfacet
  facet normal 0.751795 -0.659397 0
    outer loop
      vertex -0.636395 20.0364 11.3
      vertex -0.714018 19.9479 18.3
      vertex -0.714018 19.9479 11.3
    endloop
  endfacet
  facet normal 0.0654066 0.997859 -0
    outer loop
      vertex 0 18.5 11.3
      vertex -0.117473 18.5077 18.3
      vertex 0 18.5 18.3
    endloop
  endfacet
  facet normal 0.0654066 0.997859 0
    outer loop
      vertex -0.117473 18.5077 18.3
      vertex 0 18.5 11.3
      vertex -0.117473 18.5077 11.3
    endloop
  endfacet
  facet normal 0.751795 0.659397 0
    outer loop
      vertex -0.636395 18.7636 18.3
      vertex -0.714018 18.8521 11.3
      vertex -0.714018 18.8521 18.3
    endloop
  endfacet
  facet normal 0.751795 0.659397 0
    outer loop
      vertex -0.714018 18.8521 11.3
      vertex -0.636395 18.7636 18.3
      vertex -0.636395 18.7636 11.3
    endloop
  endfacet
  facet normal 0.831508 0.555513 0
    outer loop
      vertex -0.714018 18.8521 18.3
      vertex -0.779423 18.95 11.3
      vertex -0.779423 18.95 18.3
    endloop
  endfacet
  facet normal 0.831508 0.555513 0
    outer loop
      vertex -0.779423 18.95 11.3
      vertex -0.714018 18.8521 18.3
      vertex -0.714018 18.8521 11.3
    endloop
  endfacet
  facet normal 0.321122 -0.947038 0
    outer loop
      vertex -0.344415 20.2315 11.3
      vertex -0.232937 20.2693 18.3
      vertex -0.344415 20.2315 18.3
    endloop
  endfacet
  facet normal 0.321122 -0.947038 0
    outer loop
      vertex -0.232937 20.2693 18.3
      vertex -0.344415 20.2315 11.3
      vertex -0.232937 20.2693 11.3
    endloop
  endfacet
  facet normal 0.659244 0.751929 -0
    outer loop
      vertex -0.547885 18.686 11.3
      vertex -0.636395 18.7636 18.3
      vertex -0.547885 18.686 18.3
    endloop
  endfacet
  facet normal 0.659244 0.751929 0
    outer loop
      vertex -0.636395 18.7636 18.3
      vertex -0.547885 18.686 11.3
      vertex -0.636395 18.7636 11.3
    endloop
  endfacet
  facet normal -0.99786 -0.0653917 0
    outer loop
      vertex 0.9 19.4 11.3
      vertex 0.8923 19.5175 18.3
      vertex 0.8923 19.5175 11.3
    endloop
  endfacet
  facet normal -0.99786 -0.0653917 0
    outer loop
      vertex 0.8923 19.5175 18.3
      vertex 0.9 19.4 11.3
      vertex 0.9 19.4 18.3
    endloop
  endfacet
  facet normal 0.442502 -0.896767 0
    outer loop
      vertex -0.45 20.1794 11.3
      vertex -0.344415 20.2315 18.3
      vertex -0.45 20.1794 18.3
    endloop
  endfacet
  facet normal 0.442502 -0.896767 0
    outer loop
      vertex -0.344415 20.2315 18.3
      vertex -0.45 20.1794 11.3
      vertex -0.344415 20.2315 11.3
    endloop
  endfacet
  facet normal -0.99786 0.0653917 0
    outer loop
      vertex 0.8923 19.2825 11.3
      vertex 0.9 19.4 18.3
      vertex 0.9 19.4 11.3
    endloop
  endfacet
  facet normal -0.99786 0.0653917 0
    outer loop
      vertex 0.9 19.4 18.3
      vertex 0.8923 19.2825 11.3
      vertex 0.8923 19.2825 18.3
    endloop
  endfacet
  facet normal 0.946951 0.321377 0
    outer loop
      vertex -0.831491 19.0556 18.3
      vertex -0.869332 19.1671 11.3
      vertex -0.869332 19.1671 18.3
    endloop
  endfacet
  facet normal 0.946951 0.321377 0
    outer loop
      vertex -0.869332 19.1671 11.3
      vertex -0.831491 19.0556 18.3
      vertex -0.831491 19.0556 11.3
    endloop
  endfacet
  facet normal 0.0654066 -0.997859 0
    outer loop
      vertex -0.117473 20.2923 11.3
      vertex 0 20.3 18.3
      vertex -0.117473 20.2923 18.3
    endloop
  endfacet
  facet normal 0.0654066 -0.997859 0
    outer loop
      vertex 0 20.3 18.3
      vertex -0.117473 20.2923 11.3
      vertex 0 20.3 11.3
    endloop
  endfacet
  facet normal -0.831508 0.555513 0
    outer loop
      vertex 0.714018 18.8521 11.3
      vertex 0.779423 18.95 18.3
      vertex 0.779423 18.95 11.3
    endloop
  endfacet
  facet normal -0.831508 0.555513 0
    outer loop
      vertex 0.779423 18.95 18.3
      vertex 0.714018 18.8521 11.3
      vertex 0.714018 18.8521 18.3
    endloop
  endfacet
  facet normal -0.195358 -0.980732 0
    outer loop
      vertex 0.117473 20.2923 11.3
      vertex 0.232937 20.2693 18.3
      vertex 0.117473 20.2923 18.3
    endloop
  endfacet
  facet normal -0.195358 -0.980732 -0
    outer loop
      vertex 0.232937 20.2693 18.3
      vertex 0.117473 20.2923 11.3
      vertex 0.232937 20.2693 11.3
    endloop
  endfacet
  facet normal -0.321122 0.947038 0
    outer loop
      vertex 0.344415 18.5685 11.3
      vertex 0.232937 18.5307 18.3
      vertex 0.344415 18.5685 18.3
    endloop
  endfacet
  facet normal -0.321122 0.947038 0
    outer loop
      vertex 0.232937 18.5307 18.3
      vertex 0.344415 18.5685 11.3
      vertex 0.232937 18.5307 11.3
    endloop
  endfacet
  facet normal 0.442502 0.896767 -0
    outer loop
      vertex -0.344415 18.5685 11.3
      vertex -0.45 18.6206 18.3
      vertex -0.344415 18.5685 18.3
    endloop
  endfacet
  facet normal 0.442502 0.896767 0
    outer loop
      vertex -0.45 18.6206 18.3
      vertex -0.344415 18.5685 11.3
      vertex -0.45 18.6206 11.3
    endloop
  endfacet
  facet normal -0.321122 -0.947038 0
    outer loop
      vertex 0.232937 20.2693 11.3
      vertex 0.344415 20.2315 18.3
      vertex 0.232937 20.2693 18.3
    endloop
  endfacet
  facet normal -0.321122 -0.947038 -0
    outer loop
      vertex 0.344415 20.2315 18.3
      vertex 0.232937 20.2693 11.3
      vertex 0.344415 20.2315 11.3
    endloop
  endfacet
  facet normal -0.980763 -0.195201 0
    outer loop
      vertex 0.8923 19.5175 11.3
      vertex 0.869332 19.6329 18.3
      vertex 0.869332 19.6329 11.3
    endloop
  endfacet
  facet normal -0.980763 -0.195201 0
    outer loop
      vertex 0.869332 19.6329 18.3
      vertex 0.8923 19.5175 11.3
      vertex 0.8923 19.5175 18.3
    endloop
  endfacet
  facet normal 0.99786 -0.0653917 0
    outer loop
      vertex -0.9 19.4 18.3
      vertex -0.8923 19.5175 11.3
      vertex -0.8923 19.5175 18.3
    endloop
  endfacet
  facet normal 0.99786 -0.0653917 0
    outer loop
      vertex -0.8923 19.5175 11.3
      vertex -0.9 19.4 18.3
      vertex -0.9 19.4 11.3
    endloop
  endfacet
  facet normal 0.980763 0.195201 0
    outer loop
      vertex -0.869332 19.1671 18.3
      vertex -0.8923 19.2825 11.3
      vertex -0.8923 19.2825 18.3
    endloop
  endfacet
  facet normal 0.980763 0.195201 0
    outer loop
      vertex -0.8923 19.2825 11.3
      vertex -0.869332 19.1671 18.3
      vertex -0.869332 19.1671 11.3
    endloop
  endfacet
  facet normal 0.659244 -0.751929 0
    outer loop
      vertex -0.636395 20.0364 11.3
      vertex -0.547885 20.114 18.3
      vertex -0.636395 20.0364 18.3
    endloop
  endfacet
  facet normal 0.659244 -0.751929 0
    outer loop
      vertex -0.547885 20.114 18.3
      vertex -0.636395 20.0364 11.3
      vertex -0.547885 20.114 11.3
    endloop
  endfacet
  facet normal 0.980763 -0.195201 0
    outer loop
      vertex -0.8923 19.5175 18.3
      vertex -0.869332 19.6329 11.3
      vertex -0.869332 19.6329 18.3
    endloop
  endfacet
  facet normal 0.980763 -0.195201 0
    outer loop
      vertex -0.869332 19.6329 11.3
      vertex -0.8923 19.5175 18.3
      vertex -0.8923 19.5175 11.3
    endloop
  endfacet
  facet normal -0.980763 0.195201 0
    outer loop
      vertex 0.869332 19.1671 11.3
      vertex 0.8923 19.2825 18.3
      vertex 0.8923 19.2825 11.3
    endloop
  endfacet
  facet normal -0.980763 0.195201 0
    outer loop
      vertex 0.8923 19.2825 18.3
      vertex 0.869332 19.1671 11.3
      vertex 0.869332 19.1671 18.3
    endloop
  endfacet
  facet normal -0.442502 -0.896767 0
    outer loop
      vertex 0.344415 20.2315 11.3
      vertex 0.45 20.1794 18.3
      vertex 0.344415 20.2315 18.3
    endloop
  endfacet
  facet normal -0.442502 -0.896767 -0
    outer loop
      vertex 0.45 20.1794 18.3
      vertex 0.344415 20.2315 11.3
      vertex 0.45 20.1794 11.3
    endloop
  endfacet
  facet normal 0.831508 -0.555513 0
    outer loop
      vertex -0.779423 19.85 18.3
      vertex -0.714018 19.9479 11.3
      vertex -0.714018 19.9479 18.3
    endloop
  endfacet
  facet normal 0.831508 -0.555513 0
    outer loop
      vertex -0.714018 19.9479 11.3
      vertex -0.779423 19.85 18.3
      vertex -0.779423 19.85 11.3
    endloop
  endfacet
  facet normal -0.555543 -0.831488 0
    outer loop
      vertex 0.45 20.1794 11.3
      vertex 0.547885 20.114 18.3
      vertex 0.45 20.1794 18.3
    endloop
  endfacet
  facet normal -0.555543 -0.831488 -0
    outer loop
      vertex 0.547885 20.114 18.3
      vertex 0.45 20.1794 11.3
      vertex 0.547885 20.114 11.3
    endloop
  endfacet
  facet normal 0.997859 0.0654083 0
    outer loop
      vertex -0.8923 -8.51747 18.3
      vertex -0.9 -8.4 11.3
      vertex -0.9 -8.4 18.3
    endloop
  endfacet
  facet normal 0.997859 0.0654083 0
    outer loop
      vertex -0.9 -8.4 11.3
      vertex -0.8923 -8.51747 18.3
      vertex -0.8923 -8.51747 11.3
    endloop
  endfacet
  facet normal -0.195113 0.980781 0
    outer loop
      vertex 0.232937 -9.26933 11.3
      vertex 0.117473 -9.2923 18.3
      vertex 0.232937 -9.26933 18.3
    endloop
  endfacet
  facet normal -0.195113 0.980781 0
    outer loop
      vertex 0.117473 -9.2923 18.3
      vertex 0.232937 -9.26933 11.3
      vertex 0.117473 -9.2923 11.3
    endloop
  endfacet
  facet normal -0.0654066 0.997859 0
    outer loop
      vertex 0.117473 -9.2923 11.3
      vertex 0 -9.3 18.3
      vertex 0.117473 -9.2923 18.3
    endloop
  endfacet
  facet normal -0.0654066 0.997859 0
    outer loop
      vertex 0 -9.3 18.3
      vertex 0.117473 -9.2923 11.3
      vertex 0 -9.3 11.3
    endloop
  endfacet
  facet normal 0.555543 0.831488 -0
    outer loop
      vertex -0.45 -9.17942 11.3
      vertex -0.547885 -9.11402 18.3
      vertex -0.45 -9.17942 18.3
    endloop
  endfacet
  facet normal 0.555543 0.831488 0
    outer loop
      vertex -0.547885 -9.11402 18.3
      vertex -0.45 -9.17942 11.3
      vertex -0.547885 -9.11402 11.3
    endloop
  endfacet
  facet normal 0.321427 0.946934 -0
    outer loop
      vertex -0.232937 -9.26933 11.3
      vertex -0.344415 -9.23149 18.3
      vertex -0.232937 -9.26933 18.3
    endloop
  endfacet
  facet normal 0.321427 0.946934 0
    outer loop
      vertex -0.344415 -9.23149 18.3
      vertex -0.232937 -9.26933 11.3
      vertex -0.344415 -9.23149 11.3
    endloop
  endfacet
  facet normal -0.831481 -0.555553 0
    outer loop
      vertex 0.779423 -7.95 11.3
      vertex 0.714018 -7.85211 18.3
      vertex 0.714018 -7.85211 11.3
    endloop
  endfacet
  facet normal -0.831481 -0.555553 0
    outer loop
      vertex 0.714018 -7.85211 18.3
      vertex 0.779423 -7.95 11.3
      vertex 0.779423 -7.95 18.3
    endloop
  endfacet
  facet normal -0.555543 0.831488 0
    outer loop
      vertex 0.547885 -9.11402 11.3
      vertex 0.45 -9.17942 18.3
      vertex 0.547885 -9.11402 18.3
    endloop
  endfacet
  facet normal -0.555543 0.831488 0
    outer loop
      vertex 0.45 -9.17942 18.3
      vertex 0.547885 -9.11402 11.3
      vertex 0.45 -9.17942 11.3
    endloop
  endfacet
  facet normal 0.195113 0.980781 -0
    outer loop
      vertex -0.117473 -9.2923 11.3
      vertex -0.232937 -9.26933 18.3
      vertex -0.117473 -9.2923 18.3
    endloop
  endfacet
  facet normal 0.195113 0.980781 0
    outer loop
      vertex -0.232937 -9.26933 18.3
      vertex -0.117473 -9.2923 11.3
      vertex -0.232937 -9.26933 11.3
    endloop
  endfacet
  facet normal 0.896867 -0.4423 0
    outer loop
      vertex -0.831491 -8.05558 18.3
      vertex -0.779423 -7.95 11.3
      vertex -0.779423 -7.95 18.3
    endloop
  endfacet
  facet normal 0.896867 -0.4423 0
    outer loop
      vertex -0.779423 -7.95 11.3
      vertex -0.831491 -8.05558 18.3
      vertex -0.831491 -8.05558 11.3
    endloop
  endfacet
  facet normal -0.442297 0.896869 0
    outer loop
      vertex 0.45 -9.17942 11.3
      vertex 0.344415 -9.23149 18.3
      vertex 0.45 -9.17942 18.3
    endloop
  endfacet
  facet normal -0.442297 0.896869 0
    outer loop
      vertex 0.344415 -9.23149 18.3
      vertex 0.45 -9.17942 11.3
      vertex 0.344415 -9.23149 11.3
    endloop
  endfacet
  facet normal 0 0 1
    outer loop
      vertex 0.8923 -8.28253 11.3
      vertex 0.8923 -8.51747 11.3
      vertex 0.9 -8.4 11.3
    endloop
  endfacet
  facet normal 0 0 1
    outer loop
      vertex 0.869332 -8.16706 11.3
      vertex 0.8923 -8.51747 11.3
      vertex 0.8923 -8.28253 11.3
    endloop
  endfacet
  facet normal 0 0 1
    outer loop
      vertex 0.869332 -8.16706 11.3
      vertex 0.869332 -8.63294 11.3
      vertex 0.8923 -8.51747 11.3
    endloop
  endfacet
  facet normal 0 0 1
    outer loop
      vertex 0.831491 -8.05558 11.3
      vertex 0.869332 -8.63294 11.3
      vertex 0.869332 -8.16706 11.3
    endloop
  endfacet
  facet normal 0 0 1
    outer loop
      vertex 0.831491 -8.05558 11.3
      vertex 0.831491 -8.74441 11.3
      vertex 0.869332 -8.63294 11.3
    endloop
  endfacet
  facet normal 0 0 1
    outer loop
      vertex 0.779423 -7.95 11.3
      vertex 0.831491 -8.74441 11.3
      vertex 0.831491 -8.05558 11.3
    endloop
  endfacet
  facet normal 0 0 1
    outer loop
      vertex 0.779423 -7.95 11.3
      vertex 0.779423 -8.85 11.3
      vertex 0.831491 -8.74441 11.3
    endloop
  endfacet
  facet normal 0 0 1
    outer loop
      vertex 0.714018 -7.85211 11.3
      vertex 0.779423 -8.85 11.3
      vertex 0.779423 -7.95 11.3
    endloop
  endfacet
  facet normal 0 0 1
    outer loop
      vertex 0.714018 -7.85211 11.3
      vertex 0.714018 -8.94788 11.3
      vertex 0.779423 -8.85 11.3
    endloop
  endfacet
  facet normal 0 0 1
    outer loop
      vertex 0.636395 -7.7636 11.3
      vertex 0.714018 -8.94788 11.3
      vertex 0.714018 -7.85211 11.3
    endloop
  endfacet
  facet normal 0 0 1
    outer loop
      vertex 0.636395 -7.7636 11.3
      vertex 0.636395 -9.0364 11.3
      vertex 0.714018 -8.94788 11.3
    endloop
  endfacet
  facet normal 0 0 1
    outer loop
      vertex 0.547885 -7.68598 11.3
      vertex 0.636395 -9.0364 11.3
      vertex 0.636395 -7.7636 11.3
    endloop
  endfacet
  facet normal 0 0 1
    outer loop
      vertex 0.547885 -7.68598 11.3
      vertex 0.547885 -9.11402 11.3
      vertex 0.636395 -9.0364 11.3
    endloop
  endfacet
  facet normal 0 0 1
    outer loop
      vertex 0.45 -7.62058 11.3
      vertex 0.547885 -9.11402 11.3
      vertex 0.547885 -7.68598 11.3
    endloop
  endfacet
  facet normal 0 0 1
    outer loop
      vertex 0.45 -7.62058 11.3
      vertex 0.45 -9.17942 11.3
      vertex 0.547885 -9.11402 11.3
    endloop
  endfacet
  facet normal 0 0 1
    outer loop
      vertex 0.344415 -7.56851 11.3
      vertex 0.45 -9.17942 11.3
      vertex 0.45 -7.62058 11.3
    endloop
  endfacet
  facet normal 0 0 1
    outer loop
      vertex 0.344415 -7.56851 11.3
      vertex 0.344415 -9.23149 11.3
      vertex 0.45 -9.17942 11.3
    endloop
  endfacet
  facet normal 0 0 1
    outer loop
      vertex 0.232937 -7.53067 11.3
      vertex 0.344415 -9.23149 11.3
      vertex 0.344415 -7.56851 11.3
    endloop
  endfacet
  facet normal 0 0 1
    outer loop
      vertex 0.232937 -7.53067 11.3
      vertex 0.232937 -9.26933 11.3
      vertex 0.344415 -9.23149 11.3
    endloop
  endfacet
  facet normal 0 0 1
    outer loop
      vertex 0.117473 -7.5077 11.3
      vertex 0.232937 -9.26933 11.3
      vertex 0.232937 -7.53067 11.3
    endloop
  endfacet
  facet normal 0 0 1
    outer loop
      vertex 0.117473 -7.5077 11.3
      vertex 0.117473 -9.2923 11.3
      vertex 0.232937 -9.26933 11.3
    endloop
  endfacet
  facet normal 0 0 1
    outer loop
      vertex 0 -7.5 11.3
      vertex 0.117473 -9.2923 11.3
      vertex 0.117473 -7.5077 11.3
    endloop
  endfacet
  facet normal 0 0 1
    outer loop
      vertex 0 -7.5 11.3
      vertex 0 -9.3 11.3
      vertex 0.117473 -9.2923 11.3
    endloop
  endfacet
  facet normal -0 0 1
    outer loop
      vertex -0.117473 -7.5077 11.3
      vertex 0 -9.3 11.3
      vertex 0 -7.5 11.3
    endloop
  endfacet
  facet normal 0 0 1
    outer loop
      vertex -0.117473 -7.5077 11.3
      vertex -0.117473 -9.2923 11.3
      vertex 0 -9.3 11.3
    endloop
  endfacet
  facet normal -0 0 1
    outer loop
      vertex -0.232937 -7.53067 11.3
      vertex -0.117473 -9.2923 11.3
      vertex -0.117473 -7.5077 11.3
    endloop
  endfacet
  facet normal 0 0 1
    outer loop
      vertex -0.232937 -7.53067 11.3
      vertex -0.232937 -9.26933 11.3
      vertex -0.117473 -9.2923 11.3
    endloop
  endfacet
  facet normal -0 0 1
    outer loop
      vertex -0.344415 -7.56851 11.3
      vertex -0.232937 -9.26933 11.3
      vertex -0.232937 -7.53067 11.3
    endloop
  endfacet
  facet normal 0 0 1
    outer loop
      vertex -0.344415 -7.56851 11.3
      vertex -0.344415 -9.23149 11.3
      vertex -0.232937 -9.26933 11.3
    endloop
  endfacet
  facet normal -0 0 1
    outer loop
      vertex -0.45 -7.62058 11.3
      vertex -0.344415 -9.23149 11.3
      vertex -0.344415 -7.56851 11.3
    endloop
  endfacet
  facet normal 0 0 1
    outer loop
      vertex -0.45 -7.62058 11.3
      vertex -0.45 -9.17942 11.3
      vertex -0.344415 -9.23149 11.3
    endloop
  endfacet
  facet normal -0 0 1
    outer loop
      vertex -0.547885 -7.68598 11.3
      vertex -0.45 -9.17942 11.3
      vertex -0.45 -7.62058 11.3
    endloop
  endfacet
  facet normal 0 0 1
    outer loop
      vertex -0.547885 -7.68598 11.3
      vertex -0.547885 -9.11402 11.3
      vertex -0.45 -9.17942 11.3
    endloop
  endfacet
  facet normal -0 0 1
    outer loop
      vertex -0.636395 -7.7636 11.3
      vertex -0.547885 -9.11402 11.3
      vertex -0.547885 -7.68598 11.3
    endloop
  endfacet
  facet normal 0 0 1
    outer loop
      vertex -0.636395 -7.7636 11.3
      vertex -0.636395 -9.0364 11.3
      vertex -0.547885 -9.11402 11.3
    endloop
  endfacet
  facet normal -0 0 1
    outer loop
      vertex -0.714018 -7.85211 11.3
      vertex -0.636395 -9.0364 11.3
      vertex -0.636395 -7.7636 11.3
    endloop
  endfacet
  facet normal 0 0 1
    outer loop
      vertex -0.714018 -7.85211 11.3
      vertex -0.714018 -8.94788 11.3
      vertex -0.636395 -9.0364 11.3
    endloop
  endfacet
  facet normal -0 0 1
    outer loop
      vertex -0.779423 -7.95 11.3
      vertex -0.714018 -8.94788 11.3
      vertex -0.714018 -7.85211 11.3
    endloop
  endfacet
  facet normal 0 0 1
    outer loop
      vertex -0.779423 -7.95 11.3
      vertex -0.779423 -8.85 11.3
      vertex -0.714018 -8.94788 11.3
    endloop
  endfacet
  facet normal -0 0 1
    outer loop
      vertex -0.831491 -8.05558 11.3
      vertex -0.779423 -8.85 11.3
      vertex -0.779423 -7.95 11.3
    endloop
  endfacet
  facet normal 0 0 1
    outer loop
      vertex -0.831491 -8.05558 11.3
      vertex -0.831491 -8.74441 11.3
      vertex -0.779423 -8.85 11.3
    endloop
  endfacet
  facet normal -0 0 1
    outer loop
      vertex -0.869332 -8.16706 11.3
      vertex -0.831491 -8.74441 11.3
      vertex -0.831491 -8.05558 11.3
    endloop
  endfacet
  facet normal 0 0 1
    outer loop
      vertex -0.869332 -8.16706 11.3
      vertex -0.869332 -8.63294 11.3
      vertex -0.831491 -8.74441 11.3
    endloop
  endfacet
  facet normal -0 0 1
    outer loop
      vertex -0.8923 -8.28253 11.3
      vertex -0.869332 -8.63294 11.3
      vertex -0.869332 -8.16706 11.3
    endloop
  endfacet
  facet normal 0 0 1
    outer loop
      vertex -0.8923 -8.28253 11.3
      vertex -0.8923 -8.51747 11.3
      vertex -0.869332 -8.63294 11.3
    endloop
  endfacet
  facet normal 0 -0 1
    outer loop
      vertex -0.8923 -8.51747 11.3
      vertex -0.8923 -8.28253 11.3
      vertex -0.9 -8.4 11.3
    endloop
  endfacet
  facet normal -0.65934 0.751845 0
    outer loop
      vertex 0.636395 -9.0364 11.3
      vertex 0.547885 -9.11402 18.3
      vertex 0.636395 -9.0364 18.3
    endloop
  endfacet
  facet normal -0.65934 0.751845 0
    outer loop
      vertex 0.547885 -9.11402 18.3
      vertex 0.636395 -9.0364 11.3
      vertex 0.547885 -9.11402 11.3
    endloop
  endfacet
  facet normal -0.751869 0.659312 0
    outer loop
      vertex 0.636395 -9.0364 11.3
      vertex 0.714018 -8.94788 18.3
      vertex 0.714018 -8.94788 11.3
    endloop
  endfacet
  facet normal -0.751869 0.659312 0
    outer loop
      vertex 0.714018 -8.94788 18.3
      vertex 0.636395 -9.0364 11.3
      vertex 0.636395 -9.0364 18.3
    endloop
  endfacet
  facet normal 0.896884 0.442267 0
    outer loop
      vertex -0.779423 -8.85 18.3
      vertex -0.831491 -8.74441 11.3
      vertex -0.831491 -8.74441 18.3
    endloop
  endfacet
  facet normal 0.896884 0.442267 0
    outer loop
      vertex -0.831491 -8.74441 11.3
      vertex -0.779423 -8.85 18.3
      vertex -0.779423 -8.85 11.3
    endloop
  endfacet
  facet normal 0.946934 -0.321429 0
    outer loop
      vertex -0.869332 -8.16706 18.3
      vertex -0.831491 -8.05558 11.3
      vertex -0.831491 -8.05558 18.3
    endloop
  endfacet
  facet normal 0.946934 -0.321429 0
    outer loop
      vertex -0.831491 -8.05558 11.3
      vertex -0.869332 -8.16706 18.3
      vertex -0.869332 -8.16706 11.3
    endloop
  endfacet
  facet normal -0.65934 -0.751845 0
    outer loop
      vertex 0.547885 -7.68598 11.3
      vertex 0.636395 -7.7636 18.3
      vertex 0.547885 -7.68598 18.3
    endloop
  endfacet
  facet normal -0.65934 -0.751845 -0
    outer loop
      vertex 0.636395 -7.7636 18.3
      vertex 0.547885 -7.68598 11.3
      vertex 0.636395 -7.7636 11.3
    endloop
  endfacet
  facet normal -0.0654066 -0.997859 0
    outer loop
      vertex 0 -7.5 11.3
      vertex 0.117473 -7.5077 18.3
      vertex 0 -7.5 18.3
    endloop
  endfacet
  facet normal -0.0654066 -0.997859 -0
    outer loop
      vertex 0.117473 -7.5077 18.3
      vertex 0 -7.5 11.3
      vertex 0.117473 -7.5077 11.3
    endloop
  endfacet
  facet normal -0.946934 -0.321429 0
    outer loop
      vertex 0.869332 -8.16706 11.3
      vertex 0.831491 -8.05558 18.3
      vertex 0.831491 -8.05558 11.3
    endloop
  endfacet
  facet normal -0.946934 -0.321429 0
    outer loop
      vertex 0.831491 -8.05558 18.3
      vertex 0.869332 -8.16706 11.3
      vertex 0.869332 -8.16706 18.3
    endloop
  endfacet
  facet normal -0.896884 0.442267 0
    outer loop
      vertex 0.779423 -8.85 11.3
      vertex 0.831491 -8.74441 18.3
      vertex 0.831491 -8.74441 11.3
    endloop
  endfacet
  facet normal -0.896884 0.442267 0
    outer loop
      vertex 0.831491 -8.74441 18.3
      vertex 0.779423 -8.85 11.3
      vertex 0.779423 -8.85 18.3
    endloop
  endfacet
  facet normal -0.751832 -0.659355 0
    outer loop
      vertex 0.714018 -7.85211 11.3
      vertex 0.636395 -7.7636 18.3
      vertex 0.636395 -7.7636 11.3
    endloop
  endfacet
  facet normal -0.751832 -0.659355 0
    outer loop
      vertex 0.636395 -7.7636 18.3
      vertex 0.714018 -7.85211 11.3
      vertex 0.714018 -7.85211 18.3
    endloop
  endfacet
  facet normal 0.555543 -0.831488 0
    outer loop
      vertex -0.547885 -7.68598 11.3
      vertex -0.45 -7.62058 18.3
      vertex -0.547885 -7.68598 18.3
    endloop
  endfacet
  facet normal 0.555543 -0.831488 0
    outer loop
      vertex -0.45 -7.62058 18.3
      vertex -0.547885 -7.68598 11.3
      vertex -0.45 -7.62058 11.3
    endloop
  endfacet
  facet normal -0.896867 -0.4423 0
    outer loop
      vertex 0.831491 -8.05558 11.3
      vertex 0.779423 -7.95 18.3
      vertex 0.779423 -7.95 11.3
    endloop
  endfacet
  facet normal -0.896867 -0.4423 0
    outer loop
      vertex 0.779423 -7.95 18.3
      vertex 0.831491 -8.05558 11.3
      vertex 0.831491 -8.05558 18.3
    endloop
  endfacet
  facet normal -0.946925 0.321455 0
    outer loop
      vertex 0.831491 -8.74441 11.3
      vertex 0.869332 -8.63294 18.3
      vertex 0.869332 -8.63294 11.3
    endloop
  endfacet
  facet normal -0.946925 0.321455 0
    outer loop
      vertex 0.869332 -8.63294 18.3
      vertex 0.831491 -8.74441 11.3
      vertex 0.831491 -8.74441 18.3
    endloop
  endfacet
  facet normal 0.195113 -0.980781 0
    outer loop
      vertex -0.232937 -7.53067 11.3
      vertex -0.117473 -7.5077 18.3
      vertex -0.232937 -7.53067 18.3
    endloop
  endfacet
  facet normal 0.195113 -0.980781 0
    outer loop
      vertex -0.117473 -7.5077 18.3
      vertex -0.232937 -7.53067 11.3
      vertex -0.117473 -7.5077 11.3
    endloop
  endfacet
  facet normal 0.751832 -0.659355 0
    outer loop
      vertex -0.714018 -7.85211 18.3
      vertex -0.636395 -7.7636 11.3
      vertex -0.636395 -7.7636 18.3
    endloop
  endfacet
  facet normal 0.751832 -0.659355 0
    outer loop
      vertex -0.636395 -7.7636 11.3
      vertex -0.714018 -7.85211 18.3
      vertex -0.714018 -7.85211 11.3
    endloop
  endfacet
  facet normal 0.0654066 0.997859 -0
    outer loop
      vertex 0 -9.3 11.3
      vertex -0.117473 -9.2923 18.3
      vertex 0 -9.3 18.3
    endloop
  endfacet
  facet normal 0.0654066 0.997859 0
    outer loop
      vertex -0.117473 -9.2923 18.3
      vertex 0 -9.3 11.3
      vertex -0.117473 -9.2923 11.3
    endloop
  endfacet
  facet normal 0.751869 0.659312 0
    outer loop
      vertex -0.636395 -9.0364 18.3
      vertex -0.714018 -8.94788 11.3
      vertex -0.714018 -8.94788 18.3
    endloop
  endfacet
  facet normal 0.751869 0.659312 0
    outer loop
      vertex -0.714018 -8.94788 11.3
      vertex -0.636395 -9.0364 18.3
      vertex -0.636395 -9.0364 11.3
    endloop
  endfacet
  facet normal -0.980786 -0.195087 0
    outer loop
      vertex 0.8923 -8.28253 11.3
      vertex 0.869332 -8.16706 18.3
      vertex 0.869332 -8.16706 11.3
    endloop
  endfacet
  facet normal -0.980786 -0.195087 0
    outer loop
      vertex 0.869332 -8.16706 18.3
      vertex 0.8923 -8.28253 11.3
      vertex 0.8923 -8.28253 18.3
    endloop
  endfacet
  facet normal 0.831455 0.555592 0
    outer loop
      vertex -0.714018 -8.94788 18.3
      vertex -0.779423 -8.85 11.3
      vertex -0.779423 -8.85 18.3
    endloop
  endfacet
  facet normal 0.831455 0.555592 0
    outer loop
      vertex -0.779423 -8.85 11.3
      vertex -0.714018 -8.94788 18.3
      vertex -0.714018 -8.94788 11.3
    endloop
  endfacet
  facet normal 0.321427 -0.946934 0
    outer loop
      vertex -0.344415 -7.56851 11.3
      vertex -0.232937 -7.53067 18.3
      vertex -0.344415 -7.56851 18.3
    endloop
  endfacet
  facet normal 0.321427 -0.946934 0
    outer loop
      vertex -0.232937 -7.53067 18.3
      vertex -0.344415 -7.56851 11.3
      vertex -0.232937 -7.53067 11.3
    endloop
  endfacet
  facet normal 0.65934 0.751845 -0
    outer loop
      vertex -0.547885 -9.11402 11.3
      vertex -0.636395 -9.0364 18.3
      vertex -0.547885 -9.11402 18.3
    endloop
  endfacet
  facet normal 0.65934 0.751845 0
    outer loop
      vertex -0.636395 -9.0364 18.3
      vertex -0.547885 -9.11402 11.3
      vertex -0.636395 -9.0364 11.3
    endloop
  endfacet
  facet normal -0.997859 -0.0654083 0
    outer loop
      vertex 0.9 -8.4 11.3
      vertex 0.8923 -8.28253 18.3
      vertex 0.8923 -8.28253 11.3
    endloop
  endfacet
  facet normal -0.997859 -0.0654083 0
    outer loop
      vertex 0.8923 -8.28253 18.3
      vertex 0.9 -8.4 11.3
      vertex 0.9 -8.4 18.3
    endloop
  endfacet
  facet normal 0.442297 -0.896869 0
    outer loop
      vertex -0.45 -7.62058 11.3
      vertex -0.344415 -7.56851 18.3
      vertex -0.45 -7.62058 18.3
    endloop
  endfacet
  facet normal 0.442297 -0.896869 0
    outer loop
      vertex -0.344415 -7.56851 18.3
      vertex -0.45 -7.62058 11.3
      vertex -0.344415 -7.56851 11.3
    endloop
  endfacet
  facet normal -0.997859 0.0654083 0
    outer loop
      vertex 0.8923 -8.51747 11.3
      vertex 0.9 -8.4 18.3
      vertex 0.9 -8.4 11.3
    endloop
  endfacet
  facet normal -0.997859 0.0654083 0
    outer loop
      vertex 0.9 -8.4 18.3
      vertex 0.8923 -8.51747 11.3
      vertex 0.8923 -8.51747 18.3
    endloop
  endfacet
  facet normal 0.946925 0.321455 0
    outer loop
      vertex -0.831491 -8.74441 18.3
      vertex -0.869332 -8.63294 11.3
      vertex -0.869332 -8.63294 18.3
    endloop
  endfacet
  facet normal 0.946925 0.321455 0
    outer loop
      vertex -0.869332 -8.63294 11.3
      vertex -0.831491 -8.74441 18.3
      vertex -0.831491 -8.74441 11.3
    endloop
  endfacet
  facet normal 0.0654066 -0.997859 0
    outer loop
      vertex -0.117473 -7.5077 11.3
      vertex 0 -7.5 18.3
      vertex -0.117473 -7.5077 18.3
    endloop
  endfacet
  facet normal 0.0654066 -0.997859 0
    outer loop
      vertex 0 -7.5 18.3
      vertex -0.117473 -7.5077 11.3
      vertex 0 -7.5 11.3
    endloop
  endfacet
  facet normal -0.831455 0.555592 0
    outer loop
      vertex 0.714018 -8.94788 11.3
      vertex 0.779423 -8.85 18.3
      vertex 0.779423 -8.85 11.3
    endloop
  endfacet
  facet normal -0.831455 0.555592 0
    outer loop
      vertex 0.779423 -8.85 18.3
      vertex 0.714018 -8.94788 11.3
      vertex 0.714018 -8.94788 18.3
    endloop
  endfacet
  facet normal -0.195113 -0.980781 0
    outer loop
      vertex 0.117473 -7.5077 11.3
      vertex 0.232937 -7.53067 18.3
      vertex 0.117473 -7.5077 18.3
    endloop
  endfacet
  facet normal -0.195113 -0.980781 -0
    outer loop
      vertex 0.232937 -7.53067 18.3
      vertex 0.117473 -7.5077 11.3
      vertex 0.232937 -7.53067 11.3
    endloop
  endfacet
  facet normal -0.321427 0.946934 0
    outer loop
      vertex 0.344415 -9.23149 11.3
      vertex 0.232937 -9.26933 18.3
      vertex 0.344415 -9.23149 18.3
    endloop
  endfacet
  facet normal -0.321427 0.946934 0
    outer loop
      vertex 0.232937 -9.26933 18.3
      vertex 0.344415 -9.23149 11.3
      vertex 0.232937 -9.26933 11.3
    endloop
  endfacet
  facet normal 0.442297 0.896869 -0
    outer loop
      vertex -0.344415 -9.23149 11.3
      vertex -0.45 -9.17942 18.3
      vertex -0.344415 -9.23149 18.3
    endloop
  endfacet
  facet normal 0.442297 0.896869 0
    outer loop
      vertex -0.45 -9.17942 18.3
      vertex -0.344415 -9.23149 11.3
      vertex -0.45 -9.17942 11.3
    endloop
  endfacet
  facet normal -0.321427 -0.946934 0
    outer loop
      vertex 0.232937 -7.53067 11.3
      vertex 0.344415 -7.56851 18.3
      vertex 0.232937 -7.53067 18.3
    endloop
  endfacet
  facet normal -0.321427 -0.946934 -0
    outer loop
      vertex 0.344415 -7.56851 18.3
      vertex 0.232937 -7.53067 11.3
      vertex 0.344415 -7.56851 11.3
    endloop
  endfacet
  facet normal 0.997859 -0.0654083 0
    outer loop
      vertex -0.9 -8.4 18.3
      vertex -0.8923 -8.28253 11.3
      vertex -0.8923 -8.28253 18.3
    endloop
  endfacet
  facet normal 0.997859 -0.0654083 0
    outer loop
      vertex -0.8923 -8.28253 11.3
      vertex -0.9 -8.4 18.3
      vertex -0.9 -8.4 11.3
    endloop
  endfacet
  facet normal 0.980786 0.195087 0
    outer loop
      vertex -0.869332 -8.63294 18.3
      vertex -0.8923 -8.51747 11.3
      vertex -0.8923 -8.51747 18.3
    endloop
  endfacet
  facet normal 0.980786 0.195087 0
    outer loop
      vertex -0.8923 -8.51747 11.3
      vertex -0.869332 -8.63294 18.3
      vertex -0.869332 -8.63294 11.3
    endloop
  endfacet
  facet normal 0.65934 -0.751845 0
    outer loop
      vertex -0.636395 -7.7636 11.3
      vertex -0.547885 -7.68598 18.3
      vertex -0.636395 -7.7636 18.3
    endloop
  endfacet
  facet normal 0.65934 -0.751845 0
    outer loop
      vertex -0.547885 -7.68598 18.3
      vertex -0.636395 -7.7636 11.3
      vertex -0.547885 -7.68598 11.3
    endloop
  endfacet
  facet normal 0.980786 -0.195087 0
    outer loop
      vertex -0.8923 -8.28253 18.3
      vertex -0.869332 -8.16706 11.3
      vertex -0.869332 -8.16706 18.3
    endloop
  endfacet
  facet normal 0.980786 -0.195087 0
    outer loop
      vertex -0.869332 -8.16706 11.3
      vertex -0.8923 -8.28253 18.3
      vertex -0.8923 -8.28253 11.3
    endloop
  endfacet
  facet normal 0.831481 -0.555553 0
    outer loop
      vertex -0.779423 -7.95 18.3
      vertex -0.714018 -7.85211 11.3
      vertex -0.714018 -7.85211 18.3
    endloop
  endfacet
  facet normal 0.831481 -0.555553 0
    outer loop
      vertex -0.714018 -7.85211 11.3
      vertex -0.779423 -7.95 18.3
      vertex -0.779423 -7.95 11.3
    endloop
  endfacet
  facet normal -0.980786 0.195087 0
    outer loop
      vertex 0.869332 -8.63294 11.3
      vertex 0.8923 -8.51747 18.3
      vertex 0.8923 -8.51747 11.3
    endloop
  endfacet
  facet normal -0.980786 0.195087 0
    outer loop
      vertex 0.8923 -8.51747 18.3
      vertex 0.869332 -8.63294 11.3
      vertex 0.869332 -8.63294 18.3
    endloop
  endfacet
  facet normal -0.442297 -0.896869 0
    outer loop
      vertex 0.344415 -7.56851 11.3
      vertex 0.45 -7.62058 18.3
      vertex 0.344415 -7.56851 18.3
    endloop
  endfacet
  facet normal -0.442297 -0.896869 -0
    outer loop
      vertex 0.45 -7.62058 18.3
      vertex 0.344415 -7.56851 11.3
      vertex 0.45 -7.62058 11.3
    endloop
  endfacet
  facet normal -0.555543 -0.831488 0
    outer loop
      vertex 0.45 -7.62058 11.3
      vertex 0.547885 -7.68598 18.3
      vertex 0.45 -7.62058 18.3
    endloop
  endfacet
  facet normal -0.555543 -0.831488 -0
    outer loop
      vertex 0.547885 -7.68598 18.3
      vertex 0.45 -7.62058 11.3
      vertex 0.547885 -7.68598 11.3
    endloop
  endfacet
  facet normal 0 1 -0
    outer loop
      vertex 6.5 -6.3 2
      vertex -6.5 -6.3 18.3
      vertex 6.5 -6.3 18.3
    endloop
  endfacet
  facet normal 0 1 0
    outer loop
      vertex -6.5 -6.3 18.3
      vertex 6.5 -6.3 2
      vertex -6.5 -6.3 2
    endloop
  endfacet
  facet normal 0 0 1
    outer loop
      vertex 4.25 22.65 2
      vertex -4.25 22.65 2
      vertex 4.25 17.3 2
    endloop
  endfacet
  facet normal -0 0 1
    outer loop
      vertex 4.25 17.3 2
      vertex 6.5 -6.3 2
      vertex 6.5 17.3 2
    endloop
  endfacet
  facet normal 0 0 1
    outer loop
      vertex -4.25 17.3 2
      vertex 4.25 17.3 2
      vertex -4.25 22.65 2
    endloop
  endfacet
  facet normal 0 0 1
    outer loop
      vertex 4.25 17.3 2
      vertex -4.25 17.3 2
      vertex 6.5 -6.3 2
    endloop
  endfacet
  facet normal 0 0 1
    outer loop
      vertex -6.5 -6.3 2
      vertex -4.25 17.3 2
      vertex -6.5 17.3 2
    endloop
  endfacet
  facet normal 0 0 1
    outer loop
      vertex -4.25 17.3 2
      vertex -6.5 -6.3 2
      vertex 6.5 -6.3 2
    endloop
  endfacet
  facet normal 0 -1 0
    outer loop
      vertex -6.5 17.3 18.3
      vertex -4.25 17.3 8.4
      vertex 6.5 17.3 18.3
    endloop
  endfacet
  facet normal 0 -1 0
    outer loop
      vertex -6.5 17.3 2
      vertex -4.25 17.3 8.4
      vertex -6.5 17.3 18.3
    endloop
  endfacet
  facet normal 0 -1 -0
    outer loop
      vertex -4.25 17.3 8.4
      vertex -6.5 17.3 2
      vertex -4.25 17.3 2
    endloop
  endfacet
  facet normal 0 -1 0
    outer loop
      vertex 4.25 17.3 8.4
      vertex 6.5 17.3 18.3
      vertex -4.25 17.3 8.4
    endloop
  endfacet
  facet normal 0 -1 0
    outer loop
      vertex 6.5 17.3 2
      vertex 4.25 17.3 8.4
      vertex 4.25 17.3 2
    endloop
  endfacet
  facet normal 0 -1 0
    outer loop
      vertex 4.25 17.3 8.4
      vertex 6.5 17.3 2
      vertex 6.5 17.3 18.3
    endloop
  endfacet
  facet normal -1 0 0
    outer loop
      vertex 6.5 17.3 2
      vertex 6.5 10.5 10.3
      vertex 6.5 17.3 18.3
    endloop
  endfacet
  facet normal -1 0 0
    outer loop
      vertex 6.5 17.3 2
      vertex 6.5 5.5 4.3
      vertex 6.5 10.5 10.3
    endloop
  endfacet
  facet normal -1 -0 0
    outer loop
      vertex 6.5 5.5 4.3
      vertex 6.5 -6.3 2
      vertex 6.5 0.5 10.3
    endloop
  endfacet
  facet normal -1 0 0
    outer loop
      vertex 6.5 -6.3 2
      vertex 6.5 5.5 4.3
      vertex 6.5 17.3 2
    endloop
  endfacet
  facet normal -1 0 0
    outer loop
      vertex 6.5 5.5 16.3
      vertex 6.5 17.3 18.3
      vertex 6.5 10.5 10.3
    endloop
  endfacet
  facet normal -1 0 0
    outer loop
      vertex 6.5 5.5 16.3
      vertex 6.5 -6.3 18.3
      vertex 6.5 17.3 18.3
    endloop
  endfacet
  facet normal -1 0 0
    outer loop
      vertex 6.5 0.5 10.3
      vertex 6.5 -6.3 18.3
      vertex 6.5 5.5 16.3
    endloop
  endfacet
  facet normal -1 0 0
    outer loop
      vertex 6.5 -6.3 18.3
      vertex 6.5 0.5 10.3
      vertex 6.5 -6.3 2
    endloop
  endfacet
  facet normal 1 0 0
    outer loop
      vertex -6.5 17.3 18.3
      vertex -6.5 10.5 10.3
      vertex -6.5 17.3 2
    endloop
  endfacet
  facet normal 1 0 0
    outer loop
      vertex -6.5 17.3 18.3
      vertex -6.5 5.5 16.3
      vertex -6.5 10.5 10.3
    endloop
  endfacet
  facet normal 1 0 0
    outer loop
      vertex -6.5 5.5 16.3
      vertex -6.5 -6.3 18.3
      vertex -6.5 0.5 10.3
    endloop
  endfacet
  facet normal 1 -0 0
    outer loop
      vertex -6.5 -6.3 18.3
      vertex -6.5 5.5 16.3
      vertex -6.5 17.3 18.3
    endloop
  endfacet
  facet normal 1 -0 0
    outer loop
      vertex -6.5 5.5 4.3
      vertex -6.5 17.3 2
      vertex -6.5 10.5 10.3
    endloop
  endfacet
  facet normal 1 0 0
    outer loop
      vertex -6.5 -6.3 2
      vertex -6.5 0.5 10.3
      vertex -6.5 -6.3 18.3
    endloop
  endfacet
  facet normal 1 0 0
    outer loop
      vertex -6.5 5.5 4.3
      vertex -6.5 -6.3 2
      vertex -6.5 17.3 2
    endloop
  endfacet
  facet normal 1 0 0
    outer loop
      vertex -6.5 0.5 10.3
      vertex -6.5 -6.3 2
      vertex -6.5 5.5 4.3
    endloop
  endfacet
  facet normal 0 0 -1
    outer loop
      vertex -4.25 17.3 8.4
      vertex 4.25 22.65 8.4
      vertex 4.25 17.3 8.4
    endloop
  endfacet
  facet normal -0 0 -1
    outer loop
      vertex 4.25 22.65 8.4
      vertex -4.25 17.3 8.4
      vertex -4.25 22.65 8.4
    endloop
  endfacet
  facet normal -1 0 0
    outer loop
      vertex 4.25 17.3 2
      vertex 4.25 22.65 8.4
      vertex 4.25 22.65 2
    endloop
  endfacet
  facet normal -1 -0 0
    outer loop
      vertex 4.25 22.65 8.4
      vertex 4.25 17.3 2
      vertex 4.25 17.3 8.4
    endloop
  endfacet
  facet normal 1 -0 0
    outer loop
      vertex -4.25 17.3 8.4
      vertex -4.25 22.65 2
      vertex -4.25 22.65 8.4
    endloop
  endfacet
  facet normal 1 0 0
    outer loop
      vertex -4.25 22.65 2
      vertex -4.25 17.3 8.4
      vertex -4.25 17.3 2
    endloop
  endfacet
  facet normal 0.97561 -0.219512 0
    outer loop
      vertex 10.6 5.5 3
      vertex 12.4 13.5 7.62939e-07
      vertex 12.4 13.5 3
    endloop
  endfacet
  facet normal 0.97561 -0.219512 0
    outer loop
      vertex 12.4 13.5 7.62939e-07
      vertex 10.6 5.5 3
      vertex 10.6 5.5 7.62939e-07
    endloop
  endfacet
  facet normal 0.97561 0.219512 0
    outer loop
      vertex 12.4 -2.5 3
      vertex 10.6 5.5 7.62939e-07
      vertex 10.6 5.5 3
    endloop
  endfacet
  facet normal 0.97561 0.219512 0
    outer loop
      vertex 10.6 5.5 7.62939e-07
      vertex 12.4 -2.5 3
      vertex 12.4 -2.5 7.62939e-07
    endloop
  endfacet
  facet normal -0.97561 0.219512 0
    outer loop
      vertex 12.4 -2.5 7.62939e-07
      vertex 14.2 5.5 3
      vertex 14.2 5.5 7.62939e-07
    endloop
  endfacet
  facet normal -0.97561 0.219512 0
    outer loop
      vertex 14.2 5.5 3
      vertex 12.4 -2.5 7.62939e-07
      vertex 12.4 -2.5 3
    endloop
  endfacet
  facet normal -0.97561 -0.219512 0
    outer loop
      vertex 14.2 5.5 7.62939e-07
      vertex 12.4 13.5 3
      vertex 12.4 13.5 7.62939e-07
    endloop
  endfacet
  facet normal -0.97561 -0.219512 0
    outer loop
      vertex 12.4 13.5 3
      vertex 14.2 5.5 7.62939e-07
      vertex 14.2 5.5 3
    endloop
  endfacet
  facet normal 0.97561 -0.219512 0
    outer loop
      vertex -14.2 5.5 3
      vertex -12.4 13.5 7.62939e-07
      vertex -12.4 13.5 3
    endloop
  endfacet
  facet normal 0.97561 -0.219512 0
    outer loop
      vertex -12.4 13.5 7.62939e-07
      vertex -14.2 5.5 3
      vertex -14.2 5.5 7.62939e-07
    endloop
  endfacet
  facet normal 0.97561 0.219512 0
    outer loop
      vertex -12.4 -2.5 3
      vertex -14.2 5.5 7.62939e-07
      vertex -14.2 5.5 3
    endloop
  endfacet
  facet normal 0.97561 0.219512 0
    outer loop
      vertex -14.2 5.5 7.62939e-07
      vertex -12.4 -2.5 3
      vertex -12.4 -2.5 7.62939e-07
    endloop
  endfacet
  facet normal -0.97561 0.219512 0
    outer loop
      vertex -12.4 -2.5 7.62939e-07
      vertex -10.6 5.5 3
      vertex -10.6 5.5 7.62939e-07
    endloop
  endfacet
  facet normal -0.97561 0.219512 0
    outer loop
      vertex -10.6 5.5 3
      vertex -12.4 -2.5 7.62939e-07
      vertex -12.4 -2.5 3
    endloop
  endfacet
  facet normal -0.97561 -0.219512 0
    outer loop
      vertex -10.6 5.5 7.62939e-07
      vertex -12.4 13.5 3
      vertex -12.4 13.5 7.62939e-07
    endloop
  endfacet
  facet normal -0.97561 -0.219512 0
    outer loop
      vertex -12.4 13.5 3
      vertex -10.6 5.5 7.62939e-07
      vertex -10.6 5.5 3
    endloop
  endfacet
  facet normal 0 0.768221 -0.640184
    outer loop
      vertex -6.5 0.5 10.3
      vertex -8.5 5.5 16.3
      vertex -6.5 5.5 16.3
    endloop
  endfacet
  facet normal 0 0.768221 -0.640184
    outer loop
      vertex -8.5 5.5 16.3
      vertex -6.5 0.5 10.3
      vertex -8.5 0.5 10.3
    endloop
  endfacet
  facet normal 0 0.768221 -0.640184
    outer loop
      vertex 8.5 0.5 10.3
      vertex 6.5 5.5 16.3
      vertex 8.5 5.5 16.3
    endloop
  endfacet
  facet normal 0 0.768221 -0.640184
    outer loop
      vertex 6.5 5.5 16.3
      vertex 8.5 0.5 10.3
      vertex 6.5 0.5 10.3
    endloop
  endfacet
  facet normal 0 -0.768221 -0.640184
    outer loop
      vertex -8.5 10.5 10.3
      vertex -6.5 5.5 16.3
      vertex -8.5 5.5 16.3
    endloop
  endfacet
  facet normal 0 -0.768221 -0.640184
    outer loop
      vertex -6.5 5.5 16.3
      vertex -8.5 10.5 10.3
      vertex -6.5 10.5 10.3
    endloop
  endfacet
  facet normal 0 -0.768221 -0.640184
    outer loop
      vertex 6.5 10.5 10.3
      vertex 8.5 5.5 16.3
      vertex 6.5 5.5 16.3
    endloop
  endfacet
  facet normal 0 -0.768221 -0.640184
    outer loop
      vertex 8.5 5.5 16.3
      vertex 6.5 10.5 10.3
      vertex 8.5 10.5 10.3
    endloop
  endfacet
  facet normal 0 0.768221 0.640184
    outer loop
      vertex -6.5 5.5 4.3
      vertex -8.5 0.5 10.3
      vertex -6.5 0.5 10.3
    endloop
  endfacet
  facet normal 0 0.768221 0.640184
    outer loop
      vertex -8.5 0.5 10.3
      vertex -6.5 5.5 4.3
      vertex -8.5 5.5 4.3
    endloop
  endfacet
  facet normal 0 0.768221 0.640184
    outer loop
      vertex 8.5 5.5 4.3
      vertex 6.5 0.5 10.3
      vertex 8.5 0.5 10.3
    endloop
  endfacet
  facet normal 0 0.768221 0.640184
    outer loop
      vertex 6.5 0.5 10.3
      vertex 8.5 5.5 4.3
      vertex 6.5 5.5 4.3
    endloop
  endfacet
  facet normal 0 -0.768221 0.640184
    outer loop
      vertex -8.5 5.5 4.3
      vertex -6.5 10.5 10.3
      vertex -8.5 10.5 10.3
    endloop
  endfacet
  facet normal 0 -0.768221 0.640184
    outer loop
      vertex -6.5 10.5 10.3
      vertex -8.5 5.5 4.3
      vertex -6.5 5.5 4.3
    endloop
  endfacet
  facet normal 0 -0.768221 0.640184
    outer loop
      vertex 6.5 5.5 4.3
      vertex 8.5 10.5 10.3
      vertex 6.5 10.5 10.3
    endloop
  endfacet
  facet normal 0 -0.768221 0.640184
    outer loop
      vertex 8.5 10.5 10.3
      vertex 6.5 5.5 4.3
      vertex 8.5 5.5 4.3
    endloop
  endfacet
  facet normal -0.946901 -0.321525 0
    outer loop
      vertex -10.8579 -7.21001 7.62939e-07
      vertex -10.9294 -6.99944 3
      vertex -10.9294 -6.99944 7.62939e-07
    endloop
  endfacet
  facet normal -0.946901 -0.321525 0
    outer loop
      vertex -10.9294 -6.99944 3
      vertex -10.8579 -7.21001 7.62939e-07
      vertex -10.8579 -7.21001 3
    endloop
  endfacet
  facet normal -0.98077 -0.195165 0
    outer loop
      vertex -10.8145 -7.42811 7.62939e-07
      vertex -10.8579 -7.21001 3
      vertex -10.8579 -7.21001 7.62939e-07
    endloop
  endfacet
  facet normal -0.98077 -0.195165 0
    outer loop
      vertex -10.8579 -7.21001 3
      vertex -10.8145 -7.42811 7.62939e-07
      vertex -10.8145 -7.42811 3
    endloop
  endfacet
  facet normal -0.997872 -0.0652086 0
    outer loop
      vertex -10.8 -7.65 7.62939e-07
      vertex -10.8145 -7.42811 3
      vertex -10.8145 -7.42811 7.62939e-07
    endloop
  endfacet
  facet normal -0.997872 -0.0652086 0
    outer loop
      vertex -10.8145 -7.42811 3
      vertex -10.8 -7.65 7.62939e-07
      vertex -10.8 -7.65 3
    endloop
  endfacet
  facet normal -0.751888 0.659291 0
    outer loop
      vertex -11.2979 -8.85208 7.62939e-07
      vertex -11.1513 -8.68489 3
      vertex -11.1513 -8.68489 7.62939e-07
    endloop
  endfacet
  facet normal -0.751888 0.659291 0
    outer loop
      vertex -11.1513 -8.68489 3
      vertex -11.2979 -8.85208 7.62939e-07
      vertex -11.2979 -8.85208 3
    endloop
  endfacet
  facet normal 0.321363 -0.946956 0
    outer loop
      vertex -13.1506 -6.0794 7.62939e-07
      vertex -12.94 -6.00793 3
      vertex -13.1506 -6.0794 3
    endloop
  endfacet
  facet normal 0.321363 -0.946956 0
    outer loop
      vertex -12.94 -6.00793 3
      vertex -13.1506 -6.0794 7.62939e-07
      vertex -12.94 -6.00793 7.62939e-07
    endloop
  endfacet
  facet normal -0.0653848 -0.99786 0
    outer loop
      vertex -12.5 -5.95 7.62939e-07
      vertex -12.2781 -5.96454 3
      vertex -12.5 -5.95 3
    endloop
  endfacet
  facet normal -0.0653848 -0.99786 -0
    outer loop
      vertex -12.2781 -5.96454 3
      vertex -12.5 -5.95 7.62939e-07
      vertex -12.2781 -5.96454 7.62939e-07
    endloop
  endfacet
  facet normal 0.831566 -0.555426 0
    outer loop
      vertex -13.9722 -6.8 3
      vertex -13.8487 -6.6151 7.62939e-07
      vertex -13.8487 -6.6151 3
    endloop
  endfacet
  facet normal 0.831566 -0.555426 0
    outer loop
      vertex -13.8487 -6.6151 7.62939e-07
      vertex -13.9722 -6.8 3
      vertex -13.9722 -6.8 7.62939e-07
    endloop
  endfacet
  facet normal -0.831566 -0.555426 0
    outer loop
      vertex -11.0278 -6.8 7.62939e-07
      vertex -11.1513 -6.6151 3
      vertex -11.1513 -6.6151 7.62939e-07
    endloop
  endfacet
  facet normal -0.831566 -0.555426 0
    outer loop
      vertex -11.1513 -6.6151 3
      vertex -11.0278 -6.8 7.62939e-07
      vertex -11.0278 -6.8 3
    endloop
  endfacet
  facet normal -0.321403 0.946943 0
    outer loop
      vertex -11.8494 -9.22059 7.62939e-07
      vertex -12.06 -9.29207 3
      vertex -11.8494 -9.22059 3
    endloop
  endfacet
  facet normal -0.321403 0.946943 0
    outer loop
      vertex -12.06 -9.29207 3
      vertex -11.8494 -9.22059 7.62939e-07
      vertex -12.06 -9.29207 7.62939e-07
    endloop
  endfacet
  facet normal -0.896789 -0.442459 0
    outer loop
      vertex -10.9294 -6.99944 7.62939e-07
      vertex -11.0278 -6.8 3
      vertex -11.0278 -6.8 7.62939e-07
    endloop
  endfacet
  facet normal -0.896789 -0.442459 0
    outer loop
      vertex -11.0278 -6.8 3
      vertex -10.9294 -6.99944 7.62939e-07
      vertex -10.9294 -6.99944 3
    endloop
  endfacet
  facet normal -0.442349 0.896843 0
    outer loop
      vertex -11.65 -9.12224 7.62939e-07
      vertex -11.8494 -9.22059 3
      vertex -11.65 -9.12224 3
    endloop
  endfacet
  facet normal -0.442349 0.896843 0
    outer loop
      vertex -11.8494 -9.22059 3
      vertex -11.65 -9.12224 7.62939e-07
      vertex -11.8494 -9.22059 7.62939e-07
    endloop
  endfacet
  facet normal -0.946901 0.321525 0
    outer loop
      vertex -10.9294 -8.30056 7.62939e-07
      vertex -10.8579 -8.08999 3
      vertex -10.8579 -8.08999 7.62939e-07
    endloop
  endfacet
  facet normal -0.946901 0.321525 0
    outer loop
      vertex -10.8579 -8.08999 3
      vertex -10.9294 -8.30056 7.62939e-07
      vertex -10.9294 -8.30056 3
    endloop
  endfacet
  facet normal -0.321363 -0.946956 0
    outer loop
      vertex -12.06 -6.00793 7.62939e-07
      vertex -11.8494 -6.0794 3
      vertex -12.06 -6.00793 3
    endloop
  endfacet
  facet normal -0.321363 -0.946956 -0
    outer loop
      vertex -11.8494 -6.0794 3
      vertex -12.06 -6.00793 7.62939e-07
      vertex -11.8494 -6.0794 7.62939e-07
    endloop
  endfacet
  facet normal -0.997872 0.0652086 0
    outer loop
      vertex -10.8145 -7.87189 7.62939e-07
      vertex -10.8 -7.65 3
      vertex -10.8 -7.65 7.62939e-07
    endloop
  endfacet
  facet normal -0.997872 0.0652086 0
    outer loop
      vertex -10.8 -7.65 3
      vertex -10.8145 -7.87189 7.62939e-07
      vertex -10.8145 -7.87189 3
    endloop
  endfacet
  facet normal 0.896789 0.442459 0
    outer loop
      vertex -13.9722 -8.5 3
      vertex -14.0706 -8.30056 7.62939e-07
      vertex -14.0706 -8.30056 3
    endloop
  endfacet
  facet normal 0.896789 0.442459 0
    outer loop
      vertex -14.0706 -8.30056 7.62939e-07
      vertex -13.9722 -8.5 3
      vertex -13.9722 -8.5 7.62939e-07
    endloop
  endfacet
  facet normal -0.442386 -0.896825 0
    outer loop
      vertex -11.8494 -6.0794 7.62939e-07
      vertex -11.65 -6.17776 3
      vertex -11.8494 -6.0794 3
    endloop
  endfacet
  facet normal -0.442386 -0.896825 -0
    outer loop
      vertex -11.65 -6.17776 3
      vertex -11.8494 -6.0794 7.62939e-07
      vertex -11.65 -6.17776 7.62939e-07
    endloop
  endfacet
  facet normal 0.555551 -0.831483 0
    outer loop
      vertex -13.5349 -6.3013 7.62939e-07
      vertex -13.35 -6.17776 3
      vertex -13.5349 -6.3013 3
    endloop
  endfacet
  facet normal 0.555551 -0.831483 0
    outer loop
      vertex -13.35 -6.17776 3
      vertex -13.5349 -6.3013 7.62939e-07
      vertex -13.35 -6.17776 7.62939e-07
    endloop
  endfacet
  facet normal -0.98077 0.195165 0
    outer loop
      vertex -10.8579 -8.08999 7.62939e-07
      vertex -10.8145 -7.87189 3
      vertex -10.8145 -7.87189 7.62939e-07
    endloop
  endfacet
  facet normal -0.98077 0.195165 0
    outer loop
      vertex -10.8145 -7.87189 3
      vertex -10.8579 -8.08999 7.62939e-07
      vertex -10.8579 -8.08999 3
    endloop
  endfacet
  facet normal 0.896789 -0.442459 0
    outer loop
      vertex -14.0706 -6.99944 3
      vertex -13.9722 -6.8 7.62939e-07
      vertex -13.9722 -6.8 3
    endloop
  endfacet
  facet normal 0.896789 -0.442459 0
    outer loop
      vertex -13.9722 -6.8 7.62939e-07
      vertex -14.0706 -6.99944 3
      vertex -14.0706 -6.99944 7.62939e-07
    endloop
  endfacet
  facet normal 0.946901 0.321525 0
    outer loop
      vertex -14.0706 -8.30056 3
      vertex -14.1421 -8.08999 7.62939e-07
      vertex -14.1421 -8.08999 3
    endloop
  endfacet
  facet normal 0.946901 0.321525 0
    outer loop
      vertex -14.1421 -8.08999 7.62939e-07
      vertex -14.0706 -8.30056 3
      vertex -14.0706 -8.30056 7.62939e-07
    endloop
  endfacet
  facet normal 0.751888 0.659291 0
    outer loop
      vertex -13.7021 -8.85208 3
      vertex -13.8487 -8.68489 7.62939e-07
      vertex -13.8487 -8.68489 3
    endloop
  endfacet
  facet normal 0.751888 0.659291 0
    outer loop
      vertex -13.8487 -8.68489 7.62939e-07
      vertex -13.7021 -8.85208 3
      vertex -13.7021 -8.85208 7.62939e-07
    endloop
  endfacet
  facet normal 0.831552 0.555447 0
    outer loop
      vertex -13.8487 -8.68489 3
      vertex -13.9722 -8.5 7.62939e-07
      vertex -13.9722 -8.5 3
    endloop
  endfacet
  facet normal 0.831552 0.555447 0
    outer loop
      vertex -13.9722 -8.5 7.62939e-07
      vertex -13.8487 -8.68489 3
      vertex -13.8487 -8.68489 7.62939e-07
    endloop
  endfacet
  facet normal -0.195122 0.980779 0
    outer loop
      vertex -12.06 -9.29207 7.62939e-07
      vertex -12.2781 -9.33546 3
      vertex -12.06 -9.29207 3
    endloop
  endfacet
  facet normal -0.195122 0.980779 0
    outer loop
      vertex -12.2781 -9.33546 3
      vertex -12.06 -9.29207 7.62939e-07
      vertex -12.2781 -9.33546 7.62939e-07
    endloop
  endfacet
  facet normal 0.997872 0.0652086 0
    outer loop
      vertex -14.1855 -7.87189 3
      vertex -14.2 -7.65 7.62939e-07
      vertex -14.2 -7.65 3
    endloop
  endfacet
  facet normal 0.997872 0.0652086 0
    outer loop
      vertex -14.2 -7.65 7.62939e-07
      vertex -14.1855 -7.87189 3
      vertex -14.1855 -7.87189 7.62939e-07
    endloop
  endfacet
  facet normal -0.896789 0.442459 0
    outer loop
      vertex -11.0278 -8.5 7.62939e-07
      vertex -10.9294 -8.30056 3
      vertex -10.9294 -8.30056 7.62939e-07
    endloop
  endfacet
  facet normal -0.896789 0.442459 0
    outer loop
      vertex -10.9294 -8.30056 3
      vertex -11.0278 -8.5 7.62939e-07
      vertex -11.0278 -8.5 3
    endloop
  endfacet
  facet normal 0.0653848 -0.99786 0
    outer loop
      vertex -12.7219 -5.96454 7.62939e-07
      vertex -12.5 -5.95 3
      vertex -12.7219 -5.96454 3
    endloop
  endfacet
  facet normal 0.0653848 -0.99786 0
    outer loop
      vertex -12.5 -5.95 3
      vertex -12.7219 -5.96454 7.62939e-07
      vertex -12.5 -5.95 7.62939e-07
    endloop
  endfacet
  facet normal -0.195122 -0.980779 0
    outer loop
      vertex -12.2781 -5.96454 7.62939e-07
      vertex -12.06 -6.00793 3
      vertex -12.2781 -5.96454 3
    endloop
  endfacet
  facet normal -0.195122 -0.980779 -0
    outer loop
      vertex -12.06 -6.00793 3
      vertex -12.2781 -5.96454 7.62939e-07
      vertex -12.06 -6.00793 7.62939e-07
    endloop
  endfacet
  facet normal 0.659319 -0.751863 0
    outer loop
      vertex -13.7021 -6.44792 7.62939e-07
      vertex -13.5349 -6.3013 3
      vertex -13.7021 -6.44792 3
    endloop
  endfacet
  facet normal 0.659319 -0.751863 0
    outer loop
      vertex -13.5349 -6.3013 3
      vertex -13.7021 -6.44792 7.62939e-07
      vertex -13.5349 -6.3013 7.62939e-07
    endloop
  endfacet
  facet normal -0.555551 -0.831483 0
    outer loop
      vertex -11.65 -6.17776 7.62939e-07
      vertex -11.4651 -6.3013 3
      vertex -11.65 -6.17776 3
    endloop
  endfacet
  facet normal -0.555551 -0.831483 -0
    outer loop
      vertex -11.4651 -6.3013 3
      vertex -11.65 -6.17776 7.62939e-07
      vertex -11.4651 -6.3013 7.62939e-07
    endloop
  endfacet
  facet normal 0.442386 -0.896825 0
    outer loop
      vertex -13.35 -6.17776 7.62939e-07
      vertex -13.1506 -6.0794 3
      vertex -13.35 -6.17776 3
    endloop
  endfacet
  facet normal 0.442386 -0.896825 0
    outer loop
      vertex -13.1506 -6.0794 3
      vertex -13.35 -6.17776 7.62939e-07
      vertex -13.1506 -6.0794 7.62939e-07
    endloop
  endfacet
  facet normal -0.751869 -0.659313 0
    outer loop
      vertex -11.1513 -6.6151 7.62939e-07
      vertex -11.2979 -6.44792 3
      vertex -11.2979 -6.44792 7.62939e-07
    endloop
  endfacet
  facet normal -0.751869 -0.659313 0
    outer loop
      vertex -11.2979 -6.44792 3
      vertex -11.1513 -6.6151 7.62939e-07
      vertex -11.1513 -6.6151 3
    endloop
  endfacet
  facet normal 0.195122 -0.980779 0
    outer loop
      vertex -12.94 -6.00793 7.62939e-07
      vertex -12.7219 -5.96454 3
      vertex -12.94 -6.00793 3
    endloop
  endfacet
  facet normal 0.195122 -0.980779 0
    outer loop
      vertex -12.7219 -5.96454 3
      vertex -12.94 -6.00793 7.62939e-07
      vertex -12.7219 -5.96454 7.62939e-07
    endloop
  endfacet
  facet normal 0.98077 -0.195165 0
    outer loop
      vertex -14.1855 -7.42811 3
      vertex -14.1421 -7.21001 7.62939e-07
      vertex -14.1421 -7.21001 3
    endloop
  endfacet
  facet normal 0.98077 -0.195165 0
    outer loop
      vertex -14.1421 -7.21001 7.62939e-07
      vertex -14.1855 -7.42811 3
      vertex -14.1855 -7.42811 7.62939e-07
    endloop
  endfacet
  facet normal 0.195122 0.980779 -0
    outer loop
      vertex -12.7219 -9.33546 7.62939e-07
      vertex -12.94 -9.29207 3
      vertex -12.7219 -9.33546 3
    endloop
  endfacet
  facet normal 0.195122 0.980779 0
    outer loop
      vertex -12.94 -9.29207 3
      vertex -12.7219 -9.33546 7.62939e-07
      vertex -12.94 -9.29207 7.62939e-07
    endloop
  endfacet
  facet normal 0.442349 0.896843 -0
    outer loop
      vertex -13.1506 -9.22059 7.62939e-07
      vertex -13.35 -9.12224 3
      vertex -13.1506 -9.22059 3
    endloop
  endfacet
  facet normal 0.442349 0.896843 0
    outer loop
      vertex -13.35 -9.12224 3
      vertex -13.1506 -9.22059 7.62939e-07
      vertex -13.35 -9.12224 7.62939e-07
    endloop
  endfacet
  facet normal -0.831552 0.555447 0
    outer loop
      vertex -11.1513 -8.68489 7.62939e-07
      vertex -11.0278 -8.5 3
      vertex -11.0278 -8.5 7.62939e-07
    endloop
  endfacet
  facet normal -0.831552 0.555447 0
    outer loop
      vertex -11.0278 -8.5 3
      vertex -11.1513 -8.68489 7.62939e-07
      vertex -11.1513 -8.68489 3
    endloop
  endfacet
  facet normal -0.555551 0.831483 0
    outer loop
      vertex -11.4651 -8.9987 7.62939e-07
      vertex -11.65 -9.12224 3
      vertex -11.4651 -8.9987 3
    endloop
  endfacet
  facet normal -0.555551 0.831483 0
    outer loop
      vertex -11.65 -9.12224 3
      vertex -11.4651 -8.9987 7.62939e-07
      vertex -11.65 -9.12224 7.62939e-07
    endloop
  endfacet
  facet normal -0.659319 -0.751863 0
    outer loop
      vertex -11.4651 -6.3013 7.62939e-07
      vertex -11.2979 -6.44792 3
      vertex -11.4651 -6.3013 3
    endloop
  endfacet
  facet normal -0.659319 -0.751863 -0
    outer loop
      vertex -11.2979 -6.44792 3
      vertex -11.4651 -6.3013 7.62939e-07
      vertex -11.2979 -6.44792 7.62939e-07
    endloop
  endfacet
  facet normal 0.321403 0.946943 -0
    outer loop
      vertex -12.94 -9.29207 7.62939e-07
      vertex -13.1506 -9.22059 3
      vertex -12.94 -9.29207 3
    endloop
  endfacet
  facet normal 0.321403 0.946943 0
    outer loop
      vertex -13.1506 -9.22059 3
      vertex -12.94 -9.29207 7.62939e-07
      vertex -13.1506 -9.22059 7.62939e-07
    endloop
  endfacet
  facet normal 0.0653848 0.99786 -0
    outer loop
      vertex -12.5 -9.35 7.62939e-07
      vertex -12.7219 -9.33546 3
      vertex -12.5 -9.35 3
    endloop
  endfacet
  facet normal 0.0653848 0.99786 0
    outer loop
      vertex -12.7219 -9.33546 3
      vertex -12.5 -9.35 7.62939e-07
      vertex -12.7219 -9.33546 7.62939e-07
    endloop
  endfacet
  facet normal 0.659319 0.751863 -0
    outer loop
      vertex -13.5349 -8.9987 7.62939e-07
      vertex -13.7021 -8.85208 3
      vertex -13.5349 -8.9987 3
    endloop
  endfacet
  facet normal 0.659319 0.751863 0
    outer loop
      vertex -13.7021 -8.85208 3
      vertex -13.5349 -8.9987 7.62939e-07
      vertex -13.7021 -8.85208 7.62939e-07
    endloop
  endfacet
  facet normal 0.751869 -0.659313 0
    outer loop
      vertex -13.8487 -6.6151 3
      vertex -13.7021 -6.44792 7.62939e-07
      vertex -13.7021 -6.44792 3
    endloop
  endfacet
  facet normal 0.751869 -0.659313 0
    outer loop
      vertex -13.7021 -6.44792 7.62939e-07
      vertex -13.8487 -6.6151 3
      vertex -13.8487 -6.6151 7.62939e-07
    endloop
  endfacet
  facet normal -0.0653848 0.99786 0
    outer loop
      vertex -12.2781 -9.33546 7.62939e-07
      vertex -12.5 -9.35 3
      vertex -12.2781 -9.33546 3
    endloop
  endfacet
  facet normal -0.0653848 0.99786 0
    outer loop
      vertex -12.5 -9.35 3
      vertex -12.2781 -9.33546 7.62939e-07
      vertex -12.5 -9.35 7.62939e-07
    endloop
  endfacet
  facet normal 0.997872 -0.0652086 0
    outer loop
      vertex -14.2 -7.65 3
      vertex -14.1855 -7.42811 7.62939e-07
      vertex -14.1855 -7.42811 3
    endloop
  endfacet
  facet normal 0.997872 -0.0652086 0
    outer loop
      vertex -14.1855 -7.42811 7.62939e-07
      vertex -14.2 -7.65 3
      vertex -14.2 -7.65 7.62939e-07
    endloop
  endfacet
  facet normal 0.946901 -0.321525 0
    outer loop
      vertex -14.1421 -7.21001 3
      vertex -14.0706 -6.99944 7.62939e-07
      vertex -14.0706 -6.99944 3
    endloop
  endfacet
  facet normal 0.946901 -0.321525 0
    outer loop
      vertex -14.0706 -6.99944 7.62939e-07
      vertex -14.1421 -7.21001 3
      vertex -14.1421 -7.21001 7.62939e-07
    endloop
  endfacet
  facet normal 0.555551 0.831483 -0
    outer loop
      vertex -13.35 -9.12224 7.62939e-07
      vertex -13.5349 -8.9987 3
      vertex -13.35 -9.12224 3
    endloop
  endfacet
  facet normal 0.555551 0.831483 0
    outer loop
      vertex -13.5349 -8.9987 3
      vertex -13.35 -9.12224 7.62939e-07
      vertex -13.5349 -8.9987 7.62939e-07
    endloop
  endfacet
  facet normal -0.659319 0.751863 0
    outer loop
      vertex -11.2979 -8.85208 7.62939e-07
      vertex -11.4651 -8.9987 3
      vertex -11.2979 -8.85208 3
    endloop
  endfacet
  facet normal -0.659319 0.751863 0
    outer loop
      vertex -11.4651 -8.9987 3
      vertex -11.2979 -8.85208 7.62939e-07
      vertex -11.4651 -8.9987 7.62939e-07
    endloop
  endfacet
  facet normal 0.98077 0.195165 0
    outer loop
      vertex -14.1421 -8.08999 3
      vertex -14.1855 -7.87189 7.62939e-07
      vertex -14.1855 -7.87189 3
    endloop
  endfacet
  facet normal 0.98077 0.195165 0
    outer loop
      vertex -14.1855 -7.87189 7.62939e-07
      vertex -14.1421 -8.08999 3
      vertex -14.1421 -8.08999 7.62939e-07
    endloop
  endfacet
  facet normal -0.321484 0.946915 0
    outer loop
      vertex -11.8494 17.0794 7.62939e-07
      vertex -12.06 17.0079 3
      vertex -11.8494 17.0794 3
    endloop
  endfacet
  facet normal -0.321484 0.946915 0
    outer loop
      vertex -12.06 17.0079 3
      vertex -11.8494 17.0794 7.62939e-07
      vertex -12.06 17.0079 7.62939e-07
    endloop
  endfacet
  facet normal -0.44253 -0.896754 0
    outer loop
      vertex -11.8494 20.2206 7.62939e-07
      vertex -11.65 20.1222 3
      vertex -11.8494 20.2206 3
    endloop
  endfacet
  facet normal -0.44253 -0.896754 -0
    outer loop
      vertex -11.65 20.1222 3
      vertex -11.8494 20.2206 7.62939e-07
      vertex -11.65 20.1222 7.62939e-07
    endloop
  endfacet
  facet normal -0.831566 -0.555426 0
    outer loop
      vertex -11.0278 19.5 7.62939e-07
      vertex -11.1513 19.6849 3
      vertex -11.1513 19.6849 7.62939e-07
    endloop
  endfacet
  facet normal -0.831566 -0.555426 0
    outer loop
      vertex -11.1513 19.6849 3
      vertex -11.0278 19.5 7.62939e-07
      vertex -11.0278 19.5 3
    endloop
  endfacet
  facet normal 0.555426 -0.831566 0
    outer loop
      vertex -13.5349 19.9987 7.62939e-07
      vertex -13.35 20.1222 3
      vertex -13.5349 19.9987 3
    endloop
  endfacet
  facet normal 0.555426 -0.831566 0
    outer loop
      vertex -13.35 20.1222 3
      vertex -13.5349 19.9987 7.62939e-07
      vertex -13.35 20.1222 7.62939e-07
    endloop
  endfacet
  facet normal 0.997872 -0.0652057 0
    outer loop
      vertex -14.2 18.65 3
      vertex -14.1855 18.8719 7.62939e-07
      vertex -14.1855 18.8719 3
    endloop
  endfacet
  facet normal 0.997872 -0.0652057 0
    outer loop
      vertex -14.1855 18.8719 7.62939e-07
      vertex -14.2 18.65 3
      vertex -14.2 18.65 7.62939e-07
    endloop
  endfacet
  facet normal -0.997872 -0.0652057 0
    outer loop
      vertex -10.8 18.65 7.62939e-07
      vertex -10.8145 18.8719 3
      vertex -10.8145 18.8719 7.62939e-07
    endloop
  endfacet
  facet normal -0.997872 -0.0652057 0
    outer loop
      vertex -10.8145 18.8719 3
      vertex -10.8 18.65 7.62939e-07
      vertex -10.8 18.65 3
    endloop
  endfacet
  facet normal 0.946915 0.321484 0
    outer loop
      vertex -14.0706 17.9994 3
      vertex -14.1421 18.21 7.62939e-07
      vertex -14.1421 18.21 3
    endloop
  endfacet
  facet normal 0.946915 0.321484 0
    outer loop
      vertex -14.1421 18.21 7.62939e-07
      vertex -14.0706 17.9994 3
      vertex -14.0706 17.9994 7.62939e-07
    endloop
  endfacet
  facet normal -0.751908 0.659268 0
    outer loop
      vertex -11.2979 17.4479 7.62939e-07
      vertex -11.1513 17.6151 3
      vertex -11.1513 17.6151 7.62939e-07
    endloop
  endfacet
  facet normal -0.751908 0.659268 0
    outer loop
      vertex -11.1513 17.6151 3
      vertex -11.2979 17.4479 7.62939e-07
      vertex -11.2979 17.4479 3
    endloop
  endfacet
  facet normal -0.44253 0.896754 0
    outer loop
      vertex -11.65 17.1778 7.62939e-07
      vertex -11.8494 17.0794 3
      vertex -11.65 17.1778 3
    endloop
  endfacet
  facet normal -0.44253 0.896754 0
    outer loop
      vertex -11.8494 17.0794 3
      vertex -11.65 17.1778 7.62939e-07
      vertex -11.8494 17.0794 7.62939e-07
    endloop
  endfacet
  facet normal -0.659268 -0.751908 0
    outer loop
      vertex -11.4651 19.9987 7.62939e-07
      vertex -11.2979 19.8521 3
      vertex -11.4651 19.9987 3
    endloop
  endfacet
  facet normal -0.659268 -0.751908 -0
    outer loop
      vertex -11.2979 19.8521 3
      vertex -11.4651 19.9987 7.62939e-07
      vertex -11.2979 19.8521 7.62939e-07
    endloop
  endfacet
  facet normal -0.896754 -0.44253 0
    outer loop
      vertex -10.9294 19.3006 7.62939e-07
      vertex -11.0278 19.5 3
      vertex -11.0278 19.5 7.62939e-07
    endloop
  endfacet
  facet normal -0.896754 -0.44253 0
    outer loop
      vertex -11.0278 19.5 3
      vertex -10.9294 19.3006 7.62939e-07
      vertex -10.9294 19.3006 3
    endloop
  endfacet
  facet normal -0.98077 -0.195165 0
    outer loop
      vertex -10.8145 18.8719 7.62939e-07
      vertex -10.8579 19.09 3
      vertex -10.8579 19.09 7.62939e-07
    endloop
  endfacet
  facet normal -0.98077 -0.195165 0
    outer loop
      vertex -10.8579 19.09 3
      vertex -10.8145 18.8719 7.62939e-07
      vertex -10.8145 18.8719 3
    endloop
  endfacet
  facet normal 0.0652057 -0.997872 0
    outer loop
      vertex -12.7219 20.3355 7.62939e-07
      vertex -12.5 20.35 3
      vertex -12.7219 20.3355 3
    endloop
  endfacet
  facet normal 0.0652057 -0.997872 0
    outer loop
      vertex -12.5 20.35 3
      vertex -12.7219 20.3355 7.62939e-07
      vertex -12.5 20.35 7.62939e-07
    endloop
  endfacet
  facet normal 0.896754 -0.44253 0
    outer loop
      vertex -14.0706 19.3006 3
      vertex -13.9722 19.5 7.62939e-07
      vertex -13.9722 19.5 3
    endloop
  endfacet
  facet normal 0.896754 -0.44253 0
    outer loop
      vertex -13.9722 19.5 7.62939e-07
      vertex -14.0706 19.3006 3
      vertex -14.0706 19.3006 7.62939e-07
    endloop
  endfacet
  facet normal 0.98077 -0.195165 0
    outer loop
      vertex -14.1855 18.8719 3
      vertex -14.1421 19.09 7.62939e-07
      vertex -14.1421 19.09 3
    endloop
  endfacet
  facet normal 0.98077 -0.195165 0
    outer loop
      vertex -14.1421 19.09 7.62939e-07
      vertex -14.1855 18.8719 3
      vertex -14.1855 18.8719 7.62939e-07
    endloop
  endfacet
  facet normal 0.98077 0.195165 0
    outer loop
      vertex -14.1421 18.21 3
      vertex -14.1855 18.4281 7.62939e-07
      vertex -14.1855 18.4281 3
    endloop
  endfacet
  facet normal 0.98077 0.195165 0
    outer loop
      vertex -14.1855 18.4281 7.62939e-07
      vertex -14.1421 18.21 3
      vertex -14.1421 18.21 7.62939e-07
    endloop
  endfacet
  facet normal -0.0652057 -0.997872 0
    outer loop
      vertex -12.5 20.35 7.62939e-07
      vertex -12.2781 20.3355 3
      vertex -12.5 20.35 3
    endloop
  endfacet
  facet normal -0.0652057 -0.997872 -0
    outer loop
      vertex -12.2781 20.3355 3
      vertex -12.5 20.35 7.62939e-07
      vertex -12.2781 20.3355 7.62939e-07
    endloop
  endfacet
  facet normal 0.321484 0.946915 -0
    outer loop
      vertex -12.94 17.0079 7.62939e-07
      vertex -13.1506 17.0794 3
      vertex -12.94 17.0079 3
    endloop
  endfacet
  facet normal 0.321484 0.946915 0
    outer loop
      vertex -13.1506 17.0794 3
      vertex -12.94 17.0079 7.62939e-07
      vertex -13.1506 17.0794 7.62939e-07
    endloop
  endfacet
  facet normal -0.896754 0.44253 0
    outer loop
      vertex -11.0278 17.8 7.62939e-07
      vertex -10.9294 17.9994 3
      vertex -10.9294 17.9994 7.62939e-07
    endloop
  endfacet
  facet normal -0.896754 0.44253 0
    outer loop
      vertex -10.9294 17.9994 3
      vertex -11.0278 17.8 7.62939e-07
      vertex -11.0278 17.8 3
    endloop
  endfacet
  facet normal 0.751908 0.659268 0
    outer loop
      vertex -13.7021 17.4479 3
      vertex -13.8487 17.6151 7.62939e-07
      vertex -13.8487 17.6151 3
    endloop
  endfacet
  facet normal 0.751908 0.659268 0
    outer loop
      vertex -13.8487 17.6151 7.62939e-07
      vertex -13.7021 17.4479 3
      vertex -13.7021 17.4479 7.62939e-07
    endloop
  endfacet
  facet normal -0.946915 0.321484 0
    outer loop
      vertex -10.9294 17.9994 7.62939e-07
      vertex -10.8579 18.21 3
      vertex -10.8579 18.21 7.62939e-07
    endloop
  endfacet
  facet normal -0.946915 0.321484 0
    outer loop
      vertex -10.8579 18.21 3
      vertex -10.9294 17.9994 7.62939e-07
      vertex -10.9294 17.9994 3
    endloop
  endfacet
  facet normal -0.195165 0.98077 0
    outer loop
      vertex -12.06 17.0079 7.62939e-07
      vertex -12.2781 16.9645 3
      vertex -12.06 17.0079 3
    endloop
  endfacet
  facet normal -0.195165 0.98077 0
    outer loop
      vertex -12.2781 16.9645 3
      vertex -12.06 17.0079 7.62939e-07
      vertex -12.2781 16.9645 7.62939e-07
    endloop
  endfacet
  facet normal 0.831566 0.555426 0
    outer loop
      vertex -13.8487 17.6151 3
      vertex -13.9722 17.8 7.62939e-07
      vertex -13.9722 17.8 3
    endloop
  endfacet
  facet normal 0.831566 0.555426 0
    outer loop
      vertex -13.9722 17.8 7.62939e-07
      vertex -13.8487 17.6151 3
      vertex -13.8487 17.6151 7.62939e-07
    endloop
  endfacet
  facet normal 0.321484 -0.946915 0
    outer loop
      vertex -13.1506 20.2206 7.62939e-07
      vertex -12.94 20.2921 3
      vertex -13.1506 20.2206 3
    endloop
  endfacet
  facet normal 0.321484 -0.946915 0
    outer loop
      vertex -12.94 20.2921 3
      vertex -13.1506 20.2206 7.62939e-07
      vertex -12.94 20.2921 7.62939e-07
    endloop
  endfacet
  facet normal 0.946915 -0.321484 0
    outer loop
      vertex -14.1421 19.09 3
      vertex -14.0706 19.3006 7.62939e-07
      vertex -14.0706 19.3006 3
    endloop
  endfacet
  facet normal 0.946915 -0.321484 0
    outer loop
      vertex -14.0706 19.3006 7.62939e-07
      vertex -14.1421 19.09 3
      vertex -14.1421 19.09 7.62939e-07
    endloop
  endfacet
  facet normal -0.98077 0.195165 0
    outer loop
      vertex -10.8579 18.21 7.62939e-07
      vertex -10.8145 18.4281 3
      vertex -10.8145 18.4281 7.62939e-07
    endloop
  endfacet
  facet normal -0.98077 0.195165 0
    outer loop
      vertex -10.8145 18.4281 3
      vertex -10.8579 18.21 7.62939e-07
      vertex -10.8579 18.21 3
    endloop
  endfacet
  facet normal -0.831566 0.555426 0
    outer loop
      vertex -11.1513 17.6151 7.62939e-07
      vertex -11.0278 17.8 3
      vertex -11.0278 17.8 7.62939e-07
    endloop
  endfacet
  facet normal -0.831566 0.555426 0
    outer loop
      vertex -11.0278 17.8 3
      vertex -11.1513 17.6151 7.62939e-07
      vertex -11.1513 17.6151 3
    endloop
  endfacet
  facet normal 0.195165 -0.98077 0
    outer loop
      vertex -12.94 20.2921 7.62939e-07
      vertex -12.7219 20.3355 3
      vertex -12.94 20.2921 3
    endloop
  endfacet
  facet normal 0.195165 -0.98077 0
    outer loop
      vertex -12.7219 20.3355 3
      vertex -12.94 20.2921 7.62939e-07
      vertex -12.7219 20.3355 7.62939e-07
    endloop
  endfacet
  facet normal -0.555426 -0.831566 0
    outer loop
      vertex -11.65 20.1222 7.62939e-07
      vertex -11.4651 19.9987 3
      vertex -11.65 20.1222 3
    endloop
  endfacet
  facet normal -0.555426 -0.831566 -0
    outer loop
      vertex -11.4651 19.9987 3
      vertex -11.65 20.1222 7.62939e-07
      vertex -11.4651 19.9987 7.62939e-07
    endloop
  endfacet
  facet normal 0.751908 -0.659268 0
    outer loop
      vertex -13.8487 19.6849 3
      vertex -13.7021 19.8521 7.62939e-07
      vertex -13.7021 19.8521 3
    endloop
  endfacet
  facet normal 0.751908 -0.659268 0
    outer loop
      vertex -13.7021 19.8521 7.62939e-07
      vertex -13.8487 19.6849 3
      vertex -13.8487 19.6849 7.62939e-07
    endloop
  endfacet
  facet normal -0.0652057 0.997872 0
    outer loop
      vertex -12.2781 16.9645 7.62939e-07
      vertex -12.5 16.95 3
      vertex -12.2781 16.9645 3
    endloop
  endfacet
  facet normal -0.0652057 0.997872 0
    outer loop
      vertex -12.5 16.95 3
      vertex -12.2781 16.9645 7.62939e-07
      vertex -12.5 16.95 7.62939e-07
    endloop
  endfacet
  facet normal -0.997872 0.0652057 0
    outer loop
      vertex -10.8145 18.4281 7.62939e-07
      vertex -10.8 18.65 3
      vertex -10.8 18.65 7.62939e-07
    endloop
  endfacet
  facet normal -0.997872 0.0652057 0
    outer loop
      vertex -10.8 18.65 3
      vertex -10.8145 18.4281 7.62939e-07
      vertex -10.8145 18.4281 3
    endloop
  endfacet
  facet normal 0.555426 0.831566 -0
    outer loop
      vertex -13.35 17.1778 7.62939e-07
      vertex -13.5349 17.3013 3
      vertex -13.35 17.1778 3
    endloop
  endfacet
  facet normal 0.555426 0.831566 0
    outer loop
      vertex -13.5349 17.3013 3
      vertex -13.35 17.1778 7.62939e-07
      vertex -13.5349 17.3013 7.62939e-07
    endloop
  endfacet
  facet normal -0.946915 -0.321484 0
    outer loop
      vertex -10.8579 19.09 7.62939e-07
      vertex -10.9294 19.3006 3
      vertex -10.9294 19.3006 7.62939e-07
    endloop
  endfacet
  facet normal -0.946915 -0.321484 0
    outer loop
      vertex -10.9294 19.3006 3
      vertex -10.8579 19.09 7.62939e-07
      vertex -10.8579 19.09 3
    endloop
  endfacet
  facet normal 0.44253 -0.896754 0
    outer loop
      vertex -13.35 20.1222 7.62939e-07
      vertex -13.1506 20.2206 3
      vertex -13.35 20.1222 3
    endloop
  endfacet
  facet normal 0.44253 -0.896754 0
    outer loop
      vertex -13.1506 20.2206 3
      vertex -13.35 20.1222 7.62939e-07
      vertex -13.1506 20.2206 7.62939e-07
    endloop
  endfacet
  facet normal 0.0652057 0.997872 -0
    outer loop
      vertex -12.5 16.95 7.62939e-07
      vertex -12.7219 16.9645 3
      vertex -12.5 16.95 3
    endloop
  endfacet
  facet normal 0.0652057 0.997872 0
    outer loop
      vertex -12.7219 16.9645 3
      vertex -12.5 16.95 7.62939e-07
      vertex -12.7219 16.9645 7.62939e-07
    endloop
  endfacet
  facet normal 0.659268 0.751908 -0
    outer loop
      vertex -13.5349 17.3013 7.62939e-07
      vertex -13.7021 17.4479 3
      vertex -13.5349 17.3013 3
    endloop
  endfacet
  facet normal 0.659268 0.751908 0
    outer loop
      vertex -13.7021 17.4479 3
      vertex -13.5349 17.3013 7.62939e-07
      vertex -13.7021 17.4479 7.62939e-07
    endloop
  endfacet
  facet normal -0.659268 0.751908 0
    outer loop
      vertex -11.2979 17.4479 7.62939e-07
      vertex -11.4651 17.3013 3
      vertex -11.2979 17.4479 3
    endloop
  endfacet
  facet normal -0.659268 0.751908 0
    outer loop
      vertex -11.4651 17.3013 3
      vertex -11.2979 17.4479 7.62939e-07
      vertex -11.4651 17.3013 7.62939e-07
    endloop
  endfacet
  facet normal -0.195165 -0.98077 0
    outer loop
      vertex -12.2781 20.3355 7.62939e-07
      vertex -12.06 20.2921 3
      vertex -12.2781 20.3355 3
    endloop
  endfacet
  facet normal -0.195165 -0.98077 -0
    outer loop
      vertex -12.06 20.2921 3
      vertex -12.2781 20.3355 7.62939e-07
      vertex -12.06 20.2921 7.62939e-07
    endloop
  endfacet
  facet normal -0.321484 -0.946915 0
    outer loop
      vertex -12.06 20.2921 7.62939e-07
      vertex -11.8494 20.2206 3
      vertex -12.06 20.2921 3
    endloop
  endfacet
  facet normal -0.321484 -0.946915 -0
    outer loop
      vertex -11.8494 20.2206 3
      vertex -12.06 20.2921 7.62939e-07
      vertex -11.8494 20.2206 7.62939e-07
    endloop
  endfacet
  facet normal 0.44253 0.896754 -0
    outer loop
      vertex -13.1506 17.0794 7.62939e-07
      vertex -13.35 17.1778 3
      vertex -13.1506 17.0794 3
    endloop
  endfacet
  facet normal 0.44253 0.896754 0
    outer loop
      vertex -13.35 17.1778 3
      vertex -13.1506 17.0794 7.62939e-07
      vertex -13.35 17.1778 7.62939e-07
    endloop
  endfacet
  facet normal 0.659268 -0.751908 0
    outer loop
      vertex -13.7021 19.8521 7.62939e-07
      vertex -13.5349 19.9987 3
      vertex -13.7021 19.8521 3
    endloop
  endfacet
  facet normal 0.659268 -0.751908 0
    outer loop
      vertex -13.5349 19.9987 3
      vertex -13.7021 19.8521 7.62939e-07
      vertex -13.5349 19.9987 7.62939e-07
    endloop
  endfacet
  facet normal 0.997872 0.0652057 0
    outer loop
      vertex -14.1855 18.4281 3
      vertex -14.2 18.65 7.62939e-07
      vertex -14.2 18.65 3
    endloop
  endfacet
  facet normal 0.997872 0.0652057 0
    outer loop
      vertex -14.2 18.65 7.62939e-07
      vertex -14.1855 18.4281 3
      vertex -14.1855 18.4281 7.62939e-07
    endloop
  endfacet
  facet normal -0.555426 0.831566 0
    outer loop
      vertex -11.4651 17.3013 7.62939e-07
      vertex -11.65 17.1778 3
      vertex -11.4651 17.3013 3
    endloop
  endfacet
  facet normal -0.555426 0.831566 0
    outer loop
      vertex -11.65 17.1778 3
      vertex -11.4651 17.3013 7.62939e-07
      vertex -11.65 17.1778 7.62939e-07
    endloop
  endfacet
  facet normal -0.751908 -0.659268 0
    outer loop
      vertex -11.1513 19.6849 7.62939e-07
      vertex -11.2979 19.8521 3
      vertex -11.2979 19.8521 7.62939e-07
    endloop
  endfacet
  facet normal -0.751908 -0.659268 0
    outer loop
      vertex -11.2979 19.8521 3
      vertex -11.1513 19.6849 7.62939e-07
      vertex -11.1513 19.6849 3
    endloop
  endfacet
  facet normal 0.831566 -0.555426 0
    outer loop
      vertex -13.9722 19.5 3
      vertex -13.8487 19.6849 7.62939e-07
      vertex -13.8487 19.6849 3
    endloop
  endfacet
  facet normal 0.831566 -0.555426 0
    outer loop
      vertex -13.8487 19.6849 7.62939e-07
      vertex -13.9722 19.5 3
      vertex -13.9722 19.5 7.62939e-07
    endloop
  endfacet
  facet normal 0.896754 0.44253 0
    outer loop
      vertex -13.9722 17.8 3
      vertex -14.0706 17.9994 7.62939e-07
      vertex -14.0706 17.9994 3
    endloop
  endfacet
  facet normal 0.896754 0.44253 0
    outer loop
      vertex -14.0706 17.9994 7.62939e-07
      vertex -13.9722 17.8 3
      vertex -13.9722 17.8 7.62939e-07
    endloop
  endfacet
  facet normal 0.195165 0.98077 -0
    outer loop
      vertex -12.7219 16.9645 7.62939e-07
      vertex -12.94 17.0079 3
      vertex -12.7219 16.9645 3
    endloop
  endfacet
  facet normal 0.195165 0.98077 0
    outer loop
      vertex -12.94 17.0079 3
      vertex -12.7219 16.9645 7.62939e-07
      vertex -12.94 17.0079 7.62939e-07
    endloop
  endfacet
  facet normal 0.98077 -0.195165 0
    outer loop
      vertex 10.8145 -7.42811 3
      vertex 10.8579 -7.21001 7.62939e-07
      vertex 10.8579 -7.21001 3
    endloop
  endfacet
  facet normal 0.98077 -0.195165 0
    outer loop
      vertex 10.8579 -7.21001 7.62939e-07
      vertex 10.8145 -7.42811 3
      vertex 10.8145 -7.42811 7.62939e-07
    endloop
  endfacet
  facet normal -0.0653848 -0.99786 0
    outer loop
      vertex 12.5 -5.95 7.62939e-07
      vertex 12.7219 -5.96454 3
      vertex 12.5 -5.95 3
    endloop
  endfacet
  facet normal -0.0653848 -0.99786 -0
    outer loop
      vertex 12.7219 -5.96454 3
      vertex 12.5 -5.95 7.62939e-07
      vertex 12.7219 -5.96454 7.62939e-07
    endloop
  endfacet
  facet normal -0.195122 0.980779 0
    outer loop
      vertex 12.94 -9.29207 7.62939e-07
      vertex 12.7219 -9.33546 3
      vertex 12.94 -9.29207 3
    endloop
  endfacet
  facet normal -0.195122 0.980779 0
    outer loop
      vertex 12.7219 -9.33546 3
      vertex 12.94 -9.29207 7.62939e-07
      vertex 12.7219 -9.33546 7.62939e-07
    endloop
  endfacet
  facet normal -0.555551 0.831483 0
    outer loop
      vertex 13.5349 -8.9987 7.62939e-07
      vertex 13.35 -9.12224 3
      vertex 13.5349 -8.9987 3
    endloop
  endfacet
  facet normal -0.555551 0.831483 0
    outer loop
      vertex 13.35 -9.12224 3
      vertex 13.5349 -8.9987 7.62939e-07
      vertex 13.35 -9.12224 7.62939e-07
    endloop
  endfacet
  facet normal 0.831566 -0.555426 0
    outer loop
      vertex 11.0278 -6.8 3
      vertex 11.1513 -6.6151 7.62939e-07
      vertex 11.1513 -6.6151 3
    endloop
  endfacet
  facet normal 0.831566 -0.555426 0
    outer loop
      vertex 11.1513 -6.6151 7.62939e-07
      vertex 11.0278 -6.8 3
      vertex 11.0278 -6.8 7.62939e-07
    endloop
  endfacet
  facet normal -0.751888 0.659291 0
    outer loop
      vertex 13.7021 -8.85208 7.62939e-07
      vertex 13.8487 -8.68489 3
      vertex 13.8487 -8.68489 7.62939e-07
    endloop
  endfacet
  facet normal -0.751888 0.659291 0
    outer loop
      vertex 13.8487 -8.68489 3
      vertex 13.7021 -8.85208 7.62939e-07
      vertex 13.7021 -8.85208 3
    endloop
  endfacet
  facet normal 0.659319 0.751863 -0
    outer loop
      vertex 11.4651 -8.9987 7.62939e-07
      vertex 11.2979 -8.85208 3
      vertex 11.4651 -8.9987 3
    endloop
  endfacet
  facet normal 0.659319 0.751863 0
    outer loop
      vertex 11.2979 -8.85208 3
      vertex 11.4651 -8.9987 7.62939e-07
      vertex 11.2979 -8.85208 7.62939e-07
    endloop
  endfacet
  facet normal 0.997872 0.0652086 0
    outer loop
      vertex 10.8145 -7.87189 3
      vertex 10.8 -7.65 7.62939e-07
      vertex 10.8 -7.65 3
    endloop
  endfacet
  facet normal 0.997872 0.0652086 0
    outer loop
      vertex 10.8 -7.65 7.62939e-07
      vertex 10.8145 -7.87189 3
      vertex 10.8145 -7.87189 7.62939e-07
    endloop
  endfacet
  facet normal -0.997872 -0.0652086 0
    outer loop
      vertex 14.2 -7.65 7.62939e-07
      vertex 14.1855 -7.42811 3
      vertex 14.1855 -7.42811 7.62939e-07
    endloop
  endfacet
  facet normal -0.997872 -0.0652086 0
    outer loop
      vertex 14.1855 -7.42811 3
      vertex 14.2 -7.65 7.62939e-07
      vertex 14.2 -7.65 3
    endloop
  endfacet
  facet normal 0.321363 -0.946956 0
    outer loop
      vertex 11.8494 -6.0794 7.62939e-07
      vertex 12.06 -6.00793 3
      vertex 11.8494 -6.0794 3
    endloop
  endfacet
  facet normal 0.321363 -0.946956 0
    outer loop
      vertex 12.06 -6.00793 3
      vertex 11.8494 -6.0794 7.62939e-07
      vertex 12.06 -6.00793 7.62939e-07
    endloop
  endfacet
  facet normal -0.0653848 0.99786 0
    outer loop
      vertex 12.7219 -9.33546 7.62939e-07
      vertex 12.5 -9.35 3
      vertex 12.7219 -9.33546 3
    endloop
  endfacet
  facet normal -0.0653848 0.99786 0
    outer loop
      vertex 12.5 -9.35 3
      vertex 12.7219 -9.33546 7.62939e-07
      vertex 12.5 -9.35 7.62939e-07
    endloop
  endfacet
  facet normal 0.997872 -0.0652086 0
    outer loop
      vertex 10.8 -7.65 3
      vertex 10.8145 -7.42811 7.62939e-07
      vertex 10.8145 -7.42811 3
    endloop
  endfacet
  facet normal 0.997872 -0.0652086 0
    outer loop
      vertex 10.8145 -7.42811 7.62939e-07
      vertex 10.8 -7.65 3
      vertex 10.8 -7.65 7.62939e-07
    endloop
  endfacet
  facet normal 0.896789 -0.442459 0
    outer loop
      vertex 10.9294 -6.99944 3
      vertex 11.0278 -6.8 7.62939e-07
      vertex 11.0278 -6.8 3
    endloop
  endfacet
  facet normal 0.896789 -0.442459 0
    outer loop
      vertex 11.0278 -6.8 7.62939e-07
      vertex 10.9294 -6.99944 3
      vertex 10.9294 -6.99944 7.62939e-07
    endloop
  endfacet
  facet normal -0.831552 0.555447 0
    outer loop
      vertex 13.8487 -8.68489 7.62939e-07
      vertex 13.9722 -8.5 3
      vertex 13.9722 -8.5 7.62939e-07
    endloop
  endfacet
  facet normal -0.831552 0.555447 0
    outer loop
      vertex 13.9722 -8.5 3
      vertex 13.8487 -8.68489 7.62939e-07
      vertex 13.8487 -8.68489 3
    endloop
  endfacet
  facet normal -0.442386 -0.896825 0
    outer loop
      vertex 13.1506 -6.0794 7.62939e-07
      vertex 13.35 -6.17776 3
      vertex 13.1506 -6.0794 3
    endloop
  endfacet
  facet normal -0.442386 -0.896825 -0
    outer loop
      vertex 13.35 -6.17776 3
      vertex 13.1506 -6.0794 7.62939e-07
      vertex 13.35 -6.17776 7.62939e-07
    endloop
  endfacet
  facet normal 0.195122 -0.980779 0
    outer loop
      vertex 12.06 -6.00793 7.62939e-07
      vertex 12.2781 -5.96454 3
      vertex 12.06 -6.00793 3
    endloop
  endfacet
  facet normal 0.195122 -0.980779 0
    outer loop
      vertex 12.2781 -5.96454 3
      vertex 12.06 -6.00793 7.62939e-07
      vertex 12.2781 -5.96454 7.62939e-07
    endloop
  endfacet
  facet normal -0.98077 -0.195165 0
    outer loop
      vertex 14.1855 -7.42811 7.62939e-07
      vertex 14.1421 -7.21001 3
      vertex 14.1421 -7.21001 7.62939e-07
    endloop
  endfacet
  facet normal -0.98077 -0.195165 0
    outer loop
      vertex 14.1421 -7.21001 3
      vertex 14.1855 -7.42811 7.62939e-07
      vertex 14.1855 -7.42811 3
    endloop
  endfacet
  facet normal -0.997872 0.0652086 0
    outer loop
      vertex 14.1855 -7.87189 7.62939e-07
      vertex 14.2 -7.65 3
      vertex 14.2 -7.65 7.62939e-07
    endloop
  endfacet
  facet normal -0.997872 0.0652086 0
    outer loop
      vertex 14.2 -7.65 3
      vertex 14.1855 -7.87189 7.62939e-07
      vertex 14.1855 -7.87189 3
    endloop
  endfacet
  facet normal 0.659319 -0.751863 0
    outer loop
      vertex 11.2979 -6.44792 7.62939e-07
      vertex 11.4651 -6.3013 3
      vertex 11.2979 -6.44792 3
    endloop
  endfacet
  facet normal 0.659319 -0.751863 0
    outer loop
      vertex 11.4651 -6.3013 3
      vertex 11.2979 -6.44792 7.62939e-07
      vertex 11.4651 -6.3013 7.62939e-07
    endloop
  endfacet
  facet normal -0.659319 -0.751863 0
    outer loop
      vertex 13.5349 -6.3013 7.62939e-07
      vertex 13.7021 -6.44792 3
      vertex 13.5349 -6.3013 3
    endloop
  endfacet
  facet normal -0.659319 -0.751863 -0
    outer loop
      vertex 13.7021 -6.44792 3
      vertex 13.5349 -6.3013 7.62939e-07
      vertex 13.7021 -6.44792 7.62939e-07
    endloop
  endfacet
  facet normal -0.946901 -0.321525 0
    outer loop
      vertex 14.1421 -7.21001 7.62939e-07
      vertex 14.0706 -6.99944 3
      vertex 14.0706 -6.99944 7.62939e-07
    endloop
  endfacet
  facet normal -0.946901 -0.321525 0
    outer loop
      vertex 14.0706 -6.99944 3
      vertex 14.1421 -7.21001 7.62939e-07
      vertex 14.1421 -7.21001 3
    endloop
  endfacet
  facet normal -0.946901 0.321525 0
    outer loop
      vertex 14.0706 -8.30056 7.62939e-07
      vertex 14.1421 -8.08999 3
      vertex 14.1421 -8.08999 7.62939e-07
    endloop
  endfacet
  facet normal -0.946901 0.321525 0
    outer loop
      vertex 14.1421 -8.08999 3
      vertex 14.0706 -8.30056 7.62939e-07
      vertex 14.0706 -8.30056 3
    endloop
  endfacet
  facet normal 0.321403 0.946943 -0
    outer loop
      vertex 12.06 -9.29207 7.62939e-07
      vertex 11.8494 -9.22059 3
      vertex 12.06 -9.29207 3
    endloop
  endfacet
  facet normal 0.321403 0.946943 0
    outer loop
      vertex 11.8494 -9.22059 3
      vertex 12.06 -9.29207 7.62939e-07
      vertex 11.8494 -9.22059 7.62939e-07
    endloop
  endfacet
  facet normal -0.831566 -0.555426 0
    outer loop
      vertex 13.9722 -6.8 7.62939e-07
      vertex 13.8487 -6.6151 3
      vertex 13.8487 -6.6151 7.62939e-07
    endloop
  endfacet
  facet normal -0.831566 -0.555426 0
    outer loop
      vertex 13.8487 -6.6151 3
      vertex 13.9722 -6.8 7.62939e-07
      vertex 13.9722 -6.8 3
    endloop
  endfacet
  facet normal -0.896789 0.442459 0
    outer loop
      vertex 13.9722 -8.5 7.62939e-07
      vertex 14.0706 -8.30056 3
      vertex 14.0706 -8.30056 7.62939e-07
    endloop
  endfacet
  facet normal -0.896789 0.442459 0
    outer loop
      vertex 14.0706 -8.30056 3
      vertex 13.9722 -8.5 7.62939e-07
      vertex 13.9722 -8.5 3
    endloop
  endfacet
  facet normal -0.321363 -0.946956 0
    outer loop
      vertex 12.94 -6.00793 7.62939e-07
      vertex 13.1506 -6.0794 3
      vertex 12.94 -6.00793 3
    endloop
  endfacet
  facet normal -0.321363 -0.946956 -0
    outer loop
      vertex 13.1506 -6.0794 3
      vertex 12.94 -6.00793 7.62939e-07
      vertex 13.1506 -6.0794 7.62939e-07
    endloop
  endfacet
  facet normal 0.831552 0.555447 0
    outer loop
      vertex 11.1513 -8.68489 3
      vertex 11.0278 -8.5 7.62939e-07
      vertex 11.0278 -8.5 3
    endloop
  endfacet
  facet normal 0.831552 0.555447 0
    outer loop
      vertex 11.0278 -8.5 7.62939e-07
      vertex 11.1513 -8.68489 3
      vertex 11.1513 -8.68489 7.62939e-07
    endloop
  endfacet
  facet normal 0.442349 0.896843 -0
    outer loop
      vertex 11.8494 -9.22059 7.62939e-07
      vertex 11.65 -9.12224 3
      vertex 11.8494 -9.22059 3
    endloop
  endfacet
  facet normal 0.442349 0.896843 0
    outer loop
      vertex 11.65 -9.12224 3
      vertex 11.8494 -9.22059 7.62939e-07
      vertex 11.65 -9.12224 7.62939e-07
    endloop
  endfacet
  facet normal -0.751869 -0.659313 0
    outer loop
      vertex 13.8487 -6.6151 7.62939e-07
      vertex 13.7021 -6.44792 3
      vertex 13.7021 -6.44792 7.62939e-07
    endloop
  endfacet
  facet normal -0.751869 -0.659313 0
    outer loop
      vertex 13.7021 -6.44792 3
      vertex 13.8487 -6.6151 7.62939e-07
      vertex 13.8487 -6.6151 3
    endloop
  endfacet
  facet normal 0.555551 -0.831483 0
    outer loop
      vertex 11.4651 -6.3013 7.62939e-07
      vertex 11.65 -6.17776 3
      vertex 11.4651 -6.3013 3
    endloop
  endfacet
  facet normal 0.555551 -0.831483 0
    outer loop
      vertex 11.65 -6.17776 3
      vertex 11.4651 -6.3013 7.62939e-07
      vertex 11.65 -6.17776 7.62939e-07
    endloop
  endfacet
  facet normal 0.0653848 0.99786 -0
    outer loop
      vertex 12.5 -9.35 7.62939e-07
      vertex 12.2781 -9.33546 3
      vertex 12.5 -9.35 3
    endloop
  endfacet
  facet normal 0.0653848 0.99786 0
    outer loop
      vertex 12.2781 -9.33546 3
      vertex 12.5 -9.35 7.62939e-07
      vertex 12.2781 -9.33546 7.62939e-07
    endloop
  endfacet
  facet normal -0.442349 0.896843 0
    outer loop
      vertex 13.35 -9.12224 7.62939e-07
      vertex 13.1506 -9.22059 3
      vertex 13.35 -9.12224 3
    endloop
  endfacet
  facet normal -0.442349 0.896843 0
    outer loop
      vertex 13.1506 -9.22059 3
      vertex 13.35 -9.12224 7.62939e-07
      vertex 13.1506 -9.22059 7.62939e-07
    endloop
  endfacet
  facet normal -0.321403 0.946943 0
    outer loop
      vertex 13.1506 -9.22059 7.62939e-07
      vertex 12.94 -9.29207 3
      vertex 13.1506 -9.22059 3
    endloop
  endfacet
  facet normal -0.321403 0.946943 0
    outer loop
      vertex 12.94 -9.29207 3
      vertex 13.1506 -9.22059 7.62939e-07
      vertex 12.94 -9.29207 7.62939e-07
    endloop
  endfacet
  facet normal 0.442386 -0.896825 0
    outer loop
      vertex 11.65 -6.17776 7.62939e-07
      vertex 11.8494 -6.0794 3
      vertex 11.65 -6.17776 3
    endloop
  endfacet
  facet normal 0.442386 -0.896825 0
    outer loop
      vertex 11.8494 -6.0794 3
      vertex 11.65 -6.17776 7.62939e-07
      vertex 11.8494 -6.0794 7.62939e-07
    endloop
  endfacet
  facet normal 0.896789 0.442459 0
    outer loop
      vertex 11.0278 -8.5 3
      vertex 10.9294 -8.30056 7.62939e-07
      vertex 10.9294 -8.30056 3
    endloop
  endfacet
  facet normal 0.896789 0.442459 0
    outer loop
      vertex 10.9294 -8.30056 7.62939e-07
      vertex 11.0278 -8.5 3
      vertex 11.0278 -8.5 7.62939e-07
    endloop
  endfacet
  facet normal -0.98077 0.195165 0
    outer loop
      vertex 14.1421 -8.08999 7.62939e-07
      vertex 14.1855 -7.87189 3
      vertex 14.1855 -7.87189 7.62939e-07
    endloop
  endfacet
  facet normal -0.98077 0.195165 0
    outer loop
      vertex 14.1855 -7.87189 3
      vertex 14.1421 -8.08999 7.62939e-07
      vertex 14.1421 -8.08999 3
    endloop
  endfacet
  facet normal -0.195122 -0.980779 0
    outer loop
      vertex 12.7219 -5.96454 7.62939e-07
      vertex 12.94 -6.00793 3
      vertex 12.7219 -5.96454 3
    endloop
  endfacet
  facet normal -0.195122 -0.980779 -0
    outer loop
      vertex 12.94 -6.00793 3
      vertex 12.7219 -5.96454 7.62939e-07
      vertex 12.94 -6.00793 7.62939e-07
    endloop
  endfacet
  facet normal -0.555551 -0.831483 0
    outer loop
      vertex 13.35 -6.17776 7.62939e-07
      vertex 13.5349 -6.3013 3
      vertex 13.35 -6.17776 3
    endloop
  endfacet
  facet normal -0.555551 -0.831483 -0
    outer loop
      vertex 13.5349 -6.3013 3
      vertex 13.35 -6.17776 7.62939e-07
      vertex 13.5349 -6.3013 7.62939e-07
    endloop
  endfacet
  facet normal -0.659319 0.751863 0
    outer loop
      vertex 13.7021 -8.85208 7.62939e-07
      vertex 13.5349 -8.9987 3
      vertex 13.7021 -8.85208 3
    endloop
  endfacet
  facet normal -0.659319 0.751863 0
    outer loop
      vertex 13.5349 -8.9987 3
      vertex 13.7021 -8.85208 7.62939e-07
      vertex 13.5349 -8.9987 7.62939e-07
    endloop
  endfacet
  facet normal 0.946901 -0.321525 0
    outer loop
      vertex 10.8579 -7.21001 3
      vertex 10.9294 -6.99944 7.62939e-07
      vertex 10.9294 -6.99944 3
    endloop
  endfacet
  facet normal 0.946901 -0.321525 0
    outer loop
      vertex 10.9294 -6.99944 7.62939e-07
      vertex 10.8579 -7.21001 3
      vertex 10.8579 -7.21001 7.62939e-07
    endloop
  endfacet
  facet normal 0.751888 0.659291 0
    outer loop
      vertex 11.2979 -8.85208 3
      vertex 11.1513 -8.68489 7.62939e-07
      vertex 11.1513 -8.68489 3
    endloop
  endfacet
  facet normal 0.751888 0.659291 0
    outer loop
      vertex 11.1513 -8.68489 7.62939e-07
      vertex 11.2979 -8.85208 3
      vertex 11.2979 -8.85208 7.62939e-07
    endloop
  endfacet
  facet normal 0.0653848 -0.99786 0
    outer loop
      vertex 12.2781 -5.96454 7.62939e-07
      vertex 12.5 -5.95 3
      vertex 12.2781 -5.96454 3
    endloop
  endfacet
  facet normal 0.0653848 -0.99786 0
    outer loop
      vertex 12.5 -5.95 3
      vertex 12.2781 -5.96454 7.62939e-07
      vertex 12.5 -5.95 7.62939e-07
    endloop
  endfacet
  facet normal -0.896789 -0.442459 0
    outer loop
      vertex 14.0706 -6.99944 7.62939e-07
      vertex 13.9722 -6.8 3
      vertex 13.9722 -6.8 7.62939e-07
    endloop
  endfacet
  facet normal -0.896789 -0.442459 0
    outer loop
      vertex 13.9722 -6.8 3
      vertex 14.0706 -6.99944 7.62939e-07
      vertex 14.0706 -6.99944 3
    endloop
  endfacet
  facet normal 0.751869 -0.659313 0
    outer loop
      vertex 11.1513 -6.6151 3
      vertex 11.2979 -6.44792 7.62939e-07
      vertex 11.2979 -6.44792 3
    endloop
  endfacet
  facet normal 0.751869 -0.659313 0
    outer loop
      vertex 11.2979 -6.44792 7.62939e-07
      vertex 11.1513 -6.6151 3
      vertex 11.1513 -6.6151 7.62939e-07
    endloop
  endfacet
  facet normal 0.555551 0.831483 -0
    outer loop
      vertex 11.65 -9.12224 7.62939e-07
      vertex 11.4651 -8.9987 3
      vertex 11.65 -9.12224 3
    endloop
  endfacet
  facet normal 0.555551 0.831483 0
    outer loop
      vertex 11.4651 -8.9987 3
      vertex 11.65 -9.12224 7.62939e-07
      vertex 11.4651 -8.9987 7.62939e-07
    endloop
  endfacet
  facet normal 0.946901 0.321525 0
    outer loop
      vertex 10.9294 -8.30056 3
      vertex 10.8579 -8.08999 7.62939e-07
      vertex 10.8579 -8.08999 3
    endloop
  endfacet
  facet normal 0.946901 0.321525 0
    outer loop
      vertex 10.8579 -8.08999 7.62939e-07
      vertex 10.9294 -8.30056 3
      vertex 10.9294 -8.30056 7.62939e-07
    endloop
  endfacet
  facet normal 0.98077 0.195165 0
    outer loop
      vertex 10.8579 -8.08999 3
      vertex 10.8145 -7.87189 7.62939e-07
      vertex 10.8145 -7.87189 3
    endloop
  endfacet
  facet normal 0.98077 0.195165 0
    outer loop
      vertex 10.8145 -7.87189 7.62939e-07
      vertex 10.8579 -8.08999 3
      vertex 10.8579 -8.08999 7.62939e-07
    endloop
  endfacet
  facet normal 0.195122 0.980779 -0
    outer loop
      vertex 12.2781 -9.33546 7.62939e-07
      vertex 12.06 -9.29207 3
      vertex 12.2781 -9.33546 3
    endloop
  endfacet
  facet normal 0.195122 0.980779 0
    outer loop
      vertex 12.06 -9.29207 3
      vertex 12.2781 -9.33546 7.62939e-07
      vertex 12.06 -9.29207 7.62939e-07
    endloop
  endfacet
  facet normal -0.98077 -0.195165 0
    outer loop
      vertex 14.1855 18.8719 7.62939e-07
      vertex 14.1421 19.09 3
      vertex 14.1421 19.09 7.62939e-07
    endloop
  endfacet
  facet normal -0.98077 -0.195165 0
    outer loop
      vertex 14.1421 19.09 3
      vertex 14.1855 18.8719 7.62939e-07
      vertex 14.1855 18.8719 3
    endloop
  endfacet
  facet normal -0.997872 -0.0652057 0
    outer loop
      vertex 14.2 18.65 7.62939e-07
      vertex 14.1855 18.8719 3
      vertex 14.1855 18.8719 7.62939e-07
    endloop
  endfacet
  facet normal -0.997872 -0.0652057 0
    outer loop
      vertex 14.1855 18.8719 3
      vertex 14.2 18.65 7.62939e-07
      vertex 14.2 18.65 3
    endloop
  endfacet
  facet normal 0.555426 0.831566 -0
    outer loop
      vertex 11.65 17.1778 7.62939e-07
      vertex 11.4651 17.3013 3
      vertex 11.65 17.1778 3
    endloop
  endfacet
  facet normal 0.555426 0.831566 0
    outer loop
      vertex 11.4651 17.3013 3
      vertex 11.65 17.1778 7.62939e-07
      vertex 11.4651 17.3013 7.62939e-07
    endloop
  endfacet
  facet normal 0.997872 0.0652057 0
    outer loop
      vertex 10.8145 18.4281 3
      vertex 10.8 18.65 7.62939e-07
      vertex 10.8 18.65 3
    endloop
  endfacet
  facet normal 0.997872 0.0652057 0
    outer loop
      vertex 10.8 18.65 7.62939e-07
      vertex 10.8145 18.4281 3
      vertex 10.8145 18.4281 7.62939e-07
    endloop
  endfacet
  facet normal 0.896754 -0.44253 0
    outer loop
      vertex 10.9294 19.3006 3
      vertex 11.0278 19.5 7.62939e-07
      vertex 11.0278 19.5 3
    endloop
  endfacet
  facet normal 0.896754 -0.44253 0
    outer loop
      vertex 11.0278 19.5 7.62939e-07
      vertex 10.9294 19.3006 3
      vertex 10.9294 19.3006 7.62939e-07
    endloop
  endfacet
  facet normal 0.44253 -0.896754 0
    outer loop
      vertex 11.65 20.1222 7.62939e-07
      vertex 11.8494 20.2206 3
      vertex 11.65 20.1222 3
    endloop
  endfacet
  facet normal 0.44253 -0.896754 0
    outer loop
      vertex 11.8494 20.2206 3
      vertex 11.65 20.1222 7.62939e-07
      vertex 11.8494 20.2206 7.62939e-07
    endloop
  endfacet
  facet normal -0.831566 -0.555426 0
    outer loop
      vertex 13.9722 19.5 7.62939e-07
      vertex 13.8487 19.6849 3
      vertex 13.8487 19.6849 7.62939e-07
    endloop
  endfacet
  facet normal -0.831566 -0.555426 0
    outer loop
      vertex 13.8487 19.6849 3
      vertex 13.9722 19.5 7.62939e-07
      vertex 13.9722 19.5 3
    endloop
  endfacet
  facet normal -0.321484 0.946915 0
    outer loop
      vertex 13.1506 17.0794 7.62939e-07
      vertex 12.94 17.0079 3
      vertex 13.1506 17.0794 3
    endloop
  endfacet
  facet normal -0.321484 0.946915 0
    outer loop
      vertex 12.94 17.0079 3
      vertex 13.1506 17.0794 7.62939e-07
      vertex 12.94 17.0079 7.62939e-07
    endloop
  endfacet
  facet normal -0.896754 -0.44253 0
    outer loop
      vertex 14.0706 19.3006 7.62939e-07
      vertex 13.9722 19.5 3
      vertex 13.9722 19.5 7.62939e-07
    endloop
  endfacet
  facet normal -0.896754 -0.44253 0
    outer loop
      vertex 13.9722 19.5 3
      vertex 14.0706 19.3006 7.62939e-07
      vertex 14.0706 19.3006 3
    endloop
  endfacet
  facet normal -0.44253 0.896754 0
    outer loop
      vertex 13.35 17.1778 7.62939e-07
      vertex 13.1506 17.0794 3
      vertex 13.35 17.1778 3
    endloop
  endfacet
  facet normal -0.44253 0.896754 0
    outer loop
      vertex 13.1506 17.0794 3
      vertex 13.35 17.1778 7.62939e-07
      vertex 13.1506 17.0794 7.62939e-07
    endloop
  endfacet
  facet normal -0.831566 0.555426 0
    outer loop
      vertex 13.8487 17.6151 7.62939e-07
      vertex 13.9722 17.8 3
      vertex 13.9722 17.8 7.62939e-07
    endloop
  endfacet
  facet normal -0.831566 0.555426 0
    outer loop
      vertex 13.9722 17.8 3
      vertex 13.8487 17.6151 7.62939e-07
      vertex 13.8487 17.6151 3
    endloop
  endfacet
  facet normal -0.946915 0.321484 0
    outer loop
      vertex 14.0706 17.9994 7.62939e-07
      vertex 14.1421 18.21 3
      vertex 14.1421 18.21 7.62939e-07
    endloop
  endfacet
  facet normal -0.946915 0.321484 0
    outer loop
      vertex 14.1421 18.21 3
      vertex 14.0706 17.9994 7.62939e-07
      vertex 14.0706 17.9994 3
    endloop
  endfacet
  facet normal 0.195165 0.98077 -0
    outer loop
      vertex 12.2781 16.9645 7.62939e-07
      vertex 12.06 17.0079 3
      vertex 12.2781 16.9645 3
    endloop
  endfacet
  facet normal 0.195165 0.98077 0
    outer loop
      vertex 12.06 17.0079 3
      vertex 12.2781 16.9645 7.62939e-07
      vertex 12.06 17.0079 7.62939e-07
    endloop
  endfacet
  facet normal 0.946915 0.321484 0
    outer loop
      vertex 10.9294 17.9994 3
      vertex 10.8579 18.21 7.62939e-07
      vertex 10.8579 18.21 3
    endloop
  endfacet
  facet normal 0.946915 0.321484 0
    outer loop
      vertex 10.8579 18.21 7.62939e-07
      vertex 10.9294 17.9994 3
      vertex 10.9294 17.9994 7.62939e-07
    endloop
  endfacet
  facet normal -0.0652057 0.997872 0
    outer loop
      vertex 12.7219 16.9645 7.62939e-07
      vertex 12.5 16.95 3
      vertex 12.7219 16.9645 3
    endloop
  endfacet
  facet normal -0.0652057 0.997872 0
    outer loop
      vertex 12.5 16.95 3
      vertex 12.7219 16.9645 7.62939e-07
      vertex 12.5 16.95 7.62939e-07
    endloop
  endfacet
  facet normal -0.997872 0.0652057 0
    outer loop
      vertex 14.1855 18.4281 7.62939e-07
      vertex 14.2 18.65 3
      vertex 14.2 18.65 7.62939e-07
    endloop
  endfacet
  facet normal -0.997872 0.0652057 0
    outer loop
      vertex 14.2 18.65 3
      vertex 14.1855 18.4281 7.62939e-07
      vertex 14.1855 18.4281 3
    endloop
  endfacet
  facet normal -0.896754 0.44253 0
    outer loop
      vertex 13.9722 17.8 7.62939e-07
      vertex 14.0706 17.9994 3
      vertex 14.0706 17.9994 7.62939e-07
    endloop
  endfacet
  facet normal -0.896754 0.44253 0
    outer loop
      vertex 14.0706 17.9994 3
      vertex 13.9722 17.8 7.62939e-07
      vertex 13.9722 17.8 3
    endloop
  endfacet
  facet normal -0.0652057 -0.997872 0
    outer loop
      vertex 12.5 20.35 7.62939e-07
      vertex 12.7219 20.3355 3
      vertex 12.5 20.35 3
    endloop
  endfacet
  facet normal -0.0652057 -0.997872 -0
    outer loop
      vertex 12.7219 20.3355 3
      vertex 12.5 20.35 7.62939e-07
      vertex 12.7219 20.3355 7.62939e-07
    endloop
  endfacet
  facet normal -0.751908 -0.659268 0
    outer loop
      vertex 13.8487 19.6849 7.62939e-07
      vertex 13.7021 19.8521 3
      vertex 13.7021 19.8521 7.62939e-07
    endloop
  endfacet
  facet normal -0.751908 -0.659268 0
    outer loop
      vertex 13.7021 19.8521 3
      vertex 13.8487 19.6849 7.62939e-07
      vertex 13.8487 19.6849 3
    endloop
  endfacet
  facet normal -0.44253 -0.896754 0
    outer loop
      vertex 13.1506 20.2206 7.62939e-07
      vertex 13.35 20.1222 3
      vertex 13.1506 20.2206 3
    endloop
  endfacet
  facet normal -0.44253 -0.896754 -0
    outer loop
      vertex 13.35 20.1222 3
      vertex 13.1506 20.2206 7.62939e-07
      vertex 13.35 20.1222 7.62939e-07
    endloop
  endfacet
  facet normal 0.751908 0.659268 0
    outer loop
      vertex 11.2979 17.4479 3
      vertex 11.1513 17.6151 7.62939e-07
      vertex 11.1513 17.6151 3
    endloop
  endfacet
  facet normal 0.751908 0.659268 0
    outer loop
      vertex 11.1513 17.6151 7.62939e-07
      vertex 11.2979 17.4479 3
      vertex 11.2979 17.4479 7.62939e-07
    endloop
  endfacet
  facet normal 0.98077 0.195165 0
    outer loop
      vertex 10.8579 18.21 3
      vertex 10.8145 18.4281 7.62939e-07
      vertex 10.8145 18.4281 3
    endloop
  endfacet
  facet normal 0.98077 0.195165 0
    outer loop
      vertex 10.8145 18.4281 7.62939e-07
      vertex 10.8579 18.21 3
      vertex 10.8579 18.21 7.62939e-07
    endloop
  endfacet
  facet normal 0.751908 -0.659268 0
    outer loop
      vertex 11.1513 19.6849 3
      vertex 11.2979 19.8521 7.62939e-07
      vertex 11.2979 19.8521 3
    endloop
  endfacet
  facet normal 0.751908 -0.659268 0
    outer loop
      vertex 11.2979 19.8521 7.62939e-07
      vertex 11.1513 19.6849 3
      vertex 11.1513 19.6849 7.62939e-07
    endloop
  endfacet
  facet normal 0.896754 0.44253 0
    outer loop
      vertex 11.0278 17.8 3
      vertex 10.9294 17.9994 7.62939e-07
      vertex 10.9294 17.9994 3
    endloop
  endfacet
  facet normal 0.896754 0.44253 0
    outer loop
      vertex 10.9294 17.9994 7.62939e-07
      vertex 11.0278 17.8 3
      vertex 11.0278 17.8 7.62939e-07
    endloop
  endfacet
  facet normal -0.195165 0.98077 0
    outer loop
      vertex 12.94 17.0079 7.62939e-07
      vertex 12.7219 16.9645 3
      vertex 12.94 17.0079 3
    endloop
  endfacet
  facet normal -0.195165 0.98077 0
    outer loop
      vertex 12.7219 16.9645 3
      vertex 12.94 17.0079 7.62939e-07
      vertex 12.7219 16.9645 7.62939e-07
    endloop
  endfacet
  facet normal 0.321484 0.946915 -0
    outer loop
      vertex 12.06 17.0079 7.62939e-07
      vertex 11.8494 17.0794 3
      vertex 12.06 17.0079 3
    endloop
  endfacet
  facet normal 0.321484 0.946915 0
    outer loop
      vertex 11.8494 17.0794 3
      vertex 12.06 17.0079 7.62939e-07
      vertex 11.8494 17.0794 7.62939e-07
    endloop
  endfacet
  facet normal 0.555426 -0.831566 0
    outer loop
      vertex 11.4651 19.9987 7.62939e-07
      vertex 11.65 20.1222 3
      vertex 11.4651 19.9987 3
    endloop
  endfacet
  facet normal 0.555426 -0.831566 0
    outer loop
      vertex 11.65 20.1222 3
      vertex 11.4651 19.9987 7.62939e-07
      vertex 11.65 20.1222 7.62939e-07
    endloop
  endfacet
  facet normal -0.555426 -0.831566 0
    outer loop
      vertex 13.35 20.1222 7.62939e-07
      vertex 13.5349 19.9987 3
      vertex 13.35 20.1222 3
    endloop
  endfacet
  facet normal -0.555426 -0.831566 -0
    outer loop
      vertex 13.5349 19.9987 3
      vertex 13.35 20.1222 7.62939e-07
      vertex 13.5349 19.9987 7.62939e-07
    endloop
  endfacet
  facet normal 0.44253 0.896754 -0
    outer loop
      vertex 11.8494 17.0794 7.62939e-07
      vertex 11.65 17.1778 3
      vertex 11.8494 17.0794 3
    endloop
  endfacet
  facet normal 0.44253 0.896754 0
    outer loop
      vertex 11.65 17.1778 3
      vertex 11.8494 17.0794 7.62939e-07
      vertex 11.65 17.1778 7.62939e-07
    endloop
  endfacet
  facet normal -0.555426 0.831566 0
    outer loop
      vertex 13.5349 17.3013 7.62939e-07
      vertex 13.35 17.1778 3
      vertex 13.5349 17.3013 3
    endloop
  endfacet
  facet normal -0.555426 0.831566 0
    outer loop
      vertex 13.35 17.1778 3
      vertex 13.5349 17.3013 7.62939e-07
      vertex 13.35 17.1778 7.62939e-07
    endloop
  endfacet
  facet normal -0.321484 -0.946915 0
    outer loop
      vertex 12.94 20.2921 7.62939e-07
      vertex 13.1506 20.2206 3
      vertex 12.94 20.2921 3
    endloop
  endfacet
  facet normal -0.321484 -0.946915 -0
    outer loop
      vertex 13.1506 20.2206 3
      vertex 12.94 20.2921 7.62939e-07
      vertex 13.1506 20.2206 7.62939e-07
    endloop
  endfacet
  facet normal -0.195165 -0.98077 0
    outer loop
      vertex 12.7219 20.3355 7.62939e-07
      vertex 12.94 20.2921 3
      vertex 12.7219 20.3355 3
    endloop
  endfacet
  facet normal -0.195165 -0.98077 -0
    outer loop
      vertex 12.94 20.2921 3
      vertex 12.7219 20.3355 7.62939e-07
      vertex 12.94 20.2921 7.62939e-07
    endloop
  endfacet
  facet normal 0.195165 -0.98077 0
    outer loop
      vertex 12.06 20.2921 7.62939e-07
      vertex 12.2781 20.3355 3
      vertex 12.06 20.2921 3
    endloop
  endfacet
  facet normal 0.195165 -0.98077 0
    outer loop
      vertex 12.2781 20.3355 3
      vertex 12.06 20.2921 7.62939e-07
      vertex 12.2781 20.3355 7.62939e-07
    endloop
  endfacet
  facet normal -0.98077 0.195165 0
    outer loop
      vertex 14.1421 18.21 7.62939e-07
      vertex 14.1855 18.4281 3
      vertex 14.1855 18.4281 7.62939e-07
    endloop
  endfacet
  facet normal -0.98077 0.195165 0
    outer loop
      vertex 14.1855 18.4281 3
      vertex 14.1421 18.21 7.62939e-07
      vertex 14.1421 18.21 3
    endloop
  endfacet
  facet normal 0.659268 -0.751908 0
    outer loop
      vertex 11.2979 19.8521 7.62939e-07
      vertex 11.4651 19.9987 3
      vertex 11.2979 19.8521 3
    endloop
  endfacet
  facet normal 0.659268 -0.751908 0
    outer loop
      vertex 11.4651 19.9987 3
      vertex 11.2979 19.8521 7.62939e-07
      vertex 11.4651 19.9987 7.62939e-07
    endloop
  endfacet
  facet normal 0.321484 -0.946915 0
    outer loop
      vertex 11.8494 20.2206 7.62939e-07
      vertex 12.06 20.2921 3
      vertex 11.8494 20.2206 3
    endloop
  endfacet
  facet normal 0.321484 -0.946915 0
    outer loop
      vertex 12.06 20.2921 3
      vertex 11.8494 20.2206 7.62939e-07
      vertex 12.06 20.2921 7.62939e-07
    endloop
  endfacet
  facet normal 0.98077 -0.195165 0
    outer loop
      vertex 10.8145 18.8719 3
      vertex 10.8579 19.09 7.62939e-07
      vertex 10.8579 19.09 3
    endloop
  endfacet
  facet normal 0.98077 -0.195165 0
    outer loop
      vertex 10.8579 19.09 7.62939e-07
      vertex 10.8145 18.8719 3
      vertex 10.8145 18.8719 7.62939e-07
    endloop
  endfacet
  facet normal -0.659268 -0.751908 0
    outer loop
      vertex 13.5349 19.9987 7.62939e-07
      vertex 13.7021 19.8521 3
      vertex 13.5349 19.9987 3
    endloop
  endfacet
  facet normal -0.659268 -0.751908 -0
    outer loop
      vertex 13.7021 19.8521 3
      vertex 13.5349 19.9987 7.62939e-07
      vertex 13.7021 19.8521 7.62939e-07
    endloop
  endfacet
  facet normal -0.751908 0.659268 0
    outer loop
      vertex 13.7021 17.4479 7.62939e-07
      vertex 13.8487 17.6151 3
      vertex 13.8487 17.6151 7.62939e-07
    endloop
  endfacet
  facet normal -0.751908 0.659268 0
    outer loop
      vertex 13.8487 17.6151 3
      vertex 13.7021 17.4479 7.62939e-07
      vertex 13.7021 17.4479 3
    endloop
  endfacet
  facet normal -0.946915 -0.321484 0
    outer loop
      vertex 14.1421 19.09 7.62939e-07
      vertex 14.0706 19.3006 3
      vertex 14.0706 19.3006 7.62939e-07
    endloop
  endfacet
  facet normal -0.946915 -0.321484 0
    outer loop
      vertex 14.0706 19.3006 3
      vertex 14.1421 19.09 7.62939e-07
      vertex 14.1421 19.09 3
    endloop
  endfacet
  facet normal 0.0652057 0.997872 -0
    outer loop
      vertex 12.5 16.95 7.62939e-07
      vertex 12.2781 16.9645 3
      vertex 12.5 16.95 3
    endloop
  endfacet
  facet normal 0.0652057 0.997872 0
    outer loop
      vertex 12.2781 16.9645 3
      vertex 12.5 16.95 7.62939e-07
      vertex 12.2781 16.9645 7.62939e-07
    endloop
  endfacet
  facet normal 0.997872 -0.0652057 0
    outer loop
      vertex 10.8 18.65 3
      vertex 10.8145 18.8719 7.62939e-07
      vertex 10.8145 18.8719 3
    endloop
  endfacet
  facet normal 0.997872 -0.0652057 0
    outer loop
      vertex 10.8145 18.8719 7.62939e-07
      vertex 10.8 18.65 3
      vertex 10.8 18.65 7.62939e-07
    endloop
  endfacet
  facet normal 0.659268 0.751908 -0
    outer loop
      vertex 11.4651 17.3013 7.62939e-07
      vertex 11.2979 17.4479 3
      vertex 11.4651 17.3013 3
    endloop
  endfacet
  facet normal 0.659268 0.751908 0
    outer loop
      vertex 11.2979 17.4479 3
      vertex 11.4651 17.3013 7.62939e-07
      vertex 11.2979 17.4479 7.62939e-07
    endloop
  endfacet
  facet normal 0.0652057 -0.997872 0
    outer loop
      vertex 12.2781 20.3355 7.62939e-07
      vertex 12.5 20.35 3
      vertex 12.2781 20.3355 3
    endloop
  endfacet
  facet normal 0.0652057 -0.997872 0
    outer loop
      vertex 12.5 20.35 3
      vertex 12.2781 20.3355 7.62939e-07
      vertex 12.5 20.35 7.62939e-07
    endloop
  endfacet
  facet normal -0.659268 0.751908 0
    outer loop
      vertex 13.7021 17.4479 7.62939e-07
      vertex 13.5349 17.3013 3
      vertex 13.7021 17.4479 3
    endloop
  endfacet
  facet normal -0.659268 0.751908 0
    outer loop
      vertex 13.5349 17.3013 3
      vertex 13.7021 17.4479 7.62939e-07
      vertex 13.5349 17.3013 7.62939e-07
    endloop
  endfacet
  facet normal 0.946915 -0.321484 0
    outer loop
      vertex 10.8579 19.09 3
      vertex 10.9294 19.3006 7.62939e-07
      vertex 10.9294 19.3006 3
    endloop
  endfacet
  facet normal 0.946915 -0.321484 0
    outer loop
      vertex 10.9294 19.3006 7.62939e-07
      vertex 10.8579 19.09 3
      vertex 10.8579 19.09 7.62939e-07
    endloop
  endfacet
  facet normal 0.831566 0.555426 0
    outer loop
      vertex 11.1513 17.6151 3
      vertex 11.0278 17.8 7.62939e-07
      vertex 11.0278 17.8 3
    endloop
  endfacet
  facet normal 0.831566 0.555426 0
    outer loop
      vertex 11.0278 17.8 7.62939e-07
      vertex 11.1513 17.6151 3
      vertex 11.1513 17.6151 7.62939e-07
    endloop
  endfacet
  facet normal 0.831566 -0.555426 0
    outer loop
      vertex 11.0278 19.5 3
      vertex 11.1513 19.6849 7.62939e-07
      vertex 11.1513 19.6849 3
    endloop
  endfacet
  facet normal 0.831566 -0.555426 0
    outer loop
      vertex 11.1513 19.6849 7.62939e-07
      vertex 11.0278 19.5 3
      vertex 11.0278 19.5 7.62939e-07
    endloop
  endfacet
endsolid OpenSCAD_Model
