solid OpenSCAD_Model
  facet normal -0.999561 -0.029615 0
    outer loop
      vertex -7.4 -15.5 1.5
      vertex -7.32593 -18 3.25
      vertex -7.4 -15.5 3.25
    endloop
  endfacet
  facet normal -0.999561 -0.0296183 0
    outer loop
      vertex -7.32593 -18 3.25
      vertex -7.1837 -22.8 7.5
      vertex -7.32593 -18 11.75
    endloop
  endfacet
  facet normal -0.999561 -0.0296169 1.57825e-06
    outer loop
      vertex -7.32593 -18 3.25
      vertex -7.08889 -26 4
      vertex -7.1837 -22.8 7.5
    endloop
  endfacet
  facet normal -0.999561 -0.0296167 -2.45702e-06
    outer loop
      vertex -7 -29 2
      vertex -7.32593 -18 3.25
      vertex -7.4 -15.5 1.5
    endloop
  endfacet
  facet normal -0.999561 -0.029617 -1.45938e-16
    outer loop
      vertex -7.32593 -18 3.25
      vertex -7 -29 2
      vertex -7.08889 -26 4
    endloop
  endfacet
  facet normal -0.999561 -0.029617 0
    outer loop
      vertex -7.08889 -26 4
      vertex -7 -29 2
      vertex -7 -29 7.28125
    endloop
  endfacet
  facet normal -0.999561 -0.029615 0
    outer loop
      vertex -7.32593 -18 11.75
      vertex -7.4 -15.5 13.5
      vertex -7.4 -15.5 11.75
    endloop
  endfacet
  facet normal -0.999561 -0.0296169 -1.57825e-06
    outer loop
      vertex -7.08889 -26 11
      vertex -7.32593 -18 11.75
      vertex -7.1837 -22.8 7.5
    endloop
  endfacet
  facet normal -0.999561 -0.029617 1.45938e-16
    outer loop
      vertex -7 -29 13
      vertex -7.32593 -18 11.75
      vertex -7.08889 -26 11
    endloop
  endfacet
  facet normal -0.999561 -0.0296167 2.45702e-06
    outer loop
      vertex -7.32593 -18 11.75
      vertex -7 -29 13
      vertex -7.4 -15.5 13.5
    endloop
  endfacet
  facet normal -0.999561 -0.029617 -0
    outer loop
      vertex -7 -29 13
      vertex -7.08889 -26 11
      vertex -7 -29 7.71875
    endloop
  endfacet
  facet normal -0.706279 -0.0470454 0.706369
    outer loop
      vertex -5.9 -15.5 15
      vertex -6.86668 -29.0123 13.1335
      vertex -5.00015 -29.0092 15
    endloop
  endfacet
  facet normal 0 0.707107 -0.707107
    outer loop
      vertex 6 7 0
      vertex -5.9 8.5 1.5
      vertex 6 8.5 1.5
    endloop
  endfacet
  facet normal 0 0.707107 -0.707107
    outer loop
      vertex -5.9 8.5 1.5
      vertex 6 7 0
      vertex -5.9 7 0
    endloop
  endfacet
  facet normal -0.57735 0.57735 -0.57735
    outer loop
      vertex -5.9 7 0
      vertex -7.4 7 1.5
      vertex -5.9 8.5 1.5
    endloop
  endfacet
  facet normal 0.707107 0 -0.707107
    outer loop
      vertex 6 -29 0
      vertex 7.5 7 1.5
      vertex 8 -29 2
    endloop
  endfacet
  facet normal 0.707107 0 -0.707107
    outer loop
      vertex 7.5 7 1.5
      vertex 6 -29 0
      vertex 6 7 0
    endloop
  endfacet
  facet normal 0.57735 0.57735 -0.57735
    outer loop
      vertex 6 7 0
      vertex 6 8.5 1.5
      vertex 7.5 7 1.5
    endloop
  endfacet
  facet normal 0.707107 -0 0.707107
    outer loop
      vertex 6 -29 15
      vertex 7.5 7 13.5
      vertex 6 7 15
    endloop
  endfacet
  facet normal 0.707107 0 0.707107
    outer loop
      vertex 7.5 7 13.5
      vertex 6 -29 15
      vertex 8 -29 13
    endloop
  endfacet
  facet normal -0.717051 -0.0470028 -0.695435
    outer loop
      vertex -7 -29 2
      vertex -7.4 -15.5 1.5
      vertex -6.96682 -29.0123 1.96662
    endloop
  endfacet
  facet normal -0.706324 -0.047035 -0.706324
    outer loop
      vertex -6.86668 -29.0123 1.86648
      vertex -7.4 -15.5 1.5
      vertex -5.9 -15.5 0
    endloop
  endfacet
  facet normal -0.706324 -0.047035 -0.706324
    outer loop
      vertex -7.4 -15.5 1.5
      vertex -6.86668 -29.0123 1.86648
      vertex -6.96682 -29.0123 1.96662
    endloop
  endfacet
  facet normal 0.707107 0.707107 -0
    outer loop
      vertex 7.5 7 12.6
      vertex 6 8.5 13.5
      vertex 7.5 7 13.5
    endloop
  endfacet
  facet normal 0.707107 0.707107 0
    outer loop
      vertex 6 8.5 13.5
      vertex 7.5 7 12.6
      vertex 6 8.5 1.5
    endloop
  endfacet
  facet normal 0.707107 0.707107 -0
    outer loop
      vertex 7.5 7 2.4
      vertex 6 8.5 1.5
      vertex 7.5 7 12.6
    endloop
  endfacet
  facet normal 0.707107 0.707107 0
    outer loop
      vertex 6 8.5 1.5
      vertex 7.5 7 2.4
      vertex 7.5 7 1.5
    endloop
  endfacet
  facet normal -0.707107 0.707107 0
    outer loop
      vertex -7.4 7 1.5
      vertex -5.9 8.5 13.5
      vertex -5.9 8.5 1.5
    endloop
  endfacet
  facet normal -0.707107 0.707107 0
    outer loop
      vertex -5.9 8.5 13.5
      vertex -7.4 7 1.5
      vertex -7.4 7 13.5
    endloop
  endfacet
  facet normal -1 0 0
    outer loop
      vertex -7.4 7 1.5
      vertex -7.4 -10 3.25
      vertex -7.4 7 13.5
    endloop
  endfacet
  facet normal -1 0 0
    outer loop
      vertex -7.4 -15.5 1.5
      vertex -7.4 -10 3.25
      vertex -7.4 7 1.5
    endloop
  endfacet
  facet normal -1 -0 0
    outer loop
      vertex -7.4 -10 3.25
      vertex -7.4 -15.5 1.5
      vertex -7.4 -15.5 3.25
    endloop
  endfacet
  facet normal -1 0 0
    outer loop
      vertex -7.4 -10 11.75
      vertex -7.4 7 13.5
      vertex -7.4 -10 3.25
    endloop
  endfacet
  facet normal -1 0 0
    outer loop
      vertex -7.4 -15.5 13.5
      vertex -7.4 -10 11.75
      vertex -7.4 -15.5 11.75
    endloop
  endfacet
  facet normal -1 0 0
    outer loop
      vertex -7.4 -10 11.75
      vertex -7.4 -15.5 13.5
      vertex -7.4 7 13.5
    endloop
  endfacet
  facet normal -0.706183 -0.0470343 0.706465
    outer loop
      vertex -6.86668 -29.0123 13.1335
      vertex -7.4 -15.5 13.5
      vertex -6.96682 -29.0123 13.0334
    endloop
  endfacet
  facet normal -0.706324 -0.047036 0.706324
    outer loop
      vertex -7.4 -15.5 13.5
      vertex -6.86668 -29.0123 13.1335
      vertex -5.9 -15.5 15
    endloop
  endfacet
  facet normal 0 0.707107 0.707107
    outer loop
      vertex 6 8.5 13.5
      vertex -5.9 7 15
      vertex 6 7 15
    endloop
  endfacet
  facet normal 0 0.707107 0.707107
    outer loop
      vertex -5.9 7 15
      vertex 6 8.5 13.5
      vertex -5.9 8.5 13.5
    endloop
  endfacet
  facet normal 0 1 -0
    outer loop
      vertex 6 8.5 1.5
      vertex -5.9 8.5 13.5
      vertex 6 8.5 13.5
    endloop
  endfacet
  facet normal 0 1 0
    outer loop
      vertex -5.9 8.5 13.5
      vertex 6 8.5 1.5
      vertex -5.9 8.5 1.5
    endloop
  endfacet
  facet normal -0.707107 0 0.707107
    outer loop
      vertex -7.4 -15.5 13.5
      vertex -5.9 7 15
      vertex -7.4 7 13.5
    endloop
  endfacet
  facet normal -0.707107 0 0.707107
    outer loop
      vertex -5.9 7 15
      vertex -7.4 -15.5 13.5
      vertex -5.9 -15.5 15
    endloop
  endfacet
  facet normal -0.57735 0.57735 0.57735
    outer loop
      vertex -5.9 8.5 13.5
      vertex -7.4 7 13.5
      vertex -5.9 7 15
    endloop
  endfacet
  facet normal 0.57735 0.57735 0.57735
    outer loop
      vertex 6 8.5 13.5
      vertex 6 7 15
      vertex 7.5 7 13.5
    endloop
  endfacet
  facet normal -0.717256 -0.047001 0.695223
    outer loop
      vertex -6.96682 -29.0123 13.0334
      vertex -7.4 -15.5 13.5
      vertex -7 -29 13
    endloop
  endfacet
  facet normal 0.999904 0.0138874 0
    outer loop
      vertex 7.5 7 13.5
      vertex 7.83333 -17 12.6
      vertex 7.5 7 12.6
    endloop
  endfacet
  facet normal 0.999904 0.0138883 0
    outer loop
      vertex 7.83333 -17 12.6
      vertex 7.91389 -22.8 7.5
      vertex 7.83333 -17 2.4
    endloop
  endfacet
  facet normal 0.999904 0.0138874 1.09219e-06
    outer loop
      vertex 7.83333 -17 12.6
      vertex 7.95833 -26 11
      vertex 7.91389 -22.8 7.5
    endloop
  endfacet
  facet normal 0.999904 0.0138876 -5.88179e-06
    outer loop
      vertex 8 -29 13
      vertex 7.83333 -17 12.6
      vertex 7.5 7 13.5
    endloop
  endfacet
  facet normal 0.999904 0.0138878 -1.31566e-06
    outer loop
      vertex 8 -29 13
      vertex 7.95833 -26 11
      vertex 7.83333 -17 12.6
    endloop
  endfacet
  facet normal 0.999904 0.0138887 0
    outer loop
      vertex 7.95833 -26 11
      vertex 8 -29 13
      vertex 8 -29 7.71875
    endloop
  endfacet
  facet normal 0.999904 0.0138874 0
    outer loop
      vertex 7.83333 -17 2.4
      vertex 7.5 7 1.5
      vertex 7.5 7 2.4
    endloop
  endfacet
  facet normal 0.999904 0.0138874 -1.09219e-06
    outer loop
      vertex 7.95833 -26 4
      vertex 7.83333 -17 2.4
      vertex 7.91389 -22.8 7.5
    endloop
  endfacet
  facet normal 0.999904 0.0138876 5.88179e-06
    outer loop
      vertex 7.83333 -17 2.4
      vertex 8 -29 2
      vertex 7.5 7 1.5
    endloop
  endfacet
  facet normal 0.999904 0.0138878 1.31566e-06
    outer loop
      vertex 7.95833 -26 4
      vertex 8 -29 2
      vertex 7.83333 -17 2.4
    endloop
  endfacet
  facet normal 0.999904 0.0138887 -0
    outer loop
      vertex 8 -29 2
      vertex 7.95833 -26 4
      vertex 8 -29 7.28125
    endloop
  endfacet
  facet normal -0.707107 0 -0.707107
    outer loop
      vertex -5.9 -15.5 0
      vertex -7.4 7 1.5
      vertex -5.9 7 0
    endloop
  endfacet
  facet normal -0.707107 -0 -0.707107
    outer loop
      vertex -7.4 7 1.5
      vertex -5.9 -15.5 0
      vertex -7.4 -15.5 1.5
    endloop
  endfacet
  facet normal -0 0 1
    outer loop
      vertex 0.5 -22 15
      vertex 6 -29 15
      vertex 6 7 15
    endloop
  endfacet
  facet normal 0 0 1
    outer loop
      vertex 4.75 -48 15
      vertex 6 -29 15
      vertex 4.75 -40 15
    endloop
  endfacet
  facet normal 0 0 1
    outer loop
      vertex 6 -29 15
      vertex 4.75 -48 15
      vertex 5.69615 -62 15
    endloop
  endfacet
  facet normal 0 0 1
    outer loop
      vertex 6 -29 15
      vertex 4.5 -30 15
      vertex 4.75 -40 15
    endloop
  endfacet
  facet normal 0 0 1
    outer loop
      vertex 6 -29 15
      vertex 0.5 -22 15
      vertex 4.5 -30 15
    endloop
  endfacet
  facet normal -0 0 1
    outer loop
      vertex -5.9 -15.5 15
      vertex 0.5 -22 15
      vertex 6 7 15
    endloop
  endfacet
  facet normal 0 0 1
    outer loop
      vertex -5.5 -59 15
      vertex -3.75 -48 15
      vertex -3.75 -40 15
    endloop
  endfacet
  facet normal 0 0 1
    outer loop
      vertex -3.75 -48 15
      vertex -5.5 -59 15
      vertex -4.26012 -62.6526 15
    endloop
  endfacet
  facet normal 0 0 1
    outer loop
      vertex -5.00015 -29.0092 15
      vertex -3.75 -40 15
      vertex -3.5 -30 15
    endloop
  endfacet
  facet normal 0 0 1
    outer loop
      vertex -3.75 -40 15
      vertex -5.00015 -29.0092 15
      vertex -5.5 -59 15
    endloop
  endfacet
  facet normal 0 -0 1
    outer loop
      vertex -5.00015 -29.0092 15
      vertex 0.5 -22 15
      vertex -5.9 -15.5 15
    endloop
  endfacet
  facet normal 0 0 1
    outer loop
      vertex -5.9 -15.5 15
      vertex 6 7 15
      vertex -5.9 7 15
    endloop
  endfacet
  facet normal 0 0 1
    outer loop
      vertex 0.5 -22 15
      vertex -5.00015 -29.0092 15
      vertex -3.5 -30 15
    endloop
  endfacet
  facet normal 0 0 1
    outer loop
      vertex 6.5 -59 15
      vertex 6.29555 -60.5529 15
      vertex 6.44867 -59.7832 15
    endloop
  endfacet
  facet normal 0 0 1
    outer loop
      vertex 6.5 -59 15
      vertex 6.04328 -61.2961 15
      vertex 6.29555 -60.5529 15
    endloop
  endfacet
  facet normal 0 0 1
    outer loop
      vertex 5.69615 -62 15
      vertex 6.5 -59 15
      vertex 6 -29 15
    endloop
  endfacet
  facet normal 0 0 1
    outer loop
      vertex 6.5 -59 15
      vertex 5.69615 -62 15
      vertex 6.04328 -61.2961 15
    endloop
  endfacet
  facet normal -0 0 1
    outer loop
      vertex 3.88074 -57.0941 15
      vertex 5.69615 -62 15
      vertex 4.75 -48 15
    endloop
  endfacet
  facet normal -0 -0 1
    outer loop
      vertex 4 -58 15
      vertex 5.69615 -62 15
      vertex 3.97006 -57.5432 15
    endloop
  endfacet
  facet normal -0 0 1
    outer loop
      vertex 3.88074 -58.9059 15
      vertex 5.69615 -62 15
      vertex 3.97006 -58.4568 15
    endloop
  endfacet
  facet normal -0 0 1
    outer loop
      vertex 3.73358 -59.3394 15
      vertex 5.69615 -62 15
      vertex 3.88074 -58.9059 15
    endloop
  endfacet
  facet normal -0 0 1
    outer loop
      vertex 3.97006 -58.4568 15
      vertex 5.69615 -62 15
      vertex 4 -58 15
    endloop
  endfacet
  facet normal 0 0 1
    outer loop
      vertex 5.69615 -62 15
      vertex 3.88074 -57.0941 15
      vertex 3.97006 -57.5432 15
    endloop
  endfacet
  facet normal 0 0 1
    outer loop
      vertex 4.75 -48 15
      vertex 3.73358 -56.6606 15
      vertex 3.88074 -57.0941 15
    endloop
  endfacet
  facet normal 0 0 1
    outer loop
      vertex 4.75 -48 15
      vertex 3.53109 -56.25 15
      vertex 3.73358 -56.6606 15
    endloop
  endfacet
  facet normal 0 0 1
    outer loop
      vertex 4.75 -48 15
      vertex 3.27674 -55.8693 15
      vertex 3.53109 -56.25 15
    endloop
  endfacet
  facet normal 0 0 1
    outer loop
      vertex 4.75 -48 15
      vertex 2.97487 -55.5251 15
      vertex 3.27674 -55.8693 15
    endloop
  endfacet
  facet normal 0 0 1
    outer loop
      vertex 4.75 -48 15
      vertex 2.63066 -55.2233 15
      vertex 2.97487 -55.5251 15
    endloop
  endfacet
  facet normal 0 0 1
    outer loop
      vertex 4.75 -48 15
      vertex 2.25 -54.9689 15
      vertex 2.63066 -55.2233 15
    endloop
  endfacet
  facet normal 0 0 1
    outer loop
      vertex 4.75 -48 15
      vertex 1.83939 -54.7664 15
      vertex 2.25 -54.9689 15
    endloop
  endfacet
  facet normal 0 0 1
    outer loop
      vertex 4.75 -48 15
      vertex 1.40587 -54.6193 15
      vertex 1.83939 -54.7664 15
    endloop
  endfacet
  facet normal 0 0 1
    outer loop
      vertex 4.75 -48 15
      vertex 0.956841 -54.5299 15
      vertex 1.40587 -54.6193 15
    endloop
  endfacet
  facet normal 0 0 1
    outer loop
      vertex 4.75 -48 15
      vertex 0.5 -54.5 15
      vertex 0.956841 -54.5299 15
    endloop
  endfacet
  facet normal -0 0 1
    outer loop
      vertex -3.75 -48 15
      vertex 0.5 -54.5 15
      vertex 4.75 -48 15
    endloop
  endfacet
  facet normal 0 0 1
    outer loop
      vertex 0.5 -54.5 15
      vertex -3.75 -48 15
      vertex 0.0431576 -54.5299 15
    endloop
  endfacet
  facet normal 0 0 1
    outer loop
      vertex 0.0431576 -54.5299 15
      vertex -3.75 -48 15
      vertex -0.405867 -54.6193 15
    endloop
  endfacet
  facet normal 0 0 1
    outer loop
      vertex -0.405867 -54.6193 15
      vertex -3.75 -48 15
      vertex -0.839392 -54.7664 15
    endloop
  endfacet
  facet normal 0 0 1
    outer loop
      vertex -0.839392 -54.7664 15
      vertex -3.75 -48 15
      vertex -1.25 -54.9689 15
    endloop
  endfacet
  facet normal 0 0 1
    outer loop
      vertex -1.25 -54.9689 15
      vertex -3.75 -48 15
      vertex -1.63066 -55.2233 15
    endloop
  endfacet
  facet normal 0 0 1
    outer loop
      vertex -1.63066 -60.7767 15
      vertex -3.74264 -63.2426 15
      vertex -3.15257 -63.7601 15
    endloop
  endfacet
  facet normal 0 0 1
    outer loop
      vertex -4.26012 -62.6526 15
      vertex -3 -58 15
      vertex -2.97006 -57.5432 15
    endloop
  endfacet
  facet normal 0 0 1
    outer loop
      vertex -1.63066 -55.2233 15
      vertex -3.75 -48 15
      vertex -1.97487 -55.5251 15
    endloop
  endfacet
  facet normal 0 0 1
    outer loop
      vertex -3.75 -48 15
      vertex -2.27674 -55.8693 15
      vertex -1.97487 -55.5251 15
    endloop
  endfacet
  facet normal 0 0 1
    outer loop
      vertex -3.75 -48 15
      vertex -2.53109 -56.25 15
      vertex -2.27674 -55.8693 15
    endloop
  endfacet
  facet normal 0 0 1
    outer loop
      vertex -3.75 -48 15
      vertex -2.73358 -56.6606 15
      vertex -2.53109 -56.25 15
    endloop
  endfacet
  facet normal 0 0 1
    outer loop
      vertex -3.75 -48 15
      vertex -2.88074 -57.0941 15
      vertex -2.73358 -56.6606 15
    endloop
  endfacet
  facet normal 0 0 1
    outer loop
      vertex -3.75 -48 15
      vertex -2.97006 -57.5432 15
      vertex -2.88074 -57.0941 15
    endloop
  endfacet
  facet normal 0 0 1
    outer loop
      vertex -4.26012 -62.6526 15
      vertex -2.97006 -57.5432 15
      vertex -3.75 -48 15
    endloop
  endfacet
  facet normal 0 0 1
    outer loop
      vertex -2.97006 -58.4568 15
      vertex -4.26012 -62.6526 15
      vertex -3.74264 -63.2426 15
    endloop
  endfacet
  facet normal -0 0 1
    outer loop
      vertex 0.5 -38 15
      vertex 4.75 -40 15
      vertex 4.5 -30 15
    endloop
  endfacet
  facet normal 0 0 1
    outer loop
      vertex 0.5 -38 15
      vertex -3.75 -40 15
      vertex 4.75 -40 15
    endloop
  endfacet
  facet normal 0 0 1
    outer loop
      vertex -3.75 -40 15
      vertex 0.5 -38 15
      vertex -3.5 -30 15
    endloop
  endfacet
  facet normal -0 0 1
    outer loop
      vertex 3.53109 -59.75 15
      vertex 5.69615 -62 15
      vertex 3.73358 -59.3394 15
    endloop
  endfacet
  facet normal -0 0 1
    outer loop
      vertex 3.27674 -60.1307 15
      vertex 5.69615 -62 15
      vertex 3.53109 -59.75 15
    endloop
  endfacet
  facet normal -0 0 1
    outer loop
      vertex 2.97487 -60.4749 15
      vertex 5.69615 -62 15
      vertex 3.27674 -60.1307 15
    endloop
  endfacet
  facet normal 0 0 1
    outer loop
      vertex 5.69615 -62 15
      vertex 2.97487 -60.4749 15
      vertex 5.26012 -62.6526 15
    endloop
  endfacet
  facet normal -0 0 1
    outer loop
      vertex 2.63066 -60.7767 15
      vertex 5.26012 -62.6526 15
      vertex 2.97487 -60.4749 15
    endloop
  endfacet
  facet normal 0 0 1
    outer loop
      vertex 5.26012 -62.6526 15
      vertex 2.63066 -60.7767 15
      vertex 4.74264 -63.2426 15
    endloop
  endfacet
  facet normal 0 0 1
    outer loop
      vertex 4.74264 -63.2426 15
      vertex 2.63066 -60.7767 15
      vertex 4.15257 -63.7601 15
    endloop
  endfacet
  facet normal -0 0 1
    outer loop
      vertex 2.25 -61.0311 15
      vertex 4.15257 -63.7601 15
      vertex 2.63066 -60.7767 15
    endloop
  endfacet
  facet normal 0 0 1
    outer loop
      vertex 4.15257 -63.7601 15
      vertex 2.25 -61.0311 15
      vertex 3.5 -64.1962 15
    endloop
  endfacet
  facet normal -0 0 1
    outer loop
      vertex 1.83939 -61.2336 15
      vertex 3.5 -64.1962 15
      vertex 2.25 -61.0311 15
    endloop
  endfacet
  facet normal 0 0 1
    outer loop
      vertex 3.5 -64.1962 15
      vertex 1.83939 -61.2336 15
      vertex 2.7961 -64.5433 15
    endloop
  endfacet
  facet normal -0 0 1
    outer loop
      vertex 1.40587 -61.3807 15
      vertex 2.7961 -64.5433 15
      vertex 1.83939 -61.2336 15
    endloop
  endfacet
  facet normal 0 0 1
    outer loop
      vertex 2.7961 -64.5433 15
      vertex 1.40587 -61.3807 15
      vertex 2.05291 -64.7956 15
    endloop
  endfacet
  facet normal -0 0 1
    outer loop
      vertex 0.956841 -61.4701 15
      vertex 2.05291 -64.7956 15
      vertex 1.40587 -61.3807 15
    endloop
  endfacet
  facet normal 0 0 1
    outer loop
      vertex 2.05291 -64.7956 15
      vertex 0.956841 -61.4701 15
      vertex 1.28316 -64.9487 15
    endloop
  endfacet
  facet normal -0 0 1
    outer loop
      vertex 0.5 -61.5 15
      vertex 1.28316 -64.9487 15
      vertex 0.956841 -61.4701 15
    endloop
  endfacet
  facet normal 0 0 1
    outer loop
      vertex 0.5 -61.5 15
      vertex 0.5 -65 15
      vertex 1.28316 -64.9487 15
    endloop
  endfacet
  facet normal 0 0 1
    outer loop
      vertex -0.283156 -64.9487 15
      vertex 0.5 -61.5 15
      vertex 0.0431576 -61.4701 15
    endloop
  endfacet
  facet normal 0 0 1
    outer loop
      vertex 0.5 -61.5 15
      vertex -0.283156 -64.9487 15
      vertex 0.5 -65 15
    endloop
  endfacet
  facet normal 0 0 1
    outer loop
      vertex -1.05291 -64.7956 15
      vertex 0.0431576 -61.4701 15
      vertex -0.405867 -61.3807 15
    endloop
  endfacet
  facet normal 0 0 1
    outer loop
      vertex -1.7961 -64.5433 15
      vertex -0.405867 -61.3807 15
      vertex -0.839392 -61.2336 15
    endloop
  endfacet
  facet normal 0 0 1
    outer loop
      vertex 0.0431576 -61.4701 15
      vertex -1.05291 -64.7956 15
      vertex -0.283156 -64.9487 15
    endloop
  endfacet
  facet normal 0 0 1
    outer loop
      vertex -2.5 -64.1962 15
      vertex -0.839392 -61.2336 15
      vertex -1.25 -61.0311 15
    endloop
  endfacet
  facet normal 0 0 1
    outer loop
      vertex -3.15257 -63.7601 15
      vertex -1.25 -61.0311 15
      vertex -1.63066 -60.7767 15
    endloop
  endfacet
  facet normal 0 0 1
    outer loop
      vertex -0.405867 -61.3807 15
      vertex -1.7961 -64.5433 15
      vertex -1.05291 -64.7956 15
    endloop
  endfacet
  facet normal 0 0 1
    outer loop
      vertex -3.74264 -63.2426 15
      vertex -1.63066 -60.7767 15
      vertex -1.97487 -60.4749 15
    endloop
  endfacet
  facet normal 0 0 1
    outer loop
      vertex -3.74264 -63.2426 15
      vertex -1.97487 -60.4749 15
      vertex -2.27674 -60.1307 15
    endloop
  endfacet
  facet normal 0 0 1
    outer loop
      vertex -0.839392 -61.2336 15
      vertex -2.5 -64.1962 15
      vertex -1.7961 -64.5433 15
    endloop
  endfacet
  facet normal 0 0 1
    outer loop
      vertex -3.74264 -63.2426 15
      vertex -2.27674 -60.1307 15
      vertex -2.53109 -59.75 15
    endloop
  endfacet
  facet normal 0 0 1
    outer loop
      vertex -3.74264 -63.2426 15
      vertex -2.53109 -59.75 15
      vertex -2.73358 -59.3394 15
    endloop
  endfacet
  facet normal 0 0 1
    outer loop
      vertex -3.74264 -63.2426 15
      vertex -2.73358 -59.3394 15
      vertex -2.88074 -58.9059 15
    endloop
  endfacet
  facet normal 0 0 1
    outer loop
      vertex -3.74264 -63.2426 15
      vertex -2.88074 -58.9059 15
      vertex -2.97006 -58.4568 15
    endloop
  endfacet
  facet normal 0 0 1
    outer loop
      vertex -1.25 -61.0311 15
      vertex -3.15257 -63.7601 15
      vertex -2.5 -64.1962 15
    endloop
  endfacet
  facet normal 0 0 1
    outer loop
      vertex -4.26012 -62.6526 15
      vertex -2.97006 -58.4568 15
      vertex -3 -58 15
    endloop
  endfacet
  facet normal 0 0 1
    outer loop
      vertex -4.26012 -62.6526 15
      vertex -5.5 -59 15
      vertex -4.69615 -62 15
    endloop
  endfacet
  facet normal 0 0 1
    outer loop
      vertex -4.69615 -62 15
      vertex -5.5 -59 15
      vertex -5.04328 -61.2961 15
    endloop
  endfacet
  facet normal 0 0 1
    outer loop
      vertex -5.04328 -61.2961 15
      vertex -5.5 -59 15
      vertex -5.29555 -60.5529 15
    endloop
  endfacet
  facet normal 0 0 1
    outer loop
      vertex -5.29555 -60.5529 15
      vertex -5.5 -59 15
      vertex -5.44867 -59.7832 15
    endloop
  endfacet
  facet normal -0.706275 -0.0470451 -0.706372
    outer loop
      vertex -5.00015 -29.0092 0
      vertex -6.86668 -29.0123 1.86648
      vertex -5.9 -15.5 0
    endloop
  endfacet
  facet normal 0 0 -1
    outer loop
      vertex -5.04328 -61.2961 0
      vertex -4.6 -62.1439 0
      vertex -4.69615 -62 0
    endloop
  endfacet
  facet normal 0 0 -1
    outer loop
      vertex -4.6 -62.1439 0
      vertex -5.5 -59 0
      vertex -4.6 -41 0
    endloop
  endfacet
  facet normal 0 0 -1
    outer loop
      vertex -5.5 -59 0
      vertex -5.04328 -61.2961 0
      vertex -5.29555 -60.5529 0
    endloop
  endfacet
  facet normal 0 0 -1
    outer loop
      vertex -5.5 -59 0
      vertex -5.29555 -60.5529 0
      vertex -5.44867 -59.7832 0
    endloop
  endfacet
  facet normal -0 0 -1
    outer loop
      vertex -4.6 -41 0
      vertex -5.5 -59 0
      vertex -5.00015 -29.0092 0
    endloop
  endfacet
  facet normal 0 0 -1
    outer loop
      vertex 5.6 -41 0
      vertex 0.5 -38 0
      vertex 4.5 -30 0
    endloop
  endfacet
  facet normal -0 0 -1
    outer loop
      vertex 0.5 -38 0
      vertex -4.6 -41 0
      vertex -3.5 -30 0
    endloop
  endfacet
  facet normal 0 0 -1
    outer loop
      vertex -4.6 -41 0
      vertex 0.5 -38 0
      vertex 5.6 -41 0
    endloop
  endfacet
  facet normal 0 0 -1
    outer loop
      vertex 6.29555 -60.5529 0
      vertex 6.5 -59 0
      vertex 6.44867 -59.7832 0
    endloop
  endfacet
  facet normal 0 0 -1
    outer loop
      vertex 6.04328 -61.2961 0
      vertex 6.5 -59 0
      vertex 6.29555 -60.5529 0
    endloop
  endfacet
  facet normal 0 0 -1
    outer loop
      vertex 5.6 -62.1439 0
      vertex 6.5 -59 0
      vertex 6.04328 -61.2961 0
    endloop
  endfacet
  facet normal 0 0 -1
    outer loop
      vertex 5.6 -62.1439 0
      vertex 6.04328 -61.2961 0
      vertex 5.69615 -62 0
    endloop
  endfacet
  facet normal 0 0 -1
    outer loop
      vertex 6.5 -59 0
      vertex 5.6 -41 0
      vertex 6 -29 0
    endloop
  endfacet
  facet normal -0 0 -1
    outer loop
      vertex 6.5 -59 0
      vertex 5.6 -62.1439 0
      vertex 5.6 -41 0
    endloop
  endfacet
  facet normal 0 0 -1
    outer loop
      vertex 4.5 -30 0
      vertex 6 -29 0
      vertex 5.6 -41 0
    endloop
  endfacet
  facet normal 0 0 -1
    outer loop
      vertex 0.5 -22 0
      vertex 6 -29 0
      vertex 4.5 -30 0
    endloop
  endfacet
  facet normal 0 0 -1
    outer loop
      vertex 6 -29 0
      vertex 0.5 -22 0
      vertex 6 7 0
    endloop
  endfacet
  facet normal 0 0 -1
    outer loop
      vertex -5.00015 -29.0092 0
      vertex 0.5 -22 0
      vertex -3.5 -30 0
    endloop
  endfacet
  facet normal 0 0 -1
    outer loop
      vertex -4.6 -62.1439 0
      vertex -5.04328 -61.2961 0
      vertex -5.5 -59 0
    endloop
  endfacet
  facet normal 0 0 -1
    outer loop
      vertex -5.00015 -29.0092 0
      vertex -3.5 -30 0
      vertex -4.6 -41 0
    endloop
  endfacet
  facet normal -0 0 -1
    outer loop
      vertex 0.5 -22 0
      vertex -5.00015 -29.0092 0
      vertex -5.9 -15.5 0
    endloop
  endfacet
  facet normal 0 0 -1
    outer loop
      vertex 0.5 -22 0
      vertex -5.9 -15.5 0
      vertex 6 7 0
    endloop
  endfacet
  facet normal -0 0 -1
    outer loop
      vertex 6 7 0
      vertex -5.9 -15.5 0
      vertex -5.9 7 0
    endloop
  endfacet
  facet normal 0 0 -1
    outer loop
      vertex 5 -45 0
      vertex 1.14444 -43.5848 0
      vertex 1.15 -43.5 0
    endloop
  endfacet
  facet normal 0 0 -1
    outer loop
      vertex 5 -45 0
      vertex 1.12785 -43.6682 0
      vertex 1.14444 -43.5848 0
    endloop
  endfacet
  facet normal 0 0 -1
    outer loop
      vertex 5 -45 0
      vertex 1.10052 -43.7487 0
      vertex 1.12785 -43.6682 0
    endloop
  endfacet
  facet normal 0 0 -1
    outer loop
      vertex 5 -45 0
      vertex 1.06292 -43.825 0
      vertex 1.10052 -43.7487 0
    endloop
  endfacet
  facet normal 0 0 -1
    outer loop
      vertex 5 -45 0
      vertex 1.01568 -43.8957 0
      vertex 1.06292 -43.825 0
    endloop
  endfacet
  facet normal 0 0 -1
    outer loop
      vertex 5 -45 0
      vertex 0.959619 -43.9596 0
      vertex 1.01568 -43.8957 0
    endloop
  endfacet
  facet normal 0 0 -1
    outer loop
      vertex 5 -45 0
      vertex 0.895695 -44.0157 0
      vertex 0.959619 -43.9596 0
    endloop
  endfacet
  facet normal 0 0 -1
    outer loop
      vertex 5 -45 0
      vertex 0.825 -44.0629 0
      vertex 0.895695 -44.0157 0
    endloop
  endfacet
  facet normal 0 0 -1
    outer loop
      vertex 5 -45 0
      vertex 0.748744 -44.1005 0
      vertex 0.825 -44.0629 0
    endloop
  endfacet
  facet normal 0 0 -1
    outer loop
      vertex 5 -45 0
      vertex 0.668232 -44.1279 0
      vertex 0.748744 -44.1005 0
    endloop
  endfacet
  facet normal 0 0 -1
    outer loop
      vertex 5 -45 0
      vertex 0.584842 -44.1444 0
      vertex 0.668232 -44.1279 0
    endloop
  endfacet
  facet normal 0 0 -1
    outer loop
      vertex 5 -45 0
      vertex 0.5 -44.15 0
      vertex 0.584842 -44.1444 0
    endloop
  endfacet
  facet normal 0 0 -1
    outer loop
      vertex -4 -45 0
      vertex 0.5 -44.15 0
      vertex 5 -45 0
    endloop
  endfacet
  facet normal -0 0 -1
    outer loop
      vertex -0.144439 -43.5848 0
      vertex -4 -45 0
      vertex -0.15 -43.5 0
    endloop
  endfacet
  facet normal -0 0 -1
    outer loop
      vertex -0.127851 -43.6682 0
      vertex -4 -45 0
      vertex -0.144439 -43.5848 0
    endloop
  endfacet
  facet normal -0 0 -1
    outer loop
      vertex -0.100521 -43.7487 0
      vertex -4 -45 0
      vertex -0.127851 -43.6682 0
    endloop
  endfacet
  facet normal -0 0 -1
    outer loop
      vertex -0.0629158 -43.825 0
      vertex -4 -45 0
      vertex -0.100521 -43.7487 0
    endloop
  endfacet
  facet normal -0 0 -1
    outer loop
      vertex -0.0156794 -43.8957 0
      vertex -4 -45 0
      vertex -0.0629158 -43.825 0
    endloop
  endfacet
  facet normal -0 0 -1
    outer loop
      vertex 0.0403814 -43.9596 0
      vertex -4 -45 0
      vertex -0.0156794 -43.8957 0
    endloop
  endfacet
  facet normal -0 0 -1
    outer loop
      vertex 0.104305 -44.0157 0
      vertex -4 -45 0
      vertex 0.0403814 -43.9596 0
    endloop
  endfacet
  facet normal -0 0 -1
    outer loop
      vertex 0.175 -44.0629 0
      vertex -4 -45 0
      vertex 0.104305 -44.0157 0
    endloop
  endfacet
  facet normal -0 0 -1
    outer loop
      vertex 0.251256 -44.1005 0
      vertex -4 -45 0
      vertex 0.175 -44.0629 0
    endloop
  endfacet
  facet normal -0 0 -1
    outer loop
      vertex 0.331768 -44.1279 0
      vertex -4 -45 0
      vertex 0.251256 -44.1005 0
    endloop
  endfacet
  facet normal -0 0 -1
    outer loop
      vertex 0.415158 -44.1444 0
      vertex -4 -45 0
      vertex 0.331768 -44.1279 0
    endloop
  endfacet
  facet normal -0 0 -1
    outer loop
      vertex 0.5 -44.15 0
      vertex -4 -45 0
      vertex 0.415158 -44.1444 0
    endloop
  endfacet
  facet normal 0 0 -1
    outer loop
      vertex 2.05291 -64.7956 0
      vertex 1.14444 -64.0848 0
      vertex 1.15 -64 0
    endloop
  endfacet
  facet normal 0 0 -1
    outer loop
      vertex 2.05291 -64.7956 0
      vertex 1.12785 -64.1682 0
      vertex 1.14444 -64.0848 0
    endloop
  endfacet
  facet normal 0 0 -1
    outer loop
      vertex 2.05291 -64.7956 0
      vertex 1.10052 -64.2487 0
      vertex 1.12785 -64.1682 0
    endloop
  endfacet
  facet normal 0 0 -1
    outer loop
      vertex 1.28316 -64.9487 0
      vertex 1.06292 -64.325 0
      vertex 1.10052 -64.2487 0
    endloop
  endfacet
  facet normal 0 0 -1
    outer loop
      vertex 1.28316 -64.9487 0
      vertex 1.01568 -64.3957 0
      vertex 1.06292 -64.325 0
    endloop
  endfacet
  facet normal 0 0 -1
    outer loop
      vertex 1.28316 -64.9487 0
      vertex 0.959619 -64.4596 0
      vertex 1.01568 -64.3957 0
    endloop
  endfacet
  facet normal 0 0 -1
    outer loop
      vertex 1.28316 -64.9487 0
      vertex 0.895695 -64.5157 0
      vertex 0.959619 -64.4596 0
    endloop
  endfacet
  facet normal 0 0 -1
    outer loop
      vertex 1.28316 -64.9487 0
      vertex 0.825 -64.5629 0
      vertex 0.895695 -64.5157 0
    endloop
  endfacet
  facet normal 0 0 -1
    outer loop
      vertex 1.28316 -64.9487 0
      vertex 0.748744 -64.6005 0
      vertex 0.825 -64.5629 0
    endloop
  endfacet
  facet normal 0 0 -1
    outer loop
      vertex 0.5 -65 0
      vertex 0.748744 -64.6005 0
      vertex 1.28316 -64.9487 0
    endloop
  endfacet
  facet normal 0 0 -1
    outer loop
      vertex 0.748744 -64.6005 0
      vertex 0.5 -65 0
      vertex 0.668232 -64.6279 0
    endloop
  endfacet
  facet normal 0 0 -1
    outer loop
      vertex 0.668232 -64.6279 0
      vertex 0.5 -65 0
      vertex 0.584842 -64.6444 0
    endloop
  endfacet
  facet normal 0 0 -1
    outer loop
      vertex 0.5 -65 0
      vertex 0.5 -64.65 0
      vertex 0.584842 -64.6444 0
    endloop
  endfacet
  facet normal 0 0 -1
    outer loop
      vertex 0.5 -65 0
      vertex 0.415158 -64.6444 0
      vertex 0.5 -64.65 0
    endloop
  endfacet
  facet normal 0 0 -1
    outer loop
      vertex 0.5 -65 0
      vertex 0.331768 -64.6279 0
      vertex 0.415158 -64.6444 0
    endloop
  endfacet
  facet normal 0 0 -1
    outer loop
      vertex 0.5 -65 0
      vertex 0.251256 -64.6005 0
      vertex 0.331768 -64.6279 0
    endloop
  endfacet
  facet normal 0 0 -1
    outer loop
      vertex -0.283156 -64.9487 0
      vertex 0.251256 -64.6005 0
      vertex 0.5 -65 0
    endloop
  endfacet
  facet normal -0 0 -1
    outer loop
      vertex 0.251256 -64.6005 0
      vertex -0.283156 -64.9487 0
      vertex 0.175 -64.5629 0
    endloop
  endfacet
  facet normal -0 0 -1
    outer loop
      vertex 0.175 -64.5629 0
      vertex -0.283156 -64.9487 0
      vertex 0.104305 -64.5157 0
    endloop
  endfacet
  facet normal -0 0 -1
    outer loop
      vertex 0.104305 -64.5157 0
      vertex -0.283156 -64.9487 0
      vertex 0.0403814 -64.4596 0
    endloop
  endfacet
  facet normal -0 0 -1
    outer loop
      vertex -0.127851 -64.1682 0
      vertex -1.05291 -64.7956 0
      vertex -0.144439 -64.0848 0
    endloop
  endfacet
  facet normal -0 0 -1
    outer loop
      vertex -0.100521 -64.2487 0
      vertex -1.05291 -64.7956 0
      vertex -0.127851 -64.1682 0
    endloop
  endfacet
  facet normal 0 0 -1
    outer loop
      vertex -1.05291 -64.7956 0
      vertex -0.100521 -64.2487 0
      vertex -0.283156 -64.9487 0
    endloop
  endfacet
  facet normal -0 0 -1
    outer loop
      vertex -0.0629158 -64.325 0
      vertex -0.283156 -64.9487 0
      vertex -0.100521 -64.2487 0
    endloop
  endfacet
  facet normal -0 0 -1
    outer loop
      vertex -0.0156794 -64.3957 0
      vertex -0.283156 -64.9487 0
      vertex -0.0629158 -64.325 0
    endloop
  endfacet
  facet normal -0 0 -1
    outer loop
      vertex 0.0403814 -64.4596 0
      vertex -0.283156 -64.9487 0
      vertex -0.0156794 -64.3957 0
    endloop
  endfacet
  facet normal 0 0 -1
    outer loop
      vertex 4.74264 -63.2426 0
      vertex 5 -62.5 0
      vertex 5.26012 -62.6526 0
    endloop
  endfacet
  facet normal 0 0 -1
    outer loop
      vertex 4.15257 -63.7601 0
      vertex 5 -62.5 0
      vertex 4.74264 -63.2426 0
    endloop
  endfacet
  facet normal 0 0 -1
    outer loop
      vertex 1.01568 -63.6043 0
      vertex 4.15257 -63.7601 0
      vertex 3.5 -64.1962 0
    endloop
  endfacet
  facet normal 0 0 -1
    outer loop
      vertex 1.06292 -63.675 0
      vertex 3.5 -64.1962 0
      vertex 2.7961 -64.5433 0
    endloop
  endfacet
  facet normal 0 0 -1
    outer loop
      vertex 1.14444 -63.9152 0
      vertex 2.7961 -64.5433 0
      vertex 2.05291 -64.7956 0
    endloop
  endfacet
  facet normal 0 0 -1
    outer loop
      vertex 1.10052 -64.2487 0
      vertex 2.05291 -64.7956 0
      vertex 1.28316 -64.9487 0
    endloop
  endfacet
  facet normal 0 0 -1
    outer loop
      vertex 1.14444 -63.9152 0
      vertex 2.05291 -64.7956 0
      vertex 1.15 -64 0
    endloop
  endfacet
  facet normal 0 0 -1
    outer loop
      vertex 2.7961 -64.5433 0
      vertex 1.14444 -63.9152 0
      vertex 1.12785 -63.8318 0
    endloop
  endfacet
  facet normal 0 0 -1
    outer loop
      vertex 2.7961 -64.5433 0
      vertex 1.12785 -63.8318 0
      vertex 1.10052 -63.7513 0
    endloop
  endfacet
  facet normal 0 0 -1
    outer loop
      vertex 1.06292 -63.675 0
      vertex 2.7961 -64.5433 0
      vertex 1.10052 -63.7513 0
    endloop
  endfacet
  facet normal 0 0 -1
    outer loop
      vertex 3.5 -64.1962 0
      vertex 1.06292 -63.675 0
      vertex 1.01568 -63.6043 0
    endloop
  endfacet
  facet normal 0 0 -1
    outer loop
      vertex 4.15257 -63.7601 0
      vertex 1.01568 -63.6043 0
      vertex 0.959619 -63.5404 0
    endloop
  endfacet
  facet normal 0 0 -1
    outer loop
      vertex 4.15257 -63.7601 0
      vertex 0.959619 -63.5404 0
      vertex 5 -62.5 0
    endloop
  endfacet
  facet normal 0 0 -1
    outer loop
      vertex 0.895695 -63.4843 0
      vertex 5 -62.5 0
      vertex 0.959619 -63.5404 0
    endloop
  endfacet
  facet normal 0 0 -1
    outer loop
      vertex 0.825 -63.4371 0
      vertex 5 -62.5 0
      vertex 0.895695 -63.4843 0
    endloop
  endfacet
  facet normal 0 0 -1
    outer loop
      vertex 0.748744 -63.3995 0
      vertex 5 -62.5 0
      vertex 0.825 -63.4371 0
    endloop
  endfacet
  facet normal 0 0 -1
    outer loop
      vertex 0.668232 -63.3721 0
      vertex 5 -62.5 0
      vertex 0.748744 -63.3995 0
    endloop
  endfacet
  facet normal 0 0 -1
    outer loop
      vertex 0.584842 -63.3556 0
      vertex 5 -62.5 0
      vertex 0.668232 -63.3721 0
    endloop
  endfacet
  facet normal 0 0 -1
    outer loop
      vertex 0.5 -63.35 0
      vertex 5 -62.5 0
      vertex 0.584842 -63.3556 0
    endloop
  endfacet
  facet normal 0 0 -1
    outer loop
      vertex -4 -62.5 0
      vertex 0.5 -63.35 0
      vertex 0.415158 -63.3556 0
    endloop
  endfacet
  facet normal -0 0 -1
    outer loop
      vertex -0.144439 -64.0848 0
      vertex -1.05291 -64.7956 0
      vertex -0.15 -64 0
    endloop
  endfacet
  facet normal -0 0 -1
    outer loop
      vertex -0.15 -64 0
      vertex -1.05291 -64.7956 0
      vertex -0.144439 -63.9152 0
    endloop
  endfacet
  facet normal 0 0 -1
    outer loop
      vertex -1.7961 -64.5433 0
      vertex -0.144439 -63.9152 0
      vertex -1.05291 -64.7956 0
    endloop
  endfacet
  facet normal -0 0 -1
    outer loop
      vertex -0.144439 -63.9152 0
      vertex -1.7961 -64.5433 0
      vertex -0.127851 -63.8318 0
    endloop
  endfacet
  facet normal -0 0 -1
    outer loop
      vertex -0.127851 -63.8318 0
      vertex -1.7961 -64.5433 0
      vertex -0.100521 -63.7513 0
    endloop
  endfacet
  facet normal -0 0 -1
    outer loop
      vertex -0.100521 -63.7513 0
      vertex -1.7961 -64.5433 0
      vertex -0.0629158 -63.675 0
    endloop
  endfacet
  facet normal 0 0 -1
    outer loop
      vertex -2.5 -64.1962 0
      vertex -0.0629158 -63.675 0
      vertex -1.7961 -64.5433 0
    endloop
  endfacet
  facet normal -0 0 -1
    outer loop
      vertex -0.0629158 -63.675 0
      vertex -2.5 -64.1962 0
      vertex -0.0156794 -63.6043 0
    endloop
  endfacet
  facet normal 0 0 -1
    outer loop
      vertex -3.15257 -63.7601 0
      vertex -0.0156794 -63.6043 0
      vertex -2.5 -64.1962 0
    endloop
  endfacet
  facet normal -0 0 -1
    outer loop
      vertex -0.0156794 -63.6043 0
      vertex -3.15257 -63.7601 0
      vertex 0.0403814 -63.5404 0
    endloop
  endfacet
  facet normal 0 0 -1
    outer loop
      vertex -4 -62.5 0
      vertex 0.0403814 -63.5404 0
      vertex -3.15257 -63.7601 0
    endloop
  endfacet
  facet normal 0 0 -1
    outer loop
      vertex 0.0403814 -63.5404 0
      vertex -4 -62.5 0
      vertex 0.104305 -63.4843 0
    endloop
  endfacet
  facet normal 0 0 -1
    outer loop
      vertex 0.104305 -63.4843 0
      vertex -4 -62.5 0
      vertex 0.175 -63.4371 0
    endloop
  endfacet
  facet normal 0 0 -1
    outer loop
      vertex 0.175 -63.4371 0
      vertex -4 -62.5 0
      vertex 0.251256 -63.3995 0
    endloop
  endfacet
  facet normal 0 0 -1
    outer loop
      vertex 0.251256 -63.3995 0
      vertex -4 -62.5 0
      vertex 0.331768 -63.3721 0
    endloop
  endfacet
  facet normal 0 0 -1
    outer loop
      vertex 0.331768 -63.3721 0
      vertex -4 -62.5 0
      vertex 0.415158 -63.3556 0
    endloop
  endfacet
  facet normal 0 0 -1
    outer loop
      vertex -4 -62.5 0
      vertex -3.15257 -63.7601 0
      vertex -3.74264 -63.2426 0
    endloop
  endfacet
  facet normal 0 0 -1
    outer loop
      vertex 0.5 -63.35 0
      vertex -4 -62.5 0
      vertex 5 -62.5 0
    endloop
  endfacet
  facet normal 0 0 -1
    outer loop
      vertex -4.6 -62.1439 0
      vertex -4 -62.5 0
      vertex -4.26012 -62.6526 0
    endloop
  endfacet
  facet normal 0 0 -1
    outer loop
      vertex -4.26012 -62.6526 0
      vertex -4 -62.5 0
      vertex -3.74264 -63.2426 0
    endloop
  endfacet
  facet normal 0 0 -1
    outer loop
      vertex 5 -62.5 0
      vertex 5.6 -62.1439 0
      vertex 5.26012 -62.6526 0
    endloop
  endfacet
  facet normal -0 0 -1
    outer loop
      vertex 5.6 -62.1439 0
      vertex 5 -62.5 0
      vertex 5 -45 0
    endloop
  endfacet
  facet normal 0 0 -1
    outer loop
      vertex 5.6 -62.1439 0
      vertex 5 -45 0
      vertex 5.6 -41 0
    endloop
  endfacet
  facet normal 0 0 -1
    outer loop
      vertex 1.14444 -43.4152 0
      vertex 5 -45 0
      vertex 1.15 -43.5 0
    endloop
  endfacet
  facet normal 0 0 -1
    outer loop
      vertex 1.12785 -43.3318 0
      vertex 5 -45 0
      vertex 1.14444 -43.4152 0
    endloop
  endfacet
  facet normal 0 0 -1
    outer loop
      vertex 5 -45 0
      vertex 1.12785 -43.3318 0
      vertex 5.6 -41 0
    endloop
  endfacet
  facet normal 0 0 -1
    outer loop
      vertex 1.10052 -43.2513 0
      vertex 5.6 -41 0
      vertex 1.12785 -43.3318 0
    endloop
  endfacet
  facet normal 0 0 -1
    outer loop
      vertex 1.06292 -43.175 0
      vertex 5.6 -41 0
      vertex 1.10052 -43.2513 0
    endloop
  endfacet
  facet normal 0 0 -1
    outer loop
      vertex 1.01568 -43.1043 0
      vertex 5.6 -41 0
      vertex 1.06292 -43.175 0
    endloop
  endfacet
  facet normal 0 0 -1
    outer loop
      vertex 0.959619 -43.0404 0
      vertex 5.6 -41 0
      vertex 1.01568 -43.1043 0
    endloop
  endfacet
  facet normal 0 0 -1
    outer loop
      vertex 0.895695 -42.9843 0
      vertex 5.6 -41 0
      vertex 0.959619 -43.0404 0
    endloop
  endfacet
  facet normal 0 0 -1
    outer loop
      vertex 0.825 -42.9371 0
      vertex 5.6 -41 0
      vertex 0.895695 -42.9843 0
    endloop
  endfacet
  facet normal 0 0 -1
    outer loop
      vertex 0.748744 -42.8995 0
      vertex 5.6 -41 0
      vertex 0.825 -42.9371 0
    endloop
  endfacet
  facet normal 0 0 -1
    outer loop
      vertex 0.668232 -42.8721 0
      vertex 5.6 -41 0
      vertex 0.748744 -42.8995 0
    endloop
  endfacet
  facet normal 0 0 -1
    outer loop
      vertex 0.584842 -42.8556 0
      vertex 5.6 -41 0
      vertex 0.668232 -42.8721 0
    endloop
  endfacet
  facet normal 0 0 -1
    outer loop
      vertex 0.5 -42.85 0
      vertex 5.6 -41 0
      vertex 0.584842 -42.8556 0
    endloop
  endfacet
  facet normal 0 0 -1
    outer loop
      vertex -4.6 -41 0
      vertex 0.5 -42.85 0
      vertex 0.415158 -42.8556 0
    endloop
  endfacet
  facet normal 0 0 -1
    outer loop
      vertex -4.6 -41 0
      vertex 0.415158 -42.8556 0
      vertex 0.331768 -42.8721 0
    endloop
  endfacet
  facet normal 0 0 -1
    outer loop
      vertex -4.6 -41 0
      vertex 0.331768 -42.8721 0
      vertex 0.251256 -42.8995 0
    endloop
  endfacet
  facet normal 0 0 -1
    outer loop
      vertex -4 -45 0
      vertex -0.144439 -43.4152 0
      vertex -0.15 -43.5 0
    endloop
  endfacet
  facet normal 0 0 -1
    outer loop
      vertex -4 -45 0
      vertex -0.127851 -43.3318 0
      vertex -0.144439 -43.4152 0
    endloop
  endfacet
  facet normal 0 0 -1
    outer loop
      vertex -4.6 -41 0
      vertex -0.127851 -43.3318 0
      vertex -4 -45 0
    endloop
  endfacet
  facet normal 0 0 -1
    outer loop
      vertex -0.127851 -43.3318 0
      vertex -4.6 -41 0
      vertex -0.100521 -43.2513 0
    endloop
  endfacet
  facet normal 0 0 -1
    outer loop
      vertex -0.100521 -43.2513 0
      vertex -4.6 -41 0
      vertex -0.0629158 -43.175 0
    endloop
  endfacet
  facet normal 0 0 -1
    outer loop
      vertex -0.0629158 -43.175 0
      vertex -4.6 -41 0
      vertex -0.0156794 -43.1043 0
    endloop
  endfacet
  facet normal 0 0 -1
    outer loop
      vertex -0.0156794 -43.1043 0
      vertex -4.6 -41 0
      vertex 0.0403814 -43.0404 0
    endloop
  endfacet
  facet normal 0 0 -1
    outer loop
      vertex 0.0403814 -43.0404 0
      vertex -4.6 -41 0
      vertex 0.104305 -42.9843 0
    endloop
  endfacet
  facet normal 0 0 -1
    outer loop
      vertex -4 -62.5 0
      vertex -4.6 -62.1439 0
      vertex -4 -45 0
    endloop
  endfacet
  facet normal 0 0 -1
    outer loop
      vertex 0.5 -42.85 0
      vertex -4.6 -41 0
      vertex 5.6 -41 0
    endloop
  endfacet
  facet normal 0 0 -1
    outer loop
      vertex 0.175 -42.9371 0
      vertex -4.6 -41 0
      vertex 0.251256 -42.8995 0
    endloop
  endfacet
  facet normal 0 0 -1
    outer loop
      vertex 0.104305 -42.9843 0
      vertex -4.6 -41 0
      vertex 0.175 -42.9371 0
    endloop
  endfacet
  facet normal 0 0 -1
    outer loop
      vertex -4.6 -41 0
      vertex -4 -45 0
      vertex -4.6 -62.1439 0
    endloop
  endfacet
  facet normal -0.694266 -0.138089 -0.706347
    outer loop
      vertex -7.22741 -61.0706 2
      vertex -7.43156 -60.0442 2
      vertex -5.44867 -59.7832 0
    endloop
  endfacet
  facet normal -0.694256 -0.138112 0.706353
    outer loop
      vertex -5.44867 -59.7832 15
      vertex -7.22741 -61.0706 13
      vertex -5.29555 -60.5529 15
    endloop
  endfacet
  facet normal -0.634858 -0.313093 0.706349
    outer loop
      vertex -4.69615 -62 15
      vertex -6.89104 -62.0615 13
      vertex -6.4282 -63 13
    endloop
  endfacet
  facet normal 0.227555 -0.670301 0.706339
    outer loop
      vertex 2.7961 -64.5433 15
      vertex 2.05291 -64.7956 15
      vertex 2.57055 -66.7274 13
    endloop
  endfacet
  facet normal -0.313066 -0.634881 -0.70634
    outer loop
      vertex -1.7961 -64.5433 0
      vertex -2.56147 -66.391 2
      vertex -2.5 -64.1962 0
    endloop
  endfacet
  facet normal 0.588571 -0.393262 0.706349
    outer loop
      vertex 7.4282 -63 13
      vertex 5.69615 -62 15
      vertex 6.84683 -63.8701 13
    endloop
  endfacet
  facet normal 0.997859 -0.0654027 0
    outer loop
      vertex 8.43156 -60.0442 13
      vertex 8.5 -59 2
      vertex 8.5 -59 13
    endloop
  endfacet
  facet normal 0.997859 -0.0654027 0
    outer loop
      vertex 8.5 -59 2
      vertex 8.43156 -60.0442 13
      vertex 8.43156 -60.0442 2
    endloop
  endfacet
  facet normal -0.999861 0.0166644 0
    outer loop
      vertex -7.03 -30.8 7.5
      vertex -7 -29 7.28125
      vertex -7 -29 2
    endloop
  endfacet
  facet normal -0.999861 0.0166664 1.71405e-05
    outer loop
      vertex -7 -29 7.28125
      vertex -7.03 -30.8 7.5
      vertex -7.00333 -29.2 7.5
    endloop
  endfacet
  facet normal -0.999861 0.0166636 -2.51011e-07
    outer loop
      vertex -7 -29 2
      vertex -7.08333 -34 4
      vertex -7.03 -30.8 7.5
    endloop
  endfacet
  facet normal -0.999861 0.0166646 -1.66111e-06
    outer loop
      vertex -7.08333 -34 4
      vertex -7.5 -59 2
      vertex -7.13667 -37.2 7.5
    endloop
  endfacet
  facet normal -0.999861 0.0166644 1.66644e-06
    outer loop
      vertex -7.5 -59 2
      vertex -7.08333 -34 4
      vertex -7 -29 2
    endloop
  endfacet
  facet normal -0.999861 0.0166664 -1.71405e-05
    outer loop
      vertex -7.03 -30.8 7.5
      vertex -7 -29 7.71875
      vertex -7.00333 -29.2 7.5
    endloop
  endfacet
  facet normal -0.999861 0.0166644 0
    outer loop
      vertex -7 -29 7.71875
      vertex -7.03 -30.8 7.5
      vertex -7 -29 13
    endloop
  endfacet
  facet normal -0.999861 0.0166636 2.51011e-07
    outer loop
      vertex -7.08333 -34 11
      vertex -7 -29 13
      vertex -7.03 -30.8 7.5
    endloop
  endfacet
  facet normal -0.999861 0.0166642 0
    outer loop
      vertex -7.5 -59 13
      vertex -7.13667 -37.2 7.5
      vertex -7.5 -59 2
    endloop
  endfacet
  facet normal -0.999861 0.0166646 1.66111e-06
    outer loop
      vertex -7.13667 -37.2 7.5
      vertex -7.5 -59 13
      vertex -7.08333 -34 11
    endloop
  endfacet
  facet normal -0.999861 0.0166644 -1.66644e-06
    outer loop
      vertex -7.08333 -34 11
      vertex -7.5 -59 13
      vertex -7 -29 13
    endloop
  endfacet
  facet normal 0.670295 -0.227538 -0.706351
    outer loop
      vertex 7.89104 -62.0615 2
      vertex 6.04328 -61.2961 0
      vertex 8.22741 -61.0706 2
    endloop
  endfacet
  facet normal -0.707062 0.0117844 0.707054
    outer loop
      vertex -6.86668 -29.0123 13.1335
      vertex -5.5 -59 15
      vertex -5.00015 -29.0092 15
    endloop
  endfacet
  facet normal -0.706916 0.0117813 0.707199
    outer loop
      vertex -7.5 -59 13
      vertex -6.86668 -29.0123 13.1335
      vertex -6.96682 -29.0123 13.0334
    endloop
  endfacet
  facet normal -0.707216 0.0117869 0.706899
    outer loop
      vertex -7.5 -59 13
      vertex -6.96682 -29.0123 13.0334
      vertex -7 -29 13
    endloop
  endfacet
  facet normal -0.707058 0.0117849 0.707058
    outer loop
      vertex -6.86668 -29.0123 13.1335
      vertex -7.5 -59 13
      vertex -5.5 -59 15
    endloop
  endfacet
  facet normal 0.999861 0.0166644 0
    outer loop
      vertex 8.03 -30.8 7.5
      vertex 8 -29 7.71875
      vertex 8 -29 13
    endloop
  endfacet
  facet normal 0.999861 0.0166664 -1.71405e-05
    outer loop
      vertex 8 -29 7.71875
      vertex 8.03 -30.8 7.5
      vertex 8.00333 -29.2 7.5
    endloop
  endfacet
  facet normal 0.999861 0.0166636 2.51011e-07
    outer loop
      vertex 8 -29 13
      vertex 8.08333 -34 11
      vertex 8.03 -30.8 7.5
    endloop
  endfacet
  facet normal 0.999861 0.0166646 1.66111e-06
    outer loop
      vertex 8.08333 -34 11
      vertex 8.5 -59 13
      vertex 8.13667 -37.2 7.5
    endloop
  endfacet
  facet normal 0.999861 0.0166644 -1.66644e-06
    outer loop
      vertex 8.5 -59 13
      vertex 8.08333 -34 11
      vertex 8 -29 13
    endloop
  endfacet
  facet normal 0.999861 0.0166664 1.71405e-05
    outer loop
      vertex 8.03 -30.8 7.5
      vertex 8 -29 7.28125
      vertex 8.00333 -29.2 7.5
    endloop
  endfacet
  facet normal 0.999861 0.0166644 0
    outer loop
      vertex 8 -29 7.28125
      vertex 8.03 -30.8 7.5
      vertex 8 -29 2
    endloop
  endfacet
  facet normal 0.999861 0.0166636 -2.51011e-07
    outer loop
      vertex 8.08333 -34 4
      vertex 8 -29 2
      vertex 8.03 -30.8 7.5
    endloop
  endfacet
  facet normal 0.999861 0.0166642 -0
    outer loop
      vertex 8.5 -59 2
      vertex 8.13667 -37.2 7.5
      vertex 8.5 -59 13
    endloop
  endfacet
  facet normal 0.999861 0.0166646 -1.66111e-06
    outer loop
      vertex 8.13667 -37.2 7.5
      vertex 8.5 -59 2
      vertex 8.08333 -34 4
    endloop
  endfacet
  facet normal 0.999861 0.0166644 1.66644e-06
    outer loop
      vertex 8.08333 -34 4
      vertex 8.5 -59 2
      vertex 8 -29 2
    endloop
  endfacet
  facet normal 0.706349 -0.0462933 0.706348
    outer loop
      vertex 6.5 -59 15
      vertex 6.44867 -59.7832 15
      vertex 8.43156 -60.0442 13
    endloop
  endfacet
  facet normal 0.694256 -0.138112 0.706353
    outer loop
      vertex 6.44867 -59.7832 15
      vertex 6.29555 -60.5529 15
      vertex 8.22741 -61.0706 13
    endloop
  endfacet
  facet normal -0.670296 -0.227524 -0.706354
    outer loop
      vertex -5.04328 -61.2961 0
      vertex -7.22741 -61.0706 2
      vertex -5.29555 -60.5529 0
    endloop
  endfacet
  facet normal 0.227555 -0.670301 0.706339
    outer loop
      vertex 2.7961 -64.5433 15
      vertex 2.57055 -66.7274 13
      vertex 3.56147 -66.391 13
    endloop
  endfacet
  facet normal -0.313066 -0.634881 0.70634
    outer loop
      vertex -2.5 -64.1962 15
      vertex -2.56147 -66.391 13
      vertex -1.7961 -64.5433 15
    endloop
  endfacet
  facet normal -0.63486 -0.313083 0.706351
    outer loop
      vertex -5.04328 -61.2961 15
      vertex -6.89104 -62.0615 13
      vertex -4.69615 -62 15
    endloop
  endfacet
  facet normal 0.0462688 -0.706349 0.706349
    outer loop
      vertex 1.54421 -66.9316 13
      vertex 0.5 -65 15
      vertex 0.5 -67 13
    endloop
  endfacet
  facet normal -0.532175 -0.466762 0.706345
    outer loop
      vertex -4.26012 -62.6526 15
      vertex -5.84683 -63.8701 13
      vertex -3.74264 -63.2426 15
    endloop
  endfacet
  facet normal 0.707058 0.0117843 0.707058
    outer loop
      vertex 6.5 -59 15
      vertex 8 -29 13
      vertex 6 -29 15
    endloop
  endfacet
  facet normal 0.707058 0.0117843 0.707058
    outer loop
      vertex 8 -29 13
      vertex 6.5 -59 15
      vertex 8.5 -59 13
    endloop
  endfacet
  facet normal 0.313066 -0.634881 0.70634
    outer loop
      vertex 3.5 -64.1962 15
      vertex 2.7961 -64.5433 15
      vertex 3.56147 -66.391 13
    endloop
  endfacet
  facet normal 0.706349 -0.0462962 0.706349
    outer loop
      vertex 8.5 -59 13
      vertex 6.5 -59 15
      vertex 8.43156 -60.0442 13
    endloop
  endfacet
  facet normal -0.63486 -0.313083 -0.706351
    outer loop
      vertex -4.69615 -62 0
      vertex -6.89104 -62.0615 2
      vertex -5.04328 -61.2961 0
    endloop
  endfacet
  facet normal 0.555586 -0.831459 0
    outer loop
      vertex 4.5 -65.9282 2
      vertex 5.37009 -65.3468 13
      vertex 4.5 -65.9282 13
    endloop
  endfacet
  facet normal 0.555586 -0.831459 0
    outer loop
      vertex 5.37009 -65.3468 13
      vertex 4.5 -65.9282 2
      vertex 5.37009 -65.3468 2
    endloop
  endfacet
  facet normal -0.0462689 -0.706349 0.706349
    outer loop
      vertex -0.283156 -64.9487 15
      vertex -0.544209 -66.9316 13
      vertex 0.5 -65 15
    endloop
  endfacet
  facet normal 0.831475 -0.555562 0
    outer loop
      vertex 6.84683 -63.8701 13
      vertex 7.4282 -63 2
      vertex 7.4282 -63 13
    endloop
  endfacet
  facet normal 0.831475 -0.555562 0
    outer loop
      vertex 7.4282 -63 2
      vertex 6.84683 -63.8701 13
      vertex 6.84683 -63.8701 2
    endloop
  endfacet
  facet normal -0.138129 -0.694256 -0.706349
    outer loop
      vertex -0.544209 -66.9316 2
      vertex -1.57055 -66.7274 2
      vertex -0.283156 -64.9487 0
    endloop
  endfacet
  facet normal 0.707058 0.0117843 -0.707058
    outer loop
      vertex 8.5 -59 2
      vertex 6 -29 0
      vertex 8 -29 2
    endloop
  endfacet
  facet normal 0.707058 0.0117843 -0.707058
    outer loop
      vertex 6 -29 0
      vertex 8.5 -59 2
      vertex 6.5 -59 0
    endloop
  endfacet
  facet normal 0.39331 -0.588539 -0.706349
    outer loop
      vertex 5.37009 -65.3468 2
      vertex 3.5 -64.1962 0
      vertex 4.15257 -63.7601 0
    endloop
  endfacet
  facet normal 0.466694 -0.532216 0.706359
    outer loop
      vertex 6.15685 -64.6569 13
      vertex 4.74264 -63.2426 15
      vertex 5.37009 -65.3468 13
    endloop
  endfacet
  facet normal 0.946929 -0.321444 0
    outer loop
      vertex 7.89104 -62.0615 13
      vertex 8.22741 -61.0706 2
      vertex 8.22741 -61.0706 13
    endloop
  endfacet
  facet normal 0.946929 -0.321444 0
    outer loop
      vertex 8.22741 -61.0706 2
      vertex 7.89104 -62.0615 13
      vertex 7.89104 -62.0615 2
    endloop
  endfacet
  facet normal 0.670295 -0.227538 0.706351
    outer loop
      vertex 8.22741 -61.0706 13
      vertex 6.04328 -61.2961 15
      vertex 7.89104 -62.0615 13
    endloop
  endfacet
  facet normal -0.588582 -0.393252 -0.706346
    outer loop
      vertex -5.84683 -63.8701 2
      vertex -4.6 -62.1439 0
      vertex -4.26012 -62.6526 0
    endloop
  endfacet
  facet normal -0.588568 -0.393265 -0.70635
    outer loop
      vertex -4.6 -62.1439 0
      vertex -5.84683 -63.8701 2
      vertex -4.69615 -62 0
    endloop
  endfacet
  facet normal 0.313067 -0.63488 0.70634
    outer loop
      vertex 4.5 -65.9282 13
      vertex 3.5 -64.1962 15
      vertex 3.56147 -66.391 13
    endloop
  endfacet
  facet normal 0.532202 -0.466712 0.706358
    outer loop
      vertex 6.84683 -63.8701 13
      vertex 4.74264 -63.2426 15
      vertex 6.15685 -64.6569 13
    endloop
  endfacet
  facet normal 0.896864 -0.442306 0
    outer loop
      vertex 7.4282 -63 13
      vertex 7.89104 -62.0615 2
      vertex 7.89104 -62.0615 13
    endloop
  endfacet
  facet normal 0.896864 -0.442306 0
    outer loop
      vertex 7.89104 -62.0615 2
      vertex 7.4282 -63 13
      vertex 7.4282 -63 2
    endloop
  endfacet
  facet normal 0.065364 -0.997861 0
    outer loop
      vertex 0.5 -67 2
      vertex 1.54421 -66.9316 13
      vertex 0.5 -67 13
    endloop
  endfacet
  facet normal 0.065364 -0.997861 0
    outer loop
      vertex 1.54421 -66.9316 13
      vertex 0.5 -67 2
      vertex 1.54421 -66.9316 2
    endloop
  endfacet
  facet normal 0.442264 -0.896885 0
    outer loop
      vertex 3.56147 -66.391 2
      vertex 4.5 -65.9282 13
      vertex 3.56147 -66.391 13
    endloop
  endfacet
  facet normal 0.442264 -0.896885 0
    outer loop
      vertex 4.5 -65.9282 13
      vertex 3.56147 -66.391 2
      vertex 4.5 -65.9282 2
    endloop
  endfacet
  facet normal -0.555586 -0.831459 0
    outer loop
      vertex -4.37009 -65.3468 2
      vertex -3.5 -65.9282 13
      vertex -4.37009 -65.3468 13
    endloop
  endfacet
  facet normal -0.555586 -0.831459 -0
    outer loop
      vertex -3.5 -65.9282 13
      vertex -4.37009 -65.3468 2
      vertex -3.5 -65.9282 2
    endloop
  endfacet
  facet normal -0.138087 -0.694274 0.706339
    outer loop
      vertex -1.05291 -64.7956 15
      vertex -1.57055 -66.7274 13
      vertex -0.283156 -64.9487 15
    endloop
  endfacet
  facet normal 0.532175 -0.466762 -0.706345
    outer loop
      vertex 6.84683 -63.8701 2
      vertex 4.74264 -63.2426 0
      vertex 5.26012 -62.6526 0
    endloop
  endfacet
  facet normal -0.694266 -0.138089 0.706347
    outer loop
      vertex -5.44867 -59.7832 15
      vertex -7.43156 -60.0442 13
      vertex -7.22741 -61.0706 13
    endloop
  endfacet
  facet normal 0.63486 -0.313083 -0.706351
    outer loop
      vertex 7.89104 -62.0615 2
      vertex 5.69615 -62 0
      vertex 6.04328 -61.2961 0
    endloop
  endfacet
  facet normal -0.313067 -0.63488 -0.70634
    outer loop
      vertex -2.56147 -66.391 2
      vertex -3.5 -65.9282 2
      vertex -2.5 -64.1962 0
    endloop
  endfacet
  facet normal 0.313067 -0.63488 -0.70634
    outer loop
      vertex 3.56147 -66.391 2
      vertex 3.5 -64.1962 0
      vertex 4.5 -65.9282 2
    endloop
  endfacet
  facet normal 0.0462686 -0.70635 0.706349
    outer loop
      vertex 1.28316 -64.9487 15
      vertex 0.5 -65 15
      vertex 1.54421 -66.9316 13
    endloop
  endfacet
  facet normal 0.634858 -0.313093 0.706349
    outer loop
      vertex 7.89104 -62.0615 13
      vertex 5.69615 -62 15
      vertex 7.4282 -63 13
    endloop
  endfacet
  facet normal -0.46674 -0.532192 0.706347
    outer loop
      vertex -3.74264 -63.2426 15
      vertex -4.37009 -65.3468 13
      vertex -3.15257 -63.7601 15
    endloop
  endfacet
  facet normal -0.751852 -0.659332 0
    outer loop
      vertex -5.15685 -64.6569 2
      vertex -5.84683 -63.8701 13
      vertex -5.84683 -63.8701 2
    endloop
  endfacet
  facet normal -0.751852 -0.659332 0
    outer loop
      vertex -5.84683 -63.8701 13
      vertex -5.15685 -64.6569 2
      vertex -5.15685 -64.6569 13
    endloop
  endfacet
  facet normal 0.670296 -0.227524 0.706354
    outer loop
      vertex 6.29555 -60.5529 15
      vertex 6.04328 -61.2961 15
      vertex 8.22741 -61.0706 13
    endloop
  endfacet
  facet normal 0.980788 -0.195078 0
    outer loop
      vertex 8.22741 -61.0706 13
      vertex 8.43156 -60.0442 2
      vertex 8.43156 -60.0442 13
    endloop
  endfacet
  facet normal 0.980788 -0.195078 0
    outer loop
      vertex 8.43156 -60.0442 2
      vertex 8.22741 -61.0706 13
      vertex 8.22741 -61.0706 2
    endloop
  endfacet
  facet normal 0.63486 -0.313083 0.706351
    outer loop
      vertex 6.04328 -61.2961 15
      vertex 5.69615 -62 15
      vertex 7.89104 -62.0615 13
    endloop
  endfacet
  facet normal 0.321463 -0.946922 0
    outer loop
      vertex 2.57055 -66.7274 2
      vertex 3.56147 -66.391 13
      vertex 2.57055 -66.7274 13
    endloop
  endfacet
  facet normal 0.321463 -0.946922 0
    outer loop
      vertex 3.56147 -66.391 13
      vertex 2.57055 -66.7274 2
      vertex 3.56147 -66.391 2
    endloop
  endfacet
  facet normal -0.227555 -0.670301 0.706339
    outer loop
      vertex -1.05291 -64.7956 15
      vertex -1.7961 -64.5433 15
      vertex -1.57055 -66.7274 13
    endloop
  endfacet
  facet normal -0.466694 -0.532216 0.706359
    outer loop
      vertex -3.74264 -63.2426 15
      vertex -5.15685 -64.6569 13
      vertex -4.37009 -65.3468 13
    endloop
  endfacet
  facet normal 0.138129 -0.694256 -0.706349
    outer loop
      vertex 1.54421 -66.9316 2
      vertex 1.28316 -64.9487 0
      vertex 2.57055 -66.7274 2
    endloop
  endfacet
  facet normal 0.393284 -0.588566 0.706341
    outer loop
      vertex 5.37009 -65.3468 13
      vertex 3.5 -64.1962 15
      vertex 4.5 -65.9282 13
    endloop
  endfacet
  facet normal -0.532175 -0.466762 -0.706345
    outer loop
      vertex -3.74264 -63.2426 0
      vertex -5.84683 -63.8701 2
      vertex -4.26012 -62.6526 0
    endloop
  endfacet
  facet normal -0.0462688 -0.706349 0.706349
    outer loop
      vertex 0.5 -65 15
      vertex -0.544209 -66.9316 13
      vertex 0.5 -67 13
    endloop
  endfacet
  facet normal 0.195135 -0.980776 0
    outer loop
      vertex 1.54421 -66.9316 2
      vertex 2.57055 -66.7274 13
      vertex 1.54421 -66.9316 13
    endloop
  endfacet
  facet normal 0.195135 -0.980776 0
    outer loop
      vertex 2.57055 -66.7274 13
      vertex 1.54421 -66.9316 2
      vertex 2.57055 -66.7274 2
    endloop
  endfacet
  facet normal -0.670295 -0.227538 0.706351
    outer loop
      vertex -5.04328 -61.2961 15
      vertex -7.22741 -61.0706 13
      vertex -6.89104 -62.0615 13
    endloop
  endfacet
  facet normal -0.670296 -0.227524 0.706354
    outer loop
      vertex -5.29555 -60.5529 15
      vertex -7.22741 -61.0706 13
      vertex -5.04328 -61.2961 15
    endloop
  endfacet
  facet normal 0.694266 -0.138089 0.706347
    outer loop
      vertex 8.43156 -60.0442 13
      vertex 6.44867 -59.7832 15
      vertex 8.22741 -61.0706 13
    endloop
  endfacet
  facet normal -0.670295 -0.227538 -0.706351
    outer loop
      vertex -6.89104 -62.0615 2
      vertex -7.22741 -61.0706 2
      vertex -5.04328 -61.2961 0
    endloop
  endfacet
  facet normal -0.706349 -0.0462933 0.706348
    outer loop
      vertex -5.5 -59 15
      vertex -7.43156 -60.0442 13
      vertex -5.44867 -59.7832 15
    endloop
  endfacet
  facet normal -0.706349 -0.0462962 0.706349
    outer loop
      vertex -5.5 -59 15
      vertex -7.5 -59 13
      vertex -7.43156 -60.0442 13
    endloop
  endfacet
  facet normal -0.946929 -0.321444 0
    outer loop
      vertex -6.89104 -62.0615 2
      vertex -7.22741 -61.0706 13
      vertex -7.22741 -61.0706 2
    endloop
  endfacet
  facet normal -0.946929 -0.321444 0
    outer loop
      vertex -7.22741 -61.0706 13
      vertex -6.89104 -62.0615 2
      vertex -6.89104 -62.0615 13
    endloop
  endfacet
  facet normal -0.442264 -0.896885 0
    outer loop
      vertex -3.5 -65.9282 2
      vertex -2.56147 -66.391 13
      vertex -3.5 -65.9282 13
    endloop
  endfacet
  facet normal -0.442264 -0.896885 -0
    outer loop
      vertex -2.56147 -66.391 13
      vertex -3.5 -65.9282 2
      vertex -2.56147 -66.391 2
    endloop
  endfacet
  facet normal -0.831475 -0.555562 0
    outer loop
      vertex -5.84683 -63.8701 2
      vertex -6.4282 -63 13
      vertex -6.4282 -63 2
    endloop
  endfacet
  facet normal -0.831475 -0.555562 0
    outer loop
      vertex -6.4282 -63 13
      vertex -5.84683 -63.8701 2
      vertex -5.84683 -63.8701 13
    endloop
  endfacet
  facet normal -0.997859 -0.0654027 0
    outer loop
      vertex -7.43156 -60.0442 2
      vertex -7.5 -59 13
      vertex -7.5 -59 2
    endloop
  endfacet
  facet normal -0.997859 -0.0654027 0
    outer loop
      vertex -7.5 -59 13
      vertex -7.43156 -60.0442 2
      vertex -7.43156 -60.0442 13
    endloop
  endfacet
  facet normal 0.138088 -0.694274 -0.706339
    outer loop
      vertex 2.57055 -66.7274 2
      vertex 1.28316 -64.9487 0
      vertex 2.05291 -64.7956 0
    endloop
  endfacet
  facet normal 0.706349 -0.0462962 -0.706349
    outer loop
      vertex 8.43156 -60.0442 2
      vertex 6.5 -59 0
      vertex 8.5 -59 2
    endloop
  endfacet
  facet normal 0.532175 -0.466762 0.706345
    outer loop
      vertex 5.26012 -62.6526 15
      vertex 4.74264 -63.2426 15
      vertex 6.84683 -63.8701 13
    endloop
  endfacet
  facet normal -0.39331 -0.588539 0.706349
    outer loop
      vertex -3.15257 -63.7601 15
      vertex -4.37009 -65.3468 13
      vertex -2.5 -64.1962 15
    endloop
  endfacet
  facet normal -0.393284 -0.588566 0.706341
    outer loop
      vertex -2.5 -64.1962 15
      vertex -4.37009 -65.3468 13
      vertex -3.5 -65.9282 13
    endloop
  endfacet
  facet normal 0.588579 -0.393255 0.706346
    outer loop
      vertex 5.69615 -62 15
      vertex 5.26012 -62.6526 15
      vertex 6.84683 -63.8701 13
    endloop
  endfacet
  facet normal -0.0462688 -0.706349 -0.706349
    outer loop
      vertex 0.5 -67 2
      vertex -0.544209 -66.9316 2
      vertex 0.5 -65 0
    endloop
  endfacet
  facet normal 0.751852 -0.659332 0
    outer loop
      vertex 6.15685 -64.6569 13
      vertex 6.84683 -63.8701 2
      vertex 6.84683 -63.8701 13
    endloop
  endfacet
  facet normal 0.751852 -0.659332 0
    outer loop
      vertex 6.84683 -63.8701 2
      vertex 6.15685 -64.6569 13
      vertex 6.15685 -64.6569 2
    endloop
  endfacet
  facet normal -0.706349 -0.0462962 -0.706349
    outer loop
      vertex -7.43156 -60.0442 2
      vertex -7.5 -59 2
      vertex -5.5 -59 0
    endloop
  endfacet
  facet normal -0.138129 -0.694256 0.706349
    outer loop
      vertex -0.283156 -64.9487 15
      vertex -1.57055 -66.7274 13
      vertex -0.544209 -66.9316 13
    endloop
  endfacet
  facet normal -0.706349 -0.0462933 -0.706348
    outer loop
      vertex -5.44867 -59.7832 0
      vertex -7.43156 -60.0442 2
      vertex -5.5 -59 0
    endloop
  endfacet
  facet normal 0.138088 -0.694274 0.706339
    outer loop
      vertex 2.05291 -64.7956 15
      vertex 1.28316 -64.9487 15
      vertex 2.57055 -66.7274 13
    endloop
  endfacet
  facet normal 0.138129 -0.694256 0.706349
    outer loop
      vertex 2.57055 -66.7274 13
      vertex 1.28316 -64.9487 15
      vertex 1.54421 -66.9316 13
    endloop
  endfacet
  facet normal -0.313067 -0.63488 0.70634
    outer loop
      vertex -2.5 -64.1962 15
      vertex -3.5 -65.9282 13
      vertex -2.56147 -66.391 13
    endloop
  endfacet
  facet normal 0.532202 -0.466712 -0.706358
    outer loop
      vertex 6.15685 -64.6569 2
      vertex 4.74264 -63.2426 0
      vertex 6.84683 -63.8701 2
    endloop
  endfacet
  facet normal -0.896864 -0.442306 0
    outer loop
      vertex -6.4282 -63 2
      vertex -6.89104 -62.0615 13
      vertex -6.89104 -62.0615 2
    endloop
  endfacet
  facet normal -0.896864 -0.442306 0
    outer loop
      vertex -6.89104 -62.0615 13
      vertex -6.4282 -63 2
      vertex -6.4282 -63 13
    endloop
  endfacet
  facet normal -0.588571 -0.393262 -0.706349
    outer loop
      vertex -5.84683 -63.8701 2
      vertex -6.4282 -63 2
      vertex -4.69615 -62 0
    endloop
  endfacet
  facet normal -0.532202 -0.466712 0.706358
    outer loop
      vertex -3.74264 -63.2426 15
      vertex -5.84683 -63.8701 13
      vertex -5.15685 -64.6569 13
    endloop
  endfacet
  facet normal -0.694256 -0.138112 -0.706353
    outer loop
      vertex -5.29555 -60.5529 0
      vertex -7.22741 -61.0706 2
      vertex -5.44867 -59.7832 0
    endloop
  endfacet
  facet normal 0.393284 -0.588566 -0.706341
    outer loop
      vertex 4.5 -65.9282 2
      vertex 3.5 -64.1962 0
      vertex 5.37009 -65.3468 2
    endloop
  endfacet
  facet normal -0.980788 -0.195078 0
    outer loop
      vertex -7.22741 -61.0706 2
      vertex -7.43156 -60.0442 13
      vertex -7.43156 -60.0442 2
    endloop
  endfacet
  facet normal -0.980788 -0.195078 0
    outer loop
      vertex -7.43156 -60.0442 13
      vertex -7.22741 -61.0706 2
      vertex -7.22741 -61.0706 13
    endloop
  endfacet
  facet normal -0.707058 0.0117844 -0.707057
    outer loop
      vertex -5.5 -59 0
      vertex -6.86668 -29.0123 1.86648
      vertex -5.00015 -29.0092 0
    endloop
  endfacet
  facet normal -0.707058 0.0117844 -0.707058
    outer loop
      vertex -7.5 -59 2
      vertex -6.86668 -29.0123 1.86648
      vertex -5.5 -59 0
    endloop
  endfacet
  facet normal -0.707058 0.0117844 -0.707058
    outer loop
      vertex -6.86668 -29.0123 1.86648
      vertex -7.5 -59 2
      vertex -6.96682 -29.0123 1.96662
    endloop
  endfacet
  facet normal -0.707005 0.0117834 -0.707111
    outer loop
      vertex -6.96682 -29.0123 1.96662
      vertex -7.5 -59 2
      vertex -7 -29 2
    endloop
  endfacet
  facet normal 0.0462686 -0.70635 -0.706349
    outer loop
      vertex 1.54421 -66.9316 2
      vertex 0.5 -65 0
      vertex 1.28316 -64.9487 0
    endloop
  endfacet
  facet normal -0.0462689 -0.706349 -0.706349
    outer loop
      vertex 0.5 -65 0
      vertex -0.544209 -66.9316 2
      vertex -0.283156 -64.9487 0
    endloop
  endfacet
  facet normal 0.0462688 -0.706349 -0.706349
    outer loop
      vertex 1.54421 -66.9316 2
      vertex 0.5 -67 2
      vertex 0.5 -65 0
    endloop
  endfacet
  facet normal 0.670296 -0.227524 -0.706354
    outer loop
      vertex 8.22741 -61.0706 2
      vertex 6.04328 -61.2961 0
      vertex 6.29555 -60.5529 0
    endloop
  endfacet
  facet normal -0.227555 -0.670301 0.706339
    outer loop
      vertex -1.7961 -64.5433 15
      vertex -2.56147 -66.391 13
      vertex -1.57055 -66.7274 13
    endloop
  endfacet
  facet normal -0.321463 -0.946922 0
    outer loop
      vertex -2.56147 -66.391 2
      vertex -1.57055 -66.7274 13
      vertex -2.56147 -66.391 13
    endloop
  endfacet
  facet normal -0.321463 -0.946922 -0
    outer loop
      vertex -1.57055 -66.7274 13
      vertex -2.56147 -66.391 2
      vertex -1.57055 -66.7274 2
    endloop
  endfacet
  facet normal 0.46674 -0.532192 0.706347
    outer loop
      vertex 4.74264 -63.2426 15
      vertex 4.15257 -63.7601 15
      vertex 5.37009 -65.3468 13
    endloop
  endfacet
  facet normal 0.39331 -0.588539 0.706349
    outer loop
      vertex 4.15257 -63.7601 15
      vertex 3.5 -64.1962 15
      vertex 5.37009 -65.3468 13
    endloop
  endfacet
  facet normal -0.065364 -0.997861 0
    outer loop
      vertex -0.544209 -66.9316 2
      vertex 0.5 -67 13
      vertex -0.544209 -66.9316 13
    endloop
  endfacet
  facet normal -0.065364 -0.997861 -0
    outer loop
      vertex 0.5 -67 13
      vertex -0.544209 -66.9316 2
      vertex 0.5 -67 2
    endloop
  endfacet
  facet normal -0.195135 -0.980776 0
    outer loop
      vertex -1.57055 -66.7274 2
      vertex -0.544209 -66.9316 13
      vertex -1.57055 -66.7274 13
    endloop
  endfacet
  facet normal -0.195135 -0.980776 -0
    outer loop
      vertex -0.544209 -66.9316 13
      vertex -1.57055 -66.7274 2
      vertex -0.544209 -66.9316 2
    endloop
  endfacet
  facet normal 0.227555 -0.670301 -0.706339
    outer loop
      vertex 3.56147 -66.391 2
      vertex 2.57055 -66.7274 2
      vertex 2.7961 -64.5433 0
    endloop
  endfacet
  facet normal -0.138087 -0.694274 -0.706339
    outer loop
      vertex -0.283156 -64.9487 0
      vertex -1.57055 -66.7274 2
      vertex -1.05291 -64.7956 0
    endloop
  endfacet
  facet normal -0.227555 -0.670301 -0.706339
    outer loop
      vertex -1.57055 -66.7274 2
      vertex -2.56147 -66.391 2
      vertex -1.7961 -64.5433 0
    endloop
  endfacet
  facet normal -0.659308 -0.751873 0
    outer loop
      vertex -5.15685 -64.6569 2
      vertex -4.37009 -65.3468 13
      vertex -5.15685 -64.6569 13
    endloop
  endfacet
  facet normal -0.659308 -0.751873 -0
    outer loop
      vertex -4.37009 -65.3468 13
      vertex -5.15685 -64.6569 2
      vertex -4.37009 -65.3468 2
    endloop
  endfacet
  facet normal -0.588579 -0.393255 0.706346
    outer loop
      vertex -4.69615 -62 15
      vertex -5.84683 -63.8701 13
      vertex -4.26012 -62.6526 15
    endloop
  endfacet
  facet normal -0.588571 -0.393262 0.706349
    outer loop
      vertex -4.69615 -62 15
      vertex -6.4282 -63 13
      vertex -5.84683 -63.8701 13
    endloop
  endfacet
  facet normal -0.227555 -0.670301 -0.706339
    outer loop
      vertex -1.57055 -66.7274 2
      vertex -1.7961 -64.5433 0
      vertex -1.05291 -64.7956 0
    endloop
  endfacet
  facet normal 0.634858 -0.313093 -0.706349
    outer loop
      vertex 7.4282 -63 2
      vertex 5.69615 -62 0
      vertex 7.89104 -62.0615 2
    endloop
  endfacet
  facet normal 0.588571 -0.393262 -0.706349
    outer loop
      vertex 6.84683 -63.8701 2
      vertex 5.69615 -62 0
      vertex 7.4282 -63 2
    endloop
  endfacet
  facet normal 0.313066 -0.634881 -0.70634
    outer loop
      vertex 3.56147 -66.391 2
      vertex 2.7961 -64.5433 0
      vertex 3.5 -64.1962 0
    endloop
  endfacet
  facet normal 0.227555 -0.670301 -0.706339
    outer loop
      vertex 2.57055 -66.7274 2
      vertex 2.05291 -64.7956 0
      vertex 2.7961 -64.5433 0
    endloop
  endfacet
  facet normal 0.694256 -0.138112 -0.706353
    outer loop
      vertex 8.22741 -61.0706 2
      vertex 6.29555 -60.5529 0
      vertex 6.44867 -59.7832 0
    endloop
  endfacet
  facet normal 0.659308 -0.751873 0
    outer loop
      vertex 5.37009 -65.3468 2
      vertex 6.15685 -64.6569 13
      vertex 5.37009 -65.3468 13
    endloop
  endfacet
  facet normal 0.659308 -0.751873 0
    outer loop
      vertex 6.15685 -64.6569 13
      vertex 5.37009 -65.3468 2
      vertex 6.15685 -64.6569 2
    endloop
  endfacet
  facet normal -0.634858 -0.313093 -0.706349
    outer loop
      vertex -6.4282 -63 2
      vertex -6.89104 -62.0615 2
      vertex -4.69615 -62 0
    endloop
  endfacet
  facet normal -0.46674 -0.532192 -0.706347
    outer loop
      vertex -3.15257 -63.7601 0
      vertex -4.37009 -65.3468 2
      vertex -3.74264 -63.2426 0
    endloop
  endfacet
  facet normal -0.39331 -0.588539 -0.706349
    outer loop
      vertex -2.5 -64.1962 0
      vertex -4.37009 -65.3468 2
      vertex -3.15257 -63.7601 0
    endloop
  endfacet
  facet normal 0.588568 -0.393265 -0.70635
    outer loop
      vertex 6.84683 -63.8701 2
      vertex 5.6 -62.1439 0
      vertex 5.69615 -62 0
    endloop
  endfacet
  facet normal 0.588582 -0.393252 -0.706346
    outer loop
      vertex 5.6 -62.1439 0
      vertex 6.84683 -63.8701 2
      vertex 5.26012 -62.6526 0
    endloop
  endfacet
  facet normal -0.393284 -0.588566 -0.706341
    outer loop
      vertex -3.5 -65.9282 2
      vertex -4.37009 -65.3468 2
      vertex -2.5 -64.1962 0
    endloop
  endfacet
  facet normal -0.532202 -0.466712 -0.706358
    outer loop
      vertex -5.15685 -64.6569 2
      vertex -5.84683 -63.8701 2
      vertex -3.74264 -63.2426 0
    endloop
  endfacet
  facet normal -0.466694 -0.532216 -0.706359
    outer loop
      vertex -4.37009 -65.3468 2
      vertex -5.15685 -64.6569 2
      vertex -3.74264 -63.2426 0
    endloop
  endfacet
  facet normal 0.466694 -0.532216 -0.706359
    outer loop
      vertex 5.37009 -65.3468 2
      vertex 4.74264 -63.2426 0
      vertex 6.15685 -64.6569 2
    endloop
  endfacet
  facet normal 0.46674 -0.532192 -0.706347
    outer loop
      vertex 5.37009 -65.3468 2
      vertex 4.15257 -63.7601 0
      vertex 4.74264 -63.2426 0
    endloop
  endfacet
  facet normal 0.706349 -0.0462933 -0.706348
    outer loop
      vertex 8.43156 -60.0442 2
      vertex 6.44867 -59.7832 0
      vertex 6.5 -59 0
    endloop
  endfacet
  facet normal 0.694266 -0.138089 -0.706347
    outer loop
      vertex 8.22741 -61.0706 2
      vertex 6.44867 -59.7832 0
      vertex 8.43156 -60.0442 2
    endloop
  endfacet
  facet normal 0.98079 0.195066 0
    outer loop
      vertex 3.97006 -57.5432 15.5
      vertex 3.88074 -57.0941 15
      vertex 3.88074 -57.0941 15.5
    endloop
  endfacet
  facet normal 0.98079 0.195066 0
    outer loop
      vertex 3.88074 -57.0941 15
      vertex 3.97006 -57.5432 15.5
      vertex 3.97006 -57.5432 15
    endloop
  endfacet
  facet normal 0.997859 0.0654026 0
    outer loop
      vertex 4 -58 15.5
      vertex 3.97006 -57.5432 15
      vertex 3.97006 -57.5432 15.5
    endloop
  endfacet
  facet normal 0.997859 0.0654026 0
    outer loop
      vertex 3.97006 -57.5432 15
      vertex 4 -58 15.5
      vertex 4 -58 15
    endloop
  endfacet
  facet normal 0.0653097 -0.997865 0
    outer loop
      vertex 0.5 -61.5 15
      vertex 0.956841 -61.4701 15.5
      vertex 0.5 -61.5 15.5
    endloop
  endfacet
  facet normal 0.0653097 -0.997865 0
    outer loop
      vertex 0.956841 -61.4701 15.5
      vertex 0.5 -61.5 15
      vertex 0.956841 -61.4701 15
    endloop
  endfacet
  facet normal 0.442305 0.896864 -0
    outer loop
      vertex 2.25 -54.9689 15
      vertex 1.83939 -54.7664 15.5
      vertex 2.25 -54.9689 15.5
    endloop
  endfacet
  facet normal 0.442305 0.896864 0
    outer loop
      vertex 1.83939 -54.7664 15.5
      vertex 2.25 -54.9689 15
      vertex 1.83939 -54.7664 15
    endloop
  endfacet
  facet normal 0.321322 -0.94697 0
    outer loop
      vertex 1.40587 -61.3807 15
      vertex 1.83939 -61.2336 15.5
      vertex 1.40587 -61.3807 15.5
    endloop
  endfacet
  facet normal 0.321322 -0.94697 0
    outer loop
      vertex 1.83939 -61.2336 15.5
      vertex 1.40587 -61.3807 15
      vertex 1.83939 -61.2336 15
    endloop
  endfacet
  facet normal -0.0653095 -0.997865 0
    outer loop
      vertex 0.0431576 -61.4701 15
      vertex 0.5 -61.5 15.5
      vertex 0.0431576 -61.4701 15.5
    endloop
  endfacet
  facet normal -0.0653095 -0.997865 -0
    outer loop
      vertex 0.5 -61.5 15.5
      vertex 0.0431576 -61.4701 15
      vertex 0.5 -61.5 15
    endloop
  endfacet
  facet normal 0.751824 0.659364 0
    outer loop
      vertex 3.27674 -55.8693 15.5
      vertex 2.97487 -55.5251 15
      vertex 2.97487 -55.5251 15.5
    endloop
  endfacet
  facet normal 0.751824 0.659364 0
    outer loop
      vertex 2.97487 -55.5251 15
      vertex 3.27674 -55.8693 15.5
      vertex 3.27674 -55.8693 15
    endloop
  endfacet
  facet normal 0.946926 -0.321452 0
    outer loop
      vertex 3.73358 -59.3394 15.5
      vertex 3.88074 -58.9059 15
      vertex 3.88074 -58.9059 15.5
    endloop
  endfacet
  facet normal 0.946926 -0.321452 0
    outer loop
      vertex 3.88074 -58.9059 15
      vertex 3.73358 -59.3394 15.5
      vertex 3.73358 -59.3394 15
    endloop
  endfacet
  facet normal -0.442307 0.896864 0
    outer loop
      vertex -0.839392 -54.7664 15
      vertex -1.25 -54.9689 15.5
      vertex -0.839392 -54.7664 15.5
    endloop
  endfacet
  facet normal -0.442307 0.896864 0
    outer loop
      vertex -1.25 -54.9689 15.5
      vertex -0.839392 -54.7664 15
      vertex -1.25 -54.9689 15
    endloop
  endfacet
  facet normal -0.997859 -0.0654026 0
    outer loop
      vertex -2.97006 -58.4568 15
      vertex -3 -58 15.5
      vertex -3 -58 15
    endloop
  endfacet
  facet normal -0.997859 -0.0654026 0
    outer loop
      vertex -3 -58 15.5
      vertex -2.97006 -58.4568 15
      vertex -2.97006 -58.4568 15.5
    endloop
  endfacet
  facet normal -0.98079 0.195066 0
    outer loop
      vertex -2.97006 -57.5432 15
      vertex -2.88074 -57.0941 15.5
      vertex -2.88074 -57.0941 15
    endloop
  endfacet
  facet normal -0.98079 0.195066 0
    outer loop
      vertex -2.88074 -57.0941 15.5
      vertex -2.97006 -57.5432 15
      vertex -2.97006 -57.5432 15.5
    endloop
  endfacet
  facet normal -0.321318 0.946971 0
    outer loop
      vertex -0.405867 -54.6193 15
      vertex -0.839392 -54.7664 15.5
      vertex -0.405867 -54.6193 15.5
    endloop
  endfacet
  facet normal -0.321318 0.946971 0
    outer loop
      vertex -0.839392 -54.7664 15.5
      vertex -0.405867 -54.6193 15
      vertex -0.839392 -54.7664 15
    endloop
  endfacet
  facet normal 0.946926 0.321452 0
    outer loop
      vertex 3.88074 -57.0941 15.5
      vertex 3.73358 -56.6606 15
      vertex 3.73358 -56.6606 15.5
    endloop
  endfacet
  facet normal 0.946926 0.321452 0
    outer loop
      vertex 3.73358 -56.6606 15
      vertex 3.88074 -57.0941 15.5
      vertex 3.88074 -57.0941 15
    endloop
  endfacet
  facet normal -0.195266 -0.98075 0
    outer loop
      vertex -0.405867 -61.3807 15
      vertex 0.0431576 -61.4701 15.5
      vertex -0.405867 -61.3807 15.5
    endloop
  endfacet
  facet normal -0.195266 -0.98075 -0
    outer loop
      vertex 0.0431576 -61.4701 15.5
      vertex -0.405867 -61.3807 15
      vertex 0.0431576 -61.4701 15
    endloop
  endfacet
  facet normal 0.321322 0.94697 -0
    outer loop
      vertex 1.83939 -54.7664 15
      vertex 1.40587 -54.6193 15.5
      vertex 1.83939 -54.7664 15.5
    endloop
  endfacet
  facet normal 0.321322 0.94697 0
    outer loop
      vertex 1.40587 -54.6193 15.5
      vertex 1.83939 -54.7664 15
      vertex 1.40587 -54.6193 15
    endloop
  endfacet
  facet normal -0.946926 0.321452 0
    outer loop
      vertex -2.88074 -57.0941 15
      vertex -2.73358 -56.6606 15.5
      vertex -2.73358 -56.6606 15
    endloop
  endfacet
  facet normal -0.946926 0.321452 0
    outer loop
      vertex -2.73358 -56.6606 15.5
      vertex -2.88074 -57.0941 15
      vertex -2.88074 -57.0941 15.5
    endloop
  endfacet
  facet normal -0.896869 -0.442297 0
    outer loop
      vertex -2.53109 -59.75 15
      vertex -2.73358 -59.3394 15.5
      vertex -2.73358 -59.3394 15
    endloop
  endfacet
  facet normal -0.896869 -0.442297 0
    outer loop
      vertex -2.73358 -59.3394 15.5
      vertex -2.53109 -59.75 15
      vertex -2.53109 -59.75 15.5
    endloop
  endfacet
  facet normal -0.555647 0.831418 0
    outer loop
      vertex -1.25 -54.9689 15
      vertex -1.63066 -55.2233 15.5
      vertex -1.25 -54.9689 15.5
    endloop
  endfacet
  facet normal -0.555647 0.831418 0
    outer loop
      vertex -1.63066 -55.2233 15.5
      vertex -1.25 -54.9689 15
      vertex -1.63066 -55.2233 15
    endloop
  endfacet
  facet normal -0.442307 -0.896864 0
    outer loop
      vertex -1.25 -61.0311 15
      vertex -0.839392 -61.2336 15.5
      vertex -1.25 -61.0311 15.5
    endloop
  endfacet
  facet normal -0.442307 -0.896864 -0
    outer loop
      vertex -0.839392 -61.2336 15.5
      vertex -1.25 -61.0311 15
      vertex -0.839392 -61.2336 15
    endloop
  endfacet
  facet normal 0.195264 0.980751 -0
    outer loop
      vertex 1.40587 -54.6193 15
      vertex 0.956841 -54.5299 15.5
      vertex 1.40587 -54.6193 15.5
    endloop
  endfacet
  facet normal 0.195264 0.980751 0
    outer loop
      vertex 0.956841 -54.5299 15.5
      vertex 1.40587 -54.6193 15
      vertex 0.956841 -54.5299 15
    endloop
  endfacet
  facet normal 0.98079 -0.195066 0
    outer loop
      vertex 3.88074 -58.9059 15.5
      vertex 3.97006 -58.4568 15
      vertex 3.97006 -58.4568 15.5
    endloop
  endfacet
  facet normal 0.98079 -0.195066 0
    outer loop
      vertex 3.97006 -58.4568 15
      vertex 3.88074 -58.9059 15.5
      vertex 3.88074 -58.9059 15
    endloop
  endfacet
  facet normal -0.659267 -0.751909 0
    outer loop
      vertex -1.97487 -60.4749 15
      vertex -1.63066 -60.7767 15.5
      vertex -1.97487 -60.4749 15.5
    endloop
  endfacet
  facet normal -0.659267 -0.751909 -0
    outer loop
      vertex -1.63066 -60.7767 15.5
      vertex -1.97487 -60.4749 15
      vertex -1.63066 -60.7767 15
    endloop
  endfacet
  facet normal -0.659267 0.751909 0
    outer loop
      vertex -1.63066 -55.2233 15
      vertex -1.97487 -55.5251 15.5
      vertex -1.63066 -55.2233 15.5
    endloop
  endfacet
  facet normal -0.659267 0.751909 0
    outer loop
      vertex -1.97487 -55.5251 15.5
      vertex -1.63066 -55.2233 15
      vertex -1.97487 -55.5251 15
    endloop
  endfacet
  facet normal -0.946926 -0.321452 0
    outer loop
      vertex -2.73358 -59.3394 15
      vertex -2.88074 -58.9059 15.5
      vertex -2.88074 -58.9059 15
    endloop
  endfacet
  facet normal -0.946926 -0.321452 0
    outer loop
      vertex -2.88074 -58.9059 15.5
      vertex -2.73358 -59.3394 15
      vertex -2.73358 -59.3394 15.5
    endloop
  endfacet
  facet normal 0.896869 -0.442297 0
    outer loop
      vertex 3.53109 -59.75 15.5
      vertex 3.73358 -59.3394 15
      vertex 3.73358 -59.3394 15.5
    endloop
  endfacet
  facet normal 0.896869 -0.442297 0
    outer loop
      vertex 3.73358 -59.3394 15
      vertex 3.53109 -59.75 15.5
      vertex 3.53109 -59.75 15
    endloop
  endfacet
  facet normal 0.195264 -0.980751 0
    outer loop
      vertex 0.956841 -61.4701 15
      vertex 1.40587 -61.3807 15.5
      vertex 0.956841 -61.4701 15.5
    endloop
  endfacet
  facet normal 0.195264 -0.980751 0
    outer loop
      vertex 1.40587 -61.3807 15.5
      vertex 0.956841 -61.4701 15
      vertex 1.40587 -61.3807 15
    endloop
  endfacet
  facet normal 0.555647 0.831418 -0
    outer loop
      vertex 2.63066 -55.2233 15
      vertex 2.25 -54.9689 15.5
      vertex 2.63066 -55.2233 15.5
    endloop
  endfacet
  facet normal 0.555647 0.831418 0
    outer loop
      vertex 2.25 -54.9689 15.5
      vertex 2.63066 -55.2233 15
      vertex 2.25 -54.9689 15
    endloop
  endfacet
  facet normal 0.659267 0.751909 -0
    outer loop
      vertex 2.97487 -55.5251 15
      vertex 2.63066 -55.2233 15.5
      vertex 2.97487 -55.5251 15.5
    endloop
  endfacet
  facet normal 0.659267 0.751909 0
    outer loop
      vertex 2.63066 -55.2233 15.5
      vertex 2.97487 -55.5251 15
      vertex 2.63066 -55.2233 15
    endloop
  endfacet
  facet normal 0.831495 0.555532 0
    outer loop
      vertex 3.53109 -56.25 15.5
      vertex 3.27674 -55.8693 15
      vertex 3.27674 -55.8693 15.5
    endloop
  endfacet
  facet normal 0.831495 0.555532 0
    outer loop
      vertex 3.27674 -55.8693 15
      vertex 3.53109 -56.25 15.5
      vertex 3.53109 -56.25 15
    endloop
  endfacet
  facet normal 0.997859 -0.0654026 0
    outer loop
      vertex 3.97006 -58.4568 15.5
      vertex 4 -58 15
      vertex 4 -58 15.5
    endloop
  endfacet
  facet normal 0.997859 -0.0654026 0
    outer loop
      vertex 4 -58 15
      vertex 3.97006 -58.4568 15.5
      vertex 3.97006 -58.4568 15
    endloop
  endfacet
  facet normal -0.321318 -0.946971 0
    outer loop
      vertex -0.839392 -61.2336 15
      vertex -0.405867 -61.3807 15.5
      vertex -0.839392 -61.2336 15.5
    endloop
  endfacet
  facet normal -0.321318 -0.946971 -0
    outer loop
      vertex -0.405867 -61.3807 15.5
      vertex -0.839392 -61.2336 15
      vertex -0.405867 -61.3807 15
    endloop
  endfacet
  facet normal -0.98079 -0.195066 0
    outer loop
      vertex -2.88074 -58.9059 15
      vertex -2.97006 -58.4568 15.5
      vertex -2.97006 -58.4568 15
    endloop
  endfacet
  facet normal -0.98079 -0.195066 0
    outer loop
      vertex -2.97006 -58.4568 15.5
      vertex -2.88074 -58.9059 15
      vertex -2.88074 -58.9059 15.5
    endloop
  endfacet
  facet normal -0.195266 0.98075 0
    outer loop
      vertex 0.0431576 -54.5299 15
      vertex -0.405867 -54.6193 15.5
      vertex 0.0431576 -54.5299 15.5
    endloop
  endfacet
  facet normal -0.195266 0.98075 0
    outer loop
      vertex -0.405867 -54.6193 15.5
      vertex 0.0431576 -54.5299 15
      vertex -0.405867 -54.6193 15
    endloop
  endfacet
  facet normal -0.997859 0.0654026 0
    outer loop
      vertex -3 -58 15
      vertex -2.97006 -57.5432 15.5
      vertex -2.97006 -57.5432 15
    endloop
  endfacet
  facet normal -0.997859 0.0654026 0
    outer loop
      vertex -2.97006 -57.5432 15.5
      vertex -3 -58 15
      vertex -3 -58 15.5
    endloop
  endfacet
  facet normal 0.442305 -0.896864 0
    outer loop
      vertex 1.83939 -61.2336 15
      vertex 2.25 -61.0311 15.5
      vertex 1.83939 -61.2336 15.5
    endloop
  endfacet
  facet normal 0.442305 -0.896864 0
    outer loop
      vertex 2.25 -61.0311 15.5
      vertex 1.83939 -61.2336 15
      vertex 2.25 -61.0311 15
    endloop
  endfacet
  facet normal -0.751824 -0.659364 0
    outer loop
      vertex -1.97487 -60.4749 15
      vertex -2.27674 -60.1307 15.5
      vertex -2.27674 -60.1307 15
    endloop
  endfacet
  facet normal -0.751824 -0.659364 0
    outer loop
      vertex -2.27674 -60.1307 15.5
      vertex -1.97487 -60.4749 15
      vertex -1.97487 -60.4749 15.5
    endloop
  endfacet
  facet normal 0.0653097 0.997865 -0
    outer loop
      vertex 0.956841 -54.5299 15
      vertex 0.5 -54.5 15.5
      vertex 0.956841 -54.5299 15.5
    endloop
  endfacet
  facet normal 0.0653097 0.997865 0
    outer loop
      vertex 0.5 -54.5 15.5
      vertex 0.956841 -54.5299 15
      vertex 0.5 -54.5 15
    endloop
  endfacet
  facet normal -0.555647 -0.831418 0
    outer loop
      vertex -1.63066 -60.7767 15
      vertex -1.25 -61.0311 15.5
      vertex -1.63066 -60.7767 15.5
    endloop
  endfacet
  facet normal -0.555647 -0.831418 -0
    outer loop
      vertex -1.25 -61.0311 15.5
      vertex -1.63066 -60.7767 15
      vertex -1.25 -61.0311 15
    endloop
  endfacet
  facet normal 0.896869 0.442297 0
    outer loop
      vertex 3.73358 -56.6606 15.5
      vertex 3.53109 -56.25 15
      vertex 3.53109 -56.25 15.5
    endloop
  endfacet
  facet normal 0.896869 0.442297 0
    outer loop
      vertex 3.53109 -56.25 15
      vertex 3.73358 -56.6606 15.5
      vertex 3.73358 -56.6606 15
    endloop
  endfacet
  facet normal 0.751824 -0.659364 0
    outer loop
      vertex 2.97487 -60.4749 15.5
      vertex 3.27674 -60.1307 15
      vertex 3.27674 -60.1307 15.5
    endloop
  endfacet
  facet normal 0.751824 -0.659364 0
    outer loop
      vertex 3.27674 -60.1307 15
      vertex 2.97487 -60.4749 15.5
      vertex 2.97487 -60.4749 15
    endloop
  endfacet
  facet normal -0.0653095 0.997865 0
    outer loop
      vertex 0.5 -54.5 15
      vertex 0.0431576 -54.5299 15.5
      vertex 0.5 -54.5 15.5
    endloop
  endfacet
  facet normal -0.0653095 0.997865 0
    outer loop
      vertex 0.0431576 -54.5299 15.5
      vertex 0.5 -54.5 15
      vertex 0.0431576 -54.5299 15
    endloop
  endfacet
  facet normal 0.831495 -0.555532 0
    outer loop
      vertex 3.27674 -60.1307 15.5
      vertex 3.53109 -59.75 15
      vertex 3.53109 -59.75 15.5
    endloop
  endfacet
  facet normal 0.831495 -0.555532 0
    outer loop
      vertex 3.53109 -59.75 15
      vertex 3.27674 -60.1307 15.5
      vertex 3.27674 -60.1307 15
    endloop
  endfacet
  facet normal -0.831495 -0.555532 0
    outer loop
      vertex -2.27674 -60.1307 15
      vertex -2.53109 -59.75 15.5
      vertex -2.53109 -59.75 15
    endloop
  endfacet
  facet normal -0.831495 -0.555532 0
    outer loop
      vertex -2.53109 -59.75 15.5
      vertex -2.27674 -60.1307 15
      vertex -2.27674 -60.1307 15.5
    endloop
  endfacet
  facet normal -0.896869 0.442297 0
    outer loop
      vertex -2.73358 -56.6606 15
      vertex -2.53109 -56.25 15.5
      vertex -2.53109 -56.25 15
    endloop
  endfacet
  facet normal -0.896869 0.442297 0
    outer loop
      vertex -2.53109 -56.25 15.5
      vertex -2.73358 -56.6606 15
      vertex -2.73358 -56.6606 15.5
    endloop
  endfacet
  facet normal 0.555647 -0.831418 0
    outer loop
      vertex 2.25 -61.0311 15
      vertex 2.63066 -60.7767 15.5
      vertex 2.25 -61.0311 15.5
    endloop
  endfacet
  facet normal 0.555647 -0.831418 0
    outer loop
      vertex 2.63066 -60.7767 15.5
      vertex 2.25 -61.0311 15
      vertex 2.63066 -60.7767 15
    endloop
  endfacet
  facet normal 0 0 1
    outer loop
      vertex 1.35 -58 15.5
      vertex 4 -58 15.5
      vertex 3.97006 -57.5432 15.5
    endloop
  endfacet
  facet normal 0 0 1
    outer loop
      vertex 1.34273 -57.8891 15.5
      vertex 3.97006 -57.5432 15.5
      vertex 3.88074 -57.0941 15.5
    endloop
  endfacet
  facet normal 0 0 1
    outer loop
      vertex 4 -58 15.5
      vertex 1.35 -58 15.5
      vertex 3.97006 -58.4568 15.5
    endloop
  endfacet
  facet normal 0 0 1
    outer loop
      vertex 1.32104 -57.78 15.5
      vertex 3.88074 -57.0941 15.5
      vertex 3.73358 -56.6606 15.5
    endloop
  endfacet
  facet normal -0 0 1
    outer loop
      vertex 1.34273 -58.1109 15.5
      vertex 3.97006 -58.4568 15.5
      vertex 1.35 -58 15.5
    endloop
  endfacet
  facet normal 0 0 1
    outer loop
      vertex 1.2853 -57.6747 15.5
      vertex 3.73358 -56.6606 15.5
      vertex 3.53109 -56.25 15.5
    endloop
  endfacet
  facet normal 0 0 1
    outer loop
      vertex 3.97006 -58.4568 15.5
      vertex 1.34273 -58.1109 15.5
      vertex 3.88074 -58.9059 15.5
    endloop
  endfacet
  facet normal 0 0 1
    outer loop
      vertex 1.23612 -57.575 15.5
      vertex 3.53109 -56.25 15.5
      vertex 3.27674 -55.8693 15.5
    endloop
  endfacet
  facet normal -0 0 1
    outer loop
      vertex 1.32104 -58.22 15.5
      vertex 3.88074 -58.9059 15.5
      vertex 1.34273 -58.1109 15.5
    endloop
  endfacet
  facet normal 0 0 1
    outer loop
      vertex 1.17435 -57.4826 15.5
      vertex 3.27674 -55.8693 15.5
      vertex 2.97487 -55.5251 15.5
    endloop
  endfacet
  facet normal 0 0 1
    outer loop
      vertex 3.88074 -58.9059 15.5
      vertex 1.32104 -58.22 15.5
      vertex 3.73358 -59.3394 15.5
    endloop
  endfacet
  facet normal 0 0 1
    outer loop
      vertex 1.10104 -57.399 15.5
      vertex 2.97487 -55.5251 15.5
      vertex 2.63066 -55.2233 15.5
    endloop
  endfacet
  facet normal -0 0 1
    outer loop
      vertex 1.2853 -58.3253 15.5
      vertex 3.73358 -59.3394 15.5
      vertex 1.32104 -58.22 15.5
    endloop
  endfacet
  facet normal 0 0 1
    outer loop
      vertex 1.01745 -57.3256 15.5
      vertex 2.63066 -55.2233 15.5
      vertex 2.25 -54.9689 15.5
    endloop
  endfacet
  facet normal 0 0 1
    outer loop
      vertex 3.73358 -59.3394 15.5
      vertex 1.2853 -58.3253 15.5
      vertex 3.53109 -59.75 15.5
    endloop
  endfacet
  facet normal 0 0 1
    outer loop
      vertex 0.924999 -57.2639 15.5
      vertex 2.25 -54.9689 15.5
      vertex 1.83939 -54.7664 15.5
    endloop
  endfacet
  facet normal -0 0 1
    outer loop
      vertex 1.23612 -58.425 15.5
      vertex 3.53109 -59.75 15.5
      vertex 1.2853 -58.3253 15.5
    endloop
  endfacet
  facet normal 0 0 1
    outer loop
      vertex 0.82528 -57.2147 15.5
      vertex 1.83939 -54.7664 15.5
      vertex 1.40587 -54.6193 15.5
    endloop
  endfacet
  facet normal 0 0 1
    outer loop
      vertex 3.53109 -59.75 15.5
      vertex 1.23612 -58.425 15.5
      vertex 3.27674 -60.1307 15.5
    endloop
  endfacet
  facet normal -0 0 1
    outer loop
      vertex 1.17435 -58.5174 15.5
      vertex 3.27674 -60.1307 15.5
      vertex 1.23612 -58.425 15.5
    endloop
  endfacet
  facet normal 0 0 1
    outer loop
      vertex 3.97006 -57.5432 15.5
      vertex 1.34273 -57.8891 15.5
      vertex 1.35 -58 15.5
    endloop
  endfacet
  facet normal 0 0 1
    outer loop
      vertex 3.88074 -57.0941 15.5
      vertex 1.32104 -57.78 15.5
      vertex 1.34273 -57.8891 15.5
    endloop
  endfacet
  facet normal 0 0 1
    outer loop
      vertex 3.73358 -56.6606 15.5
      vertex 1.2853 -57.6747 15.5
      vertex 1.32104 -57.78 15.5
    endloop
  endfacet
  facet normal 0 0 1
    outer loop
      vertex 3.53109 -56.25 15.5
      vertex 1.23612 -57.575 15.5
      vertex 1.2853 -57.6747 15.5
    endloop
  endfacet
  facet normal 0 0 1
    outer loop
      vertex 3.27674 -55.8693 15.5
      vertex 1.17435 -57.4826 15.5
      vertex 1.23612 -57.575 15.5
    endloop
  endfacet
  facet normal 0 0 1
    outer loop
      vertex 2.97487 -55.5251 15.5
      vertex 1.10104 -57.399 15.5
      vertex 1.17435 -57.4826 15.5
    endloop
  endfacet
  facet normal 0 0 1
    outer loop
      vertex 2.63066 -55.2233 15.5
      vertex 1.01745 -57.3256 15.5
      vertex 1.10104 -57.399 15.5
    endloop
  endfacet
  facet normal 0 0 1
    outer loop
      vertex 0.719995 -57.179 15.5
      vertex 1.40587 -54.6193 15.5
      vertex 0.956841 -54.5299 15.5
    endloop
  endfacet
  facet normal 0 0 1
    outer loop
      vertex 2.25 -54.9689 15.5
      vertex 0.924999 -57.2639 15.5
      vertex 1.01745 -57.3256 15.5
    endloop
  endfacet
  facet normal 0 0 1
    outer loop
      vertex 1.83939 -54.7664 15.5
      vertex 0.82528 -57.2147 15.5
      vertex 0.924999 -57.2639 15.5
    endloop
  endfacet
  facet normal 0 0 1
    outer loop
      vertex 1.40587 -54.6193 15.5
      vertex 0.719995 -57.179 15.5
      vertex 0.82528 -57.2147 15.5
    endloop
  endfacet
  facet normal 0 0 1
    outer loop
      vertex 0.956841 -54.5299 15.5
      vertex 0.610947 -57.1573 15.5
      vertex 0.719995 -57.179 15.5
    endloop
  endfacet
  facet normal 0 0 1
    outer loop
      vertex 0.5 -54.5 15.5
      vertex 0.610947 -57.1573 15.5
      vertex 0.956841 -54.5299 15.5
    endloop
  endfacet
  facet normal 0 0 1
    outer loop
      vertex 0.5 -54.5 15.5
      vertex 0.5 -57.15 15.5
      vertex 0.610947 -57.1573 15.5
    endloop
  endfacet
  facet normal 0 0 1
    outer loop
      vertex 0.5 -54.5 15.5
      vertex 0.389052 -57.1573 15.5
      vertex 0.5 -57.15 15.5
    endloop
  endfacet
  facet normal -0 0 1
    outer loop
      vertex 0.0431576 -54.5299 15.5
      vertex 0.389052 -57.1573 15.5
      vertex 0.5 -54.5 15.5
    endloop
  endfacet
  facet normal 0 0 1
    outer loop
      vertex 0.389052 -57.1573 15.5
      vertex 0.0431576 -54.5299 15.5
      vertex 0.280004 -57.179 15.5
    endloop
  endfacet
  facet normal -0 0 1
    outer loop
      vertex -0.405867 -54.6193 15.5
      vertex 0.280004 -57.179 15.5
      vertex 0.0431576 -54.5299 15.5
    endloop
  endfacet
  facet normal 0 0 1
    outer loop
      vertex 0.280004 -57.179 15.5
      vertex -0.405867 -54.6193 15.5
      vertex 0.174719 -57.2147 15.5
    endloop
  endfacet
  facet normal -0 0 1
    outer loop
      vertex -0.839392 -54.7664 15.5
      vertex 0.174719 -57.2147 15.5
      vertex -0.405867 -54.6193 15.5
    endloop
  endfacet
  facet normal 0 0 1
    outer loop
      vertex 0.174719 -57.2147 15.5
      vertex -0.839392 -54.7664 15.5
      vertex 0.0749998 -57.2639 15.5
    endloop
  endfacet
  facet normal -0 0 1
    outer loop
      vertex -1.25 -54.9689 15.5
      vertex 0.0749998 -57.2639 15.5
      vertex -0.839392 -54.7664 15.5
    endloop
  endfacet
  facet normal 0 0 1
    outer loop
      vertex 0.0749998 -57.2639 15.5
      vertex -1.25 -54.9689 15.5
      vertex -0.0174465 -57.3256 15.5
    endloop
  endfacet
  facet normal -0 0 1
    outer loop
      vertex -1.63066 -55.2233 15.5
      vertex -0.0174465 -57.3256 15.5
      vertex -1.25 -54.9689 15.5
    endloop
  endfacet
  facet normal 0 0 1
    outer loop
      vertex -0.0174465 -57.3256 15.5
      vertex -1.63066 -55.2233 15.5
      vertex -0.10104 -57.399 15.5
    endloop
  endfacet
  facet normal -0 0 1
    outer loop
      vertex -1.97487 -55.5251 15.5
      vertex -0.10104 -57.399 15.5
      vertex -1.63066 -55.2233 15.5
    endloop
  endfacet
  facet normal -0 0 1
    outer loop
      vertex -2.27674 -55.8693 15.5
      vertex -0.17435 -57.4826 15.5
      vertex -1.97487 -55.5251 15.5
    endloop
  endfacet
  facet normal 0 0 1
    outer loop
      vertex -0.10104 -57.399 15.5
      vertex -1.97487 -55.5251 15.5
      vertex -0.17435 -57.4826 15.5
    endloop
  endfacet
  facet normal 0 0 1
    outer loop
      vertex 3.27674 -60.1307 15.5
      vertex 1.17435 -58.5174 15.5
      vertex 2.97487 -60.4749 15.5
    endloop
  endfacet
  facet normal -0 0 1
    outer loop
      vertex 1.10104 -58.601 15.5
      vertex 2.97487 -60.4749 15.5
      vertex 1.17435 -58.5174 15.5
    endloop
  endfacet
  facet normal 0 0 1
    outer loop
      vertex 2.97487 -60.4749 15.5
      vertex 1.10104 -58.601 15.5
      vertex 2.63066 -60.7767 15.5
    endloop
  endfacet
  facet normal -0 0 1
    outer loop
      vertex 1.01745 -58.6744 15.5
      vertex 2.63066 -60.7767 15.5
      vertex 1.10104 -58.601 15.5
    endloop
  endfacet
  facet normal 0 0 1
    outer loop
      vertex 2.63066 -60.7767 15.5
      vertex 1.01745 -58.6744 15.5
      vertex 2.25 -61.0311 15.5
    endloop
  endfacet
  facet normal -0 0 1
    outer loop
      vertex 0.924999 -58.7361 15.5
      vertex 2.25 -61.0311 15.5
      vertex 1.01745 -58.6744 15.5
    endloop
  endfacet
  facet normal 0 0 1
    outer loop
      vertex 2.25 -61.0311 15.5
      vertex 0.924999 -58.7361 15.5
      vertex 1.83939 -61.2336 15.5
    endloop
  endfacet
  facet normal -0 0 1
    outer loop
      vertex 0.82528 -58.7853 15.5
      vertex 1.83939 -61.2336 15.5
      vertex 0.924999 -58.7361 15.5
    endloop
  endfacet
  facet normal 0 0 1
    outer loop
      vertex 1.83939 -61.2336 15.5
      vertex 0.82528 -58.7853 15.5
      vertex 1.40587 -61.3807 15.5
    endloop
  endfacet
  facet normal -0 0 1
    outer loop
      vertex 0.719995 -58.821 15.5
      vertex 1.40587 -61.3807 15.5
      vertex 0.82528 -58.7853 15.5
    endloop
  endfacet
  facet normal 0 0 1
    outer loop
      vertex 1.40587 -61.3807 15.5
      vertex 0.719995 -58.821 15.5
      vertex 0.956841 -61.4701 15.5
    endloop
  endfacet
  facet normal -0 0 1
    outer loop
      vertex 0.610947 -58.8427 15.5
      vertex 0.956841 -61.4701 15.5
      vertex 0.719995 -58.821 15.5
    endloop
  endfacet
  facet normal -0 0 1
    outer loop
      vertex 0.5 -58.85 15.5
      vertex 0.956841 -61.4701 15.5
      vertex 0.610947 -58.8427 15.5
    endloop
  endfacet
  facet normal 0 0 1
    outer loop
      vertex 0.5 -58.85 15.5
      vertex 0.5 -61.5 15.5
      vertex 0.956841 -61.4701 15.5
    endloop
  endfacet
  facet normal 0 0 1
    outer loop
      vertex 0.389052 -58.8427 15.5
      vertex 0.5 -61.5 15.5
      vertex 0.5 -58.85 15.5
    endloop
  endfacet
  facet normal 0 0 1
    outer loop
      vertex 0.0431576 -61.4701 15.5
      vertex 0.389052 -58.8427 15.5
      vertex 0.280004 -58.821 15.5
    endloop
  endfacet
  facet normal 0 0 1
    outer loop
      vertex -0.405867 -61.3807 15.5
      vertex 0.280004 -58.821 15.5
      vertex 0.174719 -58.7853 15.5
    endloop
  endfacet
  facet normal 0 0 1
    outer loop
      vertex -0.839392 -61.2336 15.5
      vertex 0.174719 -58.7853 15.5
      vertex 0.0749998 -58.7361 15.5
    endloop
  endfacet
  facet normal 0 0 1
    outer loop
      vertex 0.389052 -58.8427 15.5
      vertex 0.0431576 -61.4701 15.5
      vertex 0.5 -61.5 15.5
    endloop
  endfacet
  facet normal 0 0 1
    outer loop
      vertex -1.25 -61.0311 15.5
      vertex 0.0749998 -58.7361 15.5
      vertex -0.0174465 -58.6744 15.5
    endloop
  endfacet
  facet normal 0 0 1
    outer loop
      vertex -1.63066 -60.7767 15.5
      vertex -0.0174465 -58.6744 15.5
      vertex -0.10104 -58.601 15.5
    endloop
  endfacet
  facet normal 0 0 1
    outer loop
      vertex -1.97487 -60.4749 15.5
      vertex -0.10104 -58.601 15.5
      vertex -0.17435 -58.5174 15.5
    endloop
  endfacet
  facet normal 0 0 1
    outer loop
      vertex -2.27674 -60.1307 15.5
      vertex -0.17435 -58.5174 15.5
      vertex -0.236121 -58.425 15.5
    endloop
  endfacet
  facet normal 0 0 1
    outer loop
      vertex -2.53109 -59.75 15.5
      vertex -0.236121 -58.425 15.5
      vertex -0.285297 -58.3253 15.5
    endloop
  endfacet
  facet normal 0 0 1
    outer loop
      vertex -2.73358 -59.3394 15.5
      vertex -0.285297 -58.3253 15.5
      vertex -0.321036 -58.22 15.5
    endloop
  endfacet
  facet normal 0 0 1
    outer loop
      vertex -2.88074 -58.9059 15.5
      vertex -0.321036 -58.22 15.5
      vertex -0.342728 -58.1109 15.5
    endloop
  endfacet
  facet normal 0 0 1
    outer loop
      vertex 0.280004 -58.821 15.5
      vertex -0.405867 -61.3807 15.5
      vertex 0.0431576 -61.4701 15.5
    endloop
  endfacet
  facet normal 0 0 1
    outer loop
      vertex -2.97006 -58.4568 15.5
      vertex -0.342728 -58.1109 15.5
      vertex -0.349999 -58 15.5
    endloop
  endfacet
  facet normal 0 0 1
    outer loop
      vertex -0.17435 -57.4826 15.5
      vertex -2.27674 -55.8693 15.5
      vertex -0.236121 -57.575 15.5
    endloop
  endfacet
  facet normal -0 0 1
    outer loop
      vertex -2.53109 -56.25 15.5
      vertex -0.236121 -57.575 15.5
      vertex -2.27674 -55.8693 15.5
    endloop
  endfacet
  facet normal 0 0 1
    outer loop
      vertex 0.174719 -58.7853 15.5
      vertex -0.839392 -61.2336 15.5
      vertex -0.405867 -61.3807 15.5
    endloop
  endfacet
  facet normal 0 0 1
    outer loop
      vertex -0.236121 -57.575 15.5
      vertex -2.53109 -56.25 15.5
      vertex -0.285297 -57.6747 15.5
    endloop
  endfacet
  facet normal 0 0 1
    outer loop
      vertex 0.0749998 -58.7361 15.5
      vertex -1.25 -61.0311 15.5
      vertex -0.839392 -61.2336 15.5
    endloop
  endfacet
  facet normal -0 0 1
    outer loop
      vertex -2.73358 -56.6606 15.5
      vertex -0.285297 -57.6747 15.5
      vertex -2.53109 -56.25 15.5
    endloop
  endfacet
  facet normal 0 0 1
    outer loop
      vertex -0.0174465 -58.6744 15.5
      vertex -1.63066 -60.7767 15.5
      vertex -1.25 -61.0311 15.5
    endloop
  endfacet
  facet normal 0 0 1
    outer loop
      vertex -0.285297 -57.6747 15.5
      vertex -2.73358 -56.6606 15.5
      vertex -0.321036 -57.78 15.5
    endloop
  endfacet
  facet normal 0 0 1
    outer loop
      vertex -0.10104 -58.601 15.5
      vertex -1.97487 -60.4749 15.5
      vertex -1.63066 -60.7767 15.5
    endloop
  endfacet
  facet normal -0 0 1
    outer loop
      vertex -2.88074 -57.0941 15.5
      vertex -0.321036 -57.78 15.5
      vertex -2.73358 -56.6606 15.5
    endloop
  endfacet
  facet normal 0 0 1
    outer loop
      vertex -0.17435 -58.5174 15.5
      vertex -2.27674 -60.1307 15.5
      vertex -1.97487 -60.4749 15.5
    endloop
  endfacet
  facet normal 0 0 1
    outer loop
      vertex -0.321036 -57.78 15.5
      vertex -2.88074 -57.0941 15.5
      vertex -0.342728 -57.8891 15.5
    endloop
  endfacet
  facet normal 0 0 1
    outer loop
      vertex -0.236121 -58.425 15.5
      vertex -2.53109 -59.75 15.5
      vertex -2.27674 -60.1307 15.5
    endloop
  endfacet
  facet normal -0 0 1
    outer loop
      vertex -2.97006 -57.5432 15.5
      vertex -0.342728 -57.8891 15.5
      vertex -2.88074 -57.0941 15.5
    endloop
  endfacet
  facet normal 0 0 1
    outer loop
      vertex -0.285297 -58.3253 15.5
      vertex -2.73358 -59.3394 15.5
      vertex -2.53109 -59.75 15.5
    endloop
  endfacet
  facet normal 0 0 1
    outer loop
      vertex -0.342728 -57.8891 15.5
      vertex -2.97006 -57.5432 15.5
      vertex -0.349999 -58 15.5
    endloop
  endfacet
  facet normal 0 0 1
    outer loop
      vertex -0.321036 -58.22 15.5
      vertex -2.88074 -58.9059 15.5
      vertex -2.73358 -59.3394 15.5
    endloop
  endfacet
  facet normal 0 0 1
    outer loop
      vertex -3 -58 15.5
      vertex -0.349999 -58 15.5
      vertex -2.97006 -57.5432 15.5
    endloop
  endfacet
  facet normal 0 0 1
    outer loop
      vertex -0.342728 -58.1109 15.5
      vertex -2.97006 -58.4568 15.5
      vertex -2.88074 -58.9059 15.5
    endloop
  endfacet
  facet normal 0 0 1
    outer loop
      vertex -0.349999 -58 15.5
      vertex -3 -58 15.5
      vertex -2.97006 -58.4568 15.5
    endloop
  endfacet
  facet normal 0.659267 -0.751909 0
    outer loop
      vertex 2.63066 -60.7767 15
      vertex 2.97487 -60.4749 15.5
      vertex 2.63066 -60.7767 15.5
    endloop
  endfacet
  facet normal 0.659267 -0.751909 0
    outer loop
      vertex 2.97487 -60.4749 15.5
      vertex 2.63066 -60.7767 15
      vertex 2.97487 -60.4749 15
    endloop
  endfacet
  facet normal -0.831495 0.555532 0
    outer loop
      vertex -2.53109 -56.25 15
      vertex -2.27674 -55.8693 15.5
      vertex -2.27674 -55.8693 15
    endloop
  endfacet
  facet normal -0.831495 0.555532 0
    outer loop
      vertex -2.27674 -55.8693 15.5
      vertex -2.53109 -56.25 15
      vertex -2.53109 -56.25 15.5
    endloop
  endfacet
  facet normal -0.751824 0.659364 0
    outer loop
      vertex -2.27674 -55.8693 15
      vertex -1.97487 -55.5251 15.5
      vertex -1.97487 -55.5251 15
    endloop
  endfacet
  facet normal -0.751824 0.659364 0
    outer loop
      vertex -1.97487 -55.5251 15.5
      vertex -2.27674 -55.8693 15
      vertex -2.27674 -55.8693 15.5
    endloop
  endfacet
  facet normal 0 -0.980981 -0.194102
    outer loop
      vertex 2.5 -13.8556 7.58484
      vertex 7.5 -13.8721 7.66823
      vertex 2.5 -13.8721 7.66823
    endloop
  endfacet
  facet normal 0 -0.980981 -0.194102
    outer loop
      vertex 7.5 -13.8721 7.66823
      vertex 2.5 -13.8556 7.58484
      vertex 7.5 -13.8556 7.58484
    endloop
  endfacet
  facet normal 0 -0.997829 -0.0658633
    outer loop
      vertex 2.5 -13.85 7.5
      vertex 7.5 -13.8556 7.58484
      vertex 2.5 -13.8556 7.58484
    endloop
  endfacet
  facet normal 0 -0.997829 -0.0658633
    outer loop
      vertex 7.5 -13.8556 7.58484
      vertex 2.5 -13.85 7.5
      vertex 7.5 -13.85 7.5
    endloop
  endfacet
  facet normal 0 -0.0654256 0.997857
    outer loop
      vertex 2.5 -14.4152 6.85556
      vertex 7.5 -14.5 6.85
      vertex 7.5 -14.4152 6.85556
    endloop
  endfacet
  facet normal 0 -0.0654256 0.997857
    outer loop
      vertex 7.5 -14.5 6.85
      vertex 2.5 -14.4152 6.85556
      vertex 2.5 -14.5 6.85
    endloop
  endfacet
  facet normal 0 0.659487 -0.751716
    outer loop
      vertex 2.5 -14.9596 7.95962
      vertex 7.5 -14.8957 8.01568
      vertex 7.5 -14.9596 7.95962
    endloop
  endfacet
  facet normal 0 0.659487 -0.751716
    outer loop
      vertex 7.5 -14.8957 8.01568
      vertex 2.5 -14.9596 7.95962
      vertex 2.5 -14.8957 8.01568
    endloop
  endfacet
  facet normal 0 0.831652 0.555297
    outer loop
      vertex 7.5 -15.0157 7.10431
      vertex 2.5 -15.0629 7.175
      vertex 7.5 -15.0629 7.175
    endloop
  endfacet
  facet normal 0 0.831652 0.555297
    outer loop
      vertex 2.5 -15.0629 7.175
      vertex 7.5 -15.0157 7.10431
      vertex 2.5 -15.0157 7.10431
    endloop
  endfacet
  facet normal -0 0.195098 0.980784
    outer loop
      vertex 2.5 -14.5848 6.85556
      vertex 7.5 -14.6682 6.87215
      vertex 7.5 -14.5848 6.85556
    endloop
  endfacet
  facet normal 0 0.195098 0.980784
    outer loop
      vertex 7.5 -14.6682 6.87215
      vertex 2.5 -14.5848 6.85556
      vertex 2.5 -14.6682 6.87215
    endloop
  endfacet
  facet normal 0 -0.659487 -0.751716
    outer loop
      vertex 2.5 -14.1043 8.01568
      vertex 7.5 -14.0404 7.95962
      vertex 7.5 -14.1043 8.01568
    endloop
  endfacet
  facet normal -0 -0.659487 -0.751716
    outer loop
      vertex 7.5 -14.0404 7.95962
      vertex 2.5 -14.1043 8.01568
      vertex 2.5 -14.0404 7.95962
    endloop
  endfacet
  facet normal 0 -0.946677 0.322183
    outer loop
      vertex 2.5 -13.8995 7.25126
      vertex 7.5 -13.8721 7.33177
      vertex 2.5 -13.8721 7.33177
    endloop
  endfacet
  facet normal 0 -0.946677 0.322183
    outer loop
      vertex 7.5 -13.8721 7.33177
      vertex 2.5 -13.8995 7.25126
      vertex 7.5 -13.8995 7.25126
    endloop
  endfacet
  facet normal 0 -0.751636 0.659578
    outer loop
      vertex 2.5 -14.0404 7.04038
      vertex 7.5 -13.9843 7.10431
      vertex 2.5 -13.9843 7.10431
    endloop
  endfacet
  facet normal 0 -0.751636 0.659578
    outer loop
      vertex 7.5 -13.9843 7.10431
      vertex 2.5 -14.0404 7.04038
      vertex 7.5 -14.0404 7.04038
    endloop
  endfacet
  facet normal 0 -0.751636 -0.659578
    outer loop
      vertex 2.5 -13.9843 7.89569
      vertex 7.5 -14.0404 7.95962
      vertex 2.5 -14.0404 7.95962
    endloop
  endfacet
  facet normal 0 -0.751636 -0.659578
    outer loop
      vertex 7.5 -14.0404 7.95962
      vertex 2.5 -13.9843 7.89569
      vertex 7.5 -13.9843 7.89569
    endloop
  endfacet
  facet normal 0 0.946677 0.322183
    outer loop
      vertex 7.5 -15.1005 7.25126
      vertex 2.5 -15.1279 7.33177
      vertex 7.5 -15.1279 7.33177
    endloop
  endfacet
  facet normal 0 0.946677 0.322183
    outer loop
      vertex 2.5 -15.1279 7.33177
      vertex 7.5 -15.1005 7.25126
      vertex 2.5 -15.1005 7.25126
    endloop
  endfacet
  facet normal 0 -0.321481 0.946916
    outer loop
      vertex 2.5 -14.2513 6.89948
      vertex 7.5 -14.3318 6.87215
      vertex 7.5 -14.2513 6.89948
    endloop
  endfacet
  facet normal 0 -0.321481 0.946916
    outer loop
      vertex 7.5 -14.3318 6.87215
      vertex 2.5 -14.2513 6.89948
      vertex 2.5 -14.3318 6.87215
    endloop
  endfacet
  facet normal -0 0.0654256 0.997857
    outer loop
      vertex 2.5 -14.5 6.85
      vertex 7.5 -14.5848 6.85556
      vertex 7.5 -14.5 6.85
    endloop
  endfacet
  facet normal 0 0.0654256 0.997857
    outer loop
      vertex 7.5 -14.5848 6.85556
      vertex 2.5 -14.5 6.85
      vertex 2.5 -14.5848 6.85556
    endloop
  endfacet
  facet normal 0 0.321481 -0.946916
    outer loop
      vertex 2.5 -14.7487 8.10052
      vertex 7.5 -14.6682 8.12785
      vertex 7.5 -14.7487 8.10052
    endloop
  endfacet
  facet normal 0 0.321481 -0.946916
    outer loop
      vertex 7.5 -14.6682 8.12785
      vertex 2.5 -14.7487 8.10052
      vertex 2.5 -14.6682 8.12785
    endloop
  endfacet
  facet normal 0 -0.946677 -0.322183
    outer loop
      vertex 2.5 -13.8721 7.66823
      vertex 7.5 -13.8995 7.74874
      vertex 2.5 -13.8995 7.74874
    endloop
  endfacet
  facet normal 0 -0.946677 -0.322183
    outer loop
      vertex 7.5 -13.8995 7.74874
      vertex 2.5 -13.8721 7.66823
      vertex 7.5 -13.8721 7.66823
    endloop
  endfacet
  facet normal 0 0.751636 -0.659578
    outer loop
      vertex 7.5 -15.0157 7.89569
      vertex 2.5 -14.9596 7.95962
      vertex 7.5 -14.9596 7.95962
    endloop
  endfacet
  facet normal 0 0.751636 -0.659578
    outer loop
      vertex 2.5 -14.9596 7.95962
      vertex 7.5 -15.0157 7.89569
      vertex 2.5 -15.0157 7.89569
    endloop
  endfacet
  facet normal -0 0.442033 0.896999
    outer loop
      vertex 2.5 -14.7487 6.89948
      vertex 7.5 -14.825 6.93708
      vertex 7.5 -14.7487 6.89948
    endloop
  endfacet
  facet normal 0 0.442033 0.896999
    outer loop
      vertex 7.5 -14.825 6.93708
      vertex 2.5 -14.7487 6.89948
      vertex 2.5 -14.825 6.93708
    endloop
  endfacet
  facet normal 0 0.0654256 -0.997857
    outer loop
      vertex 2.5 -14.5848 8.14444
      vertex 7.5 -14.5 8.15
      vertex 7.5 -14.5848 8.14444
    endloop
  endfacet
  facet normal 0 0.0654256 -0.997857
    outer loop
      vertex 7.5 -14.5 8.15
      vertex 2.5 -14.5848 8.14444
      vertex 2.5 -14.5 8.15
    endloop
  endfacet
  facet normal 0 -0.896907 0.44222
    outer loop
      vertex 2.5 -13.9371 7.175
      vertex 7.5 -13.8995 7.25126
      vertex 2.5 -13.8995 7.25126
    endloop
  endfacet
  facet normal 0 -0.896907 0.44222
    outer loop
      vertex 7.5 -13.8995 7.25126
      vertex 2.5 -13.9371 7.175
      vertex 7.5 -13.9371 7.175
    endloop
  endfacet
  facet normal 0 -0.555568 0.831471
    outer loop
      vertex 2.5 -14.1043 6.98432
      vertex 7.5 -14.175 6.93708
      vertex 7.5 -14.1043 6.98432
    endloop
  endfacet
  facet normal 0 -0.555568 0.831471
    outer loop
      vertex 7.5 -14.175 6.93708
      vertex 2.5 -14.1043 6.98432
      vertex 2.5 -14.175 6.93708
    endloop
  endfacet
  facet normal 0 0.980981 0.194102
    outer loop
      vertex 7.5 -15.1279 7.33177
      vertex 2.5 -15.1444 7.41516
      vertex 7.5 -15.1444 7.41516
    endloop
  endfacet
  facet normal 0 0.980981 0.194102
    outer loop
      vertex 2.5 -15.1444 7.41516
      vertex 7.5 -15.1279 7.33177
      vertex 2.5 -15.1279 7.33177
    endloop
  endfacet
  facet normal 0 0.751636 0.659578
    outer loop
      vertex 7.5 -14.9596 7.04038
      vertex 2.5 -15.0157 7.10431
      vertex 7.5 -15.0157 7.10431
    endloop
  endfacet
  facet normal 0 0.751636 0.659578
    outer loop
      vertex 2.5 -15.0157 7.10431
      vertex 7.5 -14.9596 7.04038
      vertex 2.5 -14.9596 7.04038
    endloop
  endfacet
  facet normal 0 -0.195098 -0.980784
    outer loop
      vertex 2.5 -14.4152 8.14444
      vertex 7.5 -14.3318 8.12785
      vertex 7.5 -14.4152 8.14444
    endloop
  endfacet
  facet normal -0 -0.195098 -0.980784
    outer loop
      vertex 7.5 -14.3318 8.12785
      vertex 2.5 -14.4152 8.14444
      vertex 2.5 -14.3318 8.12785
    endloop
  endfacet
  facet normal 0 -0.831652 -0.555297
    outer loop
      vertex 2.5 -13.9371 7.825
      vertex 7.5 -13.9843 7.89569
      vertex 2.5 -13.9843 7.89569
    endloop
  endfacet
  facet normal 0 -0.831652 -0.555297
    outer loop
      vertex 7.5 -13.9843 7.89569
      vertex 2.5 -13.9371 7.825
      vertex 7.5 -13.9371 7.825
    endloop
  endfacet
  facet normal 0 -0.997829 0.0658633
    outer loop
      vertex 2.5 -13.8556 7.41516
      vertex 7.5 -13.85 7.5
      vertex 2.5 -13.85 7.5
    endloop
  endfacet
  facet normal 0 -0.997829 0.0658633
    outer loop
      vertex 7.5 -13.85 7.5
      vertex 2.5 -13.8556 7.41516
      vertex 7.5 -13.8556 7.41516
    endloop
  endfacet
  facet normal 0 -0.321481 -0.946916
    outer loop
      vertex 2.5 -14.3318 8.12785
      vertex 7.5 -14.2513 8.10052
      vertex 7.5 -14.3318 8.12785
    endloop
  endfacet
  facet normal -0 -0.321481 -0.946916
    outer loop
      vertex 7.5 -14.2513 8.10052
      vertex 2.5 -14.3318 8.12785
      vertex 2.5 -14.2513 8.10052
    endloop
  endfacet
  facet normal 0 -0.555568 -0.831471
    outer loop
      vertex 2.5 -14.175 8.06292
      vertex 7.5 -14.1043 8.01568
      vertex 7.5 -14.175 8.06292
    endloop
  endfacet
  facet normal -0 -0.555568 -0.831471
    outer loop
      vertex 7.5 -14.1043 8.01568
      vertex 2.5 -14.175 8.06292
      vertex 2.5 -14.1043 8.01568
    endloop
  endfacet
  facet normal 0 0.195098 -0.980784
    outer loop
      vertex 2.5 -14.6682 8.12785
      vertex 7.5 -14.5848 8.14444
      vertex 7.5 -14.6682 8.12785
    endloop
  endfacet
  facet normal 0 0.195098 -0.980784
    outer loop
      vertex 7.5 -14.5848 8.14444
      vertex 2.5 -14.6682 8.12785
      vertex 2.5 -14.5848 8.14444
    endloop
  endfacet
  facet normal 0 -0.659487 0.751716
    outer loop
      vertex 2.5 -14.0404 7.04038
      vertex 7.5 -14.1043 6.98432
      vertex 7.5 -14.0404 7.04038
    endloop
  endfacet
  facet normal 0 -0.659487 0.751716
    outer loop
      vertex 7.5 -14.1043 6.98432
      vertex 2.5 -14.0404 7.04038
      vertex 2.5 -14.1043 6.98432
    endloop
  endfacet
  facet normal 0 0.896907 -0.44222
    outer loop
      vertex 7.5 -15.1005 7.74874
      vertex 2.5 -15.0629 7.825
      vertex 7.5 -15.0629 7.825
    endloop
  endfacet
  facet normal 0 0.896907 -0.44222
    outer loop
      vertex 2.5 -15.0629 7.825
      vertex 7.5 -15.1005 7.74874
      vertex 2.5 -15.1005 7.74874
    endloop
  endfacet
  facet normal 0 -0.980981 0.194102
    outer loop
      vertex 2.5 -13.8721 7.33177
      vertex 7.5 -13.8556 7.41516
      vertex 2.5 -13.8556 7.41516
    endloop
  endfacet
  facet normal 0 -0.980981 0.194102
    outer loop
      vertex 7.5 -13.8556 7.41516
      vertex 2.5 -13.8721 7.33177
      vertex 7.5 -13.8721 7.33177
    endloop
  endfacet
  facet normal 0 -0.195098 0.980784
    outer loop
      vertex 2.5 -14.3318 6.87215
      vertex 7.5 -14.4152 6.85556
      vertex 7.5 -14.3318 6.87215
    endloop
  endfacet
  facet normal 0 -0.195098 0.980784
    outer loop
      vertex 7.5 -14.4152 6.85556
      vertex 2.5 -14.3318 6.87215
      vertex 2.5 -14.4152 6.85556
    endloop
  endfacet
  facet normal -0 0.659487 0.751716
    outer loop
      vertex 2.5 -14.8957 6.98432
      vertex 7.5 -14.9596 7.04038
      vertex 7.5 -14.8957 6.98432
    endloop
  endfacet
  facet normal 0 0.659487 0.751716
    outer loop
      vertex 7.5 -14.9596 7.04038
      vertex 2.5 -14.8957 6.98432
      vertex 2.5 -14.9596 7.04038
    endloop
  endfacet
  facet normal 0 -0.0654256 -0.997857
    outer loop
      vertex 2.5 -14.5 8.15
      vertex 7.5 -14.4152 8.14444
      vertex 7.5 -14.5 8.15
    endloop
  endfacet
  facet normal -0 -0.0654256 -0.997857
    outer loop
      vertex 7.5 -14.4152 8.14444
      vertex 2.5 -14.5 8.15
      vertex 2.5 -14.4152 8.14444
    endloop
  endfacet
  facet normal 0 -0.442033 -0.896999
    outer loop
      vertex 2.5 -14.2513 8.10052
      vertex 7.5 -14.175 8.06292
      vertex 7.5 -14.2513 8.10052
    endloop
  endfacet
  facet normal -0 -0.442033 -0.896999
    outer loop
      vertex 7.5 -14.175 8.06292
      vertex 2.5 -14.2513 8.10052
      vertex 2.5 -14.175 8.06292
    endloop
  endfacet
  facet normal 0 -0.831652 0.555297
    outer loop
      vertex 2.5 -13.9843 7.10431
      vertex 7.5 -13.9371 7.175
      vertex 2.5 -13.9371 7.175
    endloop
  endfacet
  facet normal 0 -0.831652 0.555297
    outer loop
      vertex 7.5 -13.9371 7.175
      vertex 2.5 -13.9843 7.10431
      vertex 7.5 -13.9843 7.10431
    endloop
  endfacet
  facet normal 0 0.997829 0.0658633
    outer loop
      vertex 7.5 -15.1444 7.41516
      vertex 2.5 -15.15 7.5
      vertex 7.5 -15.15 7.5
    endloop
  endfacet
  facet normal 0 0.997829 0.0658633
    outer loop
      vertex 2.5 -15.15 7.5
      vertex 7.5 -15.1444 7.41516
      vertex 2.5 -15.1444 7.41516
    endloop
  endfacet
  facet normal 0 -0.442033 0.896999
    outer loop
      vertex 2.5 -14.175 6.93708
      vertex 7.5 -14.2513 6.89948
      vertex 7.5 -14.175 6.93708
    endloop
  endfacet
  facet normal 0 -0.442033 0.896999
    outer loop
      vertex 7.5 -14.2513 6.89948
      vertex 2.5 -14.175 6.93708
      vertex 2.5 -14.2513 6.89948
    endloop
  endfacet
  facet normal 0 0.980981 -0.194102
    outer loop
      vertex 7.5 -15.1444 7.58484
      vertex 2.5 -15.1279 7.66823
      vertex 7.5 -15.1279 7.66823
    endloop
  endfacet
  facet normal 0 0.980981 -0.194102
    outer loop
      vertex 2.5 -15.1279 7.66823
      vertex 7.5 -15.1444 7.58484
      vertex 2.5 -15.1444 7.58484
    endloop
  endfacet
  facet normal 0 0.896907 0.44222
    outer loop
      vertex 7.5 -15.0629 7.175
      vertex 2.5 -15.1005 7.25126
      vertex 7.5 -15.1005 7.25126
    endloop
  endfacet
  facet normal 0 0.896907 0.44222
    outer loop
      vertex 2.5 -15.1005 7.25126
      vertex 7.5 -15.0629 7.175
      vertex 2.5 -15.0629 7.175
    endloop
  endfacet
  facet normal 0 0.946677 -0.322183
    outer loop
      vertex 7.5 -15.1279 7.66823
      vertex 2.5 -15.1005 7.74874
      vertex 7.5 -15.1005 7.74874
    endloop
  endfacet
  facet normal 0 0.946677 -0.322183
    outer loop
      vertex 2.5 -15.1005 7.74874
      vertex 7.5 -15.1279 7.66823
      vertex 2.5 -15.1279 7.66823
    endloop
  endfacet
  facet normal 0 0.555568 -0.831471
    outer loop
      vertex 2.5 -14.8957 8.01568
      vertex 7.5 -14.825 8.06292
      vertex 7.5 -14.8957 8.01568
    endloop
  endfacet
  facet normal 0 0.555568 -0.831471
    outer loop
      vertex 7.5 -14.825 8.06292
      vertex 2.5 -14.8957 8.01568
      vertex 2.5 -14.825 8.06292
    endloop
  endfacet
  facet normal 0 -0.896907 -0.44222
    outer loop
      vertex 2.5 -13.8995 7.74874
      vertex 7.5 -13.9371 7.825
      vertex 2.5 -13.9371 7.825
    endloop
  endfacet
  facet normal 0 -0.896907 -0.44222
    outer loop
      vertex 7.5 -13.9371 7.825
      vertex 2.5 -13.8995 7.74874
      vertex 7.5 -13.8995 7.74874
    endloop
  endfacet
  facet normal 0 0.997829 -0.0658633
    outer loop
      vertex 7.5 -15.15 7.5
      vertex 2.5 -15.1444 7.58484
      vertex 7.5 -15.1444 7.58484
    endloop
  endfacet
  facet normal 0 0.997829 -0.0658633
    outer loop
      vertex 2.5 -15.1444 7.58484
      vertex 7.5 -15.15 7.5
      vertex 2.5 -15.15 7.5
    endloop
  endfacet
  facet normal -0 0.321481 0.946916
    outer loop
      vertex 2.5 -14.6682 6.87215
      vertex 7.5 -14.7487 6.89948
      vertex 7.5 -14.6682 6.87215
    endloop
  endfacet
  facet normal 0 0.321481 0.946916
    outer loop
      vertex 7.5 -14.7487 6.89948
      vertex 2.5 -14.6682 6.87215
      vertex 2.5 -14.7487 6.89948
    endloop
  endfacet
  facet normal 0 0.442033 -0.896999
    outer loop
      vertex 2.5 -14.825 8.06292
      vertex 7.5 -14.7487 8.10052
      vertex 7.5 -14.825 8.06292
    endloop
  endfacet
  facet normal 0 0.442033 -0.896999
    outer loop
      vertex 7.5 -14.7487 8.10052
      vertex 2.5 -14.825 8.06292
      vertex 2.5 -14.7487 8.10052
    endloop
  endfacet
  facet normal 0 0.831652 -0.555297
    outer loop
      vertex 7.5 -15.0629 7.825
      vertex 2.5 -15.0157 7.89569
      vertex 7.5 -15.0157 7.89569
    endloop
  endfacet
  facet normal 0 0.831652 -0.555297
    outer loop
      vertex 2.5 -15.0157 7.89569
      vertex 7.5 -15.0629 7.825
      vertex 2.5 -15.0629 7.825
    endloop
  endfacet
  facet normal 1 0 0
    outer loop
      vertex 2.5 -13.8556 7.58484
      vertex 2.5 -13.8556 7.41516
      vertex 2.5 -13.85 7.5
    endloop
  endfacet
  facet normal 1 0 0
    outer loop
      vertex 2.5 -13.8721 7.66823
      vertex 2.5 -13.8556 7.41516
      vertex 2.5 -13.8556 7.58484
    endloop
  endfacet
  facet normal 1 0 0
    outer loop
      vertex 2.5 -13.8721 7.66823
      vertex 2.5 -13.8721 7.33177
      vertex 2.5 -13.8556 7.41516
    endloop
  endfacet
  facet normal 1 0 0
    outer loop
      vertex 2.5 -13.8995 7.74874
      vertex 2.5 -13.8721 7.33177
      vertex 2.5 -13.8721 7.66823
    endloop
  endfacet
  facet normal 1 0 0
    outer loop
      vertex 2.5 -13.8995 7.74874
      vertex 2.5 -13.8995 7.25126
      vertex 2.5 -13.8721 7.33177
    endloop
  endfacet
  facet normal 1 0 0
    outer loop
      vertex 2.5 -13.9371 7.825
      vertex 2.5 -13.8995 7.25126
      vertex 2.5 -13.8995 7.74874
    endloop
  endfacet
  facet normal 1 0 0
    outer loop
      vertex 2.5 -13.9371 7.825
      vertex 2.5 -13.9371 7.175
      vertex 2.5 -13.8995 7.25126
    endloop
  endfacet
  facet normal 1 0 0
    outer loop
      vertex 2.5 -13.9843 7.89569
      vertex 2.5 -13.9371 7.175
      vertex 2.5 -13.9371 7.825
    endloop
  endfacet
  facet normal 1 0 0
    outer loop
      vertex 2.5 -13.9843 7.89569
      vertex 2.5 -13.9843 7.10431
      vertex 2.5 -13.9371 7.175
    endloop
  endfacet
  facet normal 1 0 0
    outer loop
      vertex 2.5 -14.0404 7.95962
      vertex 2.5 -13.9843 7.10431
      vertex 2.5 -13.9843 7.89569
    endloop
  endfacet
  facet normal 1 0 0
    outer loop
      vertex 2.5 -14.0404 7.95962
      vertex 2.5 -14.0404 7.04038
      vertex 2.5 -13.9843 7.10431
    endloop
  endfacet
  facet normal 1 0 0
    outer loop
      vertex 2.5 -14.1043 8.01568
      vertex 2.5 -14.0404 7.04038
      vertex 2.5 -14.0404 7.95962
    endloop
  endfacet
  facet normal 1 0 0
    outer loop
      vertex 2.5 -14.1043 8.01568
      vertex 2.5 -14.1043 6.98432
      vertex 2.5 -14.0404 7.04038
    endloop
  endfacet
  facet normal 1 0 0
    outer loop
      vertex 2.5 -14.175 8.06292
      vertex 2.5 -14.1043 6.98432
      vertex 2.5 -14.1043 8.01568
    endloop
  endfacet
  facet normal 1 0 0
    outer loop
      vertex 2.5 -14.175 8.06292
      vertex 2.5 -14.175 6.93708
      vertex 2.5 -14.1043 6.98432
    endloop
  endfacet
  facet normal 1 0 0
    outer loop
      vertex 2.5 -14.2513 8.10052
      vertex 2.5 -14.175 6.93708
      vertex 2.5 -14.175 8.06292
    endloop
  endfacet
  facet normal 1 0 0
    outer loop
      vertex 2.5 -14.2513 8.10052
      vertex 2.5 -14.2513 6.89948
      vertex 2.5 -14.175 6.93708
    endloop
  endfacet
  facet normal 1 0 0
    outer loop
      vertex 2.5 -14.3318 8.12785
      vertex 2.5 -14.2513 6.89948
      vertex 2.5 -14.2513 8.10052
    endloop
  endfacet
  facet normal 1 0 0
    outer loop
      vertex 2.5 -14.3318 8.12785
      vertex 2.5 -14.3318 6.87215
      vertex 2.5 -14.2513 6.89948
    endloop
  endfacet
  facet normal 1 0 0
    outer loop
      vertex 2.5 -14.4152 8.14444
      vertex 2.5 -14.3318 6.87215
      vertex 2.5 -14.3318 8.12785
    endloop
  endfacet
  facet normal 1 0 0
    outer loop
      vertex 2.5 -14.4152 8.14444
      vertex 2.5 -14.4152 6.85556
      vertex 2.5 -14.3318 6.87215
    endloop
  endfacet
  facet normal 1 0 0
    outer loop
      vertex 2.5 -14.5 8.15
      vertex 2.5 -14.4152 6.85556
      vertex 2.5 -14.4152 8.14444
    endloop
  endfacet
  facet normal 1 0 0
    outer loop
      vertex 2.5 -14.5 8.15
      vertex 2.5 -14.5 6.85
      vertex 2.5 -14.4152 6.85556
    endloop
  endfacet
  facet normal 1 -0 0
    outer loop
      vertex 2.5 -14.5848 8.14444
      vertex 2.5 -14.5 6.85
      vertex 2.5 -14.5 8.15
    endloop
  endfacet
  facet normal 1 0 0
    outer loop
      vertex 2.5 -14.5848 8.14444
      vertex 2.5 -14.5848 6.85556
      vertex 2.5 -14.5 6.85
    endloop
  endfacet
  facet normal 1 -0 0
    outer loop
      vertex 2.5 -14.6682 8.12785
      vertex 2.5 -14.5848 6.85556
      vertex 2.5 -14.5848 8.14444
    endloop
  endfacet
  facet normal 1 0 0
    outer loop
      vertex 2.5 -14.6682 8.12785
      vertex 2.5 -14.6682 6.87215
      vertex 2.5 -14.5848 6.85556
    endloop
  endfacet
  facet normal 1 -0 0
    outer loop
      vertex 2.5 -14.7487 8.10052
      vertex 2.5 -14.6682 6.87215
      vertex 2.5 -14.6682 8.12785
    endloop
  endfacet
  facet normal 1 0 0
    outer loop
      vertex 2.5 -14.7487 8.10052
      vertex 2.5 -14.7487 6.89948
      vertex 2.5 -14.6682 6.87215
    endloop
  endfacet
  facet normal 1 -0 0
    outer loop
      vertex 2.5 -14.825 8.06292
      vertex 2.5 -14.7487 6.89948
      vertex 2.5 -14.7487 8.10052
    endloop
  endfacet
  facet normal 1 0 0
    outer loop
      vertex 2.5 -14.825 8.06292
      vertex 2.5 -14.825 6.93708
      vertex 2.5 -14.7487 6.89948
    endloop
  endfacet
  facet normal 1 -0 0
    outer loop
      vertex 2.5 -14.8957 8.01568
      vertex 2.5 -14.825 6.93708
      vertex 2.5 -14.825 8.06292
    endloop
  endfacet
  facet normal 1 0 0
    outer loop
      vertex 2.5 -14.8957 8.01568
      vertex 2.5 -14.8957 6.98432
      vertex 2.5 -14.825 6.93708
    endloop
  endfacet
  facet normal 1 -0 0
    outer loop
      vertex 2.5 -14.9596 7.95962
      vertex 2.5 -14.8957 6.98432
      vertex 2.5 -14.8957 8.01568
    endloop
  endfacet
  facet normal 1 0 0
    outer loop
      vertex 2.5 -14.9596 7.95962
      vertex 2.5 -14.9596 7.04038
      vertex 2.5 -14.8957 6.98432
    endloop
  endfacet
  facet normal 1 -0 0
    outer loop
      vertex 2.5 -15.0157 7.89569
      vertex 2.5 -14.9596 7.04038
      vertex 2.5 -14.9596 7.95962
    endloop
  endfacet
  facet normal 1 0 0
    outer loop
      vertex 2.5 -15.0157 7.89569
      vertex 2.5 -15.0157 7.10431
      vertex 2.5 -14.9596 7.04038
    endloop
  endfacet
  facet normal 1 -0 0
    outer loop
      vertex 2.5 -15.0629 7.825
      vertex 2.5 -15.0157 7.10431
      vertex 2.5 -15.0157 7.89569
    endloop
  endfacet
  facet normal 1 0 0
    outer loop
      vertex 2.5 -15.0629 7.825
      vertex 2.5 -15.0629 7.175
      vertex 2.5 -15.0157 7.10431
    endloop
  endfacet
  facet normal 1 -0 0
    outer loop
      vertex 2.5 -15.1005 7.74874
      vertex 2.5 -15.0629 7.175
      vertex 2.5 -15.0629 7.825
    endloop
  endfacet
  facet normal 1 0 0
    outer loop
      vertex 2.5 -15.1005 7.74874
      vertex 2.5 -15.1005 7.25126
      vertex 2.5 -15.0629 7.175
    endloop
  endfacet
  facet normal 1 -0 0
    outer loop
      vertex 2.5 -15.1279 7.66823
      vertex 2.5 -15.1005 7.25126
      vertex 2.5 -15.1005 7.74874
    endloop
  endfacet
  facet normal 1 0 0
    outer loop
      vertex 2.5 -15.1279 7.66823
      vertex 2.5 -15.1279 7.33177
      vertex 2.5 -15.1005 7.25126
    endloop
  endfacet
  facet normal 1 -0 0
    outer loop
      vertex 2.5 -15.1444 7.58484
      vertex 2.5 -15.1279 7.33177
      vertex 2.5 -15.1279 7.66823
    endloop
  endfacet
  facet normal 1 0 0
    outer loop
      vertex 2.5 -15.1444 7.58484
      vertex 2.5 -15.1444 7.41516
      vertex 2.5 -15.1279 7.33177
    endloop
  endfacet
  facet normal 1 0 -0
    outer loop
      vertex 2.5 -15.1444 7.41516
      vertex 2.5 -15.1444 7.58484
      vertex 2.5 -15.15 7.5
    endloop
  endfacet
  facet normal -0 0.555568 0.831471
    outer loop
      vertex 2.5 -14.825 6.93708
      vertex 7.5 -14.8957 6.98432
      vertex 7.5 -14.825 6.93708
    endloop
  endfacet
  facet normal 0 0.555568 0.831471
    outer loop
      vertex 7.5 -14.8957 6.98432
      vertex 2.5 -14.825 6.93708
      vertex 2.5 -14.8957 6.98432
    endloop
  endfacet
  facet normal 0 -0.980779 -0.195121
    outer loop
      vertex 2.5 6.64444 7.58484
      vertex 7.5 6.62785 7.66823
      vertex 2.5 6.62785 7.66823
    endloop
  endfacet
  facet normal 0 -0.980779 -0.195121
    outer loop
      vertex 7.5 6.62785 7.66823
      vertex 2.5 6.64444 7.58484
      vertex 7.5 6.64444 7.58484
    endloop
  endfacet
  facet normal 0 -0.997859 -0.0653948
    outer loop
      vertex 2.5 6.65 7.5
      vertex 7.5 6.64444 7.58484
      vertex 2.5 6.64444 7.58484
    endloop
  endfacet
  facet normal 0 -0.997859 -0.0653948
    outer loop
      vertex 7.5 6.64444 7.58484
      vertex 2.5 6.65 7.5
      vertex 7.5 6.65 7.5
    endloop
  endfacet
  facet normal 0 -0.0653948 0.997859
    outer loop
      vertex 2.5 6.08484 6.85556
      vertex 7.5 6 6.85
      vertex 7.5 6.08484 6.85556
    endloop
  endfacet
  facet normal 0 -0.0653948 0.997859
    outer loop
      vertex 7.5 6 6.85
      vertex 2.5 6.08484 6.85556
      vertex 2.5 6 6.85
    endloop
  endfacet
  facet normal 0 0.65937 -0.751818
    outer loop
      vertex 2.5 5.54038 7.95962
      vertex 7.5 5.6043 8.01568
      vertex 7.5 5.54038 7.95962
    endloop
  endfacet
  facet normal 0 0.65937 -0.751818
    outer loop
      vertex 7.5 5.6043 8.01568
      vertex 2.5 5.54038 7.95962
      vertex 2.5 5.6043 8.01568
    endloop
  endfacet
  facet normal 0 0.831435 0.555623
    outer loop
      vertex 7.5 5.48432 7.10431
      vertex 2.5 5.43708 7.175
      vertex 7.5 5.43708 7.175
    endloop
  endfacet
  facet normal 0 0.831435 0.555623
    outer loop
      vertex 2.5 5.43708 7.175
      vertex 7.5 5.48432 7.10431
      vertex 2.5 5.48432 7.10431
    endloop
  endfacet
  facet normal -0 0.195121 0.980779
    outer loop
      vertex 2.5 5.91516 6.85556
      vertex 7.5 5.83177 6.87215
      vertex 7.5 5.91516 6.85556
    endloop
  endfacet
  facet normal 0 0.195121 0.980779
    outer loop
      vertex 7.5 5.83177 6.87215
      vertex 2.5 5.91516 6.85556
      vertex 2.5 5.83177 6.87215
    endloop
  endfacet
  facet normal 0 -0.659312 -0.75187
    outer loop
      vertex 2.5 6.39569 8.01568
      vertex 7.5 6.45962 7.95962
      vertex 7.5 6.39569 8.01568
    endloop
  endfacet
  facet normal -0 -0.659312 -0.75187
    outer loop
      vertex 7.5 6.45962 7.95962
      vertex 2.5 6.39569 8.01568
      vertex 2.5 6.45962 7.95962
    endloop
  endfacet
  facet normal 0 -0.946928 0.321445
    outer loop
      vertex 2.5 6.60052 7.25126
      vertex 7.5 6.62785 7.33177
      vertex 2.5 6.62785 7.33177
    endloop
  endfacet
  facet normal 0 -0.946928 0.321445
    outer loop
      vertex 7.5 6.62785 7.33177
      vertex 2.5 6.60052 7.25126
      vertex 7.5 6.60052 7.25126
    endloop
  endfacet
  facet normal 0 -0.75187 0.659312
    outer loop
      vertex 2.5 6.45962 7.04038
      vertex 7.5 6.51568 7.10431
      vertex 2.5 6.51568 7.10431
    endloop
  endfacet
  facet normal 0 -0.75187 0.659312
    outer loop
      vertex 7.5 6.51568 7.10431
      vertex 2.5 6.45962 7.04038
      vertex 7.5 6.45962 7.04038
    endloop
  endfacet
  facet normal 0 -0.75187 -0.659312
    outer loop
      vertex 2.5 6.51568 7.89569
      vertex 7.5 6.45962 7.95962
      vertex 2.5 6.45962 7.95962
    endloop
  endfacet
  facet normal 0 -0.75187 -0.659312
    outer loop
      vertex 7.5 6.45962 7.95962
      vertex 2.5 6.51568 7.89569
      vertex 7.5 6.51568 7.89569
    endloop
  endfacet
  facet normal 0 0.946928 0.321445
    outer loop
      vertex 7.5 5.39948 7.25126
      vertex 2.5 5.37215 7.33177
      vertex 7.5 5.37215 7.33177
    endloop
  endfacet
  facet normal 0 0.946928 0.321445
    outer loop
      vertex 2.5 5.37215 7.33177
      vertex 7.5 5.39948 7.25126
      vertex 2.5 5.39948 7.25126
    endloop
  endfacet
  facet normal 0 -0.321445 0.946928
    outer loop
      vertex 2.5 6.24874 6.89948
      vertex 7.5 6.16823 6.87215
      vertex 7.5 6.24874 6.89948
    endloop
  endfacet
  facet normal 0 -0.321445 0.946928
    outer loop
      vertex 7.5 6.16823 6.87215
      vertex 2.5 6.24874 6.89948
      vertex 2.5 6.16823 6.87215
    endloop
  endfacet
  facet normal -0 0.0653948 0.997859
    outer loop
      vertex 2.5 6 6.85
      vertex 7.5 5.91516 6.85556
      vertex 7.5 6 6.85
    endloop
  endfacet
  facet normal 0 0.0653948 0.997859
    outer loop
      vertex 7.5 5.91516 6.85556
      vertex 2.5 6 6.85
      vertex 2.5 5.91516 6.85556
    endloop
  endfacet
  facet normal 0 0.321445 -0.946928
    outer loop
      vertex 2.5 5.75126 8.10052
      vertex 7.5 5.83177 8.12785
      vertex 7.5 5.75126 8.10052
    endloop
  endfacet
  facet normal 0 0.321445 -0.946928
    outer loop
      vertex 7.5 5.83177 8.12785
      vertex 2.5 5.75126 8.10052
      vertex 2.5 5.83177 8.12785
    endloop
  endfacet
  facet normal 0 0.75187 -0.659312
    outer loop
      vertex 7.5 5.48432 7.89569
      vertex 2.5 5.54038 7.95962
      vertex 7.5 5.54038 7.95962
    endloop
  endfacet
  facet normal 0 0.75187 -0.659312
    outer loop
      vertex 2.5 5.54038 7.95962
      vertex 7.5 5.48432 7.89569
      vertex 2.5 5.48432 7.89569
    endloop
  endfacet
  facet normal -0 0.44222 0.896907
    outer loop
      vertex 2.5 5.75126 6.89948
      vertex 7.5 5.675 6.93708
      vertex 7.5 5.75126 6.89948
    endloop
  endfacet
  facet normal 0 0.44222 0.896907
    outer loop
      vertex 7.5 5.675 6.93708
      vertex 2.5 5.75126 6.89948
      vertex 2.5 5.675 6.93708
    endloop
  endfacet
  facet normal 0 0.0653948 -0.997859
    outer loop
      vertex 2.5 5.91516 8.14444
      vertex 7.5 6 8.15
      vertex 7.5 5.91516 8.14444
    endloop
  endfacet
  facet normal 0 0.0653948 -0.997859
    outer loop
      vertex 7.5 6 8.15
      vertex 2.5 5.91516 8.14444
      vertex 2.5 6 8.15
    endloop
  endfacet
  facet normal 0 -0.896907 0.44222
    outer loop
      vertex 2.5 6.56292 7.175
      vertex 7.5 6.60052 7.25126
      vertex 2.5 6.60052 7.25126
    endloop
  endfacet
  facet normal 0 -0.896907 0.44222
    outer loop
      vertex 7.5 6.60052 7.25126
      vertex 2.5 6.56292 7.175
      vertex 7.5 6.56292 7.175
    endloop
  endfacet
  facet normal 0 -0.555623 0.831435
    outer loop
      vertex 2.5 6.39569 6.98432
      vertex 7.5 6.325 6.93708
      vertex 7.5 6.39569 6.98432
    endloop
  endfacet
  facet normal 0 -0.555623 0.831435
    outer loop
      vertex 7.5 6.325 6.93708
      vertex 2.5 6.39569 6.98432
      vertex 2.5 6.325 6.93708
    endloop
  endfacet
  facet normal 0 0.980779 0.195121
    outer loop
      vertex 7.5 5.37215 7.33177
      vertex 2.5 5.35556 7.41516
      vertex 7.5 5.35556 7.41516
    endloop
  endfacet
  facet normal 0 0.980779 0.195121
    outer loop
      vertex 2.5 5.35556 7.41516
      vertex 7.5 5.37215 7.33177
      vertex 2.5 5.37215 7.33177
    endloop
  endfacet
  facet normal 0 0.75187 0.659312
    outer loop
      vertex 7.5 5.54038 7.04038
      vertex 2.5 5.48432 7.10431
      vertex 7.5 5.48432 7.10431
    endloop
  endfacet
  facet normal 0 0.75187 0.659312
    outer loop
      vertex 2.5 5.48432 7.10431
      vertex 7.5 5.54038 7.04038
      vertex 2.5 5.54038 7.04038
    endloop
  endfacet
  facet normal 0 -0.195121 -0.980779
    outer loop
      vertex 2.5 6.08484 8.14444
      vertex 7.5 6.16823 8.12785
      vertex 7.5 6.08484 8.14444
    endloop
  endfacet
  facet normal -0 -0.195121 -0.980779
    outer loop
      vertex 7.5 6.16823 8.12785
      vertex 2.5 6.08484 8.14444
      vertex 2.5 6.16823 8.12785
    endloop
  endfacet
  facet normal 0 -0.831435 -0.555623
    outer loop
      vertex 2.5 6.56292 7.825
      vertex 7.5 6.51568 7.89569
      vertex 2.5 6.51568 7.89569
    endloop
  endfacet
  facet normal 0 -0.831435 -0.555623
    outer loop
      vertex 7.5 6.51568 7.89569
      vertex 2.5 6.56292 7.825
      vertex 7.5 6.56292 7.825
    endloop
  endfacet
  facet normal 0 -0.997859 0.0653948
    outer loop
      vertex 2.5 6.64444 7.41516
      vertex 7.5 6.65 7.5
      vertex 2.5 6.65 7.5
    endloop
  endfacet
  facet normal 0 -0.997859 0.0653948
    outer loop
      vertex 7.5 6.65 7.5
      vertex 2.5 6.64444 7.41516
      vertex 7.5 6.64444 7.41516
    endloop
  endfacet
  facet normal 0 -0.321445 -0.946928
    outer loop
      vertex 2.5 6.16823 8.12785
      vertex 7.5 6.24874 8.10052
      vertex 7.5 6.16823 8.12785
    endloop
  endfacet
  facet normal -0 -0.321445 -0.946928
    outer loop
      vertex 7.5 6.24874 8.10052
      vertex 2.5 6.16823 8.12785
      vertex 2.5 6.24874 8.10052
    endloop
  endfacet
  facet normal 0 -0.555623 -0.831435
    outer loop
      vertex 2.5 6.325 8.06292
      vertex 7.5 6.39569 8.01568
      vertex 7.5 6.325 8.06292
    endloop
  endfacet
  facet normal -0 -0.555623 -0.831435
    outer loop
      vertex 7.5 6.39569 8.01568
      vertex 2.5 6.325 8.06292
      vertex 2.5 6.39569 8.01568
    endloop
  endfacet
  facet normal 0 0.195121 -0.980779
    outer loop
      vertex 2.5 5.83177 8.12785
      vertex 7.5 5.91516 8.14444
      vertex 7.5 5.83177 8.12785
    endloop
  endfacet
  facet normal 0 0.195121 -0.980779
    outer loop
      vertex 7.5 5.91516 8.14444
      vertex 2.5 5.83177 8.12785
      vertex 2.5 5.91516 8.14444
    endloop
  endfacet
  facet normal 0 -0.659312 0.75187
    outer loop
      vertex 2.5 6.45962 7.04038
      vertex 7.5 6.39569 6.98432
      vertex 7.5 6.45962 7.04038
    endloop
  endfacet
  facet normal 0 -0.659312 0.75187
    outer loop
      vertex 7.5 6.39569 6.98432
      vertex 2.5 6.45962 7.04038
      vertex 2.5 6.39569 6.98432
    endloop
  endfacet
  facet normal 0 0.896907 -0.44222
    outer loop
      vertex 7.5 5.39948 7.74874
      vertex 2.5 5.43708 7.825
      vertex 7.5 5.43708 7.825
    endloop
  endfacet
  facet normal 0 0.896907 -0.44222
    outer loop
      vertex 2.5 5.43708 7.825
      vertex 7.5 5.39948 7.74874
      vertex 2.5 5.39948 7.74874
    endloop
  endfacet
  facet normal 0 -0.980779 0.195121
    outer loop
      vertex 2.5 6.62785 7.33177
      vertex 7.5 6.64444 7.41516
      vertex 2.5 6.64444 7.41516
    endloop
  endfacet
  facet normal 0 -0.980779 0.195121
    outer loop
      vertex 7.5 6.64444 7.41516
      vertex 2.5 6.62785 7.33177
      vertex 7.5 6.62785 7.33177
    endloop
  endfacet
  facet normal 0 -0.195121 0.980779
    outer loop
      vertex 2.5 6.16823 6.87215
      vertex 7.5 6.08484 6.85556
      vertex 7.5 6.16823 6.87215
    endloop
  endfacet
  facet normal 0 -0.195121 0.980779
    outer loop
      vertex 7.5 6.08484 6.85556
      vertex 2.5 6.16823 6.87215
      vertex 2.5 6.08484 6.85556
    endloop
  endfacet
  facet normal -0 0.65937 0.751818
    outer loop
      vertex 2.5 5.6043 6.98432
      vertex 7.5 5.54038 7.04038
      vertex 7.5 5.6043 6.98432
    endloop
  endfacet
  facet normal 0 0.65937 0.751818
    outer loop
      vertex 7.5 5.54038 7.04038
      vertex 2.5 5.6043 6.98432
      vertex 2.5 5.54038 7.04038
    endloop
  endfacet
  facet normal 0 -0.0653948 -0.997859
    outer loop
      vertex 2.5 6 8.15
      vertex 7.5 6.08484 8.14444
      vertex 7.5 6 8.15
    endloop
  endfacet
  facet normal -0 -0.0653948 -0.997859
    outer loop
      vertex 7.5 6.08484 8.14444
      vertex 2.5 6 8.15
      vertex 2.5 6.08484 8.14444
    endloop
  endfacet
  facet normal 0 -0.44222 -0.896907
    outer loop
      vertex 2.5 6.24874 8.10052
      vertex 7.5 6.325 8.06292
      vertex 7.5 6.24874 8.10052
    endloop
  endfacet
  facet normal -0 -0.44222 -0.896907
    outer loop
      vertex 7.5 6.325 8.06292
      vertex 2.5 6.24874 8.10052
      vertex 2.5 6.325 8.06292
    endloop
  endfacet
  facet normal 0 -0.831435 0.555623
    outer loop
      vertex 2.5 6.51568 7.10431
      vertex 7.5 6.56292 7.175
      vertex 2.5 6.56292 7.175
    endloop
  endfacet
  facet normal 0 -0.831435 0.555623
    outer loop
      vertex 7.5 6.56292 7.175
      vertex 2.5 6.51568 7.10431
      vertex 7.5 6.51568 7.10431
    endloop
  endfacet
  facet normal 0 0.997859 0.0653948
    outer loop
      vertex 7.5 5.35556 7.41516
      vertex 2.5 5.35 7.5
      vertex 7.5 5.35 7.5
    endloop
  endfacet
  facet normal 0 0.997859 0.0653948
    outer loop
      vertex 2.5 5.35 7.5
      vertex 7.5 5.35556 7.41516
      vertex 2.5 5.35556 7.41516
    endloop
  endfacet
  facet normal 0 -0.44222 0.896907
    outer loop
      vertex 2.5 6.325 6.93708
      vertex 7.5 6.24874 6.89948
      vertex 7.5 6.325 6.93708
    endloop
  endfacet
  facet normal 0 -0.44222 0.896907
    outer loop
      vertex 7.5 6.24874 6.89948
      vertex 2.5 6.325 6.93708
      vertex 2.5 6.24874 6.89948
    endloop
  endfacet
  facet normal 0 0.980779 -0.195121
    outer loop
      vertex 7.5 5.35556 7.58484
      vertex 2.5 5.37215 7.66823
      vertex 7.5 5.37215 7.66823
    endloop
  endfacet
  facet normal 0 0.980779 -0.195121
    outer loop
      vertex 2.5 5.37215 7.66823
      vertex 7.5 5.35556 7.58484
      vertex 2.5 5.35556 7.58484
    endloop
  endfacet
  facet normal 0 0.896907 0.44222
    outer loop
      vertex 7.5 5.43708 7.175
      vertex 2.5 5.39948 7.25126
      vertex 7.5 5.39948 7.25126
    endloop
  endfacet
  facet normal 0 0.896907 0.44222
    outer loop
      vertex 2.5 5.39948 7.25126
      vertex 7.5 5.43708 7.175
      vertex 2.5 5.43708 7.175
    endloop
  endfacet
  facet normal 0 0.946928 -0.321445
    outer loop
      vertex 7.5 5.37215 7.66823
      vertex 2.5 5.39948 7.74874
      vertex 7.5 5.39948 7.74874
    endloop
  endfacet
  facet normal 0 0.946928 -0.321445
    outer loop
      vertex 2.5 5.39948 7.74874
      vertex 7.5 5.37215 7.66823
      vertex 2.5 5.37215 7.66823
    endloop
  endfacet
  facet normal 0 -0.896907 -0.44222
    outer loop
      vertex 2.5 6.60052 7.74874
      vertex 7.5 6.56292 7.825
      vertex 2.5 6.56292 7.825
    endloop
  endfacet
  facet normal 0 -0.896907 -0.44222
    outer loop
      vertex 7.5 6.56292 7.825
      vertex 2.5 6.60052 7.74874
      vertex 7.5 6.60052 7.74874
    endloop
  endfacet
  facet normal 0 -0.946928 -0.321445
    outer loop
      vertex 2.5 6.62785 7.66823
      vertex 7.5 6.60052 7.74874
      vertex 2.5 6.60052 7.74874
    endloop
  endfacet
  facet normal 0 -0.946928 -0.321445
    outer loop
      vertex 7.5 6.60052 7.74874
      vertex 2.5 6.62785 7.66823
      vertex 7.5 6.62785 7.66823
    endloop
  endfacet
  facet normal 0 0.997859 -0.0653948
    outer loop
      vertex 7.5 5.35 7.5
      vertex 2.5 5.35556 7.58484
      vertex 7.5 5.35556 7.58484
    endloop
  endfacet
  facet normal 0 0.997859 -0.0653948
    outer loop
      vertex 2.5 5.35556 7.58484
      vertex 7.5 5.35 7.5
      vertex 2.5 5.35 7.5
    endloop
  endfacet
  facet normal -0 0.321445 0.946928
    outer loop
      vertex 2.5 5.83177 6.87215
      vertex 7.5 5.75126 6.89948
      vertex 7.5 5.83177 6.87215
    endloop
  endfacet
  facet normal 0 0.321445 0.946928
    outer loop
      vertex 7.5 5.75126 6.89948
      vertex 2.5 5.83177 6.87215
      vertex 2.5 5.75126 6.89948
    endloop
  endfacet
  facet normal 0 0.44222 -0.896907
    outer loop
      vertex 2.5 5.675 8.06292
      vertex 7.5 5.75126 8.10052
      vertex 7.5 5.675 8.06292
    endloop
  endfacet
  facet normal 0 0.44222 -0.896907
    outer loop
      vertex 7.5 5.75126 8.10052
      vertex 2.5 5.675 8.06292
      vertex 2.5 5.75126 8.10052
    endloop
  endfacet
  facet normal 0 0.555568 -0.831471
    outer loop
      vertex 2.5 5.6043 8.01568
      vertex 7.5 5.675 8.06292
      vertex 7.5 5.6043 8.01568
    endloop
  endfacet
  facet normal 0 0.555568 -0.831471
    outer loop
      vertex 7.5 5.675 8.06292
      vertex 2.5 5.6043 8.01568
      vertex 2.5 5.675 8.06292
    endloop
  endfacet
  facet normal 0 0.831435 -0.555623
    outer loop
      vertex 7.5 5.43708 7.825
      vertex 2.5 5.48432 7.89569
      vertex 7.5 5.48432 7.89569
    endloop
  endfacet
  facet normal 0 0.831435 -0.555623
    outer loop
      vertex 2.5 5.48432 7.89569
      vertex 7.5 5.43708 7.825
      vertex 2.5 5.43708 7.825
    endloop
  endfacet
  facet normal 1 0 0
    outer loop
      vertex 2.5 6.64444 7.58484
      vertex 2.5 6.64444 7.41516
      vertex 2.5 6.65 7.5
    endloop
  endfacet
  facet normal 1 0 0
    outer loop
      vertex 2.5 6.62785 7.66823
      vertex 2.5 6.64444 7.41516
      vertex 2.5 6.64444 7.58484
    endloop
  endfacet
  facet normal 1 0 0
    outer loop
      vertex 2.5 6.62785 7.66823
      vertex 2.5 6.62785 7.33177
      vertex 2.5 6.64444 7.41516
    endloop
  endfacet
  facet normal 1 0 0
    outer loop
      vertex 2.5 6.60052 7.74874
      vertex 2.5 6.62785 7.33177
      vertex 2.5 6.62785 7.66823
    endloop
  endfacet
  facet normal 1 0 0
    outer loop
      vertex 2.5 6.60052 7.74874
      vertex 2.5 6.60052 7.25126
      vertex 2.5 6.62785 7.33177
    endloop
  endfacet
  facet normal 1 0 0
    outer loop
      vertex 2.5 6.56292 7.825
      vertex 2.5 6.60052 7.25126
      vertex 2.5 6.60052 7.74874
    endloop
  endfacet
  facet normal 1 0 0
    outer loop
      vertex 2.5 6.56292 7.825
      vertex 2.5 6.56292 7.175
      vertex 2.5 6.60052 7.25126
    endloop
  endfacet
  facet normal 1 0 0
    outer loop
      vertex 2.5 6.51568 7.89569
      vertex 2.5 6.56292 7.175
      vertex 2.5 6.56292 7.825
    endloop
  endfacet
  facet normal 1 0 0
    outer loop
      vertex 2.5 6.51568 7.89569
      vertex 2.5 6.51568 7.10431
      vertex 2.5 6.56292 7.175
    endloop
  endfacet
  facet normal 1 0 0
    outer loop
      vertex 2.5 6.45962 7.95962
      vertex 2.5 6.51568 7.10431
      vertex 2.5 6.51568 7.89569
    endloop
  endfacet
  facet normal 1 0 0
    outer loop
      vertex 2.5 6.45962 7.95962
      vertex 2.5 6.45962 7.04038
      vertex 2.5 6.51568 7.10431
    endloop
  endfacet
  facet normal 1 0 0
    outer loop
      vertex 2.5 6.39569 8.01568
      vertex 2.5 6.45962 7.04038
      vertex 2.5 6.45962 7.95962
    endloop
  endfacet
  facet normal 1 0 0
    outer loop
      vertex 2.5 6.39569 8.01568
      vertex 2.5 6.39569 6.98432
      vertex 2.5 6.45962 7.04038
    endloop
  endfacet
  facet normal 1 0 0
    outer loop
      vertex 2.5 6.325 8.06292
      vertex 2.5 6.39569 6.98432
      vertex 2.5 6.39569 8.01568
    endloop
  endfacet
  facet normal 1 0 0
    outer loop
      vertex 2.5 6.325 8.06292
      vertex 2.5 6.325 6.93708
      vertex 2.5 6.39569 6.98432
    endloop
  endfacet
  facet normal 1 0 0
    outer loop
      vertex 2.5 6.24874 8.10052
      vertex 2.5 6.325 6.93708
      vertex 2.5 6.325 8.06292
    endloop
  endfacet
  facet normal 1 0 0
    outer loop
      vertex 2.5 6.24874 8.10052
      vertex 2.5 6.24874 6.89948
      vertex 2.5 6.325 6.93708
    endloop
  endfacet
  facet normal 1 0 0
    outer loop
      vertex 2.5 6.16823 8.12785
      vertex 2.5 6.24874 6.89948
      vertex 2.5 6.24874 8.10052
    endloop
  endfacet
  facet normal 1 0 0
    outer loop
      vertex 2.5 6.16823 8.12785
      vertex 2.5 6.16823 6.87215
      vertex 2.5 6.24874 6.89948
    endloop
  endfacet
  facet normal 1 0 0
    outer loop
      vertex 2.5 6.08484 8.14444
      vertex 2.5 6.16823 6.87215
      vertex 2.5 6.16823 8.12785
    endloop
  endfacet
  facet normal 1 0 0
    outer loop
      vertex 2.5 6.08484 8.14444
      vertex 2.5 6.08484 6.85556
      vertex 2.5 6.16823 6.87215
    endloop
  endfacet
  facet normal 1 0 0
    outer loop
      vertex 2.5 6 8.15
      vertex 2.5 6.08484 6.85556
      vertex 2.5 6.08484 8.14444
    endloop
  endfacet
  facet normal 1 0 0
    outer loop
      vertex 2.5 6 8.15
      vertex 2.5 6 6.85
      vertex 2.5 6.08484 6.85556
    endloop
  endfacet
  facet normal 1 -0 0
    outer loop
      vertex 2.5 5.91516 8.14444
      vertex 2.5 6 6.85
      vertex 2.5 6 8.15
    endloop
  endfacet
  facet normal 1 0 0
    outer loop
      vertex 2.5 5.91516 8.14444
      vertex 2.5 5.91516 6.85556
      vertex 2.5 6 6.85
    endloop
  endfacet
  facet normal 1 -0 0
    outer loop
      vertex 2.5 5.83177 8.12785
      vertex 2.5 5.91516 6.85556
      vertex 2.5 5.91516 8.14444
    endloop
  endfacet
  facet normal 1 0 0
    outer loop
      vertex 2.5 5.83177 8.12785
      vertex 2.5 5.83177 6.87215
      vertex 2.5 5.91516 6.85556
    endloop
  endfacet
  facet normal 1 -0 0
    outer loop
      vertex 2.5 5.75126 8.10052
      vertex 2.5 5.83177 6.87215
      vertex 2.5 5.83177 8.12785
    endloop
  endfacet
  facet normal 1 0 0
    outer loop
      vertex 2.5 5.75126 8.10052
      vertex 2.5 5.75126 6.89948
      vertex 2.5 5.83177 6.87215
    endloop
  endfacet
  facet normal 1 -0 0
    outer loop
      vertex 2.5 5.675 8.06292
      vertex 2.5 5.75126 6.89948
      vertex 2.5 5.75126 8.10052
    endloop
  endfacet
  facet normal 1 0 0
    outer loop
      vertex 2.5 5.675 8.06292
      vertex 2.5 5.675 6.93708
      vertex 2.5 5.75126 6.89948
    endloop
  endfacet
  facet normal 1 -0 0
    outer loop
      vertex 2.5 5.6043 8.01568
      vertex 2.5 5.675 6.93708
      vertex 2.5 5.675 8.06292
    endloop
  endfacet
  facet normal 1 0 0
    outer loop
      vertex 2.5 5.6043 8.01568
      vertex 2.5 5.6043 6.98432
      vertex 2.5 5.675 6.93708
    endloop
  endfacet
  facet normal 1 -0 0
    outer loop
      vertex 2.5 5.54038 7.95962
      vertex 2.5 5.6043 6.98432
      vertex 2.5 5.6043 8.01568
    endloop
  endfacet
  facet normal 1 0 0
    outer loop
      vertex 2.5 5.54038 7.95962
      vertex 2.5 5.54038 7.04038
      vertex 2.5 5.6043 6.98432
    endloop
  endfacet
  facet normal 1 -0 0
    outer loop
      vertex 2.5 5.48432 7.89569
      vertex 2.5 5.54038 7.04038
      vertex 2.5 5.54038 7.95962
    endloop
  endfacet
  facet normal 1 0 0
    outer loop
      vertex 2.5 5.48432 7.89569
      vertex 2.5 5.48432 7.10431
      vertex 2.5 5.54038 7.04038
    endloop
  endfacet
  facet normal 1 -0 0
    outer loop
      vertex 2.5 5.43708 7.825
      vertex 2.5 5.48432 7.10431
      vertex 2.5 5.48432 7.89569
    endloop
  endfacet
  facet normal 1 0 0
    outer loop
      vertex 2.5 5.43708 7.825
      vertex 2.5 5.43708 7.175
      vertex 2.5 5.48432 7.10431
    endloop
  endfacet
  facet normal 1 -0 0
    outer loop
      vertex 2.5 5.39948 7.74874
      vertex 2.5 5.43708 7.175
      vertex 2.5 5.43708 7.825
    endloop
  endfacet
  facet normal 1 0 0
    outer loop
      vertex 2.5 5.39948 7.74874
      vertex 2.5 5.39948 7.25126
      vertex 2.5 5.43708 7.175
    endloop
  endfacet
  facet normal 1 -0 0
    outer loop
      vertex 2.5 5.37215 7.66823
      vertex 2.5 5.39948 7.25126
      vertex 2.5 5.39948 7.74874
    endloop
  endfacet
  facet normal 1 0 0
    outer loop
      vertex 2.5 5.37215 7.66823
      vertex 2.5 5.37215 7.33177
      vertex 2.5 5.39948 7.25126
    endloop
  endfacet
  facet normal 1 -0 0
    outer loop
      vertex 2.5 5.35556 7.58484
      vertex 2.5 5.37215 7.33177
      vertex 2.5 5.37215 7.66823
    endloop
  endfacet
  facet normal 1 0 0
    outer loop
      vertex 2.5 5.35556 7.58484
      vertex 2.5 5.35556 7.41516
      vertex 2.5 5.37215 7.33177
    endloop
  endfacet
  facet normal 1 0 -0
    outer loop
      vertex 2.5 5.35556 7.41516
      vertex 2.5 5.35556 7.58484
      vertex 2.5 5.35 7.5
    endloop
  endfacet
  facet normal -0 0.555568 0.831471
    outer loop
      vertex 2.5 5.675 6.93708
      vertex 7.5 5.6043 6.98432
      vertex 7.5 5.675 6.93708
    endloop
  endfacet
  facet normal 0 0.555568 0.831471
    outer loop
      vertex 7.5 5.6043 6.98432
      vertex 2.5 5.675 6.93708
      vertex 2.5 5.6043 6.98432
    endloop
  endfacet
  facet normal 0 -1 0
    outer loop
      vertex -5.4 4.5 3
      vertex 7.5 4.5 12
      vertex -5.4 4.5 12
    endloop
  endfacet
  facet normal 0 -1 -0
    outer loop
      vertex 7.5 4.5 12
      vertex -5.4 4.5 3
      vertex 7.5 4.5 3
    endloop
  endfacet
  facet normal 1 0 0
    outer loop
      vertex -5.4 4.5 12
      vertex -5.4 -10 11.75
      vertex -5.4 4.5 3
    endloop
  endfacet
  facet normal 1 -0 0
    outer loop
      vertex -5.4 -13 12
      vertex -5.4 -10 11.75
      vertex -5.4 4.5 12
    endloop
  endfacet
  facet normal 1 0 0
    outer loop
      vertex -5.4 -10 11.75
      vertex -5.4 -13 12
      vertex -5.4 -13 11.75
    endloop
  endfacet
  facet normal 1 -0 0
    outer loop
      vertex -5.4 -10 3.25
      vertex -5.4 4.5 3
      vertex -5.4 -10 11.75
    endloop
  endfacet
  facet normal 1 0 0
    outer loop
      vertex -5.4 -13 3
      vertex -5.4 -10 3.25
      vertex -5.4 -13 3.25
    endloop
  endfacet
  facet normal 1 0 0
    outer loop
      vertex -5.4 -10 3.25
      vertex -5.4 -13 3
      vertex -5.4 4.5 3
    endloop
  endfacet
  facet normal 0 1 0
    outer loop
      vertex 7.5 -13 12
      vertex 1 -13 11.75
      vertex -5.4 -13 12
    endloop
  endfacet
  facet normal 0 1 0
    outer loop
      vertex 7.5 -13 12
      vertex 1 -13 3.25
      vertex 1 -13 11.75
    endloop
  endfacet
  facet normal 0 1 -0
    outer loop
      vertex 7.5 -13 3
      vertex 1 -13 3.25
      vertex 7.5 -13 12
    endloop
  endfacet
  facet normal 0 1 0
    outer loop
      vertex -5.4 -13 3
      vertex 1 -13 3.25
      vertex 7.5 -13 3
    endloop
  endfacet
  facet normal 0 1 0
    outer loop
      vertex 1 -13 3.25
      vertex -5.4 -13 3
      vertex -5.4 -13 3.25
    endloop
  endfacet
  facet normal 0 1 0
    outer loop
      vertex -5.4 -13 12
      vertex 1 -13 11.75
      vertex -5.4 -13 11.75
    endloop
  endfacet
  facet normal 0 0 -1
    outer loop
      vertex -5.4 -13 12
      vertex 7.5 4.5 12
      vertex 7.5 -13 12
    endloop
  endfacet
  facet normal -0 0 -1
    outer loop
      vertex 7.5 4.5 12
      vertex -5.4 -13 12
      vertex -5.4 4.5 12
    endloop
  endfacet
  facet normal -0 0 1
    outer loop
      vertex -5.4 4.5 3
      vertex 7.5 -13 3
      vertex 7.5 4.5 3
    endloop
  endfacet
  facet normal 0 0 1
    outer loop
      vertex 7.5 -13 3
      vertex -5.4 4.5 3
      vertex -5.4 -13 3
    endloop
  endfacet
  facet normal 1 0 0
    outer loop
      vertex 7.5 7 12.6
      vertex 7.5 6.65 7.5
      vertex 7.5 7 2.4
    endloop
  endfacet
  facet normal 1 0 0
    outer loop
      vertex 7.5 7 12.6
      vertex 7.5 6.64444 7.58484
      vertex 7.5 6.65 7.5
    endloop
  endfacet
  facet normal 1 0 0
    outer loop
      vertex 7.5 7 12.6
      vertex 7.5 6.62785 7.66823
      vertex 7.5 6.64444 7.58484
    endloop
  endfacet
  facet normal 1 0 0
    outer loop
      vertex 7.5 7 12.6
      vertex 7.5 6.60052 7.74874
      vertex 7.5 6.62785 7.66823
    endloop
  endfacet
  facet normal 1 0 0
    outer loop
      vertex 7.5 7 12.6
      vertex 7.5 6.56292 7.825
      vertex 7.5 6.60052 7.74874
    endloop
  endfacet
  facet normal 1 0 0
    outer loop
      vertex 7.5 7 12.6
      vertex 7.5 6.51568 7.89569
      vertex 7.5 6.56292 7.825
    endloop
  endfacet
  facet normal 1 0 0
    outer loop
      vertex 7.5 7 12.6
      vertex 7.5 6.45962 7.95962
      vertex 7.5 6.51568 7.89569
    endloop
  endfacet
  facet normal 1 0 0
    outer loop
      vertex 7.5 7 12.6
      vertex 7.5 6.39569 8.01568
      vertex 7.5 6.45962 7.95962
    endloop
  endfacet
  facet normal 1 0 0
    outer loop
      vertex 7.5 7 12.6
      vertex 7.5 6.325 8.06292
      vertex 7.5 6.39569 8.01568
    endloop
  endfacet
  facet normal 1 0 0
    outer loop
      vertex 7.5 7 12.6
      vertex 7.5 6.24874 8.10052
      vertex 7.5 6.325 8.06292
    endloop
  endfacet
  facet normal 1 0 0
    outer loop
      vertex 7.5 7 12.6
      vertex 7.5 6.16823 8.12785
      vertex 7.5 6.24874 8.10052
    endloop
  endfacet
  facet normal 1 0 0
    outer loop
      vertex 7.5 7 12.6
      vertex 7.5 6.08484 8.14444
      vertex 7.5 6.16823 8.12785
    endloop
  endfacet
  facet normal 1 0 0
    outer loop
      vertex 7.5 7 12.6
      vertex 7.5 6 8.15
      vertex 7.5 6.08484 8.14444
    endloop
  endfacet
  facet normal 1 -0 0
    outer loop
      vertex 7.5 4.5 12
      vertex 7.5 6 8.15
      vertex 7.5 7 12.6
    endloop
  endfacet
  facet normal 1 0 0
    outer loop
      vertex 7.5 6 8.15
      vertex 7.5 4.5 12
      vertex 7.5 5.91516 8.14444
    endloop
  endfacet
  facet normal 1 0 0
    outer loop
      vertex 7.5 5.91516 8.14444
      vertex 7.5 4.5 12
      vertex 7.5 5.83177 8.12785
    endloop
  endfacet
  facet normal 1 0 0
    outer loop
      vertex 7.5 5.83177 8.12785
      vertex 7.5 4.5 12
      vertex 7.5 5.75126 8.10052
    endloop
  endfacet
  facet normal 1 0 0
    outer loop
      vertex 7.5 5.75126 8.10052
      vertex 7.5 4.5 12
      vertex 7.5 5.675 8.06292
    endloop
  endfacet
  facet normal 1 0 0
    outer loop
      vertex 7.5 5.675 8.06292
      vertex 7.5 4.5 12
      vertex 7.5 5.6043 8.01568
    endloop
  endfacet
  facet normal 1 0 0
    outer loop
      vertex 7.5 5.6043 8.01568
      vertex 7.5 4.5 12
      vertex 7.5 5.54038 7.95962
    endloop
  endfacet
  facet normal 1 0 0
    outer loop
      vertex 7.5 5.54038 7.95962
      vertex 7.5 4.5 12
      vertex 7.5 5.48432 7.89569
    endloop
  endfacet
  facet normal 1 0 0
    outer loop
      vertex 7.5 5.48432 7.89569
      vertex 7.5 4.5 12
      vertex 7.5 5.43708 7.825
    endloop
  endfacet
  facet normal 1 0 0
    outer loop
      vertex 7.5 5.43708 7.825
      vertex 7.5 4.5 12
      vertex 7.5 5.39948 7.74874
    endloop
  endfacet
  facet normal 1 0 0
    outer loop
      vertex 7.5 5.35556 7.58484
      vertex 7.5 4.5 12
      vertex 7.5 5.35 7.5
    endloop
  endfacet
  facet normal 1 0 0
    outer loop
      vertex 7.5 5.37215 7.66823
      vertex 7.5 4.5 12
      vertex 7.5 5.35556 7.58484
    endloop
  endfacet
  facet normal 1 0 0
    outer loop
      vertex 7.5 5.39948 7.74874
      vertex 7.5 4.5 12
      vertex 7.5 5.37215 7.66823
    endloop
  endfacet
  facet normal 1 0 0
    outer loop
      vertex 7.5 7 12.6
      vertex 7.5 -13 12
      vertex 7.5 4.5 12
    endloop
  endfacet
  facet normal 1 0 0
    outer loop
      vertex 7.5 -13 12
      vertex 7.5 -13.85 7.5
      vertex 7.5 -13 3
    endloop
  endfacet
  facet normal 1 0 0
    outer loop
      vertex 7.5 -13 12
      vertex 7.5 -13.8556 7.58484
      vertex 7.5 -13.85 7.5
    endloop
  endfacet
  facet normal 1 0 0
    outer loop
      vertex 7.5 -13 12
      vertex 7.5 -13.8721 7.66823
      vertex 7.5 -13.8556 7.58484
    endloop
  endfacet
  facet normal 1 0 0
    outer loop
      vertex 7.5 -13 12
      vertex 7.5 -13.8995 7.74874
      vertex 7.5 -13.8721 7.66823
    endloop
  endfacet
  facet normal 1 0 0
    outer loop
      vertex 7.5 -13 12
      vertex 7.5 -13.9371 7.825
      vertex 7.5 -13.8995 7.74874
    endloop
  endfacet
  facet normal 1 0 0
    outer loop
      vertex 7.5 -13 12
      vertex 7.5 -13.9843 7.89569
      vertex 7.5 -13.9371 7.825
    endloop
  endfacet
  facet normal 1 0 0
    outer loop
      vertex 7.5 -13 12
      vertex 7.5 -14.0404 7.95962
      vertex 7.5 -13.9843 7.89569
    endloop
  endfacet
  facet normal 1 0 0
    outer loop
      vertex 7.5 -13 12
      vertex 7.5 -14.1043 8.01568
      vertex 7.5 -14.0404 7.95962
    endloop
  endfacet
  facet normal 1 0 0
    outer loop
      vertex 7.5 -13 12
      vertex 7.5 -14.175 8.06292
      vertex 7.5 -14.1043 8.01568
    endloop
  endfacet
  facet normal 1 0 0
    outer loop
      vertex 7.5 -13 12
      vertex 7.5 -14.2513 8.10052
      vertex 7.5 -14.175 8.06292
    endloop
  endfacet
  facet normal 1 0 0
    outer loop
      vertex 7.5 -13 12
      vertex 7.5 -14.3318 8.12785
      vertex 7.5 -14.2513 8.10052
    endloop
  endfacet
  facet normal 1 0 0
    outer loop
      vertex 7.5 -13 12
      vertex 7.5 -14.4152 8.14444
      vertex 7.5 -14.3318 8.12785
    endloop
  endfacet
  facet normal 1 0 0
    outer loop
      vertex 7.5 -13 12
      vertex 7.5 -14.5 8.15
      vertex 7.5 -14.4152 8.14444
    endloop
  endfacet
  facet normal 1 0 0
    outer loop
      vertex 7.5 -13 12
      vertex 7.5 -14.5848 8.14444
      vertex 7.5 -14.5 8.15
    endloop
  endfacet
  facet normal 1 0 0
    outer loop
      vertex 7.5 -13 12
      vertex 7.5 -14.6682 8.12785
      vertex 7.5 -14.5848 8.14444
    endloop
  endfacet
  facet normal 1 0 0
    outer loop
      vertex 7.5 -17 12.6
      vertex 7.5 -14.6682 8.12785
      vertex 7.5 -13 12
    endloop
  endfacet
  facet normal 1 0 0
    outer loop
      vertex 7.5 -14.6682 8.12785
      vertex 7.5 -17 12.6
      vertex 7.5 -14.7487 8.10052
    endloop
  endfacet
  facet normal 1 0 0
    outer loop
      vertex 7.5 -14.7487 8.10052
      vertex 7.5 -17 12.6
      vertex 7.5 -14.825 8.06292
    endloop
  endfacet
  facet normal 1 0 0
    outer loop
      vertex 7.5 -14.825 8.06292
      vertex 7.5 -17 12.6
      vertex 7.5 -14.8957 8.01568
    endloop
  endfacet
  facet normal 1 0 0
    outer loop
      vertex 7.5 -14.8957 8.01568
      vertex 7.5 -17 12.6
      vertex 7.5 -14.9596 7.95962
    endloop
  endfacet
  facet normal 1 0 0
    outer loop
      vertex 7.5 -14.9596 7.95962
      vertex 7.5 -17 12.6
      vertex 7.5 -15.0157 7.89569
    endloop
  endfacet
  facet normal 1 0 0
    outer loop
      vertex 7.5 -15.1444 7.58484
      vertex 7.5 -17 12.6
      vertex 7.5 -15.15 7.5
    endloop
  endfacet
  facet normal 1 0 0
    outer loop
      vertex 7.5 -15.1279 7.66823
      vertex 7.5 -17 12.6
      vertex 7.5 -15.1444 7.58484
    endloop
  endfacet
  facet normal 1 0 0
    outer loop
      vertex 7.5 -15.1005 7.74874
      vertex 7.5 -17 12.6
      vertex 7.5 -15.1279 7.66823
    endloop
  endfacet
  facet normal 1 0 0
    outer loop
      vertex 7.5 -15.0629 7.825
      vertex 7.5 -17 12.6
      vertex 7.5 -15.1005 7.74874
    endloop
  endfacet
  facet normal 1 0 0
    outer loop
      vertex 7.5 -15.0157 7.89569
      vertex 7.5 -17 12.6
      vertex 7.5 -15.0629 7.825
    endloop
  endfacet
  facet normal 1 -0 0
    outer loop
      vertex 7.5 -17 12.6
      vertex 7.5 -13 12
      vertex 7.5 7 12.6
    endloop
  endfacet
  facet normal 1 -0 0
    outer loop
      vertex 7.5 6.64444 7.41516
      vertex 7.5 7 2.4
      vertex 7.5 6.65 7.5
    endloop
  endfacet
  facet normal 1 -0 0
    outer loop
      vertex 7.5 6.62785 7.33177
      vertex 7.5 7 2.4
      vertex 7.5 6.64444 7.41516
    endloop
  endfacet
  facet normal 1 -0 0
    outer loop
      vertex 7.5 6.60052 7.25126
      vertex 7.5 7 2.4
      vertex 7.5 6.62785 7.33177
    endloop
  endfacet
  facet normal 1 -0 0
    outer loop
      vertex 7.5 6.56292 7.175
      vertex 7.5 7 2.4
      vertex 7.5 6.60052 7.25126
    endloop
  endfacet
  facet normal 1 -0 0
    outer loop
      vertex 7.5 6.51568 7.10431
      vertex 7.5 7 2.4
      vertex 7.5 6.56292 7.175
    endloop
  endfacet
  facet normal 1 -0 0
    outer loop
      vertex 7.5 6.45962 7.04038
      vertex 7.5 7 2.4
      vertex 7.5 6.51568 7.10431
    endloop
  endfacet
  facet normal 1 -0 0
    outer loop
      vertex 7.5 6.39569 6.98432
      vertex 7.5 7 2.4
      vertex 7.5 6.45962 7.04038
    endloop
  endfacet
  facet normal 1 -0 0
    outer loop
      vertex 7.5 6.325 6.93708
      vertex 7.5 7 2.4
      vertex 7.5 6.39569 6.98432
    endloop
  endfacet
  facet normal 1 -0 0
    outer loop
      vertex 7.5 6.24874 6.89948
      vertex 7.5 7 2.4
      vertex 7.5 6.325 6.93708
    endloop
  endfacet
  facet normal 1 -0 0
    outer loop
      vertex 7.5 6.16823 6.87215
      vertex 7.5 7 2.4
      vertex 7.5 6.24874 6.89948
    endloop
  endfacet
  facet normal 1 -0 0
    outer loop
      vertex 7.5 6.08484 6.85556
      vertex 7.5 7 2.4
      vertex 7.5 6.16823 6.87215
    endloop
  endfacet
  facet normal 1 -0 0
    outer loop
      vertex 7.5 6 6.85
      vertex 7.5 7 2.4
      vertex 7.5 6.08484 6.85556
    endloop
  endfacet
  facet normal 1 0 0
    outer loop
      vertex 7.5 4.5 3
      vertex 7.5 6 6.85
      vertex 7.5 5.91516 6.85556
    endloop
  endfacet
  facet normal 1 0 0
    outer loop
      vertex 7.5 4.5 3
      vertex 7.5 5.91516 6.85556
      vertex 7.5 5.83177 6.87215
    endloop
  endfacet
  facet normal 1 0 0
    outer loop
      vertex 7.5 4.5 3
      vertex 7.5 5.83177 6.87215
      vertex 7.5 5.75126 6.89948
    endloop
  endfacet
  facet normal 1 0 0
    outer loop
      vertex 7.5 4.5 3
      vertex 7.5 5.75126 6.89948
      vertex 7.5 5.675 6.93708
    endloop
  endfacet
  facet normal 1 0 0
    outer loop
      vertex 7.5 4.5 3
      vertex 7.5 5.675 6.93708
      vertex 7.5 5.6043 6.98432
    endloop
  endfacet
  facet normal 1 0 0
    outer loop
      vertex 7.5 4.5 3
      vertex 7.5 5.6043 6.98432
      vertex 7.5 5.54038 7.04038
    endloop
  endfacet
  facet normal 1 0 0
    outer loop
      vertex 7.5 4.5 3
      vertex 7.5 5.54038 7.04038
      vertex 7.5 5.48432 7.10431
    endloop
  endfacet
  facet normal 1 0 0
    outer loop
      vertex 7.5 4.5 3
      vertex 7.5 5.48432 7.10431
      vertex 7.5 5.43708 7.175
    endloop
  endfacet
  facet normal 1 0 0
    outer loop
      vertex 7.5 4.5 3
      vertex 7.5 5.43708 7.175
      vertex 7.5 5.39948 7.25126
    endloop
  endfacet
  facet normal 1 0 0
    outer loop
      vertex 7.5 4.5 3
      vertex 7.5 5.39948 7.25126
      vertex 7.5 5.37215 7.33177
    endloop
  endfacet
  facet normal 1 0 0
    outer loop
      vertex 7.5 4.5 3
      vertex 7.5 5.35 7.5
      vertex 7.5 4.5 12
    endloop
  endfacet
  facet normal 1 0 0
    outer loop
      vertex 7.5 5.35 7.5
      vertex 7.5 4.5 3
      vertex 7.5 5.35556 7.41516
    endloop
  endfacet
  facet normal 1 0 0
    outer loop
      vertex 7.5 4.5 3
      vertex 7.5 5.37215 7.33177
      vertex 7.5 5.35556 7.41516
    endloop
  endfacet
  facet normal 1 0 0
    outer loop
      vertex 7.5 6 6.85
      vertex 7.5 4.5 3
      vertex 7.5 7 2.4
    endloop
  endfacet
  facet normal 1 -0 0
    outer loop
      vertex 7.5 -13 3
      vertex 7.5 7 2.4
      vertex 7.5 4.5 3
    endloop
  endfacet
  facet normal 1 -0 0
    outer loop
      vertex 7.5 -13.8556 7.41516
      vertex 7.5 -13 3
      vertex 7.5 -13.85 7.5
    endloop
  endfacet
  facet normal 1 -0 0
    outer loop
      vertex 7.5 -13.8721 7.33177
      vertex 7.5 -13 3
      vertex 7.5 -13.8556 7.41516
    endloop
  endfacet
  facet normal 1 -0 0
    outer loop
      vertex 7.5 -13.8995 7.25126
      vertex 7.5 -13 3
      vertex 7.5 -13.8721 7.33177
    endloop
  endfacet
  facet normal 1 -0 0
    outer loop
      vertex 7.5 -13.9371 7.175
      vertex 7.5 -13 3
      vertex 7.5 -13.8995 7.25126
    endloop
  endfacet
  facet normal 1 -0 0
    outer loop
      vertex 7.5 -13.9843 7.10431
      vertex 7.5 -13 3
      vertex 7.5 -13.9371 7.175
    endloop
  endfacet
  facet normal 1 -0 0
    outer loop
      vertex 7.5 -14.0404 7.04038
      vertex 7.5 -13 3
      vertex 7.5 -13.9843 7.10431
    endloop
  endfacet
  facet normal 1 -0 0
    outer loop
      vertex 7.5 -14.1043 6.98432
      vertex 7.5 -13 3
      vertex 7.5 -14.0404 7.04038
    endloop
  endfacet
  facet normal 1 -0 0
    outer loop
      vertex 7.5 -14.175 6.93708
      vertex 7.5 -13 3
      vertex 7.5 -14.1043 6.98432
    endloop
  endfacet
  facet normal 1 -0 0
    outer loop
      vertex 7.5 -14.2513 6.89948
      vertex 7.5 -13 3
      vertex 7.5 -14.175 6.93708
    endloop
  endfacet
  facet normal 1 -0 0
    outer loop
      vertex 7.5 -14.3318 6.87215
      vertex 7.5 -13 3
      vertex 7.5 -14.2513 6.89948
    endloop
  endfacet
  facet normal 1 -0 0
    outer loop
      vertex 7.5 -14.4152 6.85556
      vertex 7.5 -13 3
      vertex 7.5 -14.3318 6.87215
    endloop
  endfacet
  facet normal 1 -0 0
    outer loop
      vertex 7.5 -14.5 6.85
      vertex 7.5 -13 3
      vertex 7.5 -14.4152 6.85556
    endloop
  endfacet
  facet normal 1 0 0
    outer loop
      vertex 7.5 -14.5848 6.85556
      vertex 7.5 -13 3
      vertex 7.5 -14.5 6.85
    endloop
  endfacet
  facet normal 1 0 0
    outer loop
      vertex 7.5 -14.6682 6.87215
      vertex 7.5 -13 3
      vertex 7.5 -14.5848 6.85556
    endloop
  endfacet
  facet normal 1 0 0
    outer loop
      vertex 7.5 -17 2.4
      vertex 7.5 -14.6682 6.87215
      vertex 7.5 -14.7487 6.89948
    endloop
  endfacet
  facet normal 1 0 0
    outer loop
      vertex 7.5 -17 2.4
      vertex 7.5 -14.7487 6.89948
      vertex 7.5 -14.825 6.93708
    endloop
  endfacet
  facet normal 1 0 0
    outer loop
      vertex 7.5 -17 2.4
      vertex 7.5 -14.825 6.93708
      vertex 7.5 -14.8957 6.98432
    endloop
  endfacet
  facet normal 1 0 0
    outer loop
      vertex 7.5 -17 2.4
      vertex 7.5 -14.8957 6.98432
      vertex 7.5 -14.9596 7.04038
    endloop
  endfacet
  facet normal 1 0 0
    outer loop
      vertex 7.5 -17 2.4
      vertex 7.5 -14.9596 7.04038
      vertex 7.5 -15.0157 7.10431
    endloop
  endfacet
  facet normal 1 0 0
    outer loop
      vertex 7.5 -17 2.4
      vertex 7.5 -15.0157 7.10431
      vertex 7.5 -15.0629 7.175
    endloop
  endfacet
  facet normal 1 0 0
    outer loop
      vertex 7.5 -17 2.4
      vertex 7.5 -15.15 7.5
      vertex 7.5 -17 12.6
    endloop
  endfacet
  facet normal 1 0 0
    outer loop
      vertex 7.5 -15.15 7.5
      vertex 7.5 -17 2.4
      vertex 7.5 -15.1444 7.41516
    endloop
  endfacet
  facet normal 1 0 0
    outer loop
      vertex 7.5 -15.1444 7.41516
      vertex 7.5 -17 2.4
      vertex 7.5 -15.1279 7.33177
    endloop
  endfacet
  facet normal 1 0 0
    outer loop
      vertex 7.5 -13 3
      vertex 7.5 -17 2.4
      vertex 7.5 7 2.4
    endloop
  endfacet
  facet normal 1 0 0
    outer loop
      vertex 7.5 -14.6682 6.87215
      vertex 7.5 -17 2.4
      vertex 7.5 -13 3
    endloop
  endfacet
  facet normal 1 0 0
    outer loop
      vertex 7.5 -15.1005 7.25126
      vertex 7.5 -17 2.4
      vertex 7.5 -15.0629 7.175
    endloop
  endfacet
  facet normal 1 0 0
    outer loop
      vertex 7.5 -15.1279 7.33177
      vertex 7.5 -17 2.4
      vertex 7.5 -15.1005 7.25126
    endloop
  endfacet
  facet normal 0 1 -0
    outer loop
      vertex 7.83333 -17 2.4
      vertex 7.5 -17 12.6
      vertex 7.83333 -17 12.6
    endloop
  endfacet
  facet normal 0 1 0
    outer loop
      vertex 7.5 -17 12.6
      vertex 7.83333 -17 2.4
      vertex 7.5 -17 2.4
    endloop
  endfacet
  facet normal 0 0 -1
    outer loop
      vertex 7.5 7 12.6
      vertex 7.83333 -17 12.6
      vertex 7.5 -17 12.6
    endloop
  endfacet
  facet normal 0 0 1
    outer loop
      vertex 7.83333 -17 2.4
      vertex 7.5 7 2.4
      vertex 7.5 -17 2.4
    endloop
  endfacet
  facet normal 0 -1 0
    outer loop
      vertex -7.4 -10 3.25
      vertex -5.4 -10 11.75
      vertex -7.4 -10 11.75
    endloop
  endfacet
  facet normal 0 -1 -0
    outer loop
      vertex -5.4 -10 11.75
      vertex -7.4 -10 3.25
      vertex -5.4 -10 3.25
    endloop
  endfacet
  facet normal -1 0 0
    outer loop
      vertex 1 -18 3.25
      vertex 1 -13 11.75
      vertex 1 -13 3.25
    endloop
  endfacet
  facet normal -1 -0 0
    outer loop
      vertex 1 -13 11.75
      vertex 1 -18 3.25
      vertex 1 -18 11.75
    endloop
  endfacet
  facet normal 0 1 -0
    outer loop
      vertex 1 -18 3.25
      vertex -7.32593 -18 11.75
      vertex 1 -18 11.75
    endloop
  endfacet
  facet normal 0 1 0
    outer loop
      vertex -7.32593 -18 11.75
      vertex 1 -18 3.25
      vertex -7.32593 -18 3.25
    endloop
  endfacet
  facet normal 0 0 -1
    outer loop
      vertex 1 -18 11.75
      vertex -5.4 -13 11.75
      vertex 1 -13 11.75
    endloop
  endfacet
  facet normal 0 0 -1
    outer loop
      vertex -7.32593 -18 11.75
      vertex -5.4 -13 11.75
      vertex 1 -18 11.75
    endloop
  endfacet
  facet normal 0 0 -1
    outer loop
      vertex -7.4 -15.5 11.75
      vertex -5.4 -13 11.75
      vertex -7.32593 -18 11.75
    endloop
  endfacet
  facet normal 0 0 -1
    outer loop
      vertex -7.4 -10 11.75
      vertex -5.4 -13 11.75
      vertex -7.4 -15.5 11.75
    endloop
  endfacet
  facet normal 0 0 -1
    outer loop
      vertex -5.4 -13 11.75
      vertex -7.4 -10 11.75
      vertex -5.4 -10 11.75
    endloop
  endfacet
  facet normal -0 0 1
    outer loop
      vertex -7.4 -10 3.25
      vertex -5.4 -13 3.25
      vertex -5.4 -10 3.25
    endloop
  endfacet
  facet normal 0 0 1
    outer loop
      vertex -5.4 -13 3.25
      vertex -7.4 -10 3.25
      vertex -7.4 -15.5 3.25
    endloop
  endfacet
  facet normal 0 0 1
    outer loop
      vertex -5.4 -13 3.25
      vertex -7.4 -15.5 3.25
      vertex -7.32593 -18 3.25
    endloop
  endfacet
  facet normal -0 0 1
    outer loop
      vertex -5.4 -13 3.25
      vertex 1 -18 3.25
      vertex 1 -13 3.25
    endloop
  endfacet
  facet normal 0 0 1
    outer loop
      vertex 1 -18 3.25
      vertex -5.4 -13 3.25
      vertex -7.32593 -18 3.25
    endloop
  endfacet
  facet normal 0.194102 0.980981 -0
    outer loop
      vertex 0.415158 -44.1444 0
      vertex 0.331768 -44.1279 5
      vertex 0.415158 -44.1444 5
    endloop
  endfacet
  facet normal 0.194102 0.980981 0
    outer loop
      vertex 0.331768 -44.1279 5
      vertex 0.415158 -44.1444 0
      vertex 0.331768 -44.1279 0
    endloop
  endfacet
  facet normal 0.0658617 0.997829 -0
    outer loop
      vertex 0.5 -44.15 0
      vertex 0.415158 -44.1444 5
      vertex 0.5 -44.15 5
    endloop
  endfacet
  facet normal 0.0658617 0.997829 0
    outer loop
      vertex 0.415158 -44.1444 5
      vertex 0.5 -44.15 0
      vertex 0.415158 -44.1444 0
    endloop
  endfacet
  facet normal -0.997857 0.0654256 0
    outer loop
      vertex 1.14444 -43.5848 0
      vertex 1.15 -43.5 5
      vertex 1.15 -43.5 0
    endloop
  endfacet
  facet normal -0.997857 0.0654256 0
    outer loop
      vertex 1.15 -43.5 5
      vertex 1.14444 -43.5848 0
      vertex 1.14444 -43.5848 5
    endloop
  endfacet
  facet normal 0.751711 -0.659492 0
    outer loop
      vertex -0.0156794 -43.1043 5
      vertex 0.0403814 -43.0404 0
      vertex 0.0403814 -43.0404 5
    endloop
  endfacet
  facet normal 0.751711 -0.659492 0
    outer loop
      vertex 0.0403814 -43.0404 0
      vertex -0.0156794 -43.1043 5
      vertex -0.0156794 -43.1043 0
    endloop
  endfacet
  facet normal -0.55527 -0.83167 0
    outer loop
      vertex 0.825 -42.9371 0
      vertex 0.895695 -42.9843 5
      vertex 0.825 -42.9371 5
    endloop
  endfacet
  facet normal -0.55527 -0.83167 -0
    outer loop
      vertex 0.895695 -42.9843 5
      vertex 0.825 -42.9371 0
      vertex 0.895695 -42.9843 0
    endloop
  endfacet
  facet normal -0.980784 -0.195098 0
    outer loop
      vertex 1.14444 -43.4152 0
      vertex 1.12785 -43.3318 5
      vertex 1.12785 -43.3318 0
    endloop
  endfacet
  facet normal -0.980784 -0.195098 0
    outer loop
      vertex 1.12785 -43.3318 5
      vertex 1.14444 -43.4152 0
      vertex 1.14444 -43.4152 5
    endloop
  endfacet
  facet normal 0.751711 0.659492 0
    outer loop
      vertex 0.0403814 -43.9596 5
      vertex -0.0156794 -43.8957 0
      vertex -0.0156794 -43.8957 5
    endloop
  endfacet
  facet normal 0.751711 0.659492 0
    outer loop
      vertex -0.0156794 -43.8957 0
      vertex 0.0403814 -43.9596 5
      vertex 0.0403814 -43.9596 0
    endloop
  endfacet
  facet normal -0.322176 0.94668 0
    outer loop
      vertex 0.748744 -44.1005 0
      vertex 0.668232 -44.1279 5
      vertex 0.748744 -44.1005 5
    endloop
  endfacet
  facet normal -0.322176 0.94668 0
    outer loop
      vertex 0.668232 -44.1279 5
      vertex 0.748744 -44.1005 0
      vertex 0.668232 -44.1279 0
    endloop
  endfacet
  facet normal -0.659613 0.751606 0
    outer loop
      vertex 0.959619 -43.9596 0
      vertex 0.895695 -44.0157 5
      vertex 0.959619 -43.9596 5
    endloop
  endfacet
  facet normal -0.659613 0.751606 0
    outer loop
      vertex 0.895695 -44.0157 5
      vertex 0.959619 -43.9596 0
      vertex 0.895695 -44.0157 0
    endloop
  endfacet
  facet normal 0.659615 0.751604 -0
    outer loop
      vertex 0.104305 -44.0157 0
      vertex 0.0403814 -43.9596 5
      vertex 0.104305 -44.0157 5
    endloop
  endfacet
  facet normal 0.659615 0.751604 0
    outer loop
      vertex 0.0403814 -43.9596 5
      vertex 0.104305 -44.0157 0
      vertex 0.0403814 -43.9596 0
    endloop
  endfacet
  facet normal -0.322176 -0.94668 0
    outer loop
      vertex 0.668232 -42.8721 0
      vertex 0.748744 -42.8995 5
      vertex 0.668232 -42.8721 5
    endloop
  endfacet
  facet normal -0.322176 -0.94668 -0
    outer loop
      vertex 0.748744 -42.8995 5
      vertex 0.668232 -42.8721 0
      vertex 0.748744 -42.8995 0
    endloop
  endfacet
  facet normal -0.946916 0.321481 0
    outer loop
      vertex 1.10052 -43.7487 0
      vertex 1.12785 -43.6682 5
      vertex 1.12785 -43.6682 0
    endloop
  endfacet
  facet normal -0.946916 0.321481 0
    outer loop
      vertex 1.12785 -43.6682 5
      vertex 1.10052 -43.7487 0
      vertex 1.10052 -43.7487 5
    endloop
  endfacet
  facet normal -0.997857 -0.0654256 0
    outer loop
      vertex 1.15 -43.5 0
      vertex 1.14444 -43.4152 5
      vertex 1.14444 -43.4152 0
    endloop
  endfacet
  facet normal -0.997857 -0.0654256 0
    outer loop
      vertex 1.14444 -43.4152 5
      vertex 1.15 -43.5 0
      vertex 1.15 -43.5 5
    endloop
  endfacet
  facet normal 0.946916 -0.321481 0
    outer loop
      vertex -0.127851 -43.3318 5
      vertex -0.100521 -43.2513 0
      vertex -0.100521 -43.2513 5
    endloop
  endfacet
  facet normal 0.946916 -0.321481 0
    outer loop
      vertex -0.100521 -43.2513 0
      vertex -0.127851 -43.3318 5
      vertex -0.127851 -43.3318 0
    endloop
  endfacet
  facet normal 0.322176 0.94668 -0
    outer loop
      vertex 0.331768 -44.1279 0
      vertex 0.251256 -44.1005 5
      vertex 0.331768 -44.1279 5
    endloop
  endfacet
  facet normal 0.322176 0.94668 0
    outer loop
      vertex 0.251256 -44.1005 5
      vertex 0.331768 -44.1279 0
      vertex 0.251256 -44.1005 0
    endloop
  endfacet
  facet normal 0.659615 -0.751604 0
    outer loop
      vertex 0.0403814 -43.0404 0
      vertex 0.104305 -42.9843 5
      vertex 0.0403814 -43.0404 5
    endloop
  endfacet
  facet normal 0.659615 -0.751604 0
    outer loop
      vertex 0.104305 -42.9843 5
      vertex 0.0403814 -43.0404 0
      vertex 0.104305 -42.9843 0
    endloop
  endfacet
  facet normal -0.896999 -0.442033 0
    outer loop
      vertex 1.10052 -43.2513 0
      vertex 1.06292 -43.175 5
      vertex 1.06292 -43.175 0
    endloop
  endfacet
  facet normal -0.896999 -0.442033 0
    outer loop
      vertex 1.06292 -43.175 5
      vertex 1.10052 -43.2513 0
      vertex 1.10052 -43.2513 5
    endloop
  endfacet
  facet normal 0.997857 -0.0654373 0
    outer loop
      vertex -0.15 -43.5 5
      vertex -0.144439 -43.4152 0
      vertex -0.144439 -43.4152 5
    endloop
  endfacet
  facet normal 0.997857 -0.0654373 0
    outer loop
      vertex -0.144439 -43.4152 0
      vertex -0.15 -43.5 5
      vertex -0.15 -43.5 0
    endloop
  endfacet
  facet normal -0.442239 0.896897 0
    outer loop
      vertex 0.825 -44.0629 0
      vertex 0.748744 -44.1005 5
      vertex 0.825 -44.0629 5
    endloop
  endfacet
  facet normal -0.442239 0.896897 0
    outer loop
      vertex 0.748744 -44.1005 5
      vertex 0.825 -44.0629 0
      vertex 0.748744 -44.1005 0
    endloop
  endfacet
  facet normal -0.831471 0.555568 0
    outer loop
      vertex 1.01568 -43.8957 0
      vertex 1.06292 -43.825 5
      vertex 1.06292 -43.825 0
    endloop
  endfacet
  facet normal -0.831471 0.555568 0
    outer loop
      vertex 1.06292 -43.825 5
      vertex 1.01568 -43.8957 0
      vertex 1.01568 -43.8957 5
    endloop
  endfacet
  facet normal -0.194102 -0.980981 0
    outer loop
      vertex 0.584842 -42.8556 0
      vertex 0.668232 -42.8721 5
      vertex 0.584842 -42.8556 5
    endloop
  endfacet
  facet normal -0.194102 -0.980981 -0
    outer loop
      vertex 0.668232 -42.8721 5
      vertex 0.584842 -42.8556 0
      vertex 0.668232 -42.8721 0
    endloop
  endfacet
  facet normal -0.659613 -0.751606 0
    outer loop
      vertex 0.895695 -42.9843 0
      vertex 0.959619 -43.0404 5
      vertex 0.895695 -42.9843 5
    endloop
  endfacet
  facet normal -0.659613 -0.751606 -0
    outer loop
      vertex 0.959619 -43.0404 5
      vertex 0.895695 -42.9843 0
      vertex 0.959619 -43.0404 0
    endloop
  endfacet
  facet normal 0.980788 0.195076 0
    outer loop
      vertex -0.127851 -43.6682 5
      vertex -0.144439 -43.5848 0
      vertex -0.144439 -43.5848 5
    endloop
  endfacet
  facet normal 0.980788 0.195076 0
    outer loop
      vertex -0.144439 -43.5848 0
      vertex -0.127851 -43.6682 5
      vertex -0.127851 -43.6682 0
    endloop
  endfacet
  facet normal 0.55527 0.83167 -0
    outer loop
      vertex 0.175 -44.0629 0
      vertex 0.104305 -44.0157 5
      vertex 0.175 -44.0629 5
    endloop
  endfacet
  facet normal 0.55527 0.83167 0
    outer loop
      vertex 0.104305 -44.0157 5
      vertex 0.175 -44.0629 0
      vertex 0.104305 -44.0157 0
    endloop
  endfacet
  facet normal -0.0658617 0.997829 0
    outer loop
      vertex 0.584842 -44.1444 0
      vertex 0.5 -44.15 5
      vertex 0.584842 -44.1444 5
    endloop
  endfacet
  facet normal -0.0658617 0.997829 0
    outer loop
      vertex 0.5 -44.15 5
      vertex 0.584842 -44.1444 0
      vertex 0.5 -44.15 0
    endloop
  endfacet
  facet normal 0.946916 0.321481 0
    outer loop
      vertex -0.100521 -43.7487 5
      vertex -0.127851 -43.6682 0
      vertex -0.127851 -43.6682 5
    endloop
  endfacet
  facet normal 0.946916 0.321481 0
    outer loop
      vertex -0.127851 -43.6682 0
      vertex -0.100521 -43.7487 5
      vertex -0.100521 -43.7487 0
    endloop
  endfacet
  facet normal 0.83149 0.555539 0
    outer loop
      vertex -0.0156794 -43.8957 5
      vertex -0.0629158 -43.825 0
      vertex -0.0629158 -43.825 5
    endloop
  endfacet
  facet normal 0.83149 0.555539 0
    outer loop
      vertex -0.0629158 -43.825 0
      vertex -0.0156794 -43.8957 5
      vertex -0.0156794 -43.8957 0
    endloop
  endfacet
  facet normal 0.980788 -0.195076 0
    outer loop
      vertex -0.144439 -43.4152 5
      vertex -0.127851 -43.3318 0
      vertex -0.127851 -43.3318 5
    endloop
  endfacet
  facet normal 0.980788 -0.195076 0
    outer loop
      vertex -0.127851 -43.3318 0
      vertex -0.144439 -43.4152 5
      vertex -0.144439 -43.4152 0
    endloop
  endfacet
  facet normal -0.75171 0.659493 0
    outer loop
      vertex 0.959619 -43.9596 0
      vertex 1.01568 -43.8957 5
      vertex 1.01568 -43.8957 0
    endloop
  endfacet
  facet normal -0.75171 0.659493 0
    outer loop
      vertex 1.01568 -43.8957 5
      vertex 0.959619 -43.9596 0
      vertex 0.959619 -43.9596 5
    endloop
  endfacet
  facet normal 0.442239 -0.896897 0
    outer loop
      vertex 0.175 -42.9371 0
      vertex 0.251256 -42.8995 5
      vertex 0.175 -42.9371 5
    endloop
  endfacet
  facet normal 0.442239 -0.896897 0
    outer loop
      vertex 0.251256 -42.8995 5
      vertex 0.175 -42.9371 0
      vertex 0.251256 -42.8995 0
    endloop
  endfacet
  facet normal -0.194102 0.980981 0
    outer loop
      vertex 0.668232 -44.1279 0
      vertex 0.584842 -44.1444 5
      vertex 0.668232 -44.1279 5
    endloop
  endfacet
  facet normal -0.194102 0.980981 0
    outer loop
      vertex 0.584842 -44.1444 5
      vertex 0.668232 -44.1279 0
      vertex 0.584842 -44.1444 0
    endloop
  endfacet
  facet normal -0.980784 0.195098 0
    outer loop
      vertex 1.12785 -43.6682 0
      vertex 1.14444 -43.5848 5
      vertex 1.14444 -43.5848 0
    endloop
  endfacet
  facet normal -0.980784 0.195098 0
    outer loop
      vertex 1.14444 -43.5848 5
      vertex 1.12785 -43.6682 0
      vertex 1.12785 -43.6682 5
    endloop
  endfacet
  facet normal -0.75171 -0.659493 0
    outer loop
      vertex 1.01568 -43.1043 0
      vertex 0.959619 -43.0404 5
      vertex 0.959619 -43.0404 0
    endloop
  endfacet
  facet normal -0.75171 -0.659493 0
    outer loop
      vertex 0.959619 -43.0404 5
      vertex 1.01568 -43.1043 0
      vertex 1.01568 -43.1043 5
    endloop
  endfacet
  facet normal 0.997857 0.0654373 0
    outer loop
      vertex -0.144439 -43.5848 5
      vertex -0.15 -43.5 0
      vertex -0.15 -43.5 5
    endloop
  endfacet
  facet normal 0.997857 0.0654373 0
    outer loop
      vertex -0.15 -43.5 0
      vertex -0.144439 -43.5848 5
      vertex -0.144439 -43.5848 0
    endloop
  endfacet
  facet normal 0.896974 0.442083 0
    outer loop
      vertex -0.0629158 -43.825 5
      vertex -0.100521 -43.7487 0
      vertex -0.100521 -43.7487 5
    endloop
  endfacet
  facet normal 0.896974 0.442083 0
    outer loop
      vertex -0.100521 -43.7487 0
      vertex -0.0629158 -43.825 5
      vertex -0.0629158 -43.825 0
    endloop
  endfacet
  facet normal -0.55527 0.83167 0
    outer loop
      vertex 0.895695 -44.0157 0
      vertex 0.825 -44.0629 5
      vertex 0.895695 -44.0157 5
    endloop
  endfacet
  facet normal -0.55527 0.83167 0
    outer loop
      vertex 0.825 -44.0629 5
      vertex 0.895695 -44.0157 0
      vertex 0.825 -44.0629 0
    endloop
  endfacet
  facet normal -0.0658617 -0.997829 0
    outer loop
      vertex 0.5 -42.85 0
      vertex 0.584842 -42.8556 5
      vertex 0.5 -42.85 5
    endloop
  endfacet
  facet normal -0.0658617 -0.997829 -0
    outer loop
      vertex 0.584842 -42.8556 5
      vertex 0.5 -42.85 0
      vertex 0.584842 -42.8556 0
    endloop
  endfacet
  facet normal -0.896999 0.442033 0
    outer loop
      vertex 1.06292 -43.825 0
      vertex 1.10052 -43.7487 5
      vertex 1.10052 -43.7487 0
    endloop
  endfacet
  facet normal -0.896999 0.442033 0
    outer loop
      vertex 1.10052 -43.7487 5
      vertex 1.06292 -43.825 0
      vertex 1.06292 -43.825 5
    endloop
  endfacet
  facet normal 0.194102 -0.980981 0
    outer loop
      vertex 0.331768 -42.8721 0
      vertex 0.415158 -42.8556 5
      vertex 0.331768 -42.8721 5
    endloop
  endfacet
  facet normal 0.194102 -0.980981 0
    outer loop
      vertex 0.415158 -42.8556 5
      vertex 0.331768 -42.8721 0
      vertex 0.415158 -42.8556 0
    endloop
  endfacet
  facet normal -0.442239 -0.896897 0
    outer loop
      vertex 0.748744 -42.8995 0
      vertex 0.825 -42.9371 5
      vertex 0.748744 -42.8995 5
    endloop
  endfacet
  facet normal -0.442239 -0.896897 -0
    outer loop
      vertex 0.825 -42.9371 5
      vertex 0.748744 -42.8995 0
      vertex 0.825 -42.9371 0
    endloop
  endfacet
  facet normal 0.322176 -0.94668 0
    outer loop
      vertex 0.251256 -42.8995 0
      vertex 0.331768 -42.8721 5
      vertex 0.251256 -42.8995 5
    endloop
  endfacet
  facet normal 0.322176 -0.94668 0
    outer loop
      vertex 0.331768 -42.8721 5
      vertex 0.251256 -42.8995 0
      vertex 0.331768 -42.8721 0
    endloop
  endfacet
  facet normal 0.83149 -0.555539 0
    outer loop
      vertex -0.0629158 -43.175 5
      vertex -0.0156794 -43.1043 0
      vertex -0.0156794 -43.1043 5
    endloop
  endfacet
  facet normal 0.83149 -0.555539 0
    outer loop
      vertex -0.0156794 -43.1043 0
      vertex -0.0629158 -43.175 5
      vertex -0.0629158 -43.175 0
    endloop
  endfacet
  facet normal 0.442239 0.896897 -0
    outer loop
      vertex 0.251256 -44.1005 0
      vertex 0.175 -44.0629 5
      vertex 0.251256 -44.1005 5
    endloop
  endfacet
  facet normal 0.442239 0.896897 0
    outer loop
      vertex 0.175 -44.0629 5
      vertex 0.251256 -44.1005 0
      vertex 0.175 -44.0629 0
    endloop
  endfacet
  facet normal 0.0658617 -0.997829 0
    outer loop
      vertex 0.415158 -42.8556 0
      vertex 0.5 -42.85 5
      vertex 0.415158 -42.8556 5
    endloop
  endfacet
  facet normal 0.0658617 -0.997829 0
    outer loop
      vertex 0.5 -42.85 5
      vertex 0.415158 -42.8556 0
      vertex 0.5 -42.85 0
    endloop
  endfacet
  facet normal -0.946916 -0.321481 0
    outer loop
      vertex 1.12785 -43.3318 0
      vertex 1.10052 -43.2513 5
      vertex 1.10052 -43.2513 0
    endloop
  endfacet
  facet normal -0.946916 -0.321481 0
    outer loop
      vertex 1.10052 -43.2513 5
      vertex 1.12785 -43.3318 0
      vertex 1.12785 -43.3318 5
    endloop
  endfacet
  facet normal 0.896974 -0.442083 0
    outer loop
      vertex -0.100521 -43.2513 5
      vertex -0.0629158 -43.175 0
      vertex -0.0629158 -43.175 5
    endloop
  endfacet
  facet normal 0.896974 -0.442083 0
    outer loop
      vertex -0.0629158 -43.175 0
      vertex -0.100521 -43.2513 5
      vertex -0.100521 -43.2513 0
    endloop
  endfacet
  facet normal 0.55527 -0.83167 0
    outer loop
      vertex 0.104305 -42.9843 0
      vertex 0.175 -42.9371 5
      vertex 0.104305 -42.9843 5
    endloop
  endfacet
  facet normal 0.55527 -0.83167 0
    outer loop
      vertex 0.175 -42.9371 5
      vertex 0.104305 -42.9843 0
      vertex 0.175 -42.9371 0
    endloop
  endfacet
  facet normal 0 0 -1
    outer loop
      vertex 1.14444 -43.5848 5
      vertex 1.14444 -43.4152 5
      vertex 1.15 -43.5 5
    endloop
  endfacet
  facet normal 0 0 -1
    outer loop
      vertex 1.12785 -43.6682 5
      vertex 1.14444 -43.4152 5
      vertex 1.14444 -43.5848 5
    endloop
  endfacet
  facet normal 0 0 -1
    outer loop
      vertex 1.12785 -43.6682 5
      vertex 1.12785 -43.3318 5
      vertex 1.14444 -43.4152 5
    endloop
  endfacet
  facet normal 0 0 -1
    outer loop
      vertex 1.10052 -43.7487 5
      vertex 1.12785 -43.3318 5
      vertex 1.12785 -43.6682 5
    endloop
  endfacet
  facet normal 0 0 -1
    outer loop
      vertex 1.10052 -43.7487 5
      vertex 1.10052 -43.2513 5
      vertex 1.12785 -43.3318 5
    endloop
  endfacet
  facet normal 0 0 -1
    outer loop
      vertex 1.06292 -43.825 5
      vertex 1.10052 -43.2513 5
      vertex 1.10052 -43.7487 5
    endloop
  endfacet
  facet normal 0 0 -1
    outer loop
      vertex 1.06292 -43.825 5
      vertex 1.06292 -43.175 5
      vertex 1.10052 -43.2513 5
    endloop
  endfacet
  facet normal 0 0 -1
    outer loop
      vertex 1.01568 -43.8957 5
      vertex 1.06292 -43.175 5
      vertex 1.06292 -43.825 5
    endloop
  endfacet
  facet normal 0 0 -1
    outer loop
      vertex 1.01568 -43.8957 5
      vertex 1.01568 -43.1043 5
      vertex 1.06292 -43.175 5
    endloop
  endfacet
  facet normal 0 0 -1
    outer loop
      vertex 0.959619 -43.9596 5
      vertex 1.01568 -43.1043 5
      vertex 1.01568 -43.8957 5
    endloop
  endfacet
  facet normal 0 0 -1
    outer loop
      vertex 0.959619 -43.9596 5
      vertex 0.959619 -43.0404 5
      vertex 1.01568 -43.1043 5
    endloop
  endfacet
  facet normal 0 0 -1
    outer loop
      vertex 0.895695 -44.0157 5
      vertex 0.959619 -43.0404 5
      vertex 0.959619 -43.9596 5
    endloop
  endfacet
  facet normal 0 0 -1
    outer loop
      vertex 0.895695 -44.0157 5
      vertex 0.895695 -42.9843 5
      vertex 0.959619 -43.0404 5
    endloop
  endfacet
  facet normal 0 0 -1
    outer loop
      vertex 0.825 -44.0629 5
      vertex 0.895695 -42.9843 5
      vertex 0.895695 -44.0157 5
    endloop
  endfacet
  facet normal 0 0 -1
    outer loop
      vertex 0.825 -44.0629 5
      vertex 0.825 -42.9371 5
      vertex 0.895695 -42.9843 5
    endloop
  endfacet
  facet normal 0 0 -1
    outer loop
      vertex 0.748744 -44.1005 5
      vertex 0.825 -42.9371 5
      vertex 0.825 -44.0629 5
    endloop
  endfacet
  facet normal 0 0 -1
    outer loop
      vertex 0.748744 -44.1005 5
      vertex 0.748744 -42.8995 5
      vertex 0.825 -42.9371 5
    endloop
  endfacet
  facet normal 0 0 -1
    outer loop
      vertex 0.668232 -44.1279 5
      vertex 0.748744 -42.8995 5
      vertex 0.748744 -44.1005 5
    endloop
  endfacet
  facet normal 0 0 -1
    outer loop
      vertex 0.668232 -44.1279 5
      vertex 0.668232 -42.8721 5
      vertex 0.748744 -42.8995 5
    endloop
  endfacet
  facet normal 0 0 -1
    outer loop
      vertex 0.584842 -44.1444 5
      vertex 0.668232 -42.8721 5
      vertex 0.668232 -44.1279 5
    endloop
  endfacet
  facet normal 0 0 -1
    outer loop
      vertex 0.584842 -44.1444 5
      vertex 0.584842 -42.8556 5
      vertex 0.668232 -42.8721 5
    endloop
  endfacet
  facet normal 0 0 -1
    outer loop
      vertex 0.5 -44.15 5
      vertex 0.584842 -42.8556 5
      vertex 0.584842 -44.1444 5
    endloop
  endfacet
  facet normal 0 0 -1
    outer loop
      vertex 0.5 -44.15 5
      vertex 0.5 -42.85 5
      vertex 0.584842 -42.8556 5
    endloop
  endfacet
  facet normal 0 0 -1
    outer loop
      vertex 0.415158 -44.1444 5
      vertex 0.5 -42.85 5
      vertex 0.5 -44.15 5
    endloop
  endfacet
  facet normal 0 0 -1
    outer loop
      vertex 0.415158 -44.1444 5
      vertex 0.415158 -42.8556 5
      vertex 0.5 -42.85 5
    endloop
  endfacet
  facet normal 0 0 -1
    outer loop
      vertex 0.331768 -44.1279 5
      vertex 0.415158 -42.8556 5
      vertex 0.415158 -44.1444 5
    endloop
  endfacet
  facet normal 0 0 -1
    outer loop
      vertex 0.331768 -44.1279 5
      vertex 0.331768 -42.8721 5
      vertex 0.415158 -42.8556 5
    endloop
  endfacet
  facet normal 0 0 -1
    outer loop
      vertex 0.251256 -44.1005 5
      vertex 0.331768 -42.8721 5
      vertex 0.331768 -44.1279 5
    endloop
  endfacet
  facet normal 0 0 -1
    outer loop
      vertex 0.251256 -44.1005 5
      vertex 0.251256 -42.8995 5
      vertex 0.331768 -42.8721 5
    endloop
  endfacet
  facet normal 0 0 -1
    outer loop
      vertex 0.175 -44.0629 5
      vertex 0.251256 -42.8995 5
      vertex 0.251256 -44.1005 5
    endloop
  endfacet
  facet normal 0 0 -1
    outer loop
      vertex 0.175 -44.0629 5
      vertex 0.175 -42.9371 5
      vertex 0.251256 -42.8995 5
    endloop
  endfacet
  facet normal 0 0 -1
    outer loop
      vertex 0.104305 -44.0157 5
      vertex 0.175 -42.9371 5
      vertex 0.175 -44.0629 5
    endloop
  endfacet
  facet normal 0 0 -1
    outer loop
      vertex 0.104305 -44.0157 5
      vertex 0.104305 -42.9843 5
      vertex 0.175 -42.9371 5
    endloop
  endfacet
  facet normal 0 0 -1
    outer loop
      vertex 0.0403814 -43.9596 5
      vertex 0.104305 -42.9843 5
      vertex 0.104305 -44.0157 5
    endloop
  endfacet
  facet normal 0 0 -1
    outer loop
      vertex 0.0403814 -43.9596 5
      vertex 0.0403814 -43.0404 5
      vertex 0.104305 -42.9843 5
    endloop
  endfacet
  facet normal 0 0 -1
    outer loop
      vertex -0.0156794 -43.8957 5
      vertex 0.0403814 -43.0404 5
      vertex 0.0403814 -43.9596 5
    endloop
  endfacet
  facet normal 0 0 -1
    outer loop
      vertex -0.0156794 -43.8957 5
      vertex -0.0156794 -43.1043 5
      vertex 0.0403814 -43.0404 5
    endloop
  endfacet
  facet normal 0 0 -1
    outer loop
      vertex -0.0629158 -43.825 5
      vertex -0.0156794 -43.1043 5
      vertex -0.0156794 -43.8957 5
    endloop
  endfacet
  facet normal 0 0 -1
    outer loop
      vertex -0.0629158 -43.825 5
      vertex -0.0629158 -43.175 5
      vertex -0.0156794 -43.1043 5
    endloop
  endfacet
  facet normal 0 0 -1
    outer loop
      vertex -0.100521 -43.7487 5
      vertex -0.0629158 -43.175 5
      vertex -0.0629158 -43.825 5
    endloop
  endfacet
  facet normal 0 0 -1
    outer loop
      vertex -0.100521 -43.7487 5
      vertex -0.100521 -43.2513 5
      vertex -0.0629158 -43.175 5
    endloop
  endfacet
  facet normal 0 0 -1
    outer loop
      vertex -0.127851 -43.6682 5
      vertex -0.100521 -43.2513 5
      vertex -0.100521 -43.7487 5
    endloop
  endfacet
  facet normal 0 0 -1
    outer loop
      vertex -0.127851 -43.6682 5
      vertex -0.127851 -43.3318 5
      vertex -0.100521 -43.2513 5
    endloop
  endfacet
  facet normal 0 0 -1
    outer loop
      vertex -0.144439 -43.5848 5
      vertex -0.127851 -43.3318 5
      vertex -0.127851 -43.6682 5
    endloop
  endfacet
  facet normal 0 0 -1
    outer loop
      vertex -0.144439 -43.5848 5
      vertex -0.144439 -43.4152 5
      vertex -0.127851 -43.3318 5
    endloop
  endfacet
  facet normal 0 -0 -1
    outer loop
      vertex -0.144439 -43.4152 5
      vertex -0.144439 -43.5848 5
      vertex -0.15 -43.5 5
    endloop
  endfacet
  facet normal -0.831471 -0.555568 0
    outer loop
      vertex 1.06292 -43.175 0
      vertex 1.01568 -43.1043 5
      vertex 1.01568 -43.1043 0
    endloop
  endfacet
  facet normal -0.831471 -0.555568 0
    outer loop
      vertex 1.01568 -43.1043 5
      vertex 1.06292 -43.175 0
      vertex 1.06292 -43.175 5
    endloop
  endfacet
  facet normal 0.194102 0.980981 -0
    outer loop
      vertex 0.415158 -64.6444 0
      vertex 0.331768 -64.6279 5
      vertex 0.415158 -64.6444 5
    endloop
  endfacet
  facet normal 0.194102 0.980981 0
    outer loop
      vertex 0.331768 -64.6279 5
      vertex 0.415158 -64.6444 0
      vertex 0.331768 -64.6279 0
    endloop
  endfacet
  facet normal 0.0658617 0.997829 -0
    outer loop
      vertex 0.5 -64.65 0
      vertex 0.415158 -64.6444 5
      vertex 0.5 -64.65 5
    endloop
  endfacet
  facet normal 0.0658617 0.997829 0
    outer loop
      vertex 0.415158 -64.6444 5
      vertex 0.5 -64.65 0
      vertex 0.415158 -64.6444 0
    endloop
  endfacet
  facet normal -0.997857 0.0654256 0
    outer loop
      vertex 1.14444 -64.0848 0
      vertex 1.15 -64 5
      vertex 1.15 -64 0
    endloop
  endfacet
  facet normal -0.997857 0.0654256 0
    outer loop
      vertex 1.15 -64 5
      vertex 1.14444 -64.0848 0
      vertex 1.14444 -64.0848 5
    endloop
  endfacet
  facet normal 0.751711 -0.659492 0
    outer loop
      vertex -0.0156794 -63.6043 5
      vertex 0.0403814 -63.5404 0
      vertex 0.0403814 -63.5404 5
    endloop
  endfacet
  facet normal 0.751711 -0.659492 0
    outer loop
      vertex 0.0403814 -63.5404 0
      vertex -0.0156794 -63.6043 5
      vertex -0.0156794 -63.6043 0
    endloop
  endfacet
  facet normal -0.55527 -0.83167 0
    outer loop
      vertex 0.825 -63.4371 0
      vertex 0.895695 -63.4843 5
      vertex 0.825 -63.4371 5
    endloop
  endfacet
  facet normal -0.55527 -0.83167 -0
    outer loop
      vertex 0.895695 -63.4843 5
      vertex 0.825 -63.4371 0
      vertex 0.895695 -63.4843 0
    endloop
  endfacet
  facet normal -0.980784 -0.195098 0
    outer loop
      vertex 1.14444 -63.9152 0
      vertex 1.12785 -63.8318 5
      vertex 1.12785 -63.8318 0
    endloop
  endfacet
  facet normal -0.980784 -0.195098 0
    outer loop
      vertex 1.12785 -63.8318 5
      vertex 1.14444 -63.9152 0
      vertex 1.14444 -63.9152 5
    endloop
  endfacet
  facet normal 0.751711 0.659492 0
    outer loop
      vertex 0.0403814 -64.4596 5
      vertex -0.0156794 -64.3957 0
      vertex -0.0156794 -64.3957 5
    endloop
  endfacet
  facet normal 0.751711 0.659492 0
    outer loop
      vertex -0.0156794 -64.3957 0
      vertex 0.0403814 -64.4596 5
      vertex 0.0403814 -64.4596 0
    endloop
  endfacet
  facet normal -0.322176 0.94668 0
    outer loop
      vertex 0.748744 -64.6005 0
      vertex 0.668232 -64.6279 5
      vertex 0.748744 -64.6005 5
    endloop
  endfacet
  facet normal -0.322176 0.94668 0
    outer loop
      vertex 0.668232 -64.6279 5
      vertex 0.748744 -64.6005 0
      vertex 0.668232 -64.6279 0
    endloop
  endfacet
  facet normal -0.659613 0.751606 0
    outer loop
      vertex 0.959619 -64.4596 0
      vertex 0.895695 -64.5157 5
      vertex 0.959619 -64.4596 5
    endloop
  endfacet
  facet normal -0.659613 0.751606 0
    outer loop
      vertex 0.895695 -64.5157 5
      vertex 0.959619 -64.4596 0
      vertex 0.895695 -64.5157 0
    endloop
  endfacet
  facet normal 0.659615 0.751604 -0
    outer loop
      vertex 0.104305 -64.5157 0
      vertex 0.0403814 -64.4596 5
      vertex 0.104305 -64.5157 5
    endloop
  endfacet
  facet normal 0.659615 0.751604 0
    outer loop
      vertex 0.0403814 -64.4596 5
      vertex 0.104305 -64.5157 0
      vertex 0.0403814 -64.4596 0
    endloop
  endfacet
  facet normal -0.322176 -0.94668 0
    outer loop
      vertex 0.668232 -63.3721 0
      vertex 0.748744 -63.3995 5
      vertex 0.668232 -63.3721 5
    endloop
  endfacet
  facet normal -0.322176 -0.94668 -0
    outer loop
      vertex 0.748744 -63.3995 5
      vertex 0.668232 -63.3721 0
      vertex 0.748744 -63.3995 0
    endloop
  endfacet
  facet normal -0.946916 0.321481 0
    outer loop
      vertex 1.10052 -64.2487 0
      vertex 1.12785 -64.1682 5
      vertex 1.12785 -64.1682 0
    endloop
  endfacet
  facet normal -0.946916 0.321481 0
    outer loop
      vertex 1.12785 -64.1682 5
      vertex 1.10052 -64.2487 0
      vertex 1.10052 -64.2487 5
    endloop
  endfacet
  facet normal -0.997857 -0.0654256 0
    outer loop
      vertex 1.15 -64 0
      vertex 1.14444 -63.9152 5
      vertex 1.14444 -63.9152 0
    endloop
  endfacet
  facet normal -0.997857 -0.0654256 0
    outer loop
      vertex 1.14444 -63.9152 5
      vertex 1.15 -64 0
      vertex 1.15 -64 5
    endloop
  endfacet
  facet normal 0.946916 -0.321481 0
    outer loop
      vertex -0.127851 -63.8318 5
      vertex -0.100521 -63.7513 0
      vertex -0.100521 -63.7513 5
    endloop
  endfacet
  facet normal 0.946916 -0.321481 0
    outer loop
      vertex -0.100521 -63.7513 0
      vertex -0.127851 -63.8318 5
      vertex -0.127851 -63.8318 0
    endloop
  endfacet
  facet normal 0.659615 -0.751604 0
    outer loop
      vertex 0.0403814 -63.5404 0
      vertex 0.104305 -63.4843 5
      vertex 0.0403814 -63.5404 5
    endloop
  endfacet
  facet normal 0.659615 -0.751604 0
    outer loop
      vertex 0.104305 -63.4843 5
      vertex 0.0403814 -63.5404 0
      vertex 0.104305 -63.4843 0
    endloop
  endfacet
  facet normal -0.896999 -0.442033 0
    outer loop
      vertex 1.10052 -63.7513 0
      vertex 1.06292 -63.675 5
      vertex 1.06292 -63.675 0
    endloop
  endfacet
  facet normal -0.896999 -0.442033 0
    outer loop
      vertex 1.06292 -63.675 5
      vertex 1.10052 -63.7513 0
      vertex 1.10052 -63.7513 5
    endloop
  endfacet
  facet normal 0.997857 -0.0654373 0
    outer loop
      vertex -0.15 -64 5
      vertex -0.144439 -63.9152 0
      vertex -0.144439 -63.9152 5
    endloop
  endfacet
  facet normal 0.997857 -0.0654373 0
    outer loop
      vertex -0.144439 -63.9152 0
      vertex -0.15 -64 5
      vertex -0.15 -64 0
    endloop
  endfacet
  facet normal -0.442239 0.896897 0
    outer loop
      vertex 0.825 -64.5629 0
      vertex 0.748744 -64.6005 5
      vertex 0.825 -64.5629 5
    endloop
  endfacet
  facet normal -0.442239 0.896897 0
    outer loop
      vertex 0.748744 -64.6005 5
      vertex 0.825 -64.5629 0
      vertex 0.748744 -64.6005 0
    endloop
  endfacet
  facet normal -0.831471 0.555568 0
    outer loop
      vertex 1.01568 -64.3957 0
      vertex 1.06292 -64.325 5
      vertex 1.06292 -64.325 0
    endloop
  endfacet
  facet normal -0.831471 0.555568 0
    outer loop
      vertex 1.06292 -64.325 5
      vertex 1.01568 -64.3957 0
      vertex 1.01568 -64.3957 5
    endloop
  endfacet
  facet normal -0.194102 -0.980981 0
    outer loop
      vertex 0.584842 -63.3556 0
      vertex 0.668232 -63.3721 5
      vertex 0.584842 -63.3556 5
    endloop
  endfacet
  facet normal -0.194102 -0.980981 -0
    outer loop
      vertex 0.668232 -63.3721 5
      vertex 0.584842 -63.3556 0
      vertex 0.668232 -63.3721 0
    endloop
  endfacet
  facet normal -0.659613 -0.751606 0
    outer loop
      vertex 0.895695 -63.4843 0
      vertex 0.959619 -63.5404 5
      vertex 0.895695 -63.4843 5
    endloop
  endfacet
  facet normal -0.659613 -0.751606 -0
    outer loop
      vertex 0.959619 -63.5404 5
      vertex 0.895695 -63.4843 0
      vertex 0.959619 -63.5404 0
    endloop
  endfacet
  facet normal 0.980788 0.195076 0
    outer loop
      vertex -0.127851 -64.1682 5
      vertex -0.144439 -64.0848 0
      vertex -0.144439 -64.0848 5
    endloop
  endfacet
  facet normal 0.980788 0.195076 0
    outer loop
      vertex -0.144439 -64.0848 0
      vertex -0.127851 -64.1682 5
      vertex -0.127851 -64.1682 0
    endloop
  endfacet
  facet normal 0.55527 0.83167 -0
    outer loop
      vertex 0.175 -64.5629 0
      vertex 0.104305 -64.5157 5
      vertex 0.175 -64.5629 5
    endloop
  endfacet
  facet normal 0.55527 0.83167 0
    outer loop
      vertex 0.104305 -64.5157 5
      vertex 0.175 -64.5629 0
      vertex 0.104305 -64.5157 0
    endloop
  endfacet
  facet normal -0.0658617 0.997829 0
    outer loop
      vertex 0.584842 -64.6444 0
      vertex 0.5 -64.65 5
      vertex 0.584842 -64.6444 5
    endloop
  endfacet
  facet normal -0.0658617 0.997829 0
    outer loop
      vertex 0.5 -64.65 5
      vertex 0.584842 -64.6444 0
      vertex 0.5 -64.65 0
    endloop
  endfacet
  facet normal 0.946916 0.321481 0
    outer loop
      vertex -0.100521 -64.2487 5
      vertex -0.127851 -64.1682 0
      vertex -0.127851 -64.1682 5
    endloop
  endfacet
  facet normal 0.946916 0.321481 0
    outer loop
      vertex -0.127851 -64.1682 0
      vertex -0.100521 -64.2487 5
      vertex -0.100521 -64.2487 0
    endloop
  endfacet
  facet normal 0.83149 0.555539 0
    outer loop
      vertex -0.0156794 -64.3957 5
      vertex -0.0629158 -64.325 0
      vertex -0.0629158 -64.325 5
    endloop
  endfacet
  facet normal 0.83149 0.555539 0
    outer loop
      vertex -0.0629158 -64.325 0
      vertex -0.0156794 -64.3957 5
      vertex -0.0156794 -64.3957 0
    endloop
  endfacet
  facet normal 0.980788 -0.195076 0
    outer loop
      vertex -0.144439 -63.9152 5
      vertex -0.127851 -63.8318 0
      vertex -0.127851 -63.8318 5
    endloop
  endfacet
  facet normal 0.980788 -0.195076 0
    outer loop
      vertex -0.127851 -63.8318 0
      vertex -0.144439 -63.9152 5
      vertex -0.144439 -63.9152 0
    endloop
  endfacet
  facet normal -0.75171 0.659493 0
    outer loop
      vertex 0.959619 -64.4596 0
      vertex 1.01568 -64.3957 5
      vertex 1.01568 -64.3957 0
    endloop
  endfacet
  facet normal -0.75171 0.659493 0
    outer loop
      vertex 1.01568 -64.3957 5
      vertex 0.959619 -64.4596 0
      vertex 0.959619 -64.4596 5
    endloop
  endfacet
  facet normal 0.442239 -0.896897 0
    outer loop
      vertex 0.175 -63.4371 0
      vertex 0.251256 -63.3995 5
      vertex 0.175 -63.4371 5
    endloop
  endfacet
  facet normal 0.442239 -0.896897 0
    outer loop
      vertex 0.251256 -63.3995 5
      vertex 0.175 -63.4371 0
      vertex 0.251256 -63.3995 0
    endloop
  endfacet
  facet normal -0.194102 0.980981 0
    outer loop
      vertex 0.668232 -64.6279 0
      vertex 0.584842 -64.6444 5
      vertex 0.668232 -64.6279 5
    endloop
  endfacet
  facet normal -0.194102 0.980981 0
    outer loop
      vertex 0.584842 -64.6444 5
      vertex 0.668232 -64.6279 0
      vertex 0.584842 -64.6444 0
    endloop
  endfacet
  facet normal -0.980784 0.195098 0
    outer loop
      vertex 1.12785 -64.1682 0
      vertex 1.14444 -64.0848 5
      vertex 1.14444 -64.0848 0
    endloop
  endfacet
  facet normal -0.980784 0.195098 0
    outer loop
      vertex 1.14444 -64.0848 5
      vertex 1.12785 -64.1682 0
      vertex 1.12785 -64.1682 5
    endloop
  endfacet
  facet normal -0.75171 -0.659493 0
    outer loop
      vertex 1.01568 -63.6043 0
      vertex 0.959619 -63.5404 5
      vertex 0.959619 -63.5404 0
    endloop
  endfacet
  facet normal -0.75171 -0.659493 0
    outer loop
      vertex 0.959619 -63.5404 5
      vertex 1.01568 -63.6043 0
      vertex 1.01568 -63.6043 5
    endloop
  endfacet
  facet normal 0.997857 0.0654373 0
    outer loop
      vertex -0.144439 -64.0848 5
      vertex -0.15 -64 0
      vertex -0.15 -64 5
    endloop
  endfacet
  facet normal 0.997857 0.0654373 0
    outer loop
      vertex -0.15 -64 0
      vertex -0.144439 -64.0848 5
      vertex -0.144439 -64.0848 0
    endloop
  endfacet
  facet normal 0.896974 0.442083 0
    outer loop
      vertex -0.0629158 -64.325 5
      vertex -0.100521 -64.2487 0
      vertex -0.100521 -64.2487 5
    endloop
  endfacet
  facet normal 0.896974 0.442083 0
    outer loop
      vertex -0.100521 -64.2487 0
      vertex -0.0629158 -64.325 5
      vertex -0.0629158 -64.325 0
    endloop
  endfacet
  facet normal -0.55527 0.83167 0
    outer loop
      vertex 0.895695 -64.5157 0
      vertex 0.825 -64.5629 5
      vertex 0.895695 -64.5157 5
    endloop
  endfacet
  facet normal -0.55527 0.83167 0
    outer loop
      vertex 0.825 -64.5629 5
      vertex 0.895695 -64.5157 0
      vertex 0.825 -64.5629 0
    endloop
  endfacet
  facet normal -0.0658617 -0.997829 0
    outer loop
      vertex 0.5 -63.35 0
      vertex 0.584842 -63.3556 5
      vertex 0.5 -63.35 5
    endloop
  endfacet
  facet normal -0.0658617 -0.997829 -0
    outer loop
      vertex 0.584842 -63.3556 5
      vertex 0.5 -63.35 0
      vertex 0.584842 -63.3556 0
    endloop
  endfacet
  facet normal -0.896999 0.442033 0
    outer loop
      vertex 1.06292 -64.325 0
      vertex 1.10052 -64.2487 5
      vertex 1.10052 -64.2487 0
    endloop
  endfacet
  facet normal -0.896999 0.442033 0
    outer loop
      vertex 1.10052 -64.2487 5
      vertex 1.06292 -64.325 0
      vertex 1.06292 -64.325 5
    endloop
  endfacet
  facet normal 0.194102 -0.980981 0
    outer loop
      vertex 0.331768 -63.3721 0
      vertex 0.415158 -63.3556 5
      vertex 0.331768 -63.3721 5
    endloop
  endfacet
  facet normal 0.194102 -0.980981 0
    outer loop
      vertex 0.415158 -63.3556 5
      vertex 0.331768 -63.3721 0
      vertex 0.415158 -63.3556 0
    endloop
  endfacet
  facet normal -0.442239 -0.896897 0
    outer loop
      vertex 0.748744 -63.3995 0
      vertex 0.825 -63.4371 5
      vertex 0.748744 -63.3995 5
    endloop
  endfacet
  facet normal -0.442239 -0.896897 -0
    outer loop
      vertex 0.825 -63.4371 5
      vertex 0.748744 -63.3995 0
      vertex 0.825 -63.4371 0
    endloop
  endfacet
  facet normal 0.322176 -0.94668 0
    outer loop
      vertex 0.251256 -63.3995 0
      vertex 0.331768 -63.3721 5
      vertex 0.251256 -63.3995 5
    endloop
  endfacet
  facet normal 0.322176 -0.94668 0
    outer loop
      vertex 0.331768 -63.3721 5
      vertex 0.251256 -63.3995 0
      vertex 0.331768 -63.3721 0
    endloop
  endfacet
  facet normal 0.442239 0.896897 -0
    outer loop
      vertex 0.251256 -64.6005 0
      vertex 0.175 -64.5629 5
      vertex 0.251256 -64.6005 5
    endloop
  endfacet
  facet normal 0.442239 0.896897 0
    outer loop
      vertex 0.175 -64.5629 5
      vertex 0.251256 -64.6005 0
      vertex 0.175 -64.5629 0
    endloop
  endfacet
  facet normal 0.322176 0.94668 -0
    outer loop
      vertex 0.331768 -64.6279 0
      vertex 0.251256 -64.6005 5
      vertex 0.331768 -64.6279 5
    endloop
  endfacet
  facet normal 0.322176 0.94668 0
    outer loop
      vertex 0.251256 -64.6005 5
      vertex 0.331768 -64.6279 0
      vertex 0.251256 -64.6005 0
    endloop
  endfacet
  facet normal 0.0658617 -0.997829 0
    outer loop
      vertex 0.415158 -63.3556 0
      vertex 0.5 -63.35 5
      vertex 0.415158 -63.3556 5
    endloop
  endfacet
  facet normal 0.0658617 -0.997829 0
    outer loop
      vertex 0.5 -63.35 5
      vertex 0.415158 -63.3556 0
      vertex 0.5 -63.35 0
    endloop
  endfacet
  facet normal -0.946916 -0.321481 0
    outer loop
      vertex 1.12785 -63.8318 0
      vertex 1.10052 -63.7513 5
      vertex 1.10052 -63.7513 0
    endloop
  endfacet
  facet normal -0.946916 -0.321481 0
    outer loop
      vertex 1.10052 -63.7513 5
      vertex 1.12785 -63.8318 0
      vertex 1.12785 -63.8318 5
    endloop
  endfacet
  facet normal 0.896974 -0.442083 0
    outer loop
      vertex -0.100521 -63.7513 5
      vertex -0.0629158 -63.675 0
      vertex -0.0629158 -63.675 5
    endloop
  endfacet
  facet normal 0.896974 -0.442083 0
    outer loop
      vertex -0.0629158 -63.675 0
      vertex -0.100521 -63.7513 5
      vertex -0.100521 -63.7513 0
    endloop
  endfacet
  facet normal 0.83149 -0.555539 0
    outer loop
      vertex -0.0629158 -63.675 5
      vertex -0.0156794 -63.6043 0
      vertex -0.0156794 -63.6043 5
    endloop
  endfacet
  facet normal 0.83149 -0.555539 0
    outer loop
      vertex -0.0156794 -63.6043 0
      vertex -0.0629158 -63.675 5
      vertex -0.0629158 -63.675 0
    endloop
  endfacet
  facet normal 0.55527 -0.83167 0
    outer loop
      vertex 0.104305 -63.4843 0
      vertex 0.175 -63.4371 5
      vertex 0.104305 -63.4843 5
    endloop
  endfacet
  facet normal 0.55527 -0.83167 0
    outer loop
      vertex 0.175 -63.4371 5
      vertex 0.104305 -63.4843 0
      vertex 0.175 -63.4371 0
    endloop
  endfacet
  facet normal 0 0 -1
    outer loop
      vertex 1.14444 -64.0848 5
      vertex 1.14444 -63.9152 5
      vertex 1.15 -64 5
    endloop
  endfacet
  facet normal 0 0 -1
    outer loop
      vertex 1.12785 -64.1682 5
      vertex 1.14444 -63.9152 5
      vertex 1.14444 -64.0848 5
    endloop
  endfacet
  facet normal 0 0 -1
    outer loop
      vertex 1.12785 -64.1682 5
      vertex 1.12785 -63.8318 5
      vertex 1.14444 -63.9152 5
    endloop
  endfacet
  facet normal 0 0 -1
    outer loop
      vertex 1.10052 -64.2487 5
      vertex 1.12785 -63.8318 5
      vertex 1.12785 -64.1682 5
    endloop
  endfacet
  facet normal 0 0 -1
    outer loop
      vertex 1.10052 -64.2487 5
      vertex 1.10052 -63.7513 5
      vertex 1.12785 -63.8318 5
    endloop
  endfacet
  facet normal 0 0 -1
    outer loop
      vertex 1.06292 -64.325 5
      vertex 1.10052 -63.7513 5
      vertex 1.10052 -64.2487 5
    endloop
  endfacet
  facet normal 0 0 -1
    outer loop
      vertex 1.06292 -64.325 5
      vertex 1.06292 -63.675 5
      vertex 1.10052 -63.7513 5
    endloop
  endfacet
  facet normal 0 0 -1
    outer loop
      vertex 1.01568 -64.3957 5
      vertex 1.06292 -63.675 5
      vertex 1.06292 -64.325 5
    endloop
  endfacet
  facet normal 0 0 -1
    outer loop
      vertex 1.01568 -64.3957 5
      vertex 1.01568 -63.6043 5
      vertex 1.06292 -63.675 5
    endloop
  endfacet
  facet normal 0 0 -1
    outer loop
      vertex 0.959619 -64.4596 5
      vertex 1.01568 -63.6043 5
      vertex 1.01568 -64.3957 5
    endloop
  endfacet
  facet normal 0 0 -1
    outer loop
      vertex 0.959619 -64.4596 5
      vertex 0.959619 -63.5404 5
      vertex 1.01568 -63.6043 5
    endloop
  endfacet
  facet normal 0 0 -1
    outer loop
      vertex 0.895695 -64.5157 5
      vertex 0.959619 -63.5404 5
      vertex 0.959619 -64.4596 5
    endloop
  endfacet
  facet normal 0 0 -1
    outer loop
      vertex 0.895695 -64.5157 5
      vertex 0.895695 -63.4843 5
      vertex 0.959619 -63.5404 5
    endloop
  endfacet
  facet normal 0 0 -1
    outer loop
      vertex 0.825 -64.5629 5
      vertex 0.895695 -63.4843 5
      vertex 0.895695 -64.5157 5
    endloop
  endfacet
  facet normal 0 0 -1
    outer loop
      vertex 0.825 -64.5629 5
      vertex 0.825 -63.4371 5
      vertex 0.895695 -63.4843 5
    endloop
  endfacet
  facet normal 0 0 -1
    outer loop
      vertex 0.748744 -64.6005 5
      vertex 0.825 -63.4371 5
      vertex 0.825 -64.5629 5
    endloop
  endfacet
  facet normal 0 0 -1
    outer loop
      vertex 0.748744 -64.6005 5
      vertex 0.748744 -63.3995 5
      vertex 0.825 -63.4371 5
    endloop
  endfacet
  facet normal 0 0 -1
    outer loop
      vertex 0.668232 -64.6279 5
      vertex 0.748744 -63.3995 5
      vertex 0.748744 -64.6005 5
    endloop
  endfacet
  facet normal 0 0 -1
    outer loop
      vertex 0.668232 -64.6279 5
      vertex 0.668232 -63.3721 5
      vertex 0.748744 -63.3995 5
    endloop
  endfacet
  facet normal 0 0 -1
    outer loop
      vertex 0.584842 -64.6444 5
      vertex 0.668232 -63.3721 5
      vertex 0.668232 -64.6279 5
    endloop
  endfacet
  facet normal 0 0 -1
    outer loop
      vertex 0.584842 -64.6444 5
      vertex 0.584842 -63.3556 5
      vertex 0.668232 -63.3721 5
    endloop
  endfacet
  facet normal 0 0 -1
    outer loop
      vertex 0.5 -64.65 5
      vertex 0.584842 -63.3556 5
      vertex 0.584842 -64.6444 5
    endloop
  endfacet
  facet normal 0 0 -1
    outer loop
      vertex 0.5 -64.65 5
      vertex 0.5 -63.35 5
      vertex 0.584842 -63.3556 5
    endloop
  endfacet
  facet normal 0 0 -1
    outer loop
      vertex 0.415158 -64.6444 5
      vertex 0.5 -63.35 5
      vertex 0.5 -64.65 5
    endloop
  endfacet
  facet normal 0 0 -1
    outer loop
      vertex 0.415158 -64.6444 5
      vertex 0.415158 -63.3556 5
      vertex 0.5 -63.35 5
    endloop
  endfacet
  facet normal 0 0 -1
    outer loop
      vertex 0.331768 -64.6279 5
      vertex 0.415158 -63.3556 5
      vertex 0.415158 -64.6444 5
    endloop
  endfacet
  facet normal 0 0 -1
    outer loop
      vertex 0.331768 -64.6279 5
      vertex 0.331768 -63.3721 5
      vertex 0.415158 -63.3556 5
    endloop
  endfacet
  facet normal 0 0 -1
    outer loop
      vertex 0.251256 -64.6005 5
      vertex 0.331768 -63.3721 5
      vertex 0.331768 -64.6279 5
    endloop
  endfacet
  facet normal 0 0 -1
    outer loop
      vertex 0.251256 -64.6005 5
      vertex 0.251256 -63.3995 5
      vertex 0.331768 -63.3721 5
    endloop
  endfacet
  facet normal 0 0 -1
    outer loop
      vertex 0.175 -64.5629 5
      vertex 0.251256 -63.3995 5
      vertex 0.251256 -64.6005 5
    endloop
  endfacet
  facet normal 0 0 -1
    outer loop
      vertex 0.175 -64.5629 5
      vertex 0.175 -63.4371 5
      vertex 0.251256 -63.3995 5
    endloop
  endfacet
  facet normal 0 0 -1
    outer loop
      vertex 0.104305 -64.5157 5
      vertex 0.175 -63.4371 5
      vertex 0.175 -64.5629 5
    endloop
  endfacet
  facet normal 0 0 -1
    outer loop
      vertex 0.104305 -64.5157 5
      vertex 0.104305 -63.4843 5
      vertex 0.175 -63.4371 5
    endloop
  endfacet
  facet normal 0 0 -1
    outer loop
      vertex 0.0403814 -64.4596 5
      vertex 0.104305 -63.4843 5
      vertex 0.104305 -64.5157 5
    endloop
  endfacet
  facet normal 0 0 -1
    outer loop
      vertex 0.0403814 -64.4596 5
      vertex 0.0403814 -63.5404 5
      vertex 0.104305 -63.4843 5
    endloop
  endfacet
  facet normal 0 0 -1
    outer loop
      vertex -0.0156794 -64.3957 5
      vertex 0.0403814 -63.5404 5
      vertex 0.0403814 -64.4596 5
    endloop
  endfacet
  facet normal 0 0 -1
    outer loop
      vertex -0.0156794 -64.3957 5
      vertex -0.0156794 -63.6043 5
      vertex 0.0403814 -63.5404 5
    endloop
  endfacet
  facet normal 0 0 -1
    outer loop
      vertex -0.0629158 -64.325 5
      vertex -0.0156794 -63.6043 5
      vertex -0.0156794 -64.3957 5
    endloop
  endfacet
  facet normal 0 0 -1
    outer loop
      vertex -0.0629158 -64.325 5
      vertex -0.0629158 -63.675 5
      vertex -0.0156794 -63.6043 5
    endloop
  endfacet
  facet normal 0 0 -1
    outer loop
      vertex -0.100521 -64.2487 5
      vertex -0.0629158 -63.675 5
      vertex -0.0629158 -64.325 5
    endloop
  endfacet
  facet normal 0 0 -1
    outer loop
      vertex -0.100521 -64.2487 5
      vertex -0.100521 -63.7513 5
      vertex -0.0629158 -63.675 5
    endloop
  endfacet
  facet normal 0 0 -1
    outer loop
      vertex -0.127851 -64.1682 5
      vertex -0.100521 -63.7513 5
      vertex -0.100521 -64.2487 5
    endloop
  endfacet
  facet normal 0 0 -1
    outer loop
      vertex -0.127851 -64.1682 5
      vertex -0.127851 -63.8318 5
      vertex -0.100521 -63.7513 5
    endloop
  endfacet
  facet normal 0 0 -1
    outer loop
      vertex -0.144439 -64.0848 5
      vertex -0.127851 -63.8318 5
      vertex -0.127851 -64.1682 5
    endloop
  endfacet
  facet normal 0 0 -1
    outer loop
      vertex -0.144439 -64.0848 5
      vertex -0.144439 -63.9152 5
      vertex -0.127851 -63.8318 5
    endloop
  endfacet
  facet normal 0 -0 -1
    outer loop
      vertex -0.144439 -63.9152 5
      vertex -0.144439 -64.0848 5
      vertex -0.15 -64 5
    endloop
  endfacet
  facet normal -0.831471 -0.555568 0
    outer loop
      vertex 1.06292 -63.675 0
      vertex 1.01568 -63.6043 5
      vertex 1.01568 -63.6043 0
    endloop
  endfacet
  facet normal -0.831471 -0.555568 0
    outer loop
      vertex 1.01568 -63.6043 5
      vertex 1.06292 -63.675 0
      vertex 1.06292 -63.675 5
    endloop
  endfacet
  facet normal 0 1 -0
    outer loop
      vertex 5 -62.5 0
      vertex -4 -62.5 12.9
      vertex 5 -62.5 12.9
    endloop
  endfacet
  facet normal 0 1 0
    outer loop
      vertex -4 -62.5 12.9
      vertex 5 -62.5 0
      vertex -4 -62.5 0
    endloop
  endfacet
  facet normal 0 0 -1
    outer loop
      vertex 5 -62.5 12.9
      vertex 4.75 -48 12.9
      vertex 5 -45 12.9
    endloop
  endfacet
  facet normal 0 0 -1
    outer loop
      vertex 5 -62.5 12.9
      vertex -3.75 -48 12.9
      vertex 4.75 -48 12.9
    endloop
  endfacet
  facet normal 0 0 -1
    outer loop
      vertex -4 -62.5 12.9
      vertex -3.75 -48 12.9
      vertex 5 -62.5 12.9
    endloop
  endfacet
  facet normal 0 0 -1
    outer loop
      vertex -4 -45 12.9
      vertex -3.75 -48 12.9
      vertex -4 -62.5 12.9
    endloop
  endfacet
  facet normal 0 0 -1
    outer loop
      vertex -3.75 -48 12.9
      vertex -4 -45 12.9
      vertex -3.75 -45 12.9
    endloop
  endfacet
  facet normal -0 0 -1
    outer loop
      vertex 5 -45 12.9
      vertex 4.75 -48 12.9
      vertex 4.75 -45 12.9
    endloop
  endfacet
  facet normal 0 -1 0
    outer loop
      vertex -4 -45 12.9
      vertex -3.75 -45 6.5
      vertex -3.75 -45 12.9
    endloop
  endfacet
  facet normal 0 -1 -0
    outer loop
      vertex -3.75 -45 6.5
      vertex -4 -45 0
      vertex 4.75 -45 6.5
    endloop
  endfacet
  facet normal 0 -1 0
    outer loop
      vertex -4 -45 0
      vertex -3.75 -45 6.5
      vertex -4 -45 12.9
    endloop
  endfacet
  facet normal 0 -1 0
    outer loop
      vertex 4.75 -45 6.5
      vertex 5 -45 12.9
      vertex 4.75 -45 12.9
    endloop
  endfacet
  facet normal 0 -1 0
    outer loop
      vertex 4.75 -45 6.5
      vertex 5 -45 0
      vertex 5 -45 12.9
    endloop
  endfacet
  facet normal 0 -1 0
    outer loop
      vertex 5 -45 0
      vertex 4.75 -45 6.5
      vertex -4 -45 0
    endloop
  endfacet
  facet normal 1 -0 0
    outer loop
      vertex -4 -62.5 12.9
      vertex -4 -45 0
      vertex -4 -45 12.9
    endloop
  endfacet
  facet normal 1 0 0
    outer loop
      vertex -4 -45 0
      vertex -4 -62.5 12.9
      vertex -4 -62.5 0
    endloop
  endfacet
  facet normal -1 0 0
    outer loop
      vertex 5 -62.5 0
      vertex 5 -45 12.9
      vertex 5 -45 0
    endloop
  endfacet
  facet normal -1 -0 0
    outer loop
      vertex 5 -45 12.9
      vertex 5 -62.5 0
      vertex 5 -62.5 12.9
    endloop
  endfacet
  facet normal 0 1 -0
    outer loop
      vertex 4.75 -48 12.9
      vertex -3.75 -48 15
      vertex 4.75 -48 15
    endloop
  endfacet
  facet normal 0 1 0
    outer loop
      vertex -3.75 -48 15
      vertex 4.75 -48 12.9
      vertex -3.75 -48 12.9
    endloop
  endfacet
  facet normal -0 0 1
    outer loop
      vertex -3.75 -40 6.5
      vertex 4.75 -45 6.5
      vertex 4.75 -40 6.5
    endloop
  endfacet
  facet normal 0 0 1
    outer loop
      vertex 4.75 -45 6.5
      vertex -3.75 -40 6.5
      vertex -3.75 -45 6.5
    endloop
  endfacet
  facet normal 0 -1 0
    outer loop
      vertex -3.75 -40 6.5
      vertex 4.75 -40 15
      vertex -3.75 -40 15
    endloop
  endfacet
  facet normal 0 -1 -0
    outer loop
      vertex 4.75 -40 15
      vertex -3.75 -40 6.5
      vertex 4.75 -40 6.5
    endloop
  endfacet
  facet normal 1 0 0
    outer loop
      vertex -3.75 -40 15
      vertex -3.75 -45 12.9
      vertex -3.75 -40 6.5
    endloop
  endfacet
  facet normal 1 -0 0
    outer loop
      vertex -3.75 -48 15
      vertex -3.75 -45 12.9
      vertex -3.75 -40 15
    endloop
  endfacet
  facet normal 1 0 0
    outer loop
      vertex -3.75 -45 12.9
      vertex -3.75 -48 15
      vertex -3.75 -48 12.9
    endloop
  endfacet
  facet normal 1 0 0
    outer loop
      vertex -3.75 -40 6.5
      vertex -3.75 -45 12.9
      vertex -3.75 -45 6.5
    endloop
  endfacet
  facet normal -1 0 0
    outer loop
      vertex 4.75 -45 12.9
      vertex 4.75 -40 6.5
      vertex 4.75 -45 6.5
    endloop
  endfacet
  facet normal -1 0 0
    outer loop
      vertex 4.75 -40 6.5
      vertex 4.75 -45 12.9
      vertex 4.75 -40 15
    endloop
  endfacet
  facet normal -1 0 0
    outer loop
      vertex 4.75 -48 15
      vertex 4.75 -45 12.9
      vertex 4.75 -48 12.9
    endloop
  endfacet
  facet normal -1 0 0
    outer loop
      vertex 4.75 -45 12.9
      vertex 4.75 -48 15
      vertex 4.75 -40 15
    endloop
  endfacet
  facet normal 0 -0.738029 0.674769
    outer loop
      vertex -1.5 -26 4
      vertex -7.1837 -22.8 7.5
      vertex -7.08889 -26 4
    endloop
  endfacet
  facet normal 0 -0.738029 0.674769
    outer loop
      vertex -7.1837 -22.8 7.5
      vertex -1.5 -26 4
      vertex 0.0999985 -22.8 7.5
    endloop
  endfacet
  facet normal 0 -0.738029 0.674769
    outer loop
      vertex 2.5 -26 4
      vertex 7.91389 -22.8 7.5
      vertex 0.900002 -22.8 7.5
    endloop
  endfacet
  facet normal 0 -0.738029 0.674769
    outer loop
      vertex 7.91389 -22.8 7.5
      vertex 2.5 -26 4
      vertex 7.95833 -26 4
    endloop
  endfacet
  facet normal 0 0.738029 0.674769
    outer loop
      vertex -3.1 -29.2 7.5
      vertex -7 -29 7.28125
      vertex -7.00333 -29.2 7.5
    endloop
  endfacet
  facet normal -0 0.738029 0.674769
    outer loop
      vertex -7.08889 -26 4
      vertex -3.1 -29.2 7.5
      vertex -1.5 -26 4
    endloop
  endfacet
  facet normal -1.34666e-16 0.738029 0.674769
    outer loop
      vertex -3.1 -29.2 7.5
      vertex -7.08889 -26 4
      vertex -7 -29 7.28125
    endloop
  endfacet
  facet normal 0 0.738029 0.674769
    outer loop
      vertex 8 -29 7.28125
      vertex 4.1 -29.2 7.5
      vertex 8.00333 -29.2 7.5
    endloop
  endfacet
  facet normal 1.02374e-16 0.738029 0.674769
    outer loop
      vertex 7.95833 -26 4
      vertex 4.1 -29.2 7.5
      vertex 8 -29 7.28125
    endloop
  endfacet
  facet normal 0 0.738029 0.674769
    outer loop
      vertex 4.1 -29.2 7.5
      vertex 7.95833 -26 4
      vertex 2.5 -26 4
    endloop
  endfacet
  facet normal 0 -0.738029 -0.674769
    outer loop
      vertex -7.1837 -22.8 7.5
      vertex -1.5 -26 11
      vertex -7.08889 -26 11
    endloop
  endfacet
  facet normal 0 -0.738029 -0.674769
    outer loop
      vertex -1.5 -26 11
      vertex -7.1837 -22.8 7.5
      vertex 0.0999985 -22.8 7.5
    endloop
  endfacet
  facet normal -0 -0.738029 -0.674769
    outer loop
      vertex 7.91389 -22.8 7.5
      vertex 2.5 -26 11
      vertex 0.900002 -22.8 7.5
    endloop
  endfacet
  facet normal 0 -0.738029 -0.674769
    outer loop
      vertex 2.5 -26 11
      vertex 7.91389 -22.8 7.5
      vertex 7.95833 -26 11
    endloop
  endfacet
  facet normal 0 0.738029 -0.674769
    outer loop
      vertex -3.1 -29.2 7.5
      vertex -7.08889 -26 11
      vertex -1.5 -26 11
    endloop
  endfacet
  facet normal -1.02603e-16 0.738029 -0.674769
    outer loop
      vertex -7.08889 -26 11
      vertex -3.1 -29.2 7.5
      vertex -7 -29 7.71875
    endloop
  endfacet
  facet normal 0 0.738029 -0.674769
    outer loop
      vertex -7 -29 7.71875
      vertex -3.1 -29.2 7.5
      vertex -7.00333 -29.2 7.5
    endloop
  endfacet
  facet normal 1.34366e-16 0.738029 -0.674769
    outer loop
      vertex 4.1 -29.2 7.5
      vertex 7.95833 -26 11
      vertex 8 -29 7.71875
    endloop
  endfacet
  facet normal 0 0.738029 -0.674769
    outer loop
      vertex 4.1 -29.2 7.5
      vertex 8 -29 7.71875
      vertex 8.00333 -29.2 7.5
    endloop
  endfacet
  facet normal 0 0.738029 -0.674769
    outer loop
      vertex 7.95833 -26 11
      vertex 4.1 -29.2 7.5
      vertex 2.5 -26 11
    endloop
  endfacet
  facet normal 0 -0.738029 0.674769
    outer loop
      vertex -7.08333 -34 4
      vertex -3.1 -30.8 7.5
      vertex -7.03 -30.8 7.5
    endloop
  endfacet
  facet normal 0 -0.738029 0.674769
    outer loop
      vertex -3.1 -30.8 7.5
      vertex -7.08333 -34 4
      vertex -1.5 -34 4
    endloop
  endfacet
  facet normal 0 -0.738029 0.674769
    outer loop
      vertex 8.08333 -34 4
      vertex 4.1 -30.8 7.5
      vertex 2.5 -34 4
    endloop
  endfacet
  facet normal 0 -0.738029 0.674769
    outer loop
      vertex 4.1 -30.8 7.5
      vertex 8.08333 -34 4
      vertex 8.03 -30.8 7.5
    endloop
  endfacet
  facet normal 0 0.738029 0.674769
    outer loop
      vertex -1.5 -34 4
      vertex -7.13667 -37.2 7.5
      vertex 0.0999985 -37.2 7.5
    endloop
  endfacet
  facet normal 0 0.738029 0.674769
    outer loop
      vertex -7.13667 -37.2 7.5
      vertex -1.5 -34 4
      vertex -7.08333 -34 4
    endloop
  endfacet
  facet normal -0 0.738029 0.674769
    outer loop
      vertex 2.5 -34 4
      vertex 8.13667 -37.2 7.5
      vertex 8.08333 -34 4
    endloop
  endfacet
  facet normal 0 0.738029 0.674769
    outer loop
      vertex 8.13667 -37.2 7.5
      vertex 2.5 -34 4
      vertex 0.900002 -37.2 7.5
    endloop
  endfacet
  facet normal -0 -0.738029 -0.674769
    outer loop
      vertex -3.1 -30.8 7.5
      vertex -7.08333 -34 11
      vertex -7.03 -30.8 7.5
    endloop
  endfacet
  facet normal 0 -0.738029 -0.674769
    outer loop
      vertex -7.08333 -34 11
      vertex -3.1 -30.8 7.5
      vertex -1.5 -34 11
    endloop
  endfacet
  facet normal 0 -0.738029 -0.674769
    outer loop
      vertex 4.1 -30.8 7.5
      vertex 8.08333 -34 11
      vertex 2.5 -34 11
    endloop
  endfacet
  facet normal 0 -0.738029 -0.674769
    outer loop
      vertex 8.08333 -34 11
      vertex 4.1 -30.8 7.5
      vertex 8.03 -30.8 7.5
    endloop
  endfacet
  facet normal 0 0.738029 -0.674769
    outer loop
      vertex -7.13667 -37.2 7.5
      vertex -1.5 -34 11
      vertex 0.0999985 -37.2 7.5
    endloop
  endfacet
  facet normal 0 0.738029 -0.674769
    outer loop
      vertex -1.5 -34 11
      vertex -7.13667 -37.2 7.5
      vertex -7.08333 -34 11
    endloop
  endfacet
  facet normal 0 0.738029 -0.674769
    outer loop
      vertex 8.13667 -37.2 7.5
      vertex 2.5 -34 11
      vertex 8.08333 -34 11
    endloop
  endfacet
  facet normal 0 0.738029 -0.674769
    outer loop
      vertex 2.5 -34 11
      vertex 8.13667 -37.2 7.5
      vertex 0.900002 -37.2 7.5
    endloop
  endfacet
  facet normal -0.894427 0.447214 0
    outer loop
      vertex 4.5 -30 0
      vertex 4.1 -30.8 7.5
      vertex 4.5 -30 15
    endloop
  endfacet
  facet normal -0.894427 0.447214 0
    outer loop
      vertex 4.5 -30 0
      vertex 2.5 -34 4
      vertex 4.1 -30.8 7.5
    endloop
  endfacet
  facet normal -0.894427 0.447213 2.66993e-07
    outer loop
      vertex 2.5 -34 4
      vertex 0.5 -38 0
      vertex 0.900002 -37.2 7.5
    endloop
  endfacet
  facet normal -0.894427 0.447214 0
    outer loop
      vertex 0.5 -38 0
      vertex 2.5 -34 4
      vertex 4.5 -30 0
    endloop
  endfacet
  facet normal -0.894427 0.447214 0
    outer loop
      vertex 2.5 -34 11
      vertex 4.5 -30 15
      vertex 4.1 -30.8 7.5
    endloop
  endfacet
  facet normal -0.894427 0.447214 0
    outer loop
      vertex 2.5 -34 11
      vertex 0.5 -38 15
      vertex 4.5 -30 15
    endloop
  endfacet
  facet normal -0.894427 0.447213 -2.66993e-07
    outer loop
      vertex 0.900002 -37.2 7.5
      vertex 0.5 -38 15
      vertex 2.5 -34 11
    endloop
  endfacet
  facet normal -0.894426 0.447215 0
    outer loop
      vertex 0.5 -38 15
      vertex 0.900002 -37.2 7.5
      vertex 0.5 -38 0
    endloop
  endfacet
  facet normal 0.894427 0.447214 0
    outer loop
      vertex -3.5 -30 15
      vertex -3.1 -30.8 7.5
      vertex -3.5 -30 0
    endloop
  endfacet
  facet normal 0.894427 0.447214 -5.92844e-17
    outer loop
      vertex -3.5 -30 15
      vertex -1.5 -34 11
      vertex -3.1 -30.8 7.5
    endloop
  endfacet
  facet normal 0.894427 0.447213 -2.00245e-07
    outer loop
      vertex -1.5 -34 11
      vertex 0.5 -38 15
      vertex 0.0999985 -37.2 7.5
    endloop
  endfacet
  facet normal 0.894427 0.447214 0
    outer loop
      vertex 0.5 -38 15
      vertex -1.5 -34 11
      vertex -3.5 -30 15
    endloop
  endfacet
  facet normal 0.894427 0.447214 5.92844e-17
    outer loop
      vertex -1.5 -34 4
      vertex -3.5 -30 0
      vertex -3.1 -30.8 7.5
    endloop
  endfacet
  facet normal 0.894427 0.447214 0
    outer loop
      vertex -1.5 -34 4
      vertex 0.5 -38 0
      vertex -3.5 -30 0
    endloop
  endfacet
  facet normal 0.894427 0.447213 2.00245e-07
    outer loop
      vertex 0.0999985 -37.2 7.5
      vertex 0.5 -38 0
      vertex -1.5 -34 4
    endloop
  endfacet
  facet normal 0.894427 0.447215 -0
    outer loop
      vertex 0.5 -38 0
      vertex 0.0999985 -37.2 7.5
      vertex 0.5 -38 15
    endloop
  endfacet
  facet normal 0.894427 -0.447215 0
    outer loop
      vertex 0.5 -22 15
      vertex 0.0999985 -22.8 7.5
      vertex 0.5 -22 0
    endloop
  endfacet
  facet normal 0.894427 -0.447213 -2.00245e-07
    outer loop
      vertex 0.5 -22 15
      vertex -1.5 -26 11
      vertex 0.0999985 -22.8 7.5
    endloop
  endfacet
  facet normal 0.894427 -0.447214 -5.92844e-17
    outer loop
      vertex -1.5 -26 11
      vertex -3.5 -30 15
      vertex -3.1 -29.2 7.5
    endloop
  endfacet
  facet normal 0.894427 -0.447214 0
    outer loop
      vertex -3.5 -30 15
      vertex -1.5 -26 11
      vertex 0.5 -22 15
    endloop
  endfacet
  facet normal 0.894427 -0.447213 2.00245e-07
    outer loop
      vertex -1.5 -26 4
      vertex 0.5 -22 0
      vertex 0.0999985 -22.8 7.5
    endloop
  endfacet
  facet normal 0.894427 -0.447214 0
    outer loop
      vertex -1.5 -26 4
      vertex -3.5 -30 0
      vertex 0.5 -22 0
    endloop
  endfacet
  facet normal 0.894427 -0.447214 5.92844e-17
    outer loop
      vertex -3.1 -29.2 7.5
      vertex -3.5 -30 0
      vertex -1.5 -26 4
    endloop
  endfacet
  facet normal 0.894427 -0.447214 0
    outer loop
      vertex -3.5 -30 0
      vertex -3.1 -29.2 7.5
      vertex -3.5 -30 15
    endloop
  endfacet
  facet normal -0.894426 -0.447215 0
    outer loop
      vertex 0.5 -22 0
      vertex 0.900002 -22.8 7.5
      vertex 0.5 -22 15
    endloop
  endfacet
  facet normal -0.894427 -0.447213 2.66993e-07
    outer loop
      vertex 0.5 -22 0
      vertex 2.5 -26 4
      vertex 0.900002 -22.8 7.5
    endloop
  endfacet
  facet normal -0.894427 -0.447214 0
    outer loop
      vertex 2.5 -26 4
      vertex 4.5 -30 0
      vertex 4.1 -29.2 7.5
    endloop
  endfacet
  facet normal -0.894427 -0.447214 0
    outer loop
      vertex 4.5 -30 0
      vertex 2.5 -26 4
      vertex 0.5 -22 0
    endloop
  endfacet
  facet normal -0.894427 -0.447213 -2.66993e-07
    outer loop
      vertex 2.5 -26 11
      vertex 0.5 -22 15
      vertex 0.900002 -22.8 7.5
    endloop
  endfacet
  facet normal -0.894427 -0.447214 0
    outer loop
      vertex 2.5 -26 11
      vertex 4.5 -30 15
      vertex 0.5 -22 15
    endloop
  endfacet
  facet normal -0.894427 -0.447214 0
    outer loop
      vertex 4.1 -29.2 7.5
      vertex 4.5 -30 15
      vertex 2.5 -26 11
    endloop
  endfacet
  facet normal -0.894427 -0.447214 -0
    outer loop
      vertex 4.5 -30 15
      vertex 4.1 -29.2 7.5
      vertex 4.5 -30 0
    endloop
  endfacet
  facet normal -0.980805 0.194992 0
    outer loop
      vertex 1.32104 -58.22 13.41
      vertex 1.34273 -58.1109 15.5
      vertex 1.34273 -58.1109 13.41
    endloop
  endfacet
  facet normal -0.980805 0.194992 0
    outer loop
      vertex 1.34273 -58.1109 15.5
      vertex 1.32104 -58.22 13.41
      vertex 1.32104 -58.22 15.5
    endloop
  endfacet
  facet normal -0.997858 0.0654141 0
    outer loop
      vertex 1.34273 -58.1109 13.41
      vertex 1.35 -58 15.5
      vertex 1.35 -58 13.41
    endloop
  endfacet
  facet normal -0.997858 0.0654141 0
    outer loop
      vertex 1.35 -58 15.5
      vertex 1.34273 -58.1109 13.41
      vertex 1.34273 -58.1109 15.5
    endloop
  endfacet
  facet normal -0.946943 0.321403 0
    outer loop
      vertex 1.2853 -58.3253 13.41
      vertex 1.32104 -58.22 15.5
      vertex 1.32104 -58.22 13.41
    endloop
  endfacet
  facet normal -0.946943 0.321403 0
    outer loop
      vertex 1.32104 -58.22 15.5
      vertex 1.2853 -58.3253 13.41
      vertex 1.2853 -58.3253 15.5
    endloop
  endfacet
  facet normal 0 0 1
    outer loop
      vertex 1.34273 -57.8891 13.41
      vertex 1.34273 -58.1109 13.41
      vertex 1.35 -58 13.41
    endloop
  endfacet
  facet normal 0 0 1
    outer loop
      vertex 1.32104 -57.78 13.41
      vertex 1.34273 -58.1109 13.41
      vertex 1.34273 -57.8891 13.41
    endloop
  endfacet
  facet normal 0 0 1
    outer loop
      vertex 1.32104 -57.78 13.41
      vertex 1.32104 -58.22 13.41
      vertex 1.34273 -58.1109 13.41
    endloop
  endfacet
  facet normal 0 0 1
    outer loop
      vertex 1.2853 -57.6747 13.41
      vertex 1.32104 -58.22 13.41
      vertex 1.32104 -57.78 13.41
    endloop
  endfacet
  facet normal 0 0 1
    outer loop
      vertex 1.2853 -57.6747 13.41
      vertex 1.2853 -58.3253 13.41
      vertex 1.32104 -58.22 13.41
    endloop
  endfacet
  facet normal 0 0 1
    outer loop
      vertex 1.23612 -57.575 13.41
      vertex 1.2853 -58.3253 13.41
      vertex 1.2853 -57.6747 13.41
    endloop
  endfacet
  facet normal 0 0 1
    outer loop
      vertex 1.23612 -57.575 13.41
      vertex 1.23612 -58.425 13.41
      vertex 1.2853 -58.3253 13.41
    endloop
  endfacet
  facet normal 0 0 1
    outer loop
      vertex 1.17435 -57.4826 13.41
      vertex 1.23612 -58.425 13.41
      vertex 1.23612 -57.575 13.41
    endloop
  endfacet
  facet normal 0 0 1
    outer loop
      vertex 1.17435 -57.4826 13.41
      vertex 1.17435 -58.5174 13.41
      vertex 1.23612 -58.425 13.41
    endloop
  endfacet
  facet normal 0 0 1
    outer loop
      vertex 1.10104 -57.399 13.41
      vertex 1.17435 -58.5174 13.41
      vertex 1.17435 -57.4826 13.41
    endloop
  endfacet
  facet normal 0 0 1
    outer loop
      vertex 1.10104 -57.399 13.41
      vertex 1.10104 -58.601 13.41
      vertex 1.17435 -58.5174 13.41
    endloop
  endfacet
  facet normal 0 0 1
    outer loop
      vertex 1.01745 -57.3256 13.41
      vertex 1.10104 -58.601 13.41
      vertex 1.10104 -57.399 13.41
    endloop
  endfacet
  facet normal 0 0 1
    outer loop
      vertex 1.01745 -57.3256 13.41
      vertex 1.01745 -58.6744 13.41
      vertex 1.10104 -58.601 13.41
    endloop
  endfacet
  facet normal 0 0 1
    outer loop
      vertex 0.924999 -57.2639 13.41
      vertex 1.01745 -58.6744 13.41
      vertex 1.01745 -57.3256 13.41
    endloop
  endfacet
  facet normal 0 0 1
    outer loop
      vertex 0.924999 -57.2639 13.41
      vertex 0.924999 -58.7361 13.41
      vertex 1.01745 -58.6744 13.41
    endloop
  endfacet
  facet normal 0 0 1
    outer loop
      vertex 0.82528 -57.2147 13.41
      vertex 0.924999 -58.7361 13.41
      vertex 0.924999 -57.2639 13.41
    endloop
  endfacet
  facet normal 0 0 1
    outer loop
      vertex 0.82528 -57.2147 13.41
      vertex 0.82528 -58.7853 13.41
      vertex 0.924999 -58.7361 13.41
    endloop
  endfacet
  facet normal 0 0 1
    outer loop
      vertex 0.719995 -57.179 13.41
      vertex 0.82528 -58.7853 13.41
      vertex 0.82528 -57.2147 13.41
    endloop
  endfacet
  facet normal 0 0 1
    outer loop
      vertex 0.719995 -57.179 13.41
      vertex 0.719995 -58.821 13.41
      vertex 0.82528 -58.7853 13.41
    endloop
  endfacet
  facet normal 0 0 1
    outer loop
      vertex 0.610947 -57.1573 13.41
      vertex 0.719995 -58.821 13.41
      vertex 0.719995 -57.179 13.41
    endloop
  endfacet
  facet normal 0 0 1
    outer loop
      vertex 0.610947 -57.1573 13.41
      vertex 0.610947 -58.8427 13.41
      vertex 0.719995 -58.821 13.41
    endloop
  endfacet
  facet normal 0 0 1
    outer loop
      vertex 0.5 -57.15 13.41
      vertex 0.610947 -58.8427 13.41
      vertex 0.610947 -57.1573 13.41
    endloop
  endfacet
  facet normal 0 0 1
    outer loop
      vertex 0.5 -57.15 13.41
      vertex 0.5 -58.85 13.41
      vertex 0.610947 -58.8427 13.41
    endloop
  endfacet
  facet normal -0 0 1
    outer loop
      vertex 0.389052 -57.1573 13.41
      vertex 0.5 -58.85 13.41
      vertex 0.5 -57.15 13.41
    endloop
  endfacet
  facet normal 0 0 1
    outer loop
      vertex 0.389052 -57.1573 13.41
      vertex 0.389052 -58.8427 13.41
      vertex 0.5 -58.85 13.41
    endloop
  endfacet
  facet normal -0 0 1
    outer loop
      vertex 0.280004 -57.179 13.41
      vertex 0.389052 -58.8427 13.41
      vertex 0.389052 -57.1573 13.41
    endloop
  endfacet
  facet normal 0 0 1
    outer loop
      vertex 0.280004 -57.179 13.41
      vertex 0.280004 -58.821 13.41
      vertex 0.389052 -58.8427 13.41
    endloop
  endfacet
  facet normal -0 0 1
    outer loop
      vertex 0.174719 -57.2147 13.41
      vertex 0.280004 -58.821 13.41
      vertex 0.280004 -57.179 13.41
    endloop
  endfacet
  facet normal 0 0 1
    outer loop
      vertex 0.174719 -57.2147 13.41
      vertex 0.174719 -58.7853 13.41
      vertex 0.280004 -58.821 13.41
    endloop
  endfacet
  facet normal -0 0 1
    outer loop
      vertex 0.0749998 -57.2639 13.41
      vertex 0.174719 -58.7853 13.41
      vertex 0.174719 -57.2147 13.41
    endloop
  endfacet
  facet normal 0 0 1
    outer loop
      vertex 0.0749998 -57.2639 13.41
      vertex 0.0749998 -58.7361 13.41
      vertex 0.174719 -58.7853 13.41
    endloop
  endfacet
  facet normal -0 0 1
    outer loop
      vertex -0.0174465 -57.3256 13.41
      vertex 0.0749998 -58.7361 13.41
      vertex 0.0749998 -57.2639 13.41
    endloop
  endfacet
  facet normal 0 0 1
    outer loop
      vertex -0.0174465 -57.3256 13.41
      vertex -0.0174465 -58.6744 13.41
      vertex 0.0749998 -58.7361 13.41
    endloop
  endfacet
  facet normal -0 0 1
    outer loop
      vertex -0.10104 -57.399 13.41
      vertex -0.0174465 -58.6744 13.41
      vertex -0.0174465 -57.3256 13.41
    endloop
  endfacet
  facet normal 0 0 1
    outer loop
      vertex -0.10104 -57.399 13.41
      vertex -0.10104 -58.601 13.41
      vertex -0.0174465 -58.6744 13.41
    endloop
  endfacet
  facet normal -0 0 1
    outer loop
      vertex -0.17435 -57.4826 13.41
      vertex -0.10104 -58.601 13.41
      vertex -0.10104 -57.399 13.41
    endloop
  endfacet
  facet normal 0 0 1
    outer loop
      vertex -0.17435 -57.4826 13.41
      vertex -0.17435 -58.5174 13.41
      vertex -0.10104 -58.601 13.41
    endloop
  endfacet
  facet normal -0 0 1
    outer loop
      vertex -0.236121 -57.575 13.41
      vertex -0.17435 -58.5174 13.41
      vertex -0.17435 -57.4826 13.41
    endloop
  endfacet
  facet normal 0 0 1
    outer loop
      vertex -0.236121 -57.575 13.41
      vertex -0.236121 -58.425 13.41
      vertex -0.17435 -58.5174 13.41
    endloop
  endfacet
  facet normal -0 0 1
    outer loop
      vertex -0.285297 -57.6747 13.41
      vertex -0.236121 -58.425 13.41
      vertex -0.236121 -57.575 13.41
    endloop
  endfacet
  facet normal 0 0 1
    outer loop
      vertex -0.285297 -57.6747 13.41
      vertex -0.285297 -58.3253 13.41
      vertex -0.236121 -58.425 13.41
    endloop
  endfacet
  facet normal -0 0 1
    outer loop
      vertex -0.321036 -57.78 13.41
      vertex -0.285297 -58.3253 13.41
      vertex -0.285297 -57.6747 13.41
    endloop
  endfacet
  facet normal 0 0 1
    outer loop
      vertex -0.321036 -57.78 13.41
      vertex -0.321036 -58.22 13.41
      vertex -0.285297 -58.3253 13.41
    endloop
  endfacet
  facet normal -0 0 1
    outer loop
      vertex -0.342728 -57.8891 13.41
      vertex -0.321036 -58.22 13.41
      vertex -0.321036 -57.78 13.41
    endloop
  endfacet
  facet normal 0 0 1
    outer loop
      vertex -0.342728 -57.8891 13.41
      vertex -0.342728 -58.1109 13.41
      vertex -0.321036 -58.22 13.41
    endloop
  endfacet
  facet normal 0 -0 1
    outer loop
      vertex -0.342728 -58.1109 13.41
      vertex -0.342728 -57.8891 13.41
      vertex -0.349999 -58 13.41
    endloop
  endfacet
  facet normal -0.831344 0.555759 0
    outer loop
      vertex 1.17435 -58.5174 13.41
      vertex 1.23612 -58.425 15.5
      vertex 1.23612 -58.425 13.41
    endloop
  endfacet
  facet normal -0.831344 0.555759 0
    outer loop
      vertex 1.23612 -58.425 15.5
      vertex 1.17435 -58.5174 13.41
      vertex 1.17435 -58.5174 15.5
    endloop
  endfacet
  facet normal 0.946945 -0.321395 0
    outer loop
      vertex -0.321036 -57.78 15.5
      vertex -0.285297 -57.6747 13.41
      vertex -0.285297 -57.6747 15.5
    endloop
  endfacet
  facet normal 0.946945 -0.321395 0
    outer loop
      vertex -0.285297 -57.6747 13.41
      vertex -0.321036 -57.78 15.5
      vertex -0.321036 -57.78 13.41
    endloop
  endfacet
  facet normal -0.321121 -0.947038 0
    outer loop
      vertex 0.719995 -57.179 13.41
      vertex 0.82528 -57.2147 15.5
      vertex 0.719995 -57.179 15.5
    endloop
  endfacet
  facet normal -0.321121 -0.947038 -0
    outer loop
      vertex 0.82528 -57.2147 15.5
      vertex 0.719995 -57.179 13.41
      vertex 0.82528 -57.2147 13.41
    endloop
  endfacet
  facet normal -0.896825 0.442386 0
    outer loop
      vertex 1.23612 -58.425 13.41
      vertex 1.2853 -58.3253 15.5
      vertex 1.2853 -58.3253 13.41
    endloop
  endfacet
  facet normal -0.896825 0.442386 0
    outer loop
      vertex 1.2853 -58.3253 15.5
      vertex 1.23612 -58.425 13.41
      vertex 1.23612 -58.425 15.5
    endloop
  endfacet
  facet normal 0.555131 0.831763 -0
    outer loop
      vertex 0.0749998 -58.7361 13.41
      vertex -0.0174465 -58.6744 15.5
      vertex 0.0749998 -58.7361 15.5
    endloop
  endfacet
  facet normal 0.555131 0.831763 0
    outer loop
      vertex -0.0174465 -58.6744 15.5
      vertex 0.0749998 -58.7361 13.41
      vertex -0.0174465 -58.6744 13.41
    endloop
  endfacet
  facet normal -0.980805 -0.194992 0
    outer loop
      vertex 1.34273 -57.8891 13.41
      vertex 1.32104 -57.78 15.5
      vertex 1.32104 -57.78 13.41
    endloop
  endfacet
  facet normal -0.980805 -0.194992 0
    outer loop
      vertex 1.32104 -57.78 15.5
      vertex 1.34273 -57.8891 13.41
      vertex 1.34273 -57.8891 15.5
    endloop
  endfacet
  facet normal -0.321121 0.947038 0
    outer loop
      vertex 0.82528 -58.7853 13.41
      vertex 0.719995 -58.821 15.5
      vertex 0.82528 -58.7853 15.5
    endloop
  endfacet
  facet normal -0.321121 0.947038 0
    outer loop
      vertex 0.719995 -58.821 15.5
      vertex 0.82528 -58.7853 13.41
      vertex 0.719995 -58.821 13.41
    endloop
  endfacet
  facet normal 0.659805 0.751437 -0
    outer loop
      vertex -0.0174465 -58.6744 13.41
      vertex -0.10104 -58.601 15.5
      vertex -0.0174465 -58.6744 15.5
    endloop
  endfacet
  facet normal 0.659805 0.751437 0
    outer loop
      vertex -0.10104 -58.601 15.5
      vertex -0.0174465 -58.6744 13.41
      vertex -0.10104 -58.601 13.41
    endloop
  endfacet
  facet normal -0.555111 -0.831776 0
    outer loop
      vertex 0.924999 -57.2639 13.41
      vertex 1.01745 -57.3256 15.5
      vertex 0.924999 -57.2639 15.5
    endloop
  endfacet
  facet normal -0.555111 -0.831776 -0
    outer loop
      vertex 1.01745 -57.3256 15.5
      vertex 0.924999 -57.2639 13.41
      vertex 1.01745 -57.3256 13.41
    endloop
  endfacet
  facet normal 0.195168 0.98077 -0
    outer loop
      vertex 0.389052 -58.8427 13.41
      vertex 0.280004 -58.821 15.5
      vertex 0.389052 -58.8427 15.5
    endloop
  endfacet
  facet normal 0.195168 0.98077 0
    outer loop
      vertex 0.280004 -58.821 15.5
      vertex 0.389052 -58.8427 13.41
      vertex 0.280004 -58.821 13.41
    endloop
  endfacet
  facet normal 0.997858 -0.0654231 0
    outer loop
      vertex -0.349999 -58 15.5
      vertex -0.342728 -57.8891 13.41
      vertex -0.342728 -57.8891 15.5
    endloop
  endfacet
  facet normal 0.997858 -0.0654231 0
    outer loop
      vertex -0.342728 -57.8891 13.41
      vertex -0.349999 -58 15.5
      vertex -0.349999 -58 13.41
    endloop
  endfacet
  facet normal 0.896839 -0.442357 0
    outer loop
      vertex -0.285297 -57.6747 15.5
      vertex -0.236121 -57.575 13.41
      vertex -0.236121 -57.575 15.5
    endloop
  endfacet
  facet normal 0.896839 -0.442357 0
    outer loop
      vertex -0.236121 -57.575 13.41
      vertex -0.285297 -57.6747 15.5
      vertex -0.285297 -57.6747 13.41
    endloop
  endfacet
  facet normal -0.0656552 0.997842 0
    outer loop
      vertex 0.610947 -58.8427 13.41
      vertex 0.5 -58.85 15.5
      vertex 0.610947 -58.8427 15.5
    endloop
  endfacet
  facet normal -0.0656552 0.997842 0
    outer loop
      vertex 0.5 -58.85 15.5
      vertex 0.610947 -58.8427 13.41
      vertex 0.5 -58.85 13.41
    endloop
  endfacet
  facet normal 0.321121 -0.947038 0
    outer loop
      vertex 0.174719 -57.2147 13.41
      vertex 0.280004 -57.179 15.5
      vertex 0.174719 -57.2147 15.5
    endloop
  endfacet
  facet normal 0.321121 -0.947038 0
    outer loop
      vertex 0.280004 -57.179 15.5
      vertex 0.174719 -57.2147 13.41
      vertex 0.280004 -57.179 13.41
    endloop
  endfacet
  facet normal -0.195168 -0.98077 0
    outer loop
      vertex 0.610947 -57.1573 13.41
      vertex 0.719995 -57.179 15.5
      vertex 0.610947 -57.1573 15.5
    endloop
  endfacet
  facet normal -0.195168 -0.98077 -0
    outer loop
      vertex 0.719995 -57.179 15.5
      vertex 0.610947 -57.1573 13.41
      vertex 0.719995 -57.179 13.41
    endloop
  endfacet
  facet normal 0.442462 0.896787 -0
    outer loop
      vertex 0.174719 -58.7853 13.41
      vertex 0.0749998 -58.7361 15.5
      vertex 0.174719 -58.7853 15.5
    endloop
  endfacet
  facet normal 0.442462 0.896787 0
    outer loop
      vertex 0.0749998 -58.7361 15.5
      vertex 0.174719 -58.7853 13.41
      vertex 0.0749998 -58.7361 13.41
    endloop
  endfacet
  facet normal -0.442463 0.896787 0
    outer loop
      vertex 0.924999 -58.7361 13.41
      vertex 0.82528 -58.7853 15.5
      vertex 0.924999 -58.7361 15.5
    endloop
  endfacet
  facet normal -0.442463 0.896787 0
    outer loop
      vertex 0.82528 -58.7853 15.5
      vertex 0.924999 -58.7361 13.41
      vertex 0.82528 -58.7853 13.41
    endloop
  endfacet
  facet normal -0.442463 -0.896787 0
    outer loop
      vertex 0.82528 -57.2147 13.41
      vertex 0.924999 -57.2639 15.5
      vertex 0.82528 -57.2147 15.5
    endloop
  endfacet
  facet normal -0.442463 -0.896787 -0
    outer loop
      vertex 0.924999 -57.2639 15.5
      vertex 0.82528 -57.2147 13.41
      vertex 0.924999 -57.2639 13.41
    endloop
  endfacet
  facet normal 0.980801 -0.19501 0
    outer loop
      vertex -0.342728 -57.8891 15.5
      vertex -0.321036 -57.78 13.41
      vertex -0.321036 -57.78 15.5
    endloop
  endfacet
  facet normal 0.980801 -0.19501 0
    outer loop
      vertex -0.321036 -57.78 13.41
      vertex -0.342728 -57.8891 15.5
      vertex -0.342728 -57.8891 13.41
    endloop
  endfacet
  facet normal -0.997858 -0.0654141 0
    outer loop
      vertex 1.35 -58 13.41
      vertex 1.34273 -57.8891 15.5
      vertex 1.34273 -57.8891 13.41
    endloop
  endfacet
  facet normal -0.997858 -0.0654141 0
    outer loop
      vertex 1.34273 -57.8891 15.5
      vertex 1.35 -58 13.41
      vertex 1.35 -58 15.5
    endloop
  endfacet
  facet normal 0.555131 -0.831763 0
    outer loop
      vertex -0.0174465 -57.3256 13.41
      vertex 0.0749998 -57.2639 15.5
      vertex -0.0174465 -57.3256 15.5
    endloop
  endfacet
  facet normal 0.555131 -0.831763 0
    outer loop
      vertex 0.0749998 -57.2639 15.5
      vertex -0.0174465 -57.3256 13.41
      vertex 0.0749998 -57.2639 13.41
    endloop
  endfacet
  facet normal -0.751863 -0.659319 0
    outer loop
      vertex 1.17435 -57.4826 13.41
      vertex 1.10104 -57.399 15.5
      vertex 1.10104 -57.399 13.41
    endloop
  endfacet
  facet normal -0.751863 -0.659319 0
    outer loop
      vertex 1.10104 -57.399 15.5
      vertex 1.17435 -57.4826 13.41
      vertex 1.17435 -57.4826 15.5
    endloop
  endfacet
  facet normal -0.831344 -0.555759 0
    outer loop
      vertex 1.23612 -57.575 13.41
      vertex 1.17435 -57.4826 15.5
      vertex 1.17435 -57.4826 13.41
    endloop
  endfacet
  facet normal -0.831344 -0.555759 0
    outer loop
      vertex 1.17435 -57.4826 15.5
      vertex 1.23612 -57.575 13.41
      vertex 1.23612 -57.575 15.5
    endloop
  endfacet
  facet normal 0.751863 -0.659319 0
    outer loop
      vertex -0.17435 -57.4826 15.5
      vertex -0.10104 -57.399 13.41
      vertex -0.10104 -57.399 15.5
    endloop
  endfacet
  facet normal 0.751863 -0.659319 0
    outer loop
      vertex -0.10104 -57.399 13.41
      vertex -0.17435 -57.4826 15.5
      vertex -0.17435 -57.4826 13.41
    endloop
  endfacet
  facet normal 0.751863 0.659319 0
    outer loop
      vertex -0.10104 -58.601 15.5
      vertex -0.17435 -58.5174 13.41
      vertex -0.17435 -58.5174 15.5
    endloop
  endfacet
  facet normal 0.751863 0.659319 0
    outer loop
      vertex -0.17435 -58.5174 13.41
      vertex -0.10104 -58.601 15.5
      vertex -0.10104 -58.601 13.41
    endloop
  endfacet
  facet normal 0.83134 0.555765 0
    outer loop
      vertex -0.17435 -58.5174 15.5
      vertex -0.236121 -58.425 13.41
      vertex -0.236121 -58.425 15.5
    endloop
  endfacet
  facet normal 0.83134 0.555765 0
    outer loop
      vertex -0.236121 -58.425 13.41
      vertex -0.17435 -58.5174 15.5
      vertex -0.17435 -58.5174 13.41
    endloop
  endfacet
  facet normal -0.946943 -0.321403 0
    outer loop
      vertex 1.32104 -57.78 13.41
      vertex 1.2853 -57.6747 15.5
      vertex 1.2853 -57.6747 13.41
    endloop
  endfacet
  facet normal -0.946943 -0.321403 0
    outer loop
      vertex 1.2853 -57.6747 15.5
      vertex 1.32104 -57.78 13.41
      vertex 1.32104 -57.78 15.5
    endloop
  endfacet
  facet normal 0.83134 -0.555765 0
    outer loop
      vertex -0.236121 -57.575 15.5
      vertex -0.17435 -57.4826 13.41
      vertex -0.17435 -57.4826 15.5
    endloop
  endfacet
  facet normal 0.83134 -0.555765 0
    outer loop
      vertex -0.17435 -57.4826 13.41
      vertex -0.236121 -57.575 15.5
      vertex -0.236121 -57.575 13.41
    endloop
  endfacet
  facet normal -0.896825 -0.442386 0
    outer loop
      vertex 1.2853 -57.6747 13.41
      vertex 1.23612 -57.575 15.5
      vertex 1.23612 -57.575 13.41
    endloop
  endfacet
  facet normal -0.896825 -0.442386 0
    outer loop
      vertex 1.23612 -57.575 15.5
      vertex 1.2853 -57.6747 13.41
      vertex 1.2853 -57.6747 15.5
    endloop
  endfacet
  facet normal 0.195168 -0.98077 0
    outer loop
      vertex 0.280004 -57.179 13.41
      vertex 0.389052 -57.1573 15.5
      vertex 0.280004 -57.179 15.5
    endloop
  endfacet
  facet normal 0.195168 -0.98077 0
    outer loop
      vertex 0.389052 -57.1573 15.5
      vertex 0.280004 -57.179 13.41
      vertex 0.389052 -57.1573 13.41
    endloop
  endfacet
  facet normal -0.0656552 -0.997842 0
    outer loop
      vertex 0.5 -57.15 13.41
      vertex 0.610947 -57.1573 15.5
      vertex 0.5 -57.15 15.5
    endloop
  endfacet
  facet normal -0.0656552 -0.997842 -0
    outer loop
      vertex 0.610947 -57.1573 15.5
      vertex 0.5 -57.15 13.41
      vertex 0.610947 -57.1573 13.41
    endloop
  endfacet
  facet normal 0.442462 -0.896787 0
    outer loop
      vertex 0.0749998 -57.2639 13.41
      vertex 0.174719 -57.2147 15.5
      vertex 0.0749998 -57.2639 15.5
    endloop
  endfacet
  facet normal 0.442462 -0.896787 0
    outer loop
      vertex 0.174719 -57.2147 15.5
      vertex 0.0749998 -57.2639 13.41
      vertex 0.174719 -57.2147 13.41
    endloop
  endfacet
  facet normal -0.195168 0.98077 0
    outer loop
      vertex 0.719995 -58.821 13.41
      vertex 0.610947 -58.8427 15.5
      vertex 0.719995 -58.821 15.5
    endloop
  endfacet
  facet normal -0.195168 0.98077 0
    outer loop
      vertex 0.610947 -58.8427 15.5
      vertex 0.719995 -58.821 13.41
      vertex 0.610947 -58.8427 13.41
    endloop
  endfacet
  facet normal -0.659821 -0.751423 0
    outer loop
      vertex 1.01745 -57.3256 13.41
      vertex 1.10104 -57.399 15.5
      vertex 1.01745 -57.3256 15.5
    endloop
  endfacet
  facet normal -0.659821 -0.751423 -0
    outer loop
      vertex 1.10104 -57.399 15.5
      vertex 1.01745 -57.3256 13.41
      vertex 1.10104 -57.399 13.41
    endloop
  endfacet
  facet normal -0.555111 0.831776 0
    outer loop
      vertex 1.01745 -58.6744 13.41
      vertex 0.924999 -58.7361 15.5
      vertex 1.01745 -58.6744 15.5
    endloop
  endfacet
  facet normal -0.555111 0.831776 0
    outer loop
      vertex 0.924999 -58.7361 15.5
      vertex 1.01745 -58.6744 13.41
      vertex 0.924999 -58.7361 13.41
    endloop
  endfacet
  facet normal 0.321121 0.947038 -0
    outer loop
      vertex 0.280004 -58.821 13.41
      vertex 0.174719 -58.7853 15.5
      vertex 0.280004 -58.821 15.5
    endloop
  endfacet
  facet normal 0.321121 0.947038 0
    outer loop
      vertex 0.174719 -58.7853 15.5
      vertex 0.280004 -58.821 13.41
      vertex 0.174719 -58.7853 13.41
    endloop
  endfacet
  facet normal 0.0656546 -0.997842 0
    outer loop
      vertex 0.389052 -57.1573 13.41
      vertex 0.5 -57.15 15.5
      vertex 0.389052 -57.1573 15.5
    endloop
  endfacet
  facet normal 0.0656546 -0.997842 0
    outer loop
      vertex 0.5 -57.15 15.5
      vertex 0.389052 -57.1573 13.41
      vertex 0.5 -57.15 13.41
    endloop
  endfacet
  facet normal 0.896839 0.442357 0
    outer loop
      vertex -0.236121 -58.425 15.5
      vertex -0.285297 -58.3253 13.41
      vertex -0.285297 -58.3253 15.5
    endloop
  endfacet
  facet normal 0.896839 0.442357 0
    outer loop
      vertex -0.285297 -58.3253 13.41
      vertex -0.236121 -58.425 15.5
      vertex -0.236121 -58.425 13.41
    endloop
  endfacet
  facet normal 0.980801 0.19501 0
    outer loop
      vertex -0.321036 -58.22 15.5
      vertex -0.342728 -58.1109 13.41
      vertex -0.342728 -58.1109 15.5
    endloop
  endfacet
  facet normal 0.980801 0.19501 0
    outer loop
      vertex -0.342728 -58.1109 13.41
      vertex -0.321036 -58.22 15.5
      vertex -0.321036 -58.22 13.41
    endloop
  endfacet
  facet normal -0.751863 0.659319 0
    outer loop
      vertex 1.10104 -58.601 13.41
      vertex 1.17435 -58.5174 15.5
      vertex 1.17435 -58.5174 13.41
    endloop
  endfacet
  facet normal -0.751863 0.659319 0
    outer loop
      vertex 1.17435 -58.5174 15.5
      vertex 1.10104 -58.601 13.41
      vertex 1.10104 -58.601 15.5
    endloop
  endfacet
  facet normal 0.659805 -0.751437 0
    outer loop
      vertex -0.10104 -57.399 13.41
      vertex -0.0174465 -57.3256 15.5
      vertex -0.10104 -57.399 15.5
    endloop
  endfacet
  facet normal 0.659805 -0.751437 0
    outer loop
      vertex -0.0174465 -57.3256 15.5
      vertex -0.10104 -57.399 13.41
      vertex -0.0174465 -57.3256 13.41
    endloop
  endfacet
  facet normal -0.659821 0.751423 0
    outer loop
      vertex 1.10104 -58.601 13.41
      vertex 1.01745 -58.6744 15.5
      vertex 1.10104 -58.601 15.5
    endloop
  endfacet
  facet normal -0.659821 0.751423 0
    outer loop
      vertex 1.01745 -58.6744 15.5
      vertex 1.10104 -58.601 13.41
      vertex 1.01745 -58.6744 13.41
    endloop
  endfacet
  facet normal 0.0656546 0.997842 -0
    outer loop
      vertex 0.5 -58.85 13.41
      vertex 0.389052 -58.8427 15.5
      vertex 0.5 -58.85 15.5
    endloop
  endfacet
  facet normal 0.0656546 0.997842 0
    outer loop
      vertex 0.389052 -58.8427 15.5
      vertex 0.5 -58.85 13.41
      vertex 0.389052 -58.8427 13.41
    endloop
  endfacet
  facet normal 0.946945 0.321395 0
    outer loop
      vertex -0.285297 -58.3253 15.5
      vertex -0.321036 -58.22 13.41
      vertex -0.321036 -58.22 15.5
    endloop
  endfacet
  facet normal 0.946945 0.321395 0
    outer loop
      vertex -0.321036 -58.22 13.41
      vertex -0.285297 -58.3253 15.5
      vertex -0.285297 -58.3253 13.41
    endloop
  endfacet
  facet normal 0.997858 0.0654231 0
    outer loop
      vertex -0.342728 -58.1109 15.5
      vertex -0.349999 -58 13.41
      vertex -0.349999 -58 15.5
    endloop
  endfacet
  facet normal 0.997858 0.0654231 0
    outer loop
      vertex -0.349999 -58 13.41
      vertex -0.342728 -58.1109 15.5
      vertex -0.342728 -58.1109 13.41
    endloop
  endfacet
endsolid OpenSCAD_Model
